version 3
run STM-4-0-20260518-21:23:34-21000
attr configname STM-4
attr datetime 20260518-21:23:34
attr datetimef 20260518-212334
attr experiment STM-4
attr inifile omnetpp.ini
attr iterationvars ""
attr iterationvarsd ""
attr iterationvarsf ""
attr measurement ""
attr network SimpleRingNetwork
attr processid 21000
attr repetition 0
attr replication #0
attr resultdir results
attr runnumber 0
attr seedset 0
config image-path ../../../../../images
config **.stmLevel 4
config *.source.packetInterval "125 us"
config *.source.packetSize 9360
config *.adm*.numTributaries 1
config network SimpleRingNetwork
config sim-time-limit 1s
config *.visualizer.*.enabled true
config *.visualizer.*.animationSpeed 20
config *.visualizer.*.displayRoutes false
config *.visualizer.*.displayLabels true
config *.visualizer.*.displayPacketDrops true
config *.lteSource.stmLevel 1
config *.lteSink.stmLevel 1
config *.lteSource.useProtection false
config *.lteSink.useProtection false
config *.adm*.numTributaries 1
config *.adm*.stmLevel 1
config *.source.packetInterval 20us
config *.source.packetSize 150
config *.lteSource.protectionSwitchTime -1s
config *.lteSink.protectionSwitchTime -1s
config **.scalar-recording true
config **.vector-recording true

vector 0 SimpleRingNetwork.adm1 PDH_R:vector ETV
attr recordingmode vector
attr source PDH_R
attr title "PDH Recibidos"
vector 1 SimpleRingNetwork.adm2 STM_RE:vector ETV
attr recordingmode vector
attr source STM_RE
attr title "STM Reenviadas"
vector 2 SimpleRingNetwork.adm3 PDH_T:vector ETV
attr recordingmode vector
attr source PDH_T
attr title "PDH Transmitidos"
0	7	0.00024737037	1
0	16	0.00037237037	1
0	26	0.00049737037	1
0	36	0.00062237037	1
0	46	0.00074737037	1
0	56	0.00087237037	1
0	66	0.00099737037	1
0	76	0.00112237037	1
0	86	0.00124737037	1
0	96	0.00137237037	1
0	106	0.00149737037	1
0	116	0.00162237037	1
0	126	0.00174737037	1
0	136	0.00187237037	1
0	146	0.00199737037	1
0	156	0.00212237037	1
0	166	0.00224737037	1
0	176	0.00237237037	1
0	186	0.00249737037	1
0	196	0.00262237037	1
0	206	0.00274737037	1
0	216	0.00287237037	1
0	226	0.00299737037	1
0	236	0.00312237037	1
0	246	0.00324737037	1
0	256	0.00337237037	1
0	266	0.00349737037	1
0	276	0.00362237037	1
0	286	0.00374737037	1
0	296	0.00387237037	1
0	306	0.00399737037	1
0	316	0.00412237037	1
0	326	0.00424737037	1
0	336	0.00437237037	1
0	346	0.00449737037	1
0	356	0.00462237037	1
0	366	0.00474737037	1
0	376	0.00487237037	1
0	386	0.00499737037	1
0	396	0.00512237037	1
0	406	0.00524737037	1
0	416	0.00537237037	1
0	426	0.00549737037	1
0	436	0.00562237037	1
0	446	0.00574737037	1
0	456	0.00587237037	1
0	466	0.00599737037	1
0	476	0.00612237037	1
0	486	0.00624737037	1
0	496	0.00637237037	1
0	506	0.00649737037	1
0	516	0.00662237037	1
0	526	0.00674737037	1
0	536	0.00687237037	1
0	546	0.00699737037	1
0	556	0.00712237037	1
0	566	0.00724737037	1
0	576	0.00737237037	1
0	586	0.00749737037	1
0	596	0.00762237037	1
0	606	0.00774737037	1
0	616	0.00787237037	1
0	626	0.00799737037	1
0	636	0.00812237037	1
0	646	0.00824737037	1
0	656	0.00837237037	1
0	666	0.00849737037	1
0	676	0.00862237037	1
0	686	0.00874737037	1
0	696	0.00887237037	1
0	706	0.00899737037	1
0	716	0.00912237037	1
0	726	0.00924737037	1
0	736	0.00937237037	1
0	746	0.00949737037	1
0	756	0.00962237037	1
0	766	0.00974737037	1
0	776	0.00987237037	1
0	786	0.00999737037	1
0	796	0.01012237037	1
0	806	0.01024737037	1
0	816	0.01037237037	1
0	826	0.01049737037	1
0	836	0.01062237037	1
0	846	0.01074737037	1
0	856	0.01087237037	1
0	866	0.01099737037	1
0	876	0.01112237037	1
0	886	0.01124737037	1
0	896	0.01137237037	1
0	906	0.01149737037	1
0	916	0.01162237037	1
0	926	0.01174737037	1
0	936	0.01187237037	1
0	946	0.01199737037	1
0	956	0.01212237037	1
0	966	0.01224737037	1
0	976	0.01237237037	1
0	986	0.01249737037	1
0	996	0.01262237037	1
0	1006	0.01274737037	1
0	1016	0.01287237037	1
0	1026	0.01299737037	1
0	1036	0.01312237037	1
0	1046	0.01324737037	1
0	1056	0.01337237037	1
0	1066	0.01349737037	1
0	1076	0.01362237037	1
0	1086	0.01374737037	1
0	1096	0.01387237037	1
0	1106	0.01399737037	1
0	1116	0.01412237037	1
0	1126	0.01424737037	1
0	1136	0.01437237037	1
0	1146	0.01449737037	1
0	1156	0.01462237037	1
0	1166	0.01474737037	1
0	1176	0.01487237037	1
0	1186	0.01499737037	1
0	1196	0.01512237037	1
0	1206	0.01524737037	1
0	1216	0.01537237037	1
0	1226	0.01549737037	1
0	1236	0.01562237037	1
0	1246	0.01574737037	1
0	1256	0.01587237037	1
0	1266	0.01599737037	1
0	1276	0.01612237037	1
0	1286	0.01624737037	1
0	1296	0.01637237037	1
0	1306	0.01649737037	1
0	1316	0.01662237037	1
0	1326	0.01674737037	1
0	1336	0.01687237037	1
0	1346	0.01699737037	1
0	1356	0.01712237037	1
0	1366	0.01724737037	1
0	1376	0.01737237037	1
0	1386	0.01749737037	1
0	1396	0.01762237037	1
0	1406	0.01774737037	1
0	1416	0.01787237037	1
0	1426	0.01799737037	1
0	1436	0.01812237037	1
0	1446	0.01824737037	1
0	1456	0.01837237037	1
0	1466	0.01849737037	1
0	1476	0.01862237037	1
0	1486	0.01874737037	1
0	1496	0.01887237037	1
0	1506	0.01899737037	1
0	1516	0.01912237037	1
0	1526	0.01924737037	1
0	1536	0.01937237037	1
0	1546	0.01949737037	1
0	1556	0.01962237037	1
0	1566	0.01974737037	1
0	1576	0.01987237037	1
0	1586	0.01999737037	1
0	1596	0.02012237037	1
0	1606	0.02024737037	1
0	1616	0.02037237037	1
0	1626	0.02049737037	1
0	1636	0.02062237037	1
0	1646	0.02074737037	1
0	1656	0.02087237037	1
0	1666	0.02099737037	1
0	1676	0.02112237037	1
0	1686	0.02124737037	1
0	1696	0.02137237037	1
0	1706	0.02149737037	1
0	1716	0.02162237037	1
0	1726	0.02174737037	1
0	1736	0.02187237037	1
0	1746	0.02199737037	1
0	1756	0.02212237037	1
0	1766	0.02224737037	1
0	1776	0.02237237037	1
0	1786	0.02249737037	1
0	1796	0.02262237037	1
0	1806	0.02274737037	1
0	1816	0.02287237037	1
0	1826	0.02299737037	1
0	1836	0.02312237037	1
0	1846	0.02324737037	1
0	1856	0.02337237037	1
0	1866	0.02349737037	1
0	1876	0.02362237037	1
0	1886	0.02374737037	1
0	1896	0.02387237037	1
0	1906	0.02399737037	1
0	1916	0.02412237037	1
0	1926	0.02424737037	1
0	1936	0.02437237037	1
0	1946	0.02449737037	1
0	1956	0.02462237037	1
0	1966	0.02474737037	1
0	1976	0.02487237037	1
0	1986	0.02499737037	1
0	1996	0.02512237037	1
0	2006	0.02524737037	1
0	2016	0.02537237037	1
0	2026	0.02549737037	1
0	2036	0.02562237037	1
0	2046	0.02574737037	1
0	2056	0.02587237037	1
0	2066	0.02599737037	1
0	2076	0.02612237037	1
0	2086	0.02624737037	1
0	2096	0.02637237037	1
0	2106	0.02649737037	1
0	2116	0.02662237037	1
0	2126	0.02674737037	1
0	2136	0.02687237037	1
0	2146	0.02699737037	1
0	2156	0.02712237037	1
0	2166	0.02724737037	1
0	2176	0.02737237037	1
0	2186	0.02749737037	1
0	2196	0.02762237037	1
0	2206	0.02774737037	1
0	2216	0.02787237037	1
0	2226	0.02799737037	1
0	2236	0.02812237037	1
0	2246	0.02824737037	1
0	2256	0.02837237037	1
0	2266	0.02849737037	1
0	2276	0.02862237037	1
0	2286	0.02874737037	1
0	2296	0.02887237037	1
0	2306	0.02899737037	1
0	2316	0.02912237037	1
0	2326	0.02924737037	1
0	2336	0.02937237037	1
0	2346	0.02949737037	1
0	2356	0.02962237037	1
0	2366	0.02974737037	1
0	2376	0.02987237037	1
0	2386	0.02999737037	1
0	2396	0.03012237037	1
0	2406	0.03024737037	1
0	2416	0.03037237037	1
0	2426	0.03049737037	1
0	2436	0.03062237037	1
0	2446	0.03074737037	1
0	2456	0.03087237037	1
0	2466	0.03099737037	1
0	2476	0.03112237037	1
0	2486	0.03124737037	1
0	2496	0.03137237037	1
0	2506	0.03149737037	1
0	2516	0.03162237037	1
0	2526	0.03174737037	1
0	2536	0.03187237037	1
0	2546	0.03199737037	1
0	2556	0.03212237037	1
0	2566	0.03224737037	1
0	2576	0.03237237037	1
0	2586	0.03249737037	1
0	2596	0.03262237037	1
0	2606	0.03274737037	1
0	2616	0.03287237037	1
0	2626	0.03299737037	1
0	2636	0.03312237037	1
0	2646	0.03324737037	1
0	2656	0.03337237037	1
0	2666	0.03349737037	1
0	2676	0.03362237037	1
0	2686	0.03374737037	1
0	2696	0.03387237037	1
0	2706	0.03399737037	1
0	2716	0.03412237037	1
0	2726	0.03424737037	1
0	2736	0.03437237037	1
0	2746	0.03449737037	1
0	2756	0.03462237037	1
0	2766	0.03474737037	1
0	2776	0.03487237037	1
0	2786	0.03499737037	1
0	2796	0.03512237037	1
0	2806	0.03524737037	1
0	2816	0.03537237037	1
0	2826	0.03549737037	1
0	2836	0.03562237037	1
0	2846	0.03574737037	1
0	2856	0.03587237037	1
0	2866	0.03599737037	1
0	2876	0.03612237037	1
0	2886	0.03624737037	1
0	2896	0.03637237037	1
0	2906	0.03649737037	1
0	2916	0.03662237037	1
0	2926	0.03674737037	1
0	2936	0.03687237037	1
0	2946	0.03699737037	1
0	2956	0.03712237037	1
0	2966	0.03724737037	1
0	2976	0.03737237037	1
0	2986	0.03749737037	1
0	2996	0.03762237037	1
0	3006	0.03774737037	1
0	3016	0.03787237037	1
0	3026	0.03799737037	1
0	3036	0.03812237037	1
0	3046	0.03824737037	1
0	3056	0.03837237037	1
0	3066	0.03849737037	1
0	3076	0.03862237037	1
0	3086	0.03874737037	1
0	3096	0.03887237037	1
0	3106	0.03899737037	1
0	3116	0.03912237037	1
0	3126	0.03924737037	1
0	3136	0.03937237037	1
0	3146	0.03949737037	1
0	3156	0.03962237037	1
0	3166	0.03974737037	1
0	3176	0.03987237037	1
0	3186	0.03999737037	1
0	3196	0.04012237037	1
0	3206	0.04024737037	1
0	3216	0.04037237037	1
0	3226	0.04049737037	1
0	3236	0.04062237037	1
0	3246	0.04074737037	1
0	3256	0.04087237037	1
0	3266	0.04099737037	1
0	3276	0.04112237037	1
0	3286	0.04124737037	1
0	3296	0.04137237037	1
0	3306	0.04149737037	1
0	3316	0.04162237037	1
0	3326	0.04174737037	1
0	3336	0.04187237037	1
0	3346	0.04199737037	1
0	3356	0.04212237037	1
0	3366	0.04224737037	1
0	3376	0.04237237037	1
0	3386	0.04249737037	1
0	3396	0.04262237037	1
0	3406	0.04274737037	1
0	3416	0.04287237037	1
0	3426	0.04299737037	1
0	3436	0.04312237037	1
0	3446	0.04324737037	1
0	3456	0.04337237037	1
0	3466	0.04349737037	1
0	3476	0.04362237037	1
0	3486	0.04374737037	1
0	3496	0.04387237037	1
0	3506	0.04399737037	1
0	3516	0.04412237037	1
0	3526	0.04424737037	1
0	3536	0.04437237037	1
0	3546	0.04449737037	1
0	3556	0.04462237037	1
0	3566	0.04474737037	1
0	3576	0.04487237037	1
0	3586	0.04499737037	1
0	3596	0.04512237037	1
0	3606	0.04524737037	1
0	3616	0.04537237037	1
0	3626	0.04549737037	1
0	3636	0.04562237037	1
0	3646	0.04574737037	1
0	3656	0.04587237037	1
0	3666	0.04599737037	1
0	3676	0.04612237037	1
0	3686	0.04624737037	1
0	3696	0.04637237037	1
0	3706	0.04649737037	1
0	3716	0.04662237037	1
0	3726	0.04674737037	1
0	3736	0.04687237037	1
0	3746	0.04699737037	1
0	3756	0.04712237037	1
0	3766	0.04724737037	1
0	3776	0.04737237037	1
0	3786	0.04749737037	1
0	3796	0.04762237037	1
0	3806	0.04774737037	1
0	3816	0.04787237037	1
0	3826	0.04799737037	1
0	3836	0.04812237037	1
0	3846	0.04824737037	1
0	3856	0.04837237037	1
0	3866	0.04849737037	1
0	3876	0.04862237037	1
0	3886	0.04874737037	1
0	3896	0.04887237037	1
0	3906	0.04899737037	1
0	3916	0.04912237037	1
0	3926	0.04924737037	1
0	3936	0.04937237037	1
0	3946	0.04949737037	1
0	3956	0.04962237037	1
0	3966	0.04974737037	1
0	3976	0.04987237037	1
0	3986	0.04999737037	1
0	3996	0.05012237037	1
0	4006	0.05024737037	1
0	4016	0.05037237037	1
0	4026	0.05049737037	1
0	4036	0.05062237037	1
0	4046	0.05074737037	1
0	4056	0.05087237037	1
0	4066	0.05099737037	1
0	4076	0.05112237037	1
0	4086	0.05124737037	1
0	4096	0.05137237037	1
0	4106	0.05149737037	1
0	4116	0.05162237037	1
0	4126	0.05174737037	1
0	4136	0.05187237037	1
0	4146	0.05199737037	1
0	4156	0.05212237037	1
0	4166	0.05224737037	1
0	4176	0.05237237037	1
0	4186	0.05249737037	1
0	4196	0.05262237037	1
0	4206	0.05274737037	1
0	4216	0.05287237037	1
0	4226	0.05299737037	1
0	4236	0.05312237037	1
0	4246	0.05324737037	1
0	4256	0.05337237037	1
0	4266	0.05349737037	1
0	4276	0.05362237037	1
0	4286	0.05374737037	1
0	4296	0.05387237037	1
0	4306	0.05399737037	1
0	4316	0.05412237037	1
0	4326	0.05424737037	1
0	4336	0.05437237037	1
0	4346	0.05449737037	1
0	4356	0.05462237037	1
0	4366	0.05474737037	1
0	4376	0.05487237037	1
0	4386	0.05499737037	1
0	4396	0.05512237037	1
0	4406	0.05524737037	1
0	4416	0.05537237037	1
0	4426	0.05549737037	1
0	4436	0.05562237037	1
0	4446	0.05574737037	1
0	4456	0.05587237037	1
0	4466	0.05599737037	1
0	4476	0.05612237037	1
0	4486	0.05624737037	1
0	4496	0.05637237037	1
0	4506	0.05649737037	1
0	4516	0.05662237037	1
0	4526	0.05674737037	1
0	4536	0.05687237037	1
0	4546	0.05699737037	1
0	4556	0.05712237037	1
0	4566	0.05724737037	1
0	4576	0.05737237037	1
0	4586	0.05749737037	1
0	4596	0.05762237037	1
0	4606	0.05774737037	1
0	4616	0.05787237037	1
0	4626	0.05799737037	1
0	4636	0.05812237037	1
0	4646	0.05824737037	1
0	4656	0.05837237037	1
0	4666	0.05849737037	1
0	4676	0.05862237037	1
0	4686	0.05874737037	1
0	4696	0.05887237037	1
0	4706	0.05899737037	1
0	4716	0.05912237037	1
0	4726	0.05924737037	1
0	4736	0.05937237037	1
0	4746	0.05949737037	1
0	4756	0.05962237037	1
0	4766	0.05974737037	1
0	4776	0.05987237037	1
0	4786	0.05999737037	1
0	4796	0.06012237037	1
0	4806	0.06024737037	1
0	4816	0.06037237037	1
0	4826	0.06049737037	1
0	4836	0.06062237037	1
0	4846	0.06074737037	1
0	4856	0.06087237037	1
0	4866	0.06099737037	1
0	4876	0.06112237037	1
0	4886	0.06124737037	1
0	4896	0.06137237037	1
0	4906	0.06149737037	1
0	4916	0.06162237037	1
0	4926	0.06174737037	1
0	4936	0.06187237037	1
0	4946	0.06199737037	1
0	4956	0.06212237037	1
0	4966	0.06224737037	1
0	4976	0.06237237037	1
0	4986	0.06249737037	1
0	4996	0.06262237037	1
0	5006	0.06274737037	1
0	5016	0.06287237037	1
0	5026	0.06299737037	1
0	5036	0.06312237037	1
0	5046	0.06324737037	1
0	5056	0.06337237037	1
0	5066	0.06349737037	1
0	5076	0.06362237037	1
0	5086	0.06374737037	1
0	5096	0.06387237037	1
0	5106	0.06399737037	1
0	5116	0.06412237037	1
0	5126	0.06424737037	1
0	5136	0.06437237037	1
0	5146	0.06449737037	1
0	5156	0.06462237037	1
0	5166	0.06474737037	1
0	5176	0.06487237037	1
0	5186	0.06499737037	1
0	5196	0.06512237037	1
0	5206	0.06524737037	1
0	5216	0.06537237037	1
0	5226	0.06549737037	1
0	5236	0.06562237037	1
0	5246	0.06574737037	1
0	5256	0.06587237037	1
0	5266	0.06599737037	1
0	5276	0.06612237037	1
0	5286	0.06624737037	1
0	5296	0.06637237037	1
0	5306	0.06649737037	1
0	5316	0.06662237037	1
0	5326	0.06674737037	1
0	5336	0.06687237037	1
0	5346	0.06699737037	1
0	5356	0.06712237037	1
0	5366	0.06724737037	1
0	5376	0.06737237037	1
0	5386	0.06749737037	1
0	5396	0.06762237037	1
0	5406	0.06774737037	1
0	5416	0.06787237037	1
0	5426	0.06799737037	1
0	5436	0.06812237037	1
0	5446	0.06824737037	1
0	5456	0.06837237037	1
0	5466	0.06849737037	1
0	5476	0.06862237037	1
0	5486	0.06874737037	1
0	5496	0.06887237037	1
0	5506	0.06899737037	1
0	5516	0.06912237037	1
0	5526	0.06924737037	1
0	5536	0.06937237037	1
0	5546	0.06949737037	1
0	5556	0.06962237037	1
0	5566	0.06974737037	1
0	5576	0.06987237037	1
0	5586	0.06999737037	1
0	5596	0.07012237037	1
0	5606	0.07024737037	1
0	5616	0.07037237037	1
0	5626	0.07049737037	1
0	5636	0.07062237037	1
0	5646	0.07074737037	1
0	5656	0.07087237037	1
0	5666	0.07099737037	1
0	5676	0.07112237037	1
0	5686	0.07124737037	1
0	5696	0.07137237037	1
0	5706	0.07149737037	1
0	5716	0.07162237037	1
0	5726	0.07174737037	1
0	5736	0.07187237037	1
0	5746	0.07199737037	1
0	5756	0.07212237037	1
0	5766	0.07224737037	1
0	5776	0.07237237037	1
0	5786	0.07249737037	1
0	5796	0.07262237037	1
0	5806	0.07274737037	1
0	5816	0.07287237037	1
0	5826	0.07299737037	1
0	5836	0.07312237037	1
0	5846	0.07324737037	1
0	5856	0.07337237037	1
0	5866	0.07349737037	1
0	5876	0.07362237037	1
0	5886	0.07374737037	1
0	5896	0.07387237037	1
0	5906	0.07399737037	1
0	5916	0.07412237037	1
0	5926	0.07424737037	1
0	5936	0.07437237037	1
0	5946	0.07449737037	1
0	5956	0.07462237037	1
0	5966	0.07474737037	1
0	5976	0.07487237037	1
0	5986	0.07499737037	1
0	5996	0.07512237037	1
0	6006	0.07524737037	1
0	6016	0.07537237037	1
0	6026	0.07549737037	1
0	6036	0.07562237037	1
0	6046	0.07574737037	1
0	6056	0.07587237037	1
0	6066	0.07599737037	1
0	6076	0.07612237037	1
0	6086	0.07624737037	1
0	6096	0.07637237037	1
0	6106	0.07649737037	1
0	6116	0.07662237037	1
0	6126	0.07674737037	1
0	6136	0.07687237037	1
0	6146	0.07699737037	1
0	6156	0.07712237037	1
0	6166	0.07724737037	1
0	6176	0.07737237037	1
0	6186	0.07749737037	1
0	6196	0.07762237037	1
0	6206	0.07774737037	1
0	6216	0.07787237037	1
0	6226	0.07799737037	1
0	6236	0.07812237037	1
0	6246	0.07824737037	1
0	6256	0.07837237037	1
0	6266	0.07849737037	1
0	6276	0.07862237037	1
0	6286	0.07874737037	1
0	6296	0.07887237037	1
0	6306	0.07899737037	1
0	6316	0.07912237037	1
0	6326	0.07924737037	1
0	6336	0.07937237037	1
0	6346	0.07949737037	1
0	6356	0.07962237037	1
0	6366	0.07974737037	1
0	6376	0.07987237037	1
0	6386	0.07999737037	1
0	6396	0.08012237037	1
0	6406	0.08024737037	1
0	6416	0.08037237037	1
0	6426	0.08049737037	1
0	6436	0.08062237037	1
0	6446	0.08074737037	1
0	6456	0.08087237037	1
0	6466	0.08099737037	1
0	6476	0.08112237037	1
0	6486	0.08124737037	1
0	6496	0.08137237037	1
0	6506	0.08149737037	1
0	6516	0.08162237037	1
0	6526	0.08174737037	1
0	6536	0.08187237037	1
0	6546	0.08199737037	1
0	6556	0.08212237037	1
0	6566	0.08224737037	1
0	6576	0.08237237037	1
0	6586	0.08249737037	1
0	6596	0.08262237037	1
0	6606	0.08274737037	1
0	6616	0.08287237037	1
0	6626	0.08299737037	1
0	6636	0.08312237037	1
0	6646	0.08324737037	1
0	6656	0.08337237037	1
0	6666	0.08349737037	1
0	6676	0.08362237037	1
0	6686	0.08374737037	1
0	6696	0.08387237037	1
0	6706	0.08399737037	1
0	6716	0.08412237037	1
0	6726	0.08424737037	1
0	6736	0.08437237037	1
0	6746	0.08449737037	1
0	6756	0.08462237037	1
0	6766	0.08474737037	1
0	6776	0.08487237037	1
0	6786	0.08499737037	1
0	6796	0.08512237037	1
0	6806	0.08524737037	1
0	6816	0.08537237037	1
0	6826	0.08549737037	1
0	6836	0.08562237037	1
0	6846	0.08574737037	1
0	6856	0.08587237037	1
0	6866	0.08599737037	1
0	6876	0.08612237037	1
0	6886	0.08624737037	1
0	6896	0.08637237037	1
0	6906	0.08649737037	1
0	6916	0.08662237037	1
0	6926	0.08674737037	1
0	6936	0.08687237037	1
0	6946	0.08699737037	1
0	6956	0.08712237037	1
0	6966	0.08724737037	1
0	6976	0.08737237037	1
0	6986	0.08749737037	1
0	6996	0.08762237037	1
0	7006	0.08774737037	1
0	7016	0.08787237037	1
0	7026	0.08799737037	1
0	7036	0.08812237037	1
0	7046	0.08824737037	1
0	7056	0.08837237037	1
0	7066	0.08849737037	1
0	7076	0.08862237037	1
0	7086	0.08874737037	1
0	7096	0.08887237037	1
0	7106	0.08899737037	1
0	7116	0.08912237037	1
0	7126	0.08924737037	1
0	7136	0.08937237037	1
0	7146	0.08949737037	1
0	7156	0.08962237037	1
0	7166	0.08974737037	1
0	7176	0.08987237037	1
0	7186	0.08999737037	1
0	7196	0.09012237037	1
0	7206	0.09024737037	1
0	7216	0.09037237037	1
0	7226	0.09049737037	1
0	7236	0.09062237037	1
0	7246	0.09074737037	1
0	7256	0.09087237037	1
0	7266	0.09099737037	1
0	7276	0.09112237037	1
0	7286	0.09124737037	1
0	7296	0.09137237037	1
0	7306	0.09149737037	1
0	7316	0.09162237037	1
0	7326	0.09174737037	1
0	7336	0.09187237037	1
0	7346	0.09199737037	1
0	7356	0.09212237037	1
0	7366	0.09224737037	1
0	7376	0.09237237037	1
0	7386	0.09249737037	1
0	7396	0.09262237037	1
0	7406	0.09274737037	1
0	7416	0.09287237037	1
0	7426	0.09299737037	1
0	7436	0.09312237037	1
0	7446	0.09324737037	1
0	7456	0.09337237037	1
0	7466	0.09349737037	1
0	7476	0.09362237037	1
0	7486	0.09374737037	1
0	7496	0.09387237037	1
0	7506	0.09399737037	1
0	7516	0.09412237037	1
0	7526	0.09424737037	1
0	7536	0.09437237037	1
0	7546	0.09449737037	1
0	7556	0.09462237037	1
0	7566	0.09474737037	1
0	7576	0.09487237037	1
0	7586	0.09499737037	1
0	7596	0.09512237037	1
0	7606	0.09524737037	1
0	7616	0.09537237037	1
0	7626	0.09549737037	1
0	7636	0.09562237037	1
0	7646	0.09574737037	1
0	7656	0.09587237037	1
0	7666	0.09599737037	1
0	7676	0.09612237037	1
0	7686	0.09624737037	1
0	7696	0.09637237037	1
0	7706	0.09649737037	1
0	7716	0.09662237037	1
0	7726	0.09674737037	1
0	7736	0.09687237037	1
0	7746	0.09699737037	1
0	7756	0.09712237037	1
0	7766	0.09724737037	1
0	7776	0.09737237037	1
0	7786	0.09749737037	1
0	7796	0.09762237037	1
0	7806	0.09774737037	1
0	7816	0.09787237037	1
0	7826	0.09799737037	1
0	7836	0.09812237037	1
0	7846	0.09824737037	1
0	7856	0.09837237037	1
0	7866	0.09849737037	1
0	7876	0.09862237037	1
0	7886	0.09874737037	1
0	7896	0.09887237037	1
0	7906	0.09899737037	1
0	7916	0.09912237037	1
0	7926	0.09924737037	1
0	7936	0.09937237037	1
0	7946	0.09949737037	1
0	7956	0.09962237037	1
0	7966	0.09974737037	1
0	7976	0.09987237037	1
0	7986	0.09999737037	1
0	7996	0.10012237037	1
0	8006	0.10024737037	1
0	8016	0.10037237037	1
0	8026	0.10049737037	1
0	8036	0.10062237037	1
0	8046	0.10074737037	1
0	8056	0.10087237037	1
0	8066	0.10099737037	1
0	8076	0.10112237037	1
0	8086	0.10124737037	1
0	8096	0.10137237037	1
0	8106	0.10149737037	1
0	8116	0.10162237037	1
0	8126	0.10174737037	1
0	8136	0.10187237037	1
0	8146	0.10199737037	1
0	8156	0.10212237037	1
0	8166	0.10224737037	1
0	8176	0.10237237037	1
0	8186	0.10249737037	1
0	8196	0.10262237037	1
0	8206	0.10274737037	1
0	8216	0.10287237037	1
0	8226	0.10299737037	1
0	8236	0.10312237037	1
0	8246	0.10324737037	1
0	8256	0.10337237037	1
0	8266	0.10349737037	1
0	8276	0.10362237037	1
0	8286	0.10374737037	1
0	8296	0.10387237037	1
0	8306	0.10399737037	1
0	8316	0.10412237037	1
0	8326	0.10424737037	1
0	8336	0.10437237037	1
0	8346	0.10449737037	1
0	8356	0.10462237037	1
0	8366	0.10474737037	1
0	8376	0.10487237037	1
0	8386	0.10499737037	1
0	8396	0.10512237037	1
0	8406	0.10524737037	1
0	8416	0.10537237037	1
0	8426	0.10549737037	1
0	8436	0.10562237037	1
0	8446	0.10574737037	1
0	8456	0.10587237037	1
0	8466	0.10599737037	1
0	8476	0.10612237037	1
0	8486	0.10624737037	1
0	8496	0.10637237037	1
0	8506	0.10649737037	1
0	8516	0.10662237037	1
0	8526	0.10674737037	1
0	8536	0.10687237037	1
0	8546	0.10699737037	1
0	8556	0.10712237037	1
0	8566	0.10724737037	1
0	8576	0.10737237037	1
0	8586	0.10749737037	1
0	8596	0.10762237037	1
0	8606	0.10774737037	1
0	8616	0.10787237037	1
0	8626	0.10799737037	1
0	8636	0.10812237037	1
0	8646	0.10824737037	1
0	8656	0.10837237037	1
0	8666	0.10849737037	1
0	8676	0.10862237037	1
0	8686	0.10874737037	1
0	8696	0.10887237037	1
0	8706	0.10899737037	1
0	8716	0.10912237037	1
0	8726	0.10924737037	1
0	8736	0.10937237037	1
0	8746	0.10949737037	1
0	8756	0.10962237037	1
0	8766	0.10974737037	1
0	8776	0.10987237037	1
0	8786	0.10999737037	1
0	8796	0.11012237037	1
0	8806	0.11024737037	1
0	8816	0.11037237037	1
0	8826	0.11049737037	1
0	8836	0.11062237037	1
0	8846	0.11074737037	1
0	8856	0.11087237037	1
0	8866	0.11099737037	1
0	8876	0.11112237037	1
0	8886	0.11124737037	1
0	8896	0.11137237037	1
0	8906	0.11149737037	1
0	8916	0.11162237037	1
0	8926	0.11174737037	1
0	8936	0.11187237037	1
0	8946	0.11199737037	1
0	8956	0.11212237037	1
0	8966	0.11224737037	1
0	8976	0.11237237037	1
0	8986	0.11249737037	1
0	8996	0.11262237037	1
0	9006	0.11274737037	1
0	9016	0.11287237037	1
0	9026	0.11299737037	1
0	9036	0.11312237037	1
0	9046	0.11324737037	1
0	9056	0.11337237037	1
0	9066	0.11349737037	1
0	9076	0.11362237037	1
0	9086	0.11374737037	1
0	9096	0.11387237037	1
0	9106	0.11399737037	1
0	9116	0.11412237037	1
0	9126	0.11424737037	1
0	9136	0.11437237037	1
0	9146	0.11449737037	1
0	9156	0.11462237037	1
0	9166	0.11474737037	1
0	9176	0.11487237037	1
0	9186	0.11499737037	1
0	9196	0.11512237037	1
0	9206	0.11524737037	1
0	9216	0.11537237037	1
0	9226	0.11549737037	1
0	9236	0.11562237037	1
0	9246	0.11574737037	1
0	9256	0.11587237037	1
0	9266	0.11599737037	1
0	9276	0.11612237037	1
0	9286	0.11624737037	1
0	9296	0.11637237037	1
0	9306	0.11649737037	1
0	9316	0.11662237037	1
0	9326	0.11674737037	1
0	9336	0.11687237037	1
0	9346	0.11699737037	1
0	9356	0.11712237037	1
0	9366	0.11724737037	1
0	9376	0.11737237037	1
0	9386	0.11749737037	1
0	9396	0.11762237037	1
0	9406	0.11774737037	1
0	9416	0.11787237037	1
0	9426	0.11799737037	1
0	9436	0.11812237037	1
0	9446	0.11824737037	1
0	9456	0.11837237037	1
0	9466	0.11849737037	1
0	9476	0.11862237037	1
0	9486	0.11874737037	1
0	9496	0.11887237037	1
0	9506	0.11899737037	1
0	9516	0.11912237037	1
0	9526	0.11924737037	1
0	9536	0.11937237037	1
0	9546	0.11949737037	1
0	9556	0.11962237037	1
0	9566	0.11974737037	1
0	9576	0.11987237037	1
0	9586	0.11999737037	1
0	9596	0.12012237037	1
0	9606	0.12024737037	1
0	9616	0.12037237037	1
0	9626	0.12049737037	1
0	9636	0.12062237037	1
0	9646	0.12074737037	1
0	9656	0.12087237037	1
0	9666	0.12099737037	1
0	9676	0.12112237037	1
0	9686	0.12124737037	1
0	9696	0.12137237037	1
0	9706	0.12149737037	1
0	9716	0.12162237037	1
0	9726	0.12174737037	1
0	9736	0.12187237037	1
0	9746	0.12199737037	1
0	9756	0.12212237037	1
0	9766	0.12224737037	1
0	9776	0.12237237037	1
0	9786	0.12249737037	1
0	9796	0.12262237037	1
0	9806	0.12274737037	1
0	9816	0.12287237037	1
0	9826	0.12299737037	1
0	9836	0.12312237037	1
0	9846	0.12324737037	1
0	9856	0.12337237037	1
0	9866	0.12349737037	1
0	9876	0.12362237037	1
0	9886	0.12374737037	1
0	9896	0.12387237037	1
0	9906	0.12399737037	1
0	9916	0.12412237037	1
0	9926	0.12424737037	1
0	9936	0.12437237037	1
0	9946	0.12449737037	1
0	9956	0.12462237037	1
0	9966	0.12474737037	1
0	9976	0.12487237037	1
0	9986	0.12499737037	1
0	9996	0.12512237037	1
0	10006	0.12524737037	1
0	10016	0.12537237037	1
0	10026	0.12549737037	1
0	10036	0.12562237037	1
0	10046	0.12574737037	1
0	10056	0.12587237037	1
0	10066	0.12599737037	1
0	10076	0.12612237037	1
0	10086	0.12624737037	1
0	10096	0.12637237037	1
0	10106	0.12649737037	1
0	10116	0.12662237037	1
0	10126	0.12674737037	1
0	10136	0.12687237037	1
0	10146	0.12699737037	1
0	10156	0.12712237037	1
0	10166	0.12724737037	1
0	10176	0.12737237037	1
0	10186	0.12749737037	1
0	10196	0.12762237037	1
0	10206	0.12774737037	1
0	10216	0.12787237037	1
0	10226	0.12799737037	1
0	10236	0.12812237037	1
0	10246	0.12824737037	1
0	10256	0.12837237037	1
0	10266	0.12849737037	1
0	10276	0.12862237037	1
0	10286	0.12874737037	1
0	10296	0.12887237037	1
0	10306	0.12899737037	1
0	10316	0.12912237037	1
0	10326	0.12924737037	1
0	10336	0.12937237037	1
0	10346	0.12949737037	1
0	10356	0.12962237037	1
0	10366	0.12974737037	1
0	10376	0.12987237037	1
0	10386	0.12999737037	1
0	10396	0.13012237037	1
0	10406	0.13024737037	1
0	10416	0.13037237037	1
0	10426	0.13049737037	1
0	10436	0.13062237037	1
0	10446	0.13074737037	1
0	10456	0.13087237037	1
0	10466	0.13099737037	1
0	10476	0.13112237037	1
0	10486	0.13124737037	1
0	10496	0.13137237037	1
0	10506	0.13149737037	1
0	10516	0.13162237037	1
0	10526	0.13174737037	1
0	10536	0.13187237037	1
0	10546	0.13199737037	1
0	10556	0.13212237037	1
0	10566	0.13224737037	1
0	10576	0.13237237037	1
0	10586	0.13249737037	1
0	10596	0.13262237037	1
0	10606	0.13274737037	1
0	10616	0.13287237037	1
0	10626	0.13299737037	1
0	10636	0.13312237037	1
0	10646	0.13324737037	1
0	10656	0.13337237037	1
0	10666	0.13349737037	1
0	10676	0.13362237037	1
0	10686	0.13374737037	1
0	10696	0.13387237037	1
0	10706	0.13399737037	1
0	10716	0.13412237037	1
0	10726	0.13424737037	1
0	10736	0.13437237037	1
0	10746	0.13449737037	1
0	10756	0.13462237037	1
0	10766	0.13474737037	1
0	10776	0.13487237037	1
0	10786	0.13499737037	1
0	10796	0.13512237037	1
0	10806	0.13524737037	1
0	10816	0.13537237037	1
0	10826	0.13549737037	1
0	10836	0.13562237037	1
0	10846	0.13574737037	1
0	10856	0.13587237037	1
0	10866	0.13599737037	1
0	10876	0.13612237037	1
0	10886	0.13624737037	1
0	10896	0.13637237037	1
0	10906	0.13649737037	1
0	10916	0.13662237037	1
0	10926	0.13674737037	1
0	10936	0.13687237037	1
0	10946	0.13699737037	1
0	10956	0.13712237037	1
0	10966	0.13724737037	1
0	10976	0.13737237037	1
0	10986	0.13749737037	1
0	10996	0.13762237037	1
0	11006	0.13774737037	1
0	11016	0.13787237037	1
0	11026	0.13799737037	1
0	11036	0.13812237037	1
0	11046	0.13824737037	1
0	11056	0.13837237037	1
0	11066	0.13849737037	1
0	11076	0.13862237037	1
0	11086	0.13874737037	1
0	11096	0.13887237037	1
0	11106	0.13899737037	1
0	11116	0.13912237037	1
0	11126	0.13924737037	1
0	11136	0.13937237037	1
0	11146	0.13949737037	1
0	11156	0.13962237037	1
0	11166	0.13974737037	1
0	11176	0.13987237037	1
0	11186	0.13999737037	1
0	11196	0.14012237037	1
0	11206	0.14024737037	1
0	11216	0.14037237037	1
0	11226	0.14049737037	1
0	11236	0.14062237037	1
0	11246	0.14074737037	1
0	11256	0.14087237037	1
0	11266	0.14099737037	1
0	11276	0.14112237037	1
0	11286	0.14124737037	1
0	11296	0.14137237037	1
0	11306	0.14149737037	1
0	11316	0.14162237037	1
0	11326	0.14174737037	1
0	11336	0.14187237037	1
0	11346	0.14199737037	1
0	11356	0.14212237037	1
0	11366	0.14224737037	1
0	11376	0.14237237037	1
0	11386	0.14249737037	1
0	11396	0.14262237037	1
0	11406	0.14274737037	1
0	11416	0.14287237037	1
0	11426	0.14299737037	1
0	11436	0.14312237037	1
0	11446	0.14324737037	1
0	11456	0.14337237037	1
0	11466	0.14349737037	1
0	11476	0.14362237037	1
0	11486	0.14374737037	1
0	11496	0.14387237037	1
0	11506	0.14399737037	1
0	11516	0.14412237037	1
0	11526	0.14424737037	1
0	11536	0.14437237037	1
0	11546	0.14449737037	1
0	11556	0.14462237037	1
0	11566	0.14474737037	1
0	11576	0.14487237037	1
0	11586	0.14499737037	1
0	11596	0.14512237037	1
0	11606	0.14524737037	1
0	11616	0.14537237037	1
0	11626	0.14549737037	1
0	11636	0.14562237037	1
0	11646	0.14574737037	1
0	11656	0.14587237037	1
0	11666	0.14599737037	1
0	11676	0.14612237037	1
0	11686	0.14624737037	1
0	11696	0.14637237037	1
0	11706	0.14649737037	1
0	11716	0.14662237037	1
0	11726	0.14674737037	1
0	11736	0.14687237037	1
0	11746	0.14699737037	1
0	11756	0.14712237037	1
0	11766	0.14724737037	1
0	11776	0.14737237037	1
0	11786	0.14749737037	1
0	11796	0.14762237037	1
0	11806	0.14774737037	1
0	11816	0.14787237037	1
0	11826	0.14799737037	1
0	11836	0.14812237037	1
0	11846	0.14824737037	1
0	11856	0.14837237037	1
0	11866	0.14849737037	1
0	11876	0.14862237037	1
0	11886	0.14874737037	1
0	11896	0.14887237037	1
0	11906	0.14899737037	1
0	11916	0.14912237037	1
0	11926	0.14924737037	1
0	11936	0.14937237037	1
0	11946	0.14949737037	1
0	11956	0.14962237037	1
0	11966	0.14974737037	1
0	11976	0.14987237037	1
0	11986	0.14999737037	1
0	11996	0.15012237037	1
0	12006	0.15024737037	1
0	12016	0.15037237037	1
0	12026	0.15049737037	1
0	12036	0.15062237037	1
0	12046	0.15074737037	1
0	12056	0.15087237037	1
0	12066	0.15099737037	1
0	12076	0.15112237037	1
0	12086	0.15124737037	1
0	12096	0.15137237037	1
0	12106	0.15149737037	1
0	12116	0.15162237037	1
0	12126	0.15174737037	1
0	12136	0.15187237037	1
0	12146	0.15199737037	1
0	12156	0.15212237037	1
0	12166	0.15224737037	1
0	12176	0.15237237037	1
0	12186	0.15249737037	1
0	12196	0.15262237037	1
0	12206	0.15274737037	1
0	12216	0.15287237037	1
0	12226	0.15299737037	1
0	12236	0.15312237037	1
0	12246	0.15324737037	1
0	12256	0.15337237037	1
0	12266	0.15349737037	1
0	12276	0.15362237037	1
0	12286	0.15374737037	1
0	12296	0.15387237037	1
0	12306	0.15399737037	1
0	12316	0.15412237037	1
0	12326	0.15424737037	1
0	12336	0.15437237037	1
0	12346	0.15449737037	1
0	12356	0.15462237037	1
0	12366	0.15474737037	1
0	12376	0.15487237037	1
0	12386	0.15499737037	1
0	12396	0.15512237037	1
0	12406	0.15524737037	1
0	12416	0.15537237037	1
0	12426	0.15549737037	1
0	12436	0.15562237037	1
0	12446	0.15574737037	1
0	12456	0.15587237037	1
0	12466	0.15599737037	1
0	12476	0.15612237037	1
0	12486	0.15624737037	1
0	12496	0.15637237037	1
0	12506	0.15649737037	1
0	12516	0.15662237037	1
0	12526	0.15674737037	1
0	12536	0.15687237037	1
0	12546	0.15699737037	1
0	12556	0.15712237037	1
0	12566	0.15724737037	1
0	12576	0.15737237037	1
0	12586	0.15749737037	1
0	12596	0.15762237037	1
0	12606	0.15774737037	1
0	12616	0.15787237037	1
0	12626	0.15799737037	1
0	12636	0.15812237037	1
0	12646	0.15824737037	1
0	12656	0.15837237037	1
0	12666	0.15849737037	1
0	12676	0.15862237037	1
0	12686	0.15874737037	1
0	12696	0.15887237037	1
0	12706	0.15899737037	1
0	12716	0.15912237037	1
0	12726	0.15924737037	1
0	12736	0.15937237037	1
0	12746	0.15949737037	1
0	12756	0.15962237037	1
0	12766	0.15974737037	1
0	12776	0.15987237037	1
0	12786	0.15999737037	1
0	12796	0.16012237037	1
0	12806	0.16024737037	1
0	12816	0.16037237037	1
0	12826	0.16049737037	1
0	12836	0.16062237037	1
0	12846	0.16074737037	1
0	12856	0.16087237037	1
0	12866	0.16099737037	1
0	12876	0.16112237037	1
0	12886	0.16124737037	1
0	12896	0.16137237037	1
0	12906	0.16149737037	1
0	12916	0.16162237037	1
0	12926	0.16174737037	1
0	12936	0.16187237037	1
0	12946	0.16199737037	1
0	12956	0.16212237037	1
0	12966	0.16224737037	1
0	12976	0.16237237037	1
0	12986	0.16249737037	1
0	12996	0.16262237037	1
0	13006	0.16274737037	1
0	13016	0.16287237037	1
0	13026	0.16299737037	1
0	13036	0.16312237037	1
0	13046	0.16324737037	1
0	13056	0.16337237037	1
0	13066	0.16349737037	1
0	13076	0.16362237037	1
0	13086	0.16374737037	1
0	13096	0.16387237037	1
0	13106	0.16399737037	1
0	13116	0.16412237037	1
0	13126	0.16424737037	1
0	13136	0.16437237037	1
0	13146	0.16449737037	1
0	13156	0.16462237037	1
0	13166	0.16474737037	1
0	13176	0.16487237037	1
0	13186	0.16499737037	1
0	13196	0.16512237037	1
0	13206	0.16524737037	1
0	13216	0.16537237037	1
0	13226	0.16549737037	1
0	13236	0.16562237037	1
0	13246	0.16574737037	1
0	13256	0.16587237037	1
0	13266	0.16599737037	1
0	13276	0.16612237037	1
0	13286	0.16624737037	1
0	13296	0.16637237037	1
0	13306	0.16649737037	1
0	13316	0.16662237037	1
0	13326	0.16674737037	1
0	13336	0.16687237037	1
0	13346	0.16699737037	1
0	13356	0.16712237037	1
0	13366	0.16724737037	1
0	13376	0.16737237037	1
0	13386	0.16749737037	1
0	13396	0.16762237037	1
0	13406	0.16774737037	1
0	13416	0.16787237037	1
0	13426	0.16799737037	1
0	13436	0.16812237037	1
0	13446	0.16824737037	1
0	13456	0.16837237037	1
0	13466	0.16849737037	1
0	13476	0.16862237037	1
0	13486	0.16874737037	1
0	13496	0.16887237037	1
0	13506	0.16899737037	1
0	13516	0.16912237037	1
0	13526	0.16924737037	1
0	13536	0.16937237037	1
0	13546	0.16949737037	1
0	13556	0.16962237037	1
0	13566	0.16974737037	1
0	13576	0.16987237037	1
0	13586	0.16999737037	1
0	13596	0.17012237037	1
0	13606	0.17024737037	1
0	13616	0.17037237037	1
0	13626	0.17049737037	1
0	13636	0.17062237037	1
0	13646	0.17074737037	1
0	13656	0.17087237037	1
0	13666	0.17099737037	1
0	13676	0.17112237037	1
0	13686	0.17124737037	1
0	13696	0.17137237037	1
0	13706	0.17149737037	1
0	13716	0.17162237037	1
0	13726	0.17174737037	1
0	13736	0.17187237037	1
0	13746	0.17199737037	1
0	13756	0.17212237037	1
0	13766	0.17224737037	1
0	13776	0.17237237037	1
0	13786	0.17249737037	1
0	13796	0.17262237037	1
0	13806	0.17274737037	1
0	13816	0.17287237037	1
0	13826	0.17299737037	1
0	13836	0.17312237037	1
0	13846	0.17324737037	1
0	13856	0.17337237037	1
0	13866	0.17349737037	1
0	13876	0.17362237037	1
0	13886	0.17374737037	1
0	13896	0.17387237037	1
0	13906	0.17399737037	1
0	13916	0.17412237037	1
0	13926	0.17424737037	1
0	13936	0.17437237037	1
0	13946	0.17449737037	1
0	13956	0.17462237037	1
0	13966	0.17474737037	1
0	13976	0.17487237037	1
0	13986	0.17499737037	1
0	13996	0.17512237037	1
0	14006	0.17524737037	1
0	14016	0.17537237037	1
0	14026	0.17549737037	1
0	14036	0.17562237037	1
0	14046	0.17574737037	1
0	14056	0.17587237037	1
0	14066	0.17599737037	1
0	14076	0.17612237037	1
0	14086	0.17624737037	1
0	14096	0.17637237037	1
0	14106	0.17649737037	1
0	14116	0.17662237037	1
0	14126	0.17674737037	1
0	14136	0.17687237037	1
0	14146	0.17699737037	1
0	14156	0.17712237037	1
0	14166	0.17724737037	1
0	14176	0.17737237037	1
0	14186	0.17749737037	1
0	14196	0.17762237037	1
0	14206	0.17774737037	1
0	14216	0.17787237037	1
0	14226	0.17799737037	1
0	14236	0.17812237037	1
0	14246	0.17824737037	1
0	14256	0.17837237037	1
0	14266	0.17849737037	1
0	14276	0.17862237037	1
0	14286	0.17874737037	1
0	14296	0.17887237037	1
0	14306	0.17899737037	1
0	14316	0.17912237037	1
0	14326	0.17924737037	1
0	14336	0.17937237037	1
0	14346	0.17949737037	1
0	14356	0.17962237037	1
0	14366	0.17974737037	1
0	14376	0.17987237037	1
0	14386	0.17999737037	1
0	14396	0.18012237037	1
0	14406	0.18024737037	1
0	14416	0.18037237037	1
0	14426	0.18049737037	1
0	14436	0.18062237037	1
0	14446	0.18074737037	1
0	14456	0.18087237037	1
0	14466	0.18099737037	1
0	14476	0.18112237037	1
0	14486	0.18124737037	1
0	14496	0.18137237037	1
0	14506	0.18149737037	1
0	14516	0.18162237037	1
0	14526	0.18174737037	1
0	14536	0.18187237037	1
0	14546	0.18199737037	1
0	14556	0.18212237037	1
0	14566	0.18224737037	1
0	14576	0.18237237037	1
0	14586	0.18249737037	1
0	14596	0.18262237037	1
0	14606	0.18274737037	1
0	14616	0.18287237037	1
0	14626	0.18299737037	1
0	14636	0.18312237037	1
0	14646	0.18324737037	1
0	14656	0.18337237037	1
0	14666	0.18349737037	1
0	14676	0.18362237037	1
0	14686	0.18374737037	1
0	14696	0.18387237037	1
0	14706	0.18399737037	1
0	14716	0.18412237037	1
0	14726	0.18424737037	1
0	14736	0.18437237037	1
0	14746	0.18449737037	1
0	14756	0.18462237037	1
0	14766	0.18474737037	1
0	14776	0.18487237037	1
0	14786	0.18499737037	1
0	14796	0.18512237037	1
0	14806	0.18524737037	1
0	14816	0.18537237037	1
0	14826	0.18549737037	1
0	14836	0.18562237037	1
0	14846	0.18574737037	1
0	14856	0.18587237037	1
0	14866	0.18599737037	1
0	14876	0.18612237037	1
0	14886	0.18624737037	1
0	14896	0.18637237037	1
0	14906	0.18649737037	1
0	14916	0.18662237037	1
0	14926	0.18674737037	1
0	14936	0.18687237037	1
0	14946	0.18699737037	1
0	14956	0.18712237037	1
0	14966	0.18724737037	1
0	14976	0.18737237037	1
0	14986	0.18749737037	1
0	14996	0.18762237037	1
0	15006	0.18774737037	1
0	15016	0.18787237037	1
0	15026	0.18799737037	1
0	15036	0.18812237037	1
0	15046	0.18824737037	1
0	15056	0.18837237037	1
0	15066	0.18849737037	1
0	15076	0.18862237037	1
0	15086	0.18874737037	1
0	15096	0.18887237037	1
0	15106	0.18899737037	1
0	15116	0.18912237037	1
0	15126	0.18924737037	1
0	15136	0.18937237037	1
0	15146	0.18949737037	1
0	15156	0.18962237037	1
0	15166	0.18974737037	1
0	15176	0.18987237037	1
0	15186	0.18999737037	1
0	15196	0.19012237037	1
0	15206	0.19024737037	1
0	15216	0.19037237037	1
0	15226	0.19049737037	1
0	15236	0.19062237037	1
0	15246	0.19074737037	1
0	15256	0.19087237037	1
0	15266	0.19099737037	1
0	15276	0.19112237037	1
0	15286	0.19124737037	1
0	15296	0.19137237037	1
0	15306	0.19149737037	1
0	15316	0.19162237037	1
0	15326	0.19174737037	1
0	15336	0.19187237037	1
0	15346	0.19199737037	1
0	15356	0.19212237037	1
0	15366	0.19224737037	1
0	15376	0.19237237037	1
0	15386	0.19249737037	1
0	15396	0.19262237037	1
0	15406	0.19274737037	1
0	15416	0.19287237037	1
0	15426	0.19299737037	1
0	15436	0.19312237037	1
0	15446	0.19324737037	1
0	15456	0.19337237037	1
0	15466	0.19349737037	1
0	15476	0.19362237037	1
0	15486	0.19374737037	1
0	15496	0.19387237037	1
0	15506	0.19399737037	1
0	15516	0.19412237037	1
0	15526	0.19424737037	1
0	15536	0.19437237037	1
0	15546	0.19449737037	1
0	15556	0.19462237037	1
0	15566	0.19474737037	1
0	15576	0.19487237037	1
0	15586	0.19499737037	1
0	15596	0.19512237037	1
0	15606	0.19524737037	1
0	15616	0.19537237037	1
0	15626	0.19549737037	1
0	15636	0.19562237037	1
0	15646	0.19574737037	1
0	15656	0.19587237037	1
0	15666	0.19599737037	1
0	15676	0.19612237037	1
0	15686	0.19624737037	1
0	15696	0.19637237037	1
0	15706	0.19649737037	1
0	15716	0.19662237037	1
0	15726	0.19674737037	1
0	15736	0.19687237037	1
0	15746	0.19699737037	1
0	15756	0.19712237037	1
0	15766	0.19724737037	1
0	15776	0.19737237037	1
0	15786	0.19749737037	1
0	15796	0.19762237037	1
0	15806	0.19774737037	1
0	15816	0.19787237037	1
0	15826	0.19799737037	1
0	15836	0.19812237037	1
0	15846	0.19824737037	1
0	15856	0.19837237037	1
0	15866	0.19849737037	1
0	15876	0.19862237037	1
0	15886	0.19874737037	1
0	15896	0.19887237037	1
0	15906	0.19899737037	1
0	15916	0.19912237037	1
0	15926	0.19924737037	1
0	15936	0.19937237037	1
0	15946	0.19949737037	1
0	15956	0.19962237037	1
0	15966	0.19974737037	1
0	15976	0.19987237037	1
0	15986	0.19999737037	1
0	15996	0.20012237037	1
0	16006	0.20024737037	1
0	16016	0.20037237037	1
0	16026	0.20049737037	1
0	16036	0.20062237037	1
0	16046	0.20074737037	1
0	16056	0.20087237037	1
0	16066	0.20099737037	1
0	16076	0.20112237037	1
0	16086	0.20124737037	1
0	16096	0.20137237037	1
0	16106	0.20149737037	1
0	16116	0.20162237037	1
0	16126	0.20174737037	1
0	16136	0.20187237037	1
0	16146	0.20199737037	1
0	16156	0.20212237037	1
0	16166	0.20224737037	1
0	16176	0.20237237037	1
0	16186	0.20249737037	1
0	16196	0.20262237037	1
0	16206	0.20274737037	1
0	16216	0.20287237037	1
0	16226	0.20299737037	1
0	16236	0.20312237037	1
0	16246	0.20324737037	1
0	16256	0.20337237037	1
0	16266	0.20349737037	1
0	16276	0.20362237037	1
0	16286	0.20374737037	1
0	16296	0.20387237037	1
0	16306	0.20399737037	1
0	16316	0.20412237037	1
0	16326	0.20424737037	1
0	16336	0.20437237037	1
0	16346	0.20449737037	1
0	16356	0.20462237037	1
0	16366	0.20474737037	1
0	16376	0.20487237037	1
0	16386	0.20499737037	1
0	16396	0.20512237037	1
0	16406	0.20524737037	1
0	16416	0.20537237037	1
0	16426	0.20549737037	1
0	16436	0.20562237037	1
0	16446	0.20574737037	1
0	16456	0.20587237037	1
0	16466	0.20599737037	1
0	16476	0.20612237037	1
0	16486	0.20624737037	1
0	16496	0.20637237037	1
0	16506	0.20649737037	1
0	16516	0.20662237037	1
0	16526	0.20674737037	1
0	16536	0.20687237037	1
0	16546	0.20699737037	1
0	16556	0.20712237037	1
0	16566	0.20724737037	1
0	16576	0.20737237037	1
0	16586	0.20749737037	1
0	16596	0.20762237037	1
0	16606	0.20774737037	1
0	16616	0.20787237037	1
0	16626	0.20799737037	1
0	16636	0.20812237037	1
0	16646	0.20824737037	1
0	16656	0.20837237037	1
0	16666	0.20849737037	1
0	16676	0.20862237037	1
0	16686	0.20874737037	1
0	16696	0.20887237037	1
0	16706	0.20899737037	1
0	16716	0.20912237037	1
0	16726	0.20924737037	1
0	16736	0.20937237037	1
0	16746	0.20949737037	1
0	16756	0.20962237037	1
0	16766	0.20974737037	1
0	16776	0.20987237037	1
0	16786	0.20999737037	1
0	16796	0.21012237037	1
0	16806	0.21024737037	1
0	16816	0.21037237037	1
0	16826	0.21049737037	1
0	16836	0.21062237037	1
0	16846	0.21074737037	1
0	16856	0.21087237037	1
0	16866	0.21099737037	1
0	16876	0.21112237037	1
0	16886	0.21124737037	1
0	16896	0.21137237037	1
0	16906	0.21149737037	1
0	16916	0.21162237037	1
0	16926	0.21174737037	1
0	16936	0.21187237037	1
0	16946	0.21199737037	1
0	16956	0.21212237037	1
0	16966	0.21224737037	1
0	16976	0.21237237037	1
0	16986	0.21249737037	1
0	16996	0.21262237037	1
0	17006	0.21274737037	1
0	17016	0.21287237037	1
0	17026	0.21299737037	1
0	17036	0.21312237037	1
0	17046	0.21324737037	1
0	17056	0.21337237037	1
0	17066	0.21349737037	1
0	17076	0.21362237037	1
0	17086	0.21374737037	1
0	17096	0.21387237037	1
0	17106	0.21399737037	1
0	17116	0.21412237037	1
0	17126	0.21424737037	1
0	17136	0.21437237037	1
0	17146	0.21449737037	1
0	17156	0.21462237037	1
0	17166	0.21474737037	1
0	17176	0.21487237037	1
0	17186	0.21499737037	1
0	17196	0.21512237037	1
0	17206	0.21524737037	1
0	17216	0.21537237037	1
0	17226	0.21549737037	1
0	17236	0.21562237037	1
0	17246	0.21574737037	1
0	17256	0.21587237037	1
0	17266	0.21599737037	1
0	17276	0.21612237037	1
0	17286	0.21624737037	1
0	17296	0.21637237037	1
0	17306	0.21649737037	1
0	17316	0.21662237037	1
0	17326	0.21674737037	1
0	17336	0.21687237037	1
0	17346	0.21699737037	1
0	17356	0.21712237037	1
0	17366	0.21724737037	1
0	17376	0.21737237037	1
0	17386	0.21749737037	1
0	17396	0.21762237037	1
0	17406	0.21774737037	1
0	17416	0.21787237037	1
0	17426	0.21799737037	1
0	17436	0.21812237037	1
0	17446	0.21824737037	1
0	17456	0.21837237037	1
0	17466	0.21849737037	1
0	17476	0.21862237037	1
0	17486	0.21874737037	1
0	17496	0.21887237037	1
0	17506	0.21899737037	1
0	17516	0.21912237037	1
0	17526	0.21924737037	1
0	17536	0.21937237037	1
0	17546	0.21949737037	1
0	17556	0.21962237037	1
0	17566	0.21974737037	1
0	17576	0.21987237037	1
0	17586	0.21999737037	1
0	17596	0.22012237037	1
0	17606	0.22024737037	1
0	17616	0.22037237037	1
0	17626	0.22049737037	1
0	17636	0.22062237037	1
0	17646	0.22074737037	1
0	17656	0.22087237037	1
0	17666	0.22099737037	1
0	17676	0.22112237037	1
0	17686	0.22124737037	1
0	17696	0.22137237037	1
0	17706	0.22149737037	1
0	17716	0.22162237037	1
0	17726	0.22174737037	1
0	17736	0.22187237037	1
0	17746	0.22199737037	1
0	17756	0.22212237037	1
0	17766	0.22224737037	1
0	17776	0.22237237037	1
0	17786	0.22249737037	1
0	17796	0.22262237037	1
0	17806	0.22274737037	1
0	17816	0.22287237037	1
0	17826	0.22299737037	1
0	17836	0.22312237037	1
0	17846	0.22324737037	1
0	17856	0.22337237037	1
0	17866	0.22349737037	1
0	17876	0.22362237037	1
0	17886	0.22374737037	1
0	17896	0.22387237037	1
0	17906	0.22399737037	1
0	17916	0.22412237037	1
0	17926	0.22424737037	1
0	17936	0.22437237037	1
0	17946	0.22449737037	1
0	17956	0.22462237037	1
0	17966	0.22474737037	1
0	17976	0.22487237037	1
0	17986	0.22499737037	1
0	17996	0.22512237037	1
0	18006	0.22524737037	1
0	18016	0.22537237037	1
0	18026	0.22549737037	1
0	18036	0.22562237037	1
0	18046	0.22574737037	1
0	18056	0.22587237037	1
0	18066	0.22599737037	1
0	18076	0.22612237037	1
0	18086	0.22624737037	1
0	18096	0.22637237037	1
0	18106	0.22649737037	1
0	18116	0.22662237037	1
0	18126	0.22674737037	1
0	18136	0.22687237037	1
0	18146	0.22699737037	1
0	18156	0.22712237037	1
0	18166	0.22724737037	1
0	18176	0.22737237037	1
0	18186	0.22749737037	1
0	18196	0.22762237037	1
0	18206	0.22774737037	1
0	18216	0.22787237037	1
0	18226	0.22799737037	1
0	18236	0.22812237037	1
0	18246	0.22824737037	1
0	18256	0.22837237037	1
0	18266	0.22849737037	1
0	18276	0.22862237037	1
0	18286	0.22874737037	1
0	18296	0.22887237037	1
0	18306	0.22899737037	1
0	18316	0.22912237037	1
0	18326	0.22924737037	1
0	18336	0.22937237037	1
0	18346	0.22949737037	1
0	18356	0.22962237037	1
0	18366	0.22974737037	1
0	18376	0.22987237037	1
0	18386	0.22999737037	1
0	18396	0.23012237037	1
0	18406	0.23024737037	1
0	18416	0.23037237037	1
0	18426	0.23049737037	1
0	18436	0.23062237037	1
0	18446	0.23074737037	1
0	18456	0.23087237037	1
0	18466	0.23099737037	1
0	18476	0.23112237037	1
0	18486	0.23124737037	1
0	18496	0.23137237037	1
0	18506	0.23149737037	1
0	18516	0.23162237037	1
0	18526	0.23174737037	1
0	18536	0.23187237037	1
0	18546	0.23199737037	1
0	18556	0.23212237037	1
0	18566	0.23224737037	1
0	18576	0.23237237037	1
0	18586	0.23249737037	1
0	18596	0.23262237037	1
0	18606	0.23274737037	1
0	18616	0.23287237037	1
0	18626	0.23299737037	1
0	18636	0.23312237037	1
0	18646	0.23324737037	1
0	18656	0.23337237037	1
0	18666	0.23349737037	1
0	18676	0.23362237037	1
0	18686	0.23374737037	1
0	18696	0.23387237037	1
0	18706	0.23399737037	1
0	18716	0.23412237037	1
0	18726	0.23424737037	1
0	18736	0.23437237037	1
0	18746	0.23449737037	1
0	18756	0.23462237037	1
0	18766	0.23474737037	1
0	18776	0.23487237037	1
0	18786	0.23499737037	1
0	18796	0.23512237037	1
0	18806	0.23524737037	1
0	18816	0.23537237037	1
0	18826	0.23549737037	1
0	18836	0.23562237037	1
0	18846	0.23574737037	1
0	18856	0.23587237037	1
0	18866	0.23599737037	1
0	18876	0.23612237037	1
0	18886	0.23624737037	1
0	18896	0.23637237037	1
0	18906	0.23649737037	1
0	18916	0.23662237037	1
0	18926	0.23674737037	1
0	18936	0.23687237037	1
0	18946	0.23699737037	1
0	18956	0.23712237037	1
0	18966	0.23724737037	1
0	18976	0.23737237037	1
0	18986	0.23749737037	1
0	18996	0.23762237037	1
0	19006	0.23774737037	1
0	19016	0.23787237037	1
0	19026	0.23799737037	1
0	19036	0.23812237037	1
0	19046	0.23824737037	1
0	19056	0.23837237037	1
0	19066	0.23849737037	1
0	19076	0.23862237037	1
0	19086	0.23874737037	1
0	19096	0.23887237037	1
0	19106	0.23899737037	1
0	19116	0.23912237037	1
0	19126	0.23924737037	1
0	19136	0.23937237037	1
0	19146	0.23949737037	1
0	19156	0.23962237037	1
0	19166	0.23974737037	1
0	19176	0.23987237037	1
0	19186	0.23999737037	1
0	19196	0.24012237037	1
0	19206	0.24024737037	1
0	19216	0.24037237037	1
0	19226	0.24049737037	1
0	19236	0.24062237037	1
0	19246	0.24074737037	1
0	19256	0.24087237037	1
0	19266	0.24099737037	1
0	19276	0.24112237037	1
0	19286	0.24124737037	1
0	19296	0.24137237037	1
0	19306	0.24149737037	1
0	19316	0.24162237037	1
0	19326	0.24174737037	1
0	19336	0.24187237037	1
0	19346	0.24199737037	1
0	19356	0.24212237037	1
0	19366	0.24224737037	1
0	19376	0.24237237037	1
0	19386	0.24249737037	1
0	19396	0.24262237037	1
0	19406	0.24274737037	1
0	19416	0.24287237037	1
0	19426	0.24299737037	1
0	19436	0.24312237037	1
0	19446	0.24324737037	1
0	19456	0.24337237037	1
0	19466	0.24349737037	1
0	19476	0.24362237037	1
0	19486	0.24374737037	1
0	19496	0.24387237037	1
0	19506	0.24399737037	1
0	19516	0.24412237037	1
0	19526	0.24424737037	1
0	19536	0.24437237037	1
0	19546	0.24449737037	1
0	19556	0.24462237037	1
0	19566	0.24474737037	1
0	19576	0.24487237037	1
0	19586	0.24499737037	1
0	19596	0.24512237037	1
0	19606	0.24524737037	1
0	19616	0.24537237037	1
0	19626	0.24549737037	1
0	19636	0.24562237037	1
0	19646	0.24574737037	1
0	19656	0.24587237037	1
0	19666	0.24599737037	1
0	19676	0.24612237037	1
0	19686	0.24624737037	1
0	19696	0.24637237037	1
0	19706	0.24649737037	1
0	19716	0.24662237037	1
0	19726	0.24674737037	1
0	19736	0.24687237037	1
0	19746	0.24699737037	1
0	19756	0.24712237037	1
0	19766	0.24724737037	1
0	19776	0.24737237037	1
0	19786	0.24749737037	1
0	19796	0.24762237037	1
0	19806	0.24774737037	1
0	19816	0.24787237037	1
0	19826	0.24799737037	1
0	19836	0.24812237037	1
0	19846	0.24824737037	1
0	19856	0.24837237037	1
0	19866	0.24849737037	1
0	19876	0.24862237037	1
0	19886	0.24874737037	1
0	19896	0.24887237037	1
0	19906	0.24899737037	1
0	19916	0.24912237037	1
0	19926	0.24924737037	1
0	19936	0.24937237037	1
0	19946	0.24949737037	1
0	19956	0.24962237037	1
0	19966	0.24974737037	1
0	19976	0.24987237037	1
0	19986	0.24999737037	1
0	19996	0.25012237037	1
0	20006	0.25024737037	1
0	20016	0.25037237037	1
0	20026	0.25049737037	1
0	20036	0.25062237037	1
0	20046	0.25074737037	1
0	20056	0.25087237037	1
0	20066	0.25099737037	1
0	20076	0.25112237037	1
0	20086	0.25124737037	1
0	20096	0.25137237037	1
0	20106	0.25149737037	1
0	20116	0.25162237037	1
0	20126	0.25174737037	1
0	20136	0.25187237037	1
0	20146	0.25199737037	1
0	20156	0.25212237037	1
0	20166	0.25224737037	1
0	20176	0.25237237037	1
0	20186	0.25249737037	1
0	20196	0.25262237037	1
0	20206	0.25274737037	1
0	20216	0.25287237037	1
0	20226	0.25299737037	1
0	20236	0.25312237037	1
0	20246	0.25324737037	1
0	20256	0.25337237037	1
0	20266	0.25349737037	1
0	20276	0.25362237037	1
0	20286	0.25374737037	1
0	20296	0.25387237037	1
0	20306	0.25399737037	1
0	20316	0.25412237037	1
0	20326	0.25424737037	1
0	20336	0.25437237037	1
0	20346	0.25449737037	1
0	20356	0.25462237037	1
0	20366	0.25474737037	1
0	20376	0.25487237037	1
0	20386	0.25499737037	1
0	20396	0.25512237037	1
0	20406	0.25524737037	1
0	20416	0.25537237037	1
0	20426	0.25549737037	1
0	20436	0.25562237037	1
0	20446	0.25574737037	1
0	20456	0.25587237037	1
0	20466	0.25599737037	1
0	20476	0.25612237037	1
0	20486	0.25624737037	1
0	20496	0.25637237037	1
0	20506	0.25649737037	1
0	20516	0.25662237037	1
0	20526	0.25674737037	1
0	20536	0.25687237037	1
0	20546	0.25699737037	1
0	20556	0.25712237037	1
0	20566	0.25724737037	1
0	20576	0.25737237037	1
0	20586	0.25749737037	1
0	20596	0.25762237037	1
0	20606	0.25774737037	1
0	20616	0.25787237037	1
0	20626	0.25799737037	1
0	20636	0.25812237037	1
0	20646	0.25824737037	1
0	20656	0.25837237037	1
0	20666	0.25849737037	1
0	20676	0.25862237037	1
0	20686	0.25874737037	1
0	20696	0.25887237037	1
0	20706	0.25899737037	1
0	20716	0.25912237037	1
0	20726	0.25924737037	1
0	20736	0.25937237037	1
0	20746	0.25949737037	1
0	20756	0.25962237037	1
0	20766	0.25974737037	1
0	20776	0.25987237037	1
0	20786	0.25999737037	1
0	20796	0.26012237037	1
0	20806	0.26024737037	1
0	20816	0.26037237037	1
0	20826	0.26049737037	1
0	20836	0.26062237037	1
0	20846	0.26074737037	1
0	20856	0.26087237037	1
0	20866	0.26099737037	1
0	20876	0.26112237037	1
0	20886	0.26124737037	1
0	20896	0.26137237037	1
0	20906	0.26149737037	1
0	20916	0.26162237037	1
0	20926	0.26174737037	1
0	20936	0.26187237037	1
0	20946	0.26199737037	1
0	20956	0.26212237037	1
0	20966	0.26224737037	1
0	20976	0.26237237037	1
0	20986	0.26249737037	1
0	20996	0.26262237037	1
0	21006	0.26274737037	1
0	21016	0.26287237037	1
0	21026	0.26299737037	1
0	21036	0.26312237037	1
0	21046	0.26324737037	1
0	21056	0.26337237037	1
0	21066	0.26349737037	1
0	21076	0.26362237037	1
0	21086	0.26374737037	1
0	21096	0.26387237037	1
0	21106	0.26399737037	1
0	21116	0.26412237037	1
0	21126	0.26424737037	1
0	21136	0.26437237037	1
0	21146	0.26449737037	1
0	21156	0.26462237037	1
0	21166	0.26474737037	1
0	21176	0.26487237037	1
0	21186	0.26499737037	1
0	21196	0.26512237037	1
0	21206	0.26524737037	1
0	21216	0.26537237037	1
0	21226	0.26549737037	1
0	21236	0.26562237037	1
0	21246	0.26574737037	1
0	21256	0.26587237037	1
0	21266	0.26599737037	1
0	21276	0.26612237037	1
0	21286	0.26624737037	1
0	21296	0.26637237037	1
0	21306	0.26649737037	1
0	21316	0.26662237037	1
0	21326	0.26674737037	1
0	21336	0.26687237037	1
0	21346	0.26699737037	1
0	21356	0.26712237037	1
0	21366	0.26724737037	1
0	21376	0.26737237037	1
0	21386	0.26749737037	1
0	21396	0.26762237037	1
0	21406	0.26774737037	1
0	21416	0.26787237037	1
0	21426	0.26799737037	1
0	21436	0.26812237037	1
0	21446	0.26824737037	1
0	21456	0.26837237037	1
0	21466	0.26849737037	1
0	21476	0.26862237037	1
0	21486	0.26874737037	1
0	21496	0.26887237037	1
0	21506	0.26899737037	1
0	21516	0.26912237037	1
0	21526	0.26924737037	1
0	21536	0.26937237037	1
0	21546	0.26949737037	1
0	21556	0.26962237037	1
0	21566	0.26974737037	1
0	21576	0.26987237037	1
0	21586	0.26999737037	1
0	21596	0.27012237037	1
0	21606	0.27024737037	1
0	21616	0.27037237037	1
0	21626	0.27049737037	1
0	21636	0.27062237037	1
0	21646	0.27074737037	1
0	21656	0.27087237037	1
0	21666	0.27099737037	1
0	21676	0.27112237037	1
0	21686	0.27124737037	1
0	21696	0.27137237037	1
0	21706	0.27149737037	1
0	21716	0.27162237037	1
0	21726	0.27174737037	1
0	21736	0.27187237037	1
0	21746	0.27199737037	1
0	21756	0.27212237037	1
0	21766	0.27224737037	1
0	21776	0.27237237037	1
0	21786	0.27249737037	1
0	21796	0.27262237037	1
0	21806	0.27274737037	1
0	21816	0.27287237037	1
0	21826	0.27299737037	1
0	21836	0.27312237037	1
0	21846	0.27324737037	1
0	21856	0.27337237037	1
0	21866	0.27349737037	1
0	21876	0.27362237037	1
0	21886	0.27374737037	1
0	21896	0.27387237037	1
0	21906	0.27399737037	1
0	21916	0.27412237037	1
0	21926	0.27424737037	1
0	21936	0.27437237037	1
0	21946	0.27449737037	1
0	21956	0.27462237037	1
0	21966	0.27474737037	1
0	21976	0.27487237037	1
0	21986	0.27499737037	1
0	21996	0.27512237037	1
0	22006	0.27524737037	1
0	22016	0.27537237037	1
0	22026	0.27549737037	1
0	22036	0.27562237037	1
0	22046	0.27574737037	1
0	22056	0.27587237037	1
0	22066	0.27599737037	1
0	22076	0.27612237037	1
0	22086	0.27624737037	1
0	22096	0.27637237037	1
0	22106	0.27649737037	1
0	22116	0.27662237037	1
0	22126	0.27674737037	1
0	22136	0.27687237037	1
0	22146	0.27699737037	1
0	22156	0.27712237037	1
0	22166	0.27724737037	1
0	22176	0.27737237037	1
0	22186	0.27749737037	1
0	22196	0.27762237037	1
0	22206	0.27774737037	1
0	22216	0.27787237037	1
0	22226	0.27799737037	1
0	22236	0.27812237037	1
0	22246	0.27824737037	1
0	22256	0.27837237037	1
0	22266	0.27849737037	1
0	22276	0.27862237037	1
0	22286	0.27874737037	1
0	22296	0.27887237037	1
0	22306	0.27899737037	1
0	22316	0.27912237037	1
0	22326	0.27924737037	1
0	22336	0.27937237037	1
0	22346	0.27949737037	1
0	22356	0.27962237037	1
0	22366	0.27974737037	1
0	22376	0.27987237037	1
0	22386	0.27999737037	1
0	22396	0.28012237037	1
0	22406	0.28024737037	1
0	22416	0.28037237037	1
0	22426	0.28049737037	1
0	22436	0.28062237037	1
0	22446	0.28074737037	1
0	22456	0.28087237037	1
0	22466	0.28099737037	1
0	22476	0.28112237037	1
0	22486	0.28124737037	1
0	22496	0.28137237037	1
0	22506	0.28149737037	1
0	22516	0.28162237037	1
0	22526	0.28174737037	1
0	22536	0.28187237037	1
0	22546	0.28199737037	1
0	22556	0.28212237037	1
0	22566	0.28224737037	1
0	22576	0.28237237037	1
0	22586	0.28249737037	1
0	22596	0.28262237037	1
0	22606	0.28274737037	1
0	22616	0.28287237037	1
0	22626	0.28299737037	1
0	22636	0.28312237037	1
0	22646	0.28324737037	1
0	22656	0.28337237037	1
0	22666	0.28349737037	1
0	22676	0.28362237037	1
0	22686	0.28374737037	1
0	22696	0.28387237037	1
0	22706	0.28399737037	1
0	22716	0.28412237037	1
0	22726	0.28424737037	1
0	22736	0.28437237037	1
0	22746	0.28449737037	1
0	22756	0.28462237037	1
0	22766	0.28474737037	1
0	22776	0.28487237037	1
0	22786	0.28499737037	1
0	22796	0.28512237037	1
0	22806	0.28524737037	1
0	22816	0.28537237037	1
0	22826	0.28549737037	1
0	22836	0.28562237037	1
0	22846	0.28574737037	1
0	22856	0.28587237037	1
0	22866	0.28599737037	1
0	22876	0.28612237037	1
0	22886	0.28624737037	1
0	22896	0.28637237037	1
0	22906	0.28649737037	1
0	22916	0.28662237037	1
0	22926	0.28674737037	1
0	22936	0.28687237037	1
0	22946	0.28699737037	1
0	22956	0.28712237037	1
0	22966	0.28724737037	1
0	22976	0.28737237037	1
0	22986	0.28749737037	1
0	22996	0.28762237037	1
0	23006	0.28774737037	1
0	23016	0.28787237037	1
0	23026	0.28799737037	1
0	23036	0.28812237037	1
0	23046	0.28824737037	1
0	23056	0.28837237037	1
0	23066	0.28849737037	1
0	23076	0.28862237037	1
0	23086	0.28874737037	1
0	23096	0.28887237037	1
0	23106	0.28899737037	1
0	23116	0.28912237037	1
0	23126	0.28924737037	1
0	23136	0.28937237037	1
0	23146	0.28949737037	1
0	23156	0.28962237037	1
0	23166	0.28974737037	1
0	23176	0.28987237037	1
0	23186	0.28999737037	1
0	23196	0.29012237037	1
0	23206	0.29024737037	1
0	23216	0.29037237037	1
0	23226	0.29049737037	1
0	23236	0.29062237037	1
0	23246	0.29074737037	1
0	23256	0.29087237037	1
0	23266	0.29099737037	1
0	23276	0.29112237037	1
0	23286	0.29124737037	1
0	23296	0.29137237037	1
0	23306	0.29149737037	1
0	23316	0.29162237037	1
0	23326	0.29174737037	1
0	23336	0.29187237037	1
0	23346	0.29199737037	1
0	23356	0.29212237037	1
0	23366	0.29224737037	1
0	23376	0.29237237037	1
0	23386	0.29249737037	1
0	23396	0.29262237037	1
0	23406	0.29274737037	1
0	23416	0.29287237037	1
0	23426	0.29299737037	1
0	23436	0.29312237037	1
0	23446	0.29324737037	1
0	23456	0.29337237037	1
0	23466	0.29349737037	1
0	23476	0.29362237037	1
0	23486	0.29374737037	1
0	23496	0.29387237037	1
0	23506	0.29399737037	1
0	23516	0.29412237037	1
0	23526	0.29424737037	1
0	23536	0.29437237037	1
0	23546	0.29449737037	1
0	23556	0.29462237037	1
0	23566	0.29474737037	1
0	23576	0.29487237037	1
0	23586	0.29499737037	1
0	23596	0.29512237037	1
0	23606	0.29524737037	1
0	23616	0.29537237037	1
0	23626	0.29549737037	1
0	23636	0.29562237037	1
0	23646	0.29574737037	1
0	23656	0.29587237037	1
0	23666	0.29599737037	1
0	23676	0.29612237037	1
0	23686	0.29624737037	1
0	23696	0.29637237037	1
0	23706	0.29649737037	1
0	23716	0.29662237037	1
0	23726	0.29674737037	1
0	23736	0.29687237037	1
0	23746	0.29699737037	1
0	23756	0.29712237037	1
0	23766	0.29724737037	1
0	23776	0.29737237037	1
0	23786	0.29749737037	1
0	23796	0.29762237037	1
0	23806	0.29774737037	1
0	23816	0.29787237037	1
0	23826	0.29799737037	1
0	23836	0.29812237037	1
0	23846	0.29824737037	1
0	23856	0.29837237037	1
0	23866	0.29849737037	1
0	23876	0.29862237037	1
0	23886	0.29874737037	1
0	23896	0.29887237037	1
0	23906	0.29899737037	1
0	23916	0.29912237037	1
0	23926	0.29924737037	1
0	23936	0.29937237037	1
0	23946	0.29949737037	1
0	23956	0.29962237037	1
0	23966	0.29974737037	1
0	23976	0.29987237037	1
0	23986	0.29999737037	1
0	23996	0.30012237037	1
0	24006	0.30024737037	1
0	24016	0.30037237037	1
0	24026	0.30049737037	1
0	24036	0.30062237037	1
0	24046	0.30074737037	1
0	24056	0.30087237037	1
0	24066	0.30099737037	1
0	24076	0.30112237037	1
0	24086	0.30124737037	1
0	24096	0.30137237037	1
0	24106	0.30149737037	1
0	24116	0.30162237037	1
0	24126	0.30174737037	1
0	24136	0.30187237037	1
0	24146	0.30199737037	1
0	24156	0.30212237037	1
0	24166	0.30224737037	1
0	24176	0.30237237037	1
0	24186	0.30249737037	1
0	24196	0.30262237037	1
0	24206	0.30274737037	1
0	24216	0.30287237037	1
0	24226	0.30299737037	1
0	24236	0.30312237037	1
0	24246	0.30324737037	1
0	24256	0.30337237037	1
0	24266	0.30349737037	1
0	24276	0.30362237037	1
0	24286	0.30374737037	1
0	24296	0.30387237037	1
0	24306	0.30399737037	1
0	24316	0.30412237037	1
0	24326	0.30424737037	1
0	24336	0.30437237037	1
0	24346	0.30449737037	1
0	24356	0.30462237037	1
0	24366	0.30474737037	1
0	24376	0.30487237037	1
0	24386	0.30499737037	1
0	24396	0.30512237037	1
0	24406	0.30524737037	1
0	24416	0.30537237037	1
0	24426	0.30549737037	1
0	24436	0.30562237037	1
0	24446	0.30574737037	1
0	24456	0.30587237037	1
0	24466	0.30599737037	1
0	24476	0.30612237037	1
0	24486	0.30624737037	1
0	24496	0.30637237037	1
0	24506	0.30649737037	1
0	24516	0.30662237037	1
0	24526	0.30674737037	1
0	24536	0.30687237037	1
0	24546	0.30699737037	1
0	24556	0.30712237037	1
0	24566	0.30724737037	1
0	24576	0.30737237037	1
0	24586	0.30749737037	1
0	24596	0.30762237037	1
0	24606	0.30774737037	1
0	24616	0.30787237037	1
0	24626	0.30799737037	1
0	24636	0.30812237037	1
0	24646	0.30824737037	1
0	24656	0.30837237037	1
0	24666	0.30849737037	1
0	24676	0.30862237037	1
0	24686	0.30874737037	1
0	24696	0.30887237037	1
0	24706	0.30899737037	1
0	24716	0.30912237037	1
0	24726	0.30924737037	1
0	24736	0.30937237037	1
0	24746	0.30949737037	1
0	24756	0.30962237037	1
0	24766	0.30974737037	1
0	24776	0.30987237037	1
0	24786	0.30999737037	1
0	24796	0.31012237037	1
0	24806	0.31024737037	1
0	24816	0.31037237037	1
0	24826	0.31049737037	1
0	24836	0.31062237037	1
0	24846	0.31074737037	1
0	24856	0.31087237037	1
0	24866	0.31099737037	1
0	24876	0.31112237037	1
0	24886	0.31124737037	1
0	24896	0.31137237037	1
0	24906	0.31149737037	1
0	24916	0.31162237037	1
0	24926	0.31174737037	1
0	24936	0.31187237037	1
0	24946	0.31199737037	1
0	24956	0.31212237037	1
0	24966	0.31224737037	1
0	24976	0.31237237037	1
0	24986	0.31249737037	1
0	24996	0.31262237037	1
0	25006	0.31274737037	1
0	25016	0.31287237037	1
0	25026	0.31299737037	1
0	25036	0.31312237037	1
0	25046	0.31324737037	1
0	25056	0.31337237037	1
0	25066	0.31349737037	1
0	25076	0.31362237037	1
0	25086	0.31374737037	1
0	25096	0.31387237037	1
0	25106	0.31399737037	1
0	25116	0.31412237037	1
0	25126	0.31424737037	1
0	25136	0.31437237037	1
0	25146	0.31449737037	1
0	25156	0.31462237037	1
0	25166	0.31474737037	1
0	25176	0.31487237037	1
0	25186	0.31499737037	1
0	25196	0.31512237037	1
0	25206	0.31524737037	1
0	25216	0.31537237037	1
0	25226	0.31549737037	1
0	25236	0.31562237037	1
0	25246	0.31574737037	1
0	25256	0.31587237037	1
0	25266	0.31599737037	1
0	25276	0.31612237037	1
0	25286	0.31624737037	1
0	25296	0.31637237037	1
0	25306	0.31649737037	1
0	25316	0.31662237037	1
0	25326	0.31674737037	1
0	25336	0.31687237037	1
0	25346	0.31699737037	1
0	25356	0.31712237037	1
0	25366	0.31724737037	1
0	25376	0.31737237037	1
0	25386	0.31749737037	1
0	25396	0.31762237037	1
0	25406	0.31774737037	1
0	25416	0.31787237037	1
0	25426	0.31799737037	1
0	25436	0.31812237037	1
0	25446	0.31824737037	1
0	25456	0.31837237037	1
0	25466	0.31849737037	1
0	25476	0.31862237037	1
0	25486	0.31874737037	1
0	25496	0.31887237037	1
0	25506	0.31899737037	1
0	25516	0.31912237037	1
0	25526	0.31924737037	1
0	25536	0.31937237037	1
0	25546	0.31949737037	1
0	25556	0.31962237037	1
0	25566	0.31974737037	1
0	25576	0.31987237037	1
0	25586	0.31999737037	1
0	25596	0.32012237037	1
0	25606	0.32024737037	1
0	25616	0.32037237037	1
0	25626	0.32049737037	1
0	25636	0.32062237037	1
0	25646	0.32074737037	1
0	25656	0.32087237037	1
0	25666	0.32099737037	1
0	25676	0.32112237037	1
0	25686	0.32124737037	1
0	25696	0.32137237037	1
0	25706	0.32149737037	1
0	25716	0.32162237037	1
0	25726	0.32174737037	1
0	25736	0.32187237037	1
0	25746	0.32199737037	1
0	25756	0.32212237037	1
0	25766	0.32224737037	1
0	25776	0.32237237037	1
0	25786	0.32249737037	1
0	25796	0.32262237037	1
0	25806	0.32274737037	1
0	25816	0.32287237037	1
0	25826	0.32299737037	1
0	25836	0.32312237037	1
0	25846	0.32324737037	1
0	25856	0.32337237037	1
0	25866	0.32349737037	1
0	25876	0.32362237037	1
0	25886	0.32374737037	1
0	25896	0.32387237037	1
0	25906	0.32399737037	1
0	25916	0.32412237037	1
0	25926	0.32424737037	1
0	25936	0.32437237037	1
0	25946	0.32449737037	1
0	25956	0.32462237037	1
0	25966	0.32474737037	1
0	25976	0.32487237037	1
0	25986	0.32499737037	1
0	25996	0.32512237037	1
0	26006	0.32524737037	1
0	26016	0.32537237037	1
0	26026	0.32549737037	1
0	26036	0.32562237037	1
0	26046	0.32574737037	1
0	26056	0.32587237037	1
0	26066	0.32599737037	1
0	26076	0.32612237037	1
0	26086	0.32624737037	1
0	26096	0.32637237037	1
0	26106	0.32649737037	1
0	26116	0.32662237037	1
0	26126	0.32674737037	1
0	26136	0.32687237037	1
0	26146	0.32699737037	1
0	26156	0.32712237037	1
0	26166	0.32724737037	1
0	26176	0.32737237037	1
0	26186	0.32749737037	1
0	26196	0.32762237037	1
0	26206	0.32774737037	1
0	26216	0.32787237037	1
0	26226	0.32799737037	1
0	26236	0.32812237037	1
0	26246	0.32824737037	1
0	26256	0.32837237037	1
0	26266	0.32849737037	1
0	26276	0.32862237037	1
0	26286	0.32874737037	1
0	26296	0.32887237037	1
0	26306	0.32899737037	1
0	26316	0.32912237037	1
0	26326	0.32924737037	1
0	26336	0.32937237037	1
0	26346	0.32949737037	1
0	26356	0.32962237037	1
0	26366	0.32974737037	1
0	26376	0.32987237037	1
0	26386	0.32999737037	1
0	26396	0.33012237037	1
0	26406	0.33024737037	1
0	26416	0.33037237037	1
0	26426	0.33049737037	1
0	26436	0.33062237037	1
0	26446	0.33074737037	1
0	26456	0.33087237037	1
0	26466	0.33099737037	1
0	26476	0.33112237037	1
0	26486	0.33124737037	1
0	26496	0.33137237037	1
0	26506	0.33149737037	1
0	26516	0.33162237037	1
0	26526	0.33174737037	1
0	26536	0.33187237037	1
0	26546	0.33199737037	1
0	26556	0.33212237037	1
0	26566	0.33224737037	1
0	26576	0.33237237037	1
0	26586	0.33249737037	1
0	26596	0.33262237037	1
0	26606	0.33274737037	1
0	26616	0.33287237037	1
0	26626	0.33299737037	1
0	26636	0.33312237037	1
0	26646	0.33324737037	1
0	26656	0.33337237037	1
0	26666	0.33349737037	1
0	26676	0.33362237037	1
0	26686	0.33374737037	1
0	26696	0.33387237037	1
0	26706	0.33399737037	1
0	26716	0.33412237037	1
0	26726	0.33424737037	1
0	26736	0.33437237037	1
0	26746	0.33449737037	1
0	26756	0.33462237037	1
0	26766	0.33474737037	1
0	26776	0.33487237037	1
0	26786	0.33499737037	1
0	26796	0.33512237037	1
0	26806	0.33524737037	1
0	26816	0.33537237037	1
0	26826	0.33549737037	1
0	26836	0.33562237037	1
0	26846	0.33574737037	1
0	26856	0.33587237037	1
0	26866	0.33599737037	1
0	26876	0.33612237037	1
0	26886	0.33624737037	1
0	26896	0.33637237037	1
0	26906	0.33649737037	1
0	26916	0.33662237037	1
0	26926	0.33674737037	1
0	26936	0.33687237037	1
0	26946	0.33699737037	1
0	26956	0.33712237037	1
0	26966	0.33724737037	1
0	26976	0.33737237037	1
0	26986	0.33749737037	1
0	26996	0.33762237037	1
0	27006	0.33774737037	1
0	27016	0.33787237037	1
0	27026	0.33799737037	1
0	27036	0.33812237037	1
0	27046	0.33824737037	1
0	27056	0.33837237037	1
0	27066	0.33849737037	1
0	27076	0.33862237037	1
0	27086	0.33874737037	1
0	27096	0.33887237037	1
0	27106	0.33899737037	1
0	27116	0.33912237037	1
0	27126	0.33924737037	1
0	27136	0.33937237037	1
0	27146	0.33949737037	1
0	27156	0.33962237037	1
0	27166	0.33974737037	1
0	27176	0.33987237037	1
0	27186	0.33999737037	1
0	27196	0.34012237037	1
0	27206	0.34024737037	1
0	27216	0.34037237037	1
0	27226	0.34049737037	1
0	27236	0.34062237037	1
0	27246	0.34074737037	1
0	27256	0.34087237037	1
0	27266	0.34099737037	1
0	27276	0.34112237037	1
0	27286	0.34124737037	1
0	27296	0.34137237037	1
0	27306	0.34149737037	1
0	27316	0.34162237037	1
0	27326	0.34174737037	1
0	27336	0.34187237037	1
0	27346	0.34199737037	1
0	27356	0.34212237037	1
0	27366	0.34224737037	1
0	27376	0.34237237037	1
0	27386	0.34249737037	1
0	27396	0.34262237037	1
0	27406	0.34274737037	1
0	27416	0.34287237037	1
0	27426	0.34299737037	1
0	27436	0.34312237037	1
0	27446	0.34324737037	1
0	27456	0.34337237037	1
0	27466	0.34349737037	1
0	27476	0.34362237037	1
0	27486	0.34374737037	1
0	27496	0.34387237037	1
0	27506	0.34399737037	1
0	27516	0.34412237037	1
0	27526	0.34424737037	1
0	27536	0.34437237037	1
0	27546	0.34449737037	1
0	27556	0.34462237037	1
0	27566	0.34474737037	1
0	27576	0.34487237037	1
0	27586	0.34499737037	1
0	27596	0.34512237037	1
0	27606	0.34524737037	1
0	27616	0.34537237037	1
0	27626	0.34549737037	1
0	27636	0.34562237037	1
0	27646	0.34574737037	1
0	27656	0.34587237037	1
0	27666	0.34599737037	1
0	27676	0.34612237037	1
0	27686	0.34624737037	1
0	27696	0.34637237037	1
0	27706	0.34649737037	1
0	27716	0.34662237037	1
0	27726	0.34674737037	1
0	27736	0.34687237037	1
0	27746	0.34699737037	1
0	27756	0.34712237037	1
0	27766	0.34724737037	1
0	27776	0.34737237037	1
0	27786	0.34749737037	1
0	27796	0.34762237037	1
0	27806	0.34774737037	1
0	27816	0.34787237037	1
0	27826	0.34799737037	1
0	27836	0.34812237037	1
0	27846	0.34824737037	1
0	27856	0.34837237037	1
0	27866	0.34849737037	1
0	27876	0.34862237037	1
0	27886	0.34874737037	1
0	27896	0.34887237037	1
0	27906	0.34899737037	1
0	27916	0.34912237037	1
0	27926	0.34924737037	1
0	27936	0.34937237037	1
0	27946	0.34949737037	1
0	27956	0.34962237037	1
0	27966	0.34974737037	1
0	27976	0.34987237037	1
0	27986	0.34999737037	1
0	27996	0.35012237037	1
0	28006	0.35024737037	1
0	28016	0.35037237037	1
0	28026	0.35049737037	1
0	28036	0.35062237037	1
0	28046	0.35074737037	1
0	28056	0.35087237037	1
0	28066	0.35099737037	1
0	28076	0.35112237037	1
0	28086	0.35124737037	1
0	28096	0.35137237037	1
0	28106	0.35149737037	1
0	28116	0.35162237037	1
0	28126	0.35174737037	1
0	28136	0.35187237037	1
0	28146	0.35199737037	1
0	28156	0.35212237037	1
0	28166	0.35224737037	1
0	28176	0.35237237037	1
0	28186	0.35249737037	1
0	28196	0.35262237037	1
0	28206	0.35274737037	1
0	28216	0.35287237037	1
0	28226	0.35299737037	1
0	28236	0.35312237037	1
0	28246	0.35324737037	1
0	28256	0.35337237037	1
0	28266	0.35349737037	1
0	28276	0.35362237037	1
0	28286	0.35374737037	1
0	28296	0.35387237037	1
0	28306	0.35399737037	1
0	28316	0.35412237037	1
0	28326	0.35424737037	1
0	28336	0.35437237037	1
0	28346	0.35449737037	1
0	28356	0.35462237037	1
0	28366	0.35474737037	1
0	28376	0.35487237037	1
0	28386	0.35499737037	1
0	28396	0.35512237037	1
0	28406	0.35524737037	1
0	28416	0.35537237037	1
0	28426	0.35549737037	1
0	28436	0.35562237037	1
0	28446	0.35574737037	1
0	28456	0.35587237037	1
0	28466	0.35599737037	1
0	28476	0.35612237037	1
0	28486	0.35624737037	1
0	28496	0.35637237037	1
0	28506	0.35649737037	1
0	28516	0.35662237037	1
0	28526	0.35674737037	1
0	28536	0.35687237037	1
0	28546	0.35699737037	1
0	28556	0.35712237037	1
0	28566	0.35724737037	1
0	28576	0.35737237037	1
0	28586	0.35749737037	1
0	28596	0.35762237037	1
0	28606	0.35774737037	1
0	28616	0.35787237037	1
0	28626	0.35799737037	1
0	28636	0.35812237037	1
0	28646	0.35824737037	1
0	28656	0.35837237037	1
0	28666	0.35849737037	1
0	28676	0.35862237037	1
0	28686	0.35874737037	1
0	28696	0.35887237037	1
0	28706	0.35899737037	1
0	28716	0.35912237037	1
0	28726	0.35924737037	1
0	28736	0.35937237037	1
0	28746	0.35949737037	1
0	28756	0.35962237037	1
0	28766	0.35974737037	1
0	28776	0.35987237037	1
0	28786	0.35999737037	1
0	28796	0.36012237037	1
0	28806	0.36024737037	1
0	28816	0.36037237037	1
0	28826	0.36049737037	1
0	28836	0.36062237037	1
0	28846	0.36074737037	1
0	28856	0.36087237037	1
0	28866	0.36099737037	1
0	28876	0.36112237037	1
0	28886	0.36124737037	1
0	28896	0.36137237037	1
0	28906	0.36149737037	1
0	28916	0.36162237037	1
0	28926	0.36174737037	1
0	28936	0.36187237037	1
0	28946	0.36199737037	1
0	28956	0.36212237037	1
0	28966	0.36224737037	1
0	28976	0.36237237037	1
0	28986	0.36249737037	1
0	28996	0.36262237037	1
0	29006	0.36274737037	1
0	29016	0.36287237037	1
0	29026	0.36299737037	1
0	29036	0.36312237037	1
0	29046	0.36324737037	1
0	29056	0.36337237037	1
0	29066	0.36349737037	1
0	29076	0.36362237037	1
0	29086	0.36374737037	1
0	29096	0.36387237037	1
0	29106	0.36399737037	1
0	29116	0.36412237037	1
0	29126	0.36424737037	1
0	29136	0.36437237037	1
0	29146	0.36449737037	1
0	29156	0.36462237037	1
0	29166	0.36474737037	1
0	29176	0.36487237037	1
0	29186	0.36499737037	1
0	29196	0.36512237037	1
0	29206	0.36524737037	1
0	29216	0.36537237037	1
0	29226	0.36549737037	1
0	29236	0.36562237037	1
0	29246	0.36574737037	1
0	29256	0.36587237037	1
0	29266	0.36599737037	1
0	29276	0.36612237037	1
0	29286	0.36624737037	1
0	29296	0.36637237037	1
0	29306	0.36649737037	1
0	29316	0.36662237037	1
0	29326	0.36674737037	1
0	29336	0.36687237037	1
0	29346	0.36699737037	1
0	29356	0.36712237037	1
0	29366	0.36724737037	1
0	29376	0.36737237037	1
0	29386	0.36749737037	1
0	29396	0.36762237037	1
0	29406	0.36774737037	1
0	29416	0.36787237037	1
0	29426	0.36799737037	1
0	29436	0.36812237037	1
0	29446	0.36824737037	1
0	29456	0.36837237037	1
0	29466	0.36849737037	1
0	29476	0.36862237037	1
0	29486	0.36874737037	1
0	29496	0.36887237037	1
0	29506	0.36899737037	1
0	29516	0.36912237037	1
0	29526	0.36924737037	1
0	29536	0.36937237037	1
0	29546	0.36949737037	1
0	29556	0.36962237037	1
0	29566	0.36974737037	1
0	29576	0.36987237037	1
0	29586	0.36999737037	1
0	29596	0.37012237037	1
0	29606	0.37024737037	1
0	29616	0.37037237037	1
0	29626	0.37049737037	1
0	29636	0.37062237037	1
0	29646	0.37074737037	1
0	29656	0.37087237037	1
0	29666	0.37099737037	1
0	29676	0.37112237037	1
0	29686	0.37124737037	1
0	29696	0.37137237037	1
0	29706	0.37149737037	1
0	29716	0.37162237037	1
0	29726	0.37174737037	1
0	29736	0.37187237037	1
0	29746	0.37199737037	1
0	29756	0.37212237037	1
0	29766	0.37224737037	1
0	29776	0.37237237037	1
0	29786	0.37249737037	1
0	29796	0.37262237037	1
0	29806	0.37274737037	1
0	29816	0.37287237037	1
0	29826	0.37299737037	1
0	29836	0.37312237037	1
0	29846	0.37324737037	1
0	29856	0.37337237037	1
0	29866	0.37349737037	1
0	29876	0.37362237037	1
0	29886	0.37374737037	1
0	29896	0.37387237037	1
0	29906	0.37399737037	1
0	29916	0.37412237037	1
0	29926	0.37424737037	1
0	29936	0.37437237037	1
0	29946	0.37449737037	1
0	29956	0.37462237037	1
0	29966	0.37474737037	1
0	29976	0.37487237037	1
0	29986	0.37499737037	1
0	29996	0.37512237037	1
0	30006	0.37524737037	1
0	30016	0.37537237037	1
0	30026	0.37549737037	1
0	30036	0.37562237037	1
0	30046	0.37574737037	1
0	30056	0.37587237037	1
0	30066	0.37599737037	1
0	30076	0.37612237037	1
0	30086	0.37624737037	1
0	30096	0.37637237037	1
0	30106	0.37649737037	1
0	30116	0.37662237037	1
0	30126	0.37674737037	1
0	30136	0.37687237037	1
0	30146	0.37699737037	1
0	30156	0.37712237037	1
0	30166	0.37724737037	1
0	30176	0.37737237037	1
0	30186	0.37749737037	1
0	30196	0.37762237037	1
0	30206	0.37774737037	1
0	30216	0.37787237037	1
0	30226	0.37799737037	1
0	30236	0.37812237037	1
0	30246	0.37824737037	1
0	30256	0.37837237037	1
0	30266	0.37849737037	1
0	30276	0.37862237037	1
0	30286	0.37874737037	1
0	30296	0.37887237037	1
0	30306	0.37899737037	1
0	30316	0.37912237037	1
0	30326	0.37924737037	1
0	30336	0.37937237037	1
0	30346	0.37949737037	1
0	30356	0.37962237037	1
0	30366	0.37974737037	1
0	30376	0.37987237037	1
0	30386	0.37999737037	1
0	30396	0.38012237037	1
0	30406	0.38024737037	1
0	30416	0.38037237037	1
0	30426	0.38049737037	1
0	30436	0.38062237037	1
0	30446	0.38074737037	1
0	30456	0.38087237037	1
0	30466	0.38099737037	1
0	30476	0.38112237037	1
0	30486	0.38124737037	1
0	30496	0.38137237037	1
0	30506	0.38149737037	1
0	30516	0.38162237037	1
0	30526	0.38174737037	1
0	30536	0.38187237037	1
0	30546	0.38199737037	1
0	30556	0.38212237037	1
0	30566	0.38224737037	1
0	30576	0.38237237037	1
0	30586	0.38249737037	1
0	30596	0.38262237037	1
0	30606	0.38274737037	1
0	30616	0.38287237037	1
0	30626	0.38299737037	1
0	30636	0.38312237037	1
0	30646	0.38324737037	1
0	30656	0.38337237037	1
0	30666	0.38349737037	1
0	30676	0.38362237037	1
0	30686	0.38374737037	1
0	30696	0.38387237037	1
0	30706	0.38399737037	1
0	30716	0.38412237037	1
0	30726	0.38424737037	1
0	30736	0.38437237037	1
0	30746	0.38449737037	1
0	30756	0.38462237037	1
0	30766	0.38474737037	1
0	30776	0.38487237037	1
0	30786	0.38499737037	1
0	30796	0.38512237037	1
0	30806	0.38524737037	1
0	30816	0.38537237037	1
0	30826	0.38549737037	1
0	30836	0.38562237037	1
0	30846	0.38574737037	1
0	30856	0.38587237037	1
0	30866	0.38599737037	1
0	30876	0.38612237037	1
0	30886	0.38624737037	1
0	30896	0.38637237037	1
0	30906	0.38649737037	1
0	30916	0.38662237037	1
0	30926	0.38674737037	1
0	30936	0.38687237037	1
0	30946	0.38699737037	1
0	30956	0.38712237037	1
0	30966	0.38724737037	1
0	30976	0.38737237037	1
0	30986	0.38749737037	1
0	30996	0.38762237037	1
0	31006	0.38774737037	1
0	31016	0.38787237037	1
0	31026	0.38799737037	1
0	31036	0.38812237037	1
0	31046	0.38824737037	1
0	31056	0.38837237037	1
0	31066	0.38849737037	1
0	31076	0.38862237037	1
0	31086	0.38874737037	1
0	31096	0.38887237037	1
0	31106	0.38899737037	1
0	31116	0.38912237037	1
0	31126	0.38924737037	1
0	31136	0.38937237037	1
0	31146	0.38949737037	1
0	31156	0.38962237037	1
0	31166	0.38974737037	1
0	31176	0.38987237037	1
0	31186	0.38999737037	1
0	31196	0.39012237037	1
0	31206	0.39024737037	1
0	31216	0.39037237037	1
0	31226	0.39049737037	1
0	31236	0.39062237037	1
0	31246	0.39074737037	1
0	31256	0.39087237037	1
0	31266	0.39099737037	1
0	31276	0.39112237037	1
0	31286	0.39124737037	1
0	31296	0.39137237037	1
0	31306	0.39149737037	1
0	31316	0.39162237037	1
0	31326	0.39174737037	1
0	31336	0.39187237037	1
0	31346	0.39199737037	1
0	31356	0.39212237037	1
0	31366	0.39224737037	1
0	31376	0.39237237037	1
0	31386	0.39249737037	1
0	31396	0.39262237037	1
0	31406	0.39274737037	1
0	31416	0.39287237037	1
0	31426	0.39299737037	1
0	31436	0.39312237037	1
0	31446	0.39324737037	1
0	31456	0.39337237037	1
0	31466	0.39349737037	1
0	31476	0.39362237037	1
0	31486	0.39374737037	1
0	31496	0.39387237037	1
0	31506	0.39399737037	1
0	31516	0.39412237037	1
0	31526	0.39424737037	1
0	31536	0.39437237037	1
0	31546	0.39449737037	1
0	31556	0.39462237037	1
0	31566	0.39474737037	1
0	31576	0.39487237037	1
0	31586	0.39499737037	1
0	31596	0.39512237037	1
0	31606	0.39524737037	1
0	31616	0.39537237037	1
0	31626	0.39549737037	1
0	31636	0.39562237037	1
0	31646	0.39574737037	1
0	31656	0.39587237037	1
0	31666	0.39599737037	1
0	31676	0.39612237037	1
0	31686	0.39624737037	1
0	31696	0.39637237037	1
0	31706	0.39649737037	1
0	31716	0.39662237037	1
0	31726	0.39674737037	1
0	31736	0.39687237037	1
0	31746	0.39699737037	1
0	31756	0.39712237037	1
0	31766	0.39724737037	1
0	31776	0.39737237037	1
0	31786	0.39749737037	1
0	31796	0.39762237037	1
0	31806	0.39774737037	1
0	31816	0.39787237037	1
0	31826	0.39799737037	1
0	31836	0.39812237037	1
0	31846	0.39824737037	1
0	31856	0.39837237037	1
0	31866	0.39849737037	1
0	31876	0.39862237037	1
0	31886	0.39874737037	1
0	31896	0.39887237037	1
0	31906	0.39899737037	1
0	31916	0.39912237037	1
0	31926	0.39924737037	1
0	31936	0.39937237037	1
0	31946	0.39949737037	1
0	31956	0.39962237037	1
0	31966	0.39974737037	1
0	31976	0.39987237037	1
0	31986	0.39999737037	1
0	31996	0.40012237037	1
0	32006	0.40024737037	1
0	32016	0.40037237037	1
0	32026	0.40049737037	1
0	32036	0.40062237037	1
0	32046	0.40074737037	1
0	32056	0.40087237037	1
0	32066	0.40099737037	1
0	32076	0.40112237037	1
0	32086	0.40124737037	1
0	32096	0.40137237037	1
0	32106	0.40149737037	1
0	32116	0.40162237037	1
0	32126	0.40174737037	1
0	32136	0.40187237037	1
0	32146	0.40199737037	1
0	32156	0.40212237037	1
0	32166	0.40224737037	1
0	32176	0.40237237037	1
0	32186	0.40249737037	1
0	32196	0.40262237037	1
0	32206	0.40274737037	1
0	32216	0.40287237037	1
0	32226	0.40299737037	1
0	32236	0.40312237037	1
0	32246	0.40324737037	1
0	32256	0.40337237037	1
0	32266	0.40349737037	1
0	32276	0.40362237037	1
0	32286	0.40374737037	1
0	32296	0.40387237037	1
0	32306	0.40399737037	1
0	32316	0.40412237037	1
0	32326	0.40424737037	1
0	32336	0.40437237037	1
0	32346	0.40449737037	1
0	32356	0.40462237037	1
0	32366	0.40474737037	1
0	32376	0.40487237037	1
0	32386	0.40499737037	1
0	32396	0.40512237037	1
0	32406	0.40524737037	1
0	32416	0.40537237037	1
0	32426	0.40549737037	1
0	32436	0.40562237037	1
0	32446	0.40574737037	1
0	32456	0.40587237037	1
0	32466	0.40599737037	1
0	32476	0.40612237037	1
0	32486	0.40624737037	1
0	32496	0.40637237037	1
0	32506	0.40649737037	1
0	32516	0.40662237037	1
0	32526	0.40674737037	1
0	32536	0.40687237037	1
0	32546	0.40699737037	1
0	32556	0.40712237037	1
0	32566	0.40724737037	1
0	32576	0.40737237037	1
0	32586	0.40749737037	1
0	32596	0.40762237037	1
0	32606	0.40774737037	1
0	32616	0.40787237037	1
0	32626	0.40799737037	1
0	32636	0.40812237037	1
0	32646	0.40824737037	1
0	32656	0.40837237037	1
0	32666	0.40849737037	1
0	32676	0.40862237037	1
0	32686	0.40874737037	1
0	32696	0.40887237037	1
0	32706	0.40899737037	1
0	32716	0.40912237037	1
0	32726	0.40924737037	1
0	32736	0.40937237037	1
0	32746	0.40949737037	1
0	32756	0.40962237037	1
0	32766	0.40974737037	1
0	32776	0.40987237037	1
0	32786	0.40999737037	1
0	32796	0.41012237037	1
0	32806	0.41024737037	1
0	32816	0.41037237037	1
0	32826	0.41049737037	1
0	32836	0.41062237037	1
0	32846	0.41074737037	1
0	32856	0.41087237037	1
0	32866	0.41099737037	1
0	32876	0.41112237037	1
0	32886	0.41124737037	1
0	32896	0.41137237037	1
0	32906	0.41149737037	1
0	32916	0.41162237037	1
0	32926	0.41174737037	1
0	32936	0.41187237037	1
0	32946	0.41199737037	1
0	32956	0.41212237037	1
0	32966	0.41224737037	1
0	32976	0.41237237037	1
0	32986	0.41249737037	1
0	32996	0.41262237037	1
0	33006	0.41274737037	1
0	33016	0.41287237037	1
0	33026	0.41299737037	1
0	33036	0.41312237037	1
0	33046	0.41324737037	1
0	33056	0.41337237037	1
0	33066	0.41349737037	1
0	33076	0.41362237037	1
0	33086	0.41374737037	1
0	33096	0.41387237037	1
0	33106	0.41399737037	1
0	33116	0.41412237037	1
0	33126	0.41424737037	1
0	33136	0.41437237037	1
0	33146	0.41449737037	1
0	33156	0.41462237037	1
0	33166	0.41474737037	1
0	33176	0.41487237037	1
0	33186	0.41499737037	1
0	33196	0.41512237037	1
0	33206	0.41524737037	1
0	33216	0.41537237037	1
0	33226	0.41549737037	1
0	33236	0.41562237037	1
0	33246	0.41574737037	1
0	33256	0.41587237037	1
0	33266	0.41599737037	1
0	33276	0.41612237037	1
0	33286	0.41624737037	1
0	33296	0.41637237037	1
0	33306	0.41649737037	1
0	33316	0.41662237037	1
0	33326	0.41674737037	1
0	33336	0.41687237037	1
0	33346	0.41699737037	1
0	33356	0.41712237037	1
0	33366	0.41724737037	1
0	33376	0.41737237037	1
0	33386	0.41749737037	1
0	33396	0.41762237037	1
0	33406	0.41774737037	1
0	33416	0.41787237037	1
0	33426	0.41799737037	1
0	33436	0.41812237037	1
0	33446	0.41824737037	1
0	33456	0.41837237037	1
0	33466	0.41849737037	1
0	33476	0.41862237037	1
0	33486	0.41874737037	1
0	33496	0.41887237037	1
0	33506	0.41899737037	1
0	33516	0.41912237037	1
0	33526	0.41924737037	1
0	33536	0.41937237037	1
0	33546	0.41949737037	1
0	33556	0.41962237037	1
0	33566	0.41974737037	1
0	33576	0.41987237037	1
0	33586	0.41999737037	1
0	33596	0.42012237037	1
0	33606	0.42024737037	1
0	33616	0.42037237037	1
0	33626	0.42049737037	1
0	33636	0.42062237037	1
0	33646	0.42074737037	1
0	33656	0.42087237037	1
0	33666	0.42099737037	1
0	33676	0.42112237037	1
0	33686	0.42124737037	1
0	33696	0.42137237037	1
0	33706	0.42149737037	1
0	33716	0.42162237037	1
0	33726	0.42174737037	1
0	33736	0.42187237037	1
0	33746	0.42199737037	1
0	33756	0.42212237037	1
0	33766	0.42224737037	1
0	33776	0.42237237037	1
0	33786	0.42249737037	1
0	33796	0.42262237037	1
0	33806	0.42274737037	1
0	33816	0.42287237037	1
0	33826	0.42299737037	1
0	33836	0.42312237037	1
0	33846	0.42324737037	1
0	33856	0.42337237037	1
0	33866	0.42349737037	1
0	33876	0.42362237037	1
0	33886	0.42374737037	1
0	33896	0.42387237037	1
0	33906	0.42399737037	1
0	33916	0.42412237037	1
0	33926	0.42424737037	1
0	33936	0.42437237037	1
0	33946	0.42449737037	1
0	33956	0.42462237037	1
0	33966	0.42474737037	1
0	33976	0.42487237037	1
0	33986	0.42499737037	1
0	33996	0.42512237037	1
0	34006	0.42524737037	1
0	34016	0.42537237037	1
0	34026	0.42549737037	1
0	34036	0.42562237037	1
0	34046	0.42574737037	1
0	34056	0.42587237037	1
0	34066	0.42599737037	1
0	34076	0.42612237037	1
0	34086	0.42624737037	1
0	34096	0.42637237037	1
0	34106	0.42649737037	1
0	34116	0.42662237037	1
0	34126	0.42674737037	1
0	34136	0.42687237037	1
0	34146	0.42699737037	1
0	34156	0.42712237037	1
0	34166	0.42724737037	1
0	34176	0.42737237037	1
0	34186	0.42749737037	1
0	34196	0.42762237037	1
0	34206	0.42774737037	1
0	34216	0.42787237037	1
0	34226	0.42799737037	1
0	34236	0.42812237037	1
0	34246	0.42824737037	1
0	34256	0.42837237037	1
0	34266	0.42849737037	1
0	34276	0.42862237037	1
0	34286	0.42874737037	1
0	34296	0.42887237037	1
0	34306	0.42899737037	1
0	34316	0.42912237037	1
0	34326	0.42924737037	1
0	34336	0.42937237037	1
0	34346	0.42949737037	1
0	34356	0.42962237037	1
0	34366	0.42974737037	1
0	34376	0.42987237037	1
0	34386	0.42999737037	1
0	34396	0.43012237037	1
0	34406	0.43024737037	1
0	34416	0.43037237037	1
0	34426	0.43049737037	1
0	34436	0.43062237037	1
0	34446	0.43074737037	1
0	34456	0.43087237037	1
0	34466	0.43099737037	1
0	34476	0.43112237037	1
0	34486	0.43124737037	1
0	34496	0.43137237037	1
0	34506	0.43149737037	1
0	34516	0.43162237037	1
0	34526	0.43174737037	1
0	34536	0.43187237037	1
0	34546	0.43199737037	1
0	34556	0.43212237037	1
0	34566	0.43224737037	1
0	34576	0.43237237037	1
0	34586	0.43249737037	1
0	34596	0.43262237037	1
0	34606	0.43274737037	1
0	34616	0.43287237037	1
0	34626	0.43299737037	1
0	34636	0.43312237037	1
0	34646	0.43324737037	1
0	34656	0.43337237037	1
0	34666	0.43349737037	1
0	34676	0.43362237037	1
0	34686	0.43374737037	1
0	34696	0.43387237037	1
0	34706	0.43399737037	1
0	34716	0.43412237037	1
0	34726	0.43424737037	1
0	34736	0.43437237037	1
0	34746	0.43449737037	1
0	34756	0.43462237037	1
0	34766	0.43474737037	1
0	34776	0.43487237037	1
0	34786	0.43499737037	1
0	34796	0.43512237037	1
0	34806	0.43524737037	1
0	34816	0.43537237037	1
0	34826	0.43549737037	1
0	34836	0.43562237037	1
0	34846	0.43574737037	1
0	34856	0.43587237037	1
0	34866	0.43599737037	1
0	34876	0.43612237037	1
0	34886	0.43624737037	1
0	34896	0.43637237037	1
0	34906	0.43649737037	1
0	34916	0.43662237037	1
0	34926	0.43674737037	1
0	34936	0.43687237037	1
0	34946	0.43699737037	1
0	34956	0.43712237037	1
0	34966	0.43724737037	1
0	34976	0.43737237037	1
0	34986	0.43749737037	1
0	34996	0.43762237037	1
0	35006	0.43774737037	1
0	35016	0.43787237037	1
0	35026	0.43799737037	1
0	35036	0.43812237037	1
0	35046	0.43824737037	1
0	35056	0.43837237037	1
0	35066	0.43849737037	1
0	35076	0.43862237037	1
0	35086	0.43874737037	1
0	35096	0.43887237037	1
0	35106	0.43899737037	1
0	35116	0.43912237037	1
0	35126	0.43924737037	1
0	35136	0.43937237037	1
0	35146	0.43949737037	1
0	35156	0.43962237037	1
0	35166	0.43974737037	1
0	35176	0.43987237037	1
0	35186	0.43999737037	1
0	35196	0.44012237037	1
0	35206	0.44024737037	1
0	35216	0.44037237037	1
0	35226	0.44049737037	1
0	35236	0.44062237037	1
0	35246	0.44074737037	1
0	35256	0.44087237037	1
0	35266	0.44099737037	1
0	35276	0.44112237037	1
0	35286	0.44124737037	1
0	35296	0.44137237037	1
0	35306	0.44149737037	1
0	35316	0.44162237037	1
0	35326	0.44174737037	1
0	35336	0.44187237037	1
0	35346	0.44199737037	1
0	35356	0.44212237037	1
0	35366	0.44224737037	1
0	35376	0.44237237037	1
0	35386	0.44249737037	1
0	35396	0.44262237037	1
0	35406	0.44274737037	1
0	35416	0.44287237037	1
0	35426	0.44299737037	1
0	35436	0.44312237037	1
0	35446	0.44324737037	1
0	35456	0.44337237037	1
0	35466	0.44349737037	1
0	35476	0.44362237037	1
0	35486	0.44374737037	1
0	35496	0.44387237037	1
0	35506	0.44399737037	1
0	35516	0.44412237037	1
0	35526	0.44424737037	1
0	35536	0.44437237037	1
0	35546	0.44449737037	1
0	35556	0.44462237037	1
0	35566	0.44474737037	1
0	35576	0.44487237037	1
0	35586	0.44499737037	1
0	35596	0.44512237037	1
0	35606	0.44524737037	1
0	35616	0.44537237037	1
0	35626	0.44549737037	1
0	35636	0.44562237037	1
0	35646	0.44574737037	1
0	35656	0.44587237037	1
0	35666	0.44599737037	1
0	35676	0.44612237037	1
0	35686	0.44624737037	1
0	35696	0.44637237037	1
0	35706	0.44649737037	1
0	35716	0.44662237037	1
0	35726	0.44674737037	1
0	35736	0.44687237037	1
0	35746	0.44699737037	1
0	35756	0.44712237037	1
0	35766	0.44724737037	1
0	35776	0.44737237037	1
0	35786	0.44749737037	1
0	35796	0.44762237037	1
0	35806	0.44774737037	1
0	35816	0.44787237037	1
0	35826	0.44799737037	1
0	35836	0.44812237037	1
0	35846	0.44824737037	1
0	35856	0.44837237037	1
0	35866	0.44849737037	1
0	35876	0.44862237037	1
0	35886	0.44874737037	1
0	35896	0.44887237037	1
0	35906	0.44899737037	1
0	35916	0.44912237037	1
0	35926	0.44924737037	1
0	35936	0.44937237037	1
0	35946	0.44949737037	1
0	35956	0.44962237037	1
0	35966	0.44974737037	1
0	35976	0.44987237037	1
0	35986	0.44999737037	1
0	35996	0.45012237037	1
0	36006	0.45024737037	1
0	36016	0.45037237037	1
0	36026	0.45049737037	1
0	36036	0.45062237037	1
0	36046	0.45074737037	1
0	36056	0.45087237037	1
0	36066	0.45099737037	1
0	36076	0.45112237037	1
0	36086	0.45124737037	1
0	36096	0.45137237037	1
0	36106	0.45149737037	1
0	36116	0.45162237037	1
0	36126	0.45174737037	1
0	36136	0.45187237037	1
0	36146	0.45199737037	1
0	36156	0.45212237037	1
0	36166	0.45224737037	1
0	36176	0.45237237037	1
0	36186	0.45249737037	1
0	36196	0.45262237037	1
0	36206	0.45274737037	1
0	36216	0.45287237037	1
0	36226	0.45299737037	1
0	36236	0.45312237037	1
0	36246	0.45324737037	1
0	36256	0.45337237037	1
0	36266	0.45349737037	1
0	36276	0.45362237037	1
0	36286	0.45374737037	1
0	36296	0.45387237037	1
0	36306	0.45399737037	1
0	36316	0.45412237037	1
0	36326	0.45424737037	1
0	36336	0.45437237037	1
0	36346	0.45449737037	1
0	36356	0.45462237037	1
0	36366	0.45474737037	1
0	36376	0.45487237037	1
0	36386	0.45499737037	1
0	36396	0.45512237037	1
0	36406	0.45524737037	1
0	36416	0.45537237037	1
0	36426	0.45549737037	1
0	36436	0.45562237037	1
0	36446	0.45574737037	1
0	36456	0.45587237037	1
0	36466	0.45599737037	1
0	36476	0.45612237037	1
0	36486	0.45624737037	1
0	36496	0.45637237037	1
0	36506	0.45649737037	1
0	36516	0.45662237037	1
0	36526	0.45674737037	1
0	36536	0.45687237037	1
0	36546	0.45699737037	1
0	36556	0.45712237037	1
0	36566	0.45724737037	1
0	36576	0.45737237037	1
0	36586	0.45749737037	1
0	36596	0.45762237037	1
0	36606	0.45774737037	1
0	36616	0.45787237037	1
0	36626	0.45799737037	1
0	36636	0.45812237037	1
0	36646	0.45824737037	1
0	36656	0.45837237037	1
0	36666	0.45849737037	1
0	36676	0.45862237037	1
0	36686	0.45874737037	1
0	36696	0.45887237037	1
0	36706	0.45899737037	1
0	36716	0.45912237037	1
0	36726	0.45924737037	1
0	36736	0.45937237037	1
0	36746	0.45949737037	1
0	36756	0.45962237037	1
0	36766	0.45974737037	1
0	36776	0.45987237037	1
0	36786	0.45999737037	1
0	36796	0.46012237037	1
0	36806	0.46024737037	1
0	36816	0.46037237037	1
0	36826	0.46049737037	1
0	36836	0.46062237037	1
0	36846	0.46074737037	1
0	36856	0.46087237037	1
0	36866	0.46099737037	1
0	36876	0.46112237037	1
0	36886	0.46124737037	1
0	36896	0.46137237037	1
0	36906	0.46149737037	1
0	36916	0.46162237037	1
0	36926	0.46174737037	1
0	36936	0.46187237037	1
0	36946	0.46199737037	1
0	36956	0.46212237037	1
0	36966	0.46224737037	1
0	36976	0.46237237037	1
0	36986	0.46249737037	1
0	36996	0.46262237037	1
0	37006	0.46274737037	1
0	37016	0.46287237037	1
0	37026	0.46299737037	1
0	37036	0.46312237037	1
0	37046	0.46324737037	1
0	37056	0.46337237037	1
0	37066	0.46349737037	1
0	37076	0.46362237037	1
0	37086	0.46374737037	1
0	37096	0.46387237037	1
0	37106	0.46399737037	1
0	37116	0.46412237037	1
0	37126	0.46424737037	1
0	37136	0.46437237037	1
0	37146	0.46449737037	1
0	37156	0.46462237037	1
0	37166	0.46474737037	1
0	37176	0.46487237037	1
0	37186	0.46499737037	1
0	37196	0.46512237037	1
0	37206	0.46524737037	1
0	37216	0.46537237037	1
0	37226	0.46549737037	1
0	37236	0.46562237037	1
0	37246	0.46574737037	1
0	37256	0.46587237037	1
0	37266	0.46599737037	1
0	37276	0.46612237037	1
0	37286	0.46624737037	1
0	37296	0.46637237037	1
0	37306	0.46649737037	1
0	37316	0.46662237037	1
0	37326	0.46674737037	1
0	37336	0.46687237037	1
0	37346	0.46699737037	1
0	37356	0.46712237037	1
0	37366	0.46724737037	1
0	37376	0.46737237037	1
0	37386	0.46749737037	1
0	37396	0.46762237037	1
0	37406	0.46774737037	1
0	37416	0.46787237037	1
0	37426	0.46799737037	1
0	37436	0.46812237037	1
0	37446	0.46824737037	1
0	37456	0.46837237037	1
0	37466	0.46849737037	1
0	37476	0.46862237037	1
0	37486	0.46874737037	1
0	37496	0.46887237037	1
0	37506	0.46899737037	1
0	37516	0.46912237037	1
0	37526	0.46924737037	1
0	37536	0.46937237037	1
0	37546	0.46949737037	1
0	37556	0.46962237037	1
0	37566	0.46974737037	1
0	37576	0.46987237037	1
0	37586	0.46999737037	1
0	37596	0.47012237037	1
0	37606	0.47024737037	1
0	37616	0.47037237037	1
0	37626	0.47049737037	1
0	37636	0.47062237037	1
0	37646	0.47074737037	1
0	37656	0.47087237037	1
0	37666	0.47099737037	1
0	37676	0.47112237037	1
0	37686	0.47124737037	1
0	37696	0.47137237037	1
0	37706	0.47149737037	1
0	37716	0.47162237037	1
0	37726	0.47174737037	1
0	37736	0.47187237037	1
0	37746	0.47199737037	1
0	37756	0.47212237037	1
0	37766	0.47224737037	1
0	37776	0.47237237037	1
0	37786	0.47249737037	1
0	37796	0.47262237037	1
0	37806	0.47274737037	1
0	37816	0.47287237037	1
0	37826	0.47299737037	1
0	37836	0.47312237037	1
0	37846	0.47324737037	1
0	37856	0.47337237037	1
0	37866	0.47349737037	1
0	37876	0.47362237037	1
0	37886	0.47374737037	1
0	37896	0.47387237037	1
0	37906	0.47399737037	1
0	37916	0.47412237037	1
0	37926	0.47424737037	1
0	37936	0.47437237037	1
0	37946	0.47449737037	1
0	37956	0.47462237037	1
0	37966	0.47474737037	1
0	37976	0.47487237037	1
0	37986	0.47499737037	1
0	37996	0.47512237037	1
0	38006	0.47524737037	1
0	38016	0.47537237037	1
0	38026	0.47549737037	1
0	38036	0.47562237037	1
0	38046	0.47574737037	1
0	38056	0.47587237037	1
0	38066	0.47599737037	1
0	38076	0.47612237037	1
0	38086	0.47624737037	1
0	38096	0.47637237037	1
0	38106	0.47649737037	1
0	38116	0.47662237037	1
0	38126	0.47674737037	1
0	38136	0.47687237037	1
0	38146	0.47699737037	1
0	38156	0.47712237037	1
0	38166	0.47724737037	1
0	38176	0.47737237037	1
0	38186	0.47749737037	1
0	38196	0.47762237037	1
0	38206	0.47774737037	1
0	38216	0.47787237037	1
0	38226	0.47799737037	1
0	38236	0.47812237037	1
0	38246	0.47824737037	1
0	38256	0.47837237037	1
0	38266	0.47849737037	1
0	38276	0.47862237037	1
0	38286	0.47874737037	1
0	38296	0.47887237037	1
0	38306	0.47899737037	1
0	38316	0.47912237037	1
0	38326	0.47924737037	1
0	38336	0.47937237037	1
0	38346	0.47949737037	1
0	38356	0.47962237037	1
0	38366	0.47974737037	1
0	38376	0.47987237037	1
0	38386	0.47999737037	1
0	38396	0.48012237037	1
0	38406	0.48024737037	1
0	38416	0.48037237037	1
0	38426	0.48049737037	1
0	38436	0.48062237037	1
0	38446	0.48074737037	1
0	38456	0.48087237037	1
0	38466	0.48099737037	1
0	38476	0.48112237037	1
0	38486	0.48124737037	1
0	38496	0.48137237037	1
0	38506	0.48149737037	1
0	38516	0.48162237037	1
0	38526	0.48174737037	1
0	38536	0.48187237037	1
0	38546	0.48199737037	1
0	38556	0.48212237037	1
0	38566	0.48224737037	1
0	38576	0.48237237037	1
0	38586	0.48249737037	1
0	38596	0.48262237037	1
0	38606	0.48274737037	1
0	38616	0.48287237037	1
0	38626	0.48299737037	1
0	38636	0.48312237037	1
0	38646	0.48324737037	1
0	38656	0.48337237037	1
0	38666	0.48349737037	1
0	38676	0.48362237037	1
0	38686	0.48374737037	1
0	38696	0.48387237037	1
0	38706	0.48399737037	1
0	38716	0.48412237037	1
0	38726	0.48424737037	1
0	38736	0.48437237037	1
0	38746	0.48449737037	1
0	38756	0.48462237037	1
0	38766	0.48474737037	1
0	38776	0.48487237037	1
0	38786	0.48499737037	1
0	38796	0.48512237037	1
0	38806	0.48524737037	1
0	38816	0.48537237037	1
0	38826	0.48549737037	1
0	38836	0.48562237037	1
0	38846	0.48574737037	1
0	38856	0.48587237037	1
0	38866	0.48599737037	1
0	38876	0.48612237037	1
0	38886	0.48624737037	1
0	38896	0.48637237037	1
0	38906	0.48649737037	1
0	38916	0.48662237037	1
0	38926	0.48674737037	1
0	38936	0.48687237037	1
0	38946	0.48699737037	1
0	38956	0.48712237037	1
0	38966	0.48724737037	1
0	38976	0.48737237037	1
0	38986	0.48749737037	1
0	38996	0.48762237037	1
0	39006	0.48774737037	1
0	39016	0.48787237037	1
0	39026	0.48799737037	1
0	39036	0.48812237037	1
0	39046	0.48824737037	1
0	39056	0.48837237037	1
0	39066	0.48849737037	1
0	39076	0.48862237037	1
0	39086	0.48874737037	1
0	39096	0.48887237037	1
0	39106	0.48899737037	1
0	39116	0.48912237037	1
0	39126	0.48924737037	1
0	39136	0.48937237037	1
0	39146	0.48949737037	1
0	39156	0.48962237037	1
0	39166	0.48974737037	1
0	39176	0.48987237037	1
0	39186	0.48999737037	1
0	39196	0.49012237037	1
0	39206	0.49024737037	1
0	39216	0.49037237037	1
0	39226	0.49049737037	1
0	39236	0.49062237037	1
0	39246	0.49074737037	1
0	39256	0.49087237037	1
0	39266	0.49099737037	1
0	39276	0.49112237037	1
0	39286	0.49124737037	1
0	39296	0.49137237037	1
0	39306	0.49149737037	1
0	39316	0.49162237037	1
0	39326	0.49174737037	1
0	39336	0.49187237037	1
0	39346	0.49199737037	1
0	39356	0.49212237037	1
0	39366	0.49224737037	1
0	39376	0.49237237037	1
0	39386	0.49249737037	1
0	39396	0.49262237037	1
0	39406	0.49274737037	1
0	39416	0.49287237037	1
0	39426	0.49299737037	1
0	39436	0.49312237037	1
0	39446	0.49324737037	1
0	39456	0.49337237037	1
0	39466	0.49349737037	1
0	39476	0.49362237037	1
0	39486	0.49374737037	1
0	39496	0.49387237037	1
0	39506	0.49399737037	1
0	39516	0.49412237037	1
0	39526	0.49424737037	1
0	39536	0.49437237037	1
0	39546	0.49449737037	1
0	39556	0.49462237037	1
0	39566	0.49474737037	1
0	39576	0.49487237037	1
0	39586	0.49499737037	1
0	39596	0.49512237037	1
0	39606	0.49524737037	1
0	39616	0.49537237037	1
0	39626	0.49549737037	1
0	39636	0.49562237037	1
0	39646	0.49574737037	1
0	39656	0.49587237037	1
0	39666	0.49599737037	1
0	39676	0.49612237037	1
0	39686	0.49624737037	1
0	39696	0.49637237037	1
0	39706	0.49649737037	1
0	39716	0.49662237037	1
0	39726	0.49674737037	1
0	39736	0.49687237037	1
0	39746	0.49699737037	1
0	39756	0.49712237037	1
0	39766	0.49724737037	1
0	39776	0.49737237037	1
0	39786	0.49749737037	1
0	39796	0.49762237037	1
0	39806	0.49774737037	1
0	39816	0.49787237037	1
0	39826	0.49799737037	1
0	39836	0.49812237037	1
0	39846	0.49824737037	1
0	39856	0.49837237037	1
0	39866	0.49849737037	1
0	39876	0.49862237037	1
0	39886	0.49874737037	1
0	39896	0.49887237037	1
0	39906	0.49899737037	1
0	39916	0.49912237037	1
0	39926	0.49924737037	1
0	39936	0.49937237037	1
0	39946	0.49949737037	1
0	39956	0.49962237037	1
0	39966	0.49974737037	1
0	39976	0.49987237037	1
0	39986	0.49999737037	1
0	39996	0.50012237037	1
0	40006	0.50024737037	1
0	40016	0.50037237037	1
0	40026	0.50049737037	1
0	40036	0.50062237037	1
0	40046	0.50074737037	1
0	40056	0.50087237037	1
0	40066	0.50099737037	1
0	40076	0.50112237037	1
0	40086	0.50124737037	1
0	40096	0.50137237037	1
0	40106	0.50149737037	1
0	40116	0.50162237037	1
0	40126	0.50174737037	1
0	40136	0.50187237037	1
0	40146	0.50199737037	1
0	40156	0.50212237037	1
0	40166	0.50224737037	1
0	40176	0.50237237037	1
0	40186	0.50249737037	1
0	40196	0.50262237037	1
0	40206	0.50274737037	1
0	40216	0.50287237037	1
0	40226	0.50299737037	1
0	40236	0.50312237037	1
0	40246	0.50324737037	1
0	40256	0.50337237037	1
0	40266	0.50349737037	1
0	40276	0.50362237037	1
0	40286	0.50374737037	1
0	40296	0.50387237037	1
0	40306	0.50399737037	1
0	40316	0.50412237037	1
0	40326	0.50424737037	1
0	40336	0.50437237037	1
0	40346	0.50449737037	1
0	40356	0.50462237037	1
0	40366	0.50474737037	1
0	40376	0.50487237037	1
0	40386	0.50499737037	1
0	40396	0.50512237037	1
0	40406	0.50524737037	1
0	40416	0.50537237037	1
0	40426	0.50549737037	1
0	40436	0.50562237037	1
0	40446	0.50574737037	1
0	40456	0.50587237037	1
0	40466	0.50599737037	1
0	40476	0.50612237037	1
0	40486	0.50624737037	1
0	40496	0.50637237037	1
0	40506	0.50649737037	1
0	40516	0.50662237037	1
0	40526	0.50674737037	1
0	40536	0.50687237037	1
0	40546	0.50699737037	1
0	40556	0.50712237037	1
0	40566	0.50724737037	1
0	40576	0.50737237037	1
0	40586	0.50749737037	1
0	40596	0.50762237037	1
0	40606	0.50774737037	1
0	40616	0.50787237037	1
0	40626	0.50799737037	1
0	40636	0.50812237037	1
0	40646	0.50824737037	1
0	40656	0.50837237037	1
0	40666	0.50849737037	1
0	40676	0.50862237037	1
0	40686	0.50874737037	1
0	40696	0.50887237037	1
0	40706	0.50899737037	1
0	40716	0.50912237037	1
0	40726	0.50924737037	1
0	40736	0.50937237037	1
0	40746	0.50949737037	1
0	40756	0.50962237037	1
0	40766	0.50974737037	1
0	40776	0.50987237037	1
0	40786	0.50999737037	1
0	40796	0.51012237037	1
0	40806	0.51024737037	1
0	40816	0.51037237037	1
0	40826	0.51049737037	1
0	40836	0.51062237037	1
0	40846	0.51074737037	1
0	40856	0.51087237037	1
0	40866	0.51099737037	1
0	40876	0.51112237037	1
0	40886	0.51124737037	1
0	40896	0.51137237037	1
0	40906	0.51149737037	1
0	40916	0.51162237037	1
0	40926	0.51174737037	1
0	40936	0.51187237037	1
0	40946	0.51199737037	1
0	40956	0.51212237037	1
0	40966	0.51224737037	1
0	40976	0.51237237037	1
0	40986	0.51249737037	1
0	40996	0.51262237037	1
0	41006	0.51274737037	1
0	41016	0.51287237037	1
0	41026	0.51299737037	1
0	41036	0.51312237037	1
0	41046	0.51324737037	1
0	41056	0.51337237037	1
0	41066	0.51349737037	1
0	41076	0.51362237037	1
0	41086	0.51374737037	1
0	41096	0.51387237037	1
0	41106	0.51399737037	1
0	41116	0.51412237037	1
0	41126	0.51424737037	1
0	41136	0.51437237037	1
0	41146	0.51449737037	1
0	41156	0.51462237037	1
0	41166	0.51474737037	1
0	41176	0.51487237037	1
0	41186	0.51499737037	1
0	41196	0.51512237037	1
0	41206	0.51524737037	1
0	41216	0.51537237037	1
0	41226	0.51549737037	1
0	41236	0.51562237037	1
0	41246	0.51574737037	1
0	41256	0.51587237037	1
0	41266	0.51599737037	1
0	41276	0.51612237037	1
0	41286	0.51624737037	1
0	41296	0.51637237037	1
0	41306	0.51649737037	1
0	41316	0.51662237037	1
0	41326	0.51674737037	1
0	41336	0.51687237037	1
0	41346	0.51699737037	1
0	41356	0.51712237037	1
0	41366	0.51724737037	1
0	41376	0.51737237037	1
0	41386	0.51749737037	1
0	41396	0.51762237037	1
0	41406	0.51774737037	1
0	41416	0.51787237037	1
0	41426	0.51799737037	1
0	41436	0.51812237037	1
0	41446	0.51824737037	1
0	41456	0.51837237037	1
0	41466	0.51849737037	1
0	41476	0.51862237037	1
0	41486	0.51874737037	1
0	41496	0.51887237037	1
0	41506	0.51899737037	1
0	41516	0.51912237037	1
0	41526	0.51924737037	1
0	41536	0.51937237037	1
0	41546	0.51949737037	1
0	41556	0.51962237037	1
0	41566	0.51974737037	1
0	41576	0.51987237037	1
0	41586	0.51999737037	1
0	41596	0.52012237037	1
0	41606	0.52024737037	1
0	41616	0.52037237037	1
0	41626	0.52049737037	1
0	41636	0.52062237037	1
0	41646	0.52074737037	1
0	41656	0.52087237037	1
0	41666	0.52099737037	1
0	41676	0.52112237037	1
0	41686	0.52124737037	1
0	41696	0.52137237037	1
0	41706	0.52149737037	1
0	41716	0.52162237037	1
0	41726	0.52174737037	1
0	41736	0.52187237037	1
0	41746	0.52199737037	1
0	41756	0.52212237037	1
0	41766	0.52224737037	1
0	41776	0.52237237037	1
0	41786	0.52249737037	1
0	41796	0.52262237037	1
0	41806	0.52274737037	1
0	41816	0.52287237037	1
0	41826	0.52299737037	1
0	41836	0.52312237037	1
0	41846	0.52324737037	1
0	41856	0.52337237037	1
0	41866	0.52349737037	1
0	41876	0.52362237037	1
0	41886	0.52374737037	1
0	41896	0.52387237037	1
0	41906	0.52399737037	1
0	41916	0.52412237037	1
0	41926	0.52424737037	1
0	41936	0.52437237037	1
0	41946	0.52449737037	1
0	41956	0.52462237037	1
0	41966	0.52474737037	1
0	41976	0.52487237037	1
0	41986	0.52499737037	1
0	41996	0.52512237037	1
0	42006	0.52524737037	1
0	42016	0.52537237037	1
0	42026	0.52549737037	1
0	42036	0.52562237037	1
0	42046	0.52574737037	1
0	42056	0.52587237037	1
0	42066	0.52599737037	1
0	42076	0.52612237037	1
0	42086	0.52624737037	1
0	42096	0.52637237037	1
0	42106	0.52649737037	1
0	42116	0.52662237037	1
0	42126	0.52674737037	1
0	42136	0.52687237037	1
0	42146	0.52699737037	1
0	42156	0.52712237037	1
0	42166	0.52724737037	1
0	42176	0.52737237037	1
0	42186	0.52749737037	1
0	42196	0.52762237037	1
0	42206	0.52774737037	1
0	42216	0.52787237037	1
0	42226	0.52799737037	1
0	42236	0.52812237037	1
0	42246	0.52824737037	1
0	42256	0.52837237037	1
0	42266	0.52849737037	1
0	42276	0.52862237037	1
0	42286	0.52874737037	1
0	42296	0.52887237037	1
0	42306	0.52899737037	1
0	42316	0.52912237037	1
0	42326	0.52924737037	1
0	42336	0.52937237037	1
0	42346	0.52949737037	1
0	42356	0.52962237037	1
0	42366	0.52974737037	1
0	42376	0.52987237037	1
0	42386	0.52999737037	1
0	42396	0.53012237037	1
0	42406	0.53024737037	1
0	42416	0.53037237037	1
0	42426	0.53049737037	1
0	42436	0.53062237037	1
0	42446	0.53074737037	1
0	42456	0.53087237037	1
0	42466	0.53099737037	1
0	42476	0.53112237037	1
0	42486	0.53124737037	1
0	42496	0.53137237037	1
0	42506	0.53149737037	1
0	42516	0.53162237037	1
0	42526	0.53174737037	1
0	42536	0.53187237037	1
0	42546	0.53199737037	1
0	42556	0.53212237037	1
0	42566	0.53224737037	1
0	42576	0.53237237037	1
0	42586	0.53249737037	1
0	42596	0.53262237037	1
0	42606	0.53274737037	1
0	42616	0.53287237037	1
0	42626	0.53299737037	1
0	42636	0.53312237037	1
0	42646	0.53324737037	1
0	42656	0.53337237037	1
0	42666	0.53349737037	1
0	42676	0.53362237037	1
0	42686	0.53374737037	1
0	42696	0.53387237037	1
0	42706	0.53399737037	1
0	42716	0.53412237037	1
0	42726	0.53424737037	1
0	42736	0.53437237037	1
0	42746	0.53449737037	1
0	42756	0.53462237037	1
0	42766	0.53474737037	1
0	42776	0.53487237037	1
0	42786	0.53499737037	1
0	42796	0.53512237037	1
0	42806	0.53524737037	1
0	42816	0.53537237037	1
0	42826	0.53549737037	1
0	42836	0.53562237037	1
0	42846	0.53574737037	1
0	42856	0.53587237037	1
0	42866	0.53599737037	1
0	42876	0.53612237037	1
0	42886	0.53624737037	1
0	42896	0.53637237037	1
0	42906	0.53649737037	1
0	42916	0.53662237037	1
0	42926	0.53674737037	1
0	42936	0.53687237037	1
0	42946	0.53699737037	1
0	42956	0.53712237037	1
0	42966	0.53724737037	1
0	42976	0.53737237037	1
0	42986	0.53749737037	1
0	42996	0.53762237037	1
0	43006	0.53774737037	1
0	43016	0.53787237037	1
0	43026	0.53799737037	1
0	43036	0.53812237037	1
0	43046	0.53824737037	1
0	43056	0.53837237037	1
0	43066	0.53849737037	1
0	43076	0.53862237037	1
0	43086	0.53874737037	1
0	43096	0.53887237037	1
0	43106	0.53899737037	1
0	43116	0.53912237037	1
0	43126	0.53924737037	1
0	43136	0.53937237037	1
0	43146	0.53949737037	1
0	43156	0.53962237037	1
0	43166	0.53974737037	1
0	43176	0.53987237037	1
0	43186	0.53999737037	1
0	43196	0.54012237037	1
0	43206	0.54024737037	1
0	43216	0.54037237037	1
0	43226	0.54049737037	1
0	43236	0.54062237037	1
0	43246	0.54074737037	1
0	43256	0.54087237037	1
0	43266	0.54099737037	1
0	43276	0.54112237037	1
0	43286	0.54124737037	1
0	43296	0.54137237037	1
0	43306	0.54149737037	1
0	43316	0.54162237037	1
0	43326	0.54174737037	1
0	43336	0.54187237037	1
0	43346	0.54199737037	1
0	43356	0.54212237037	1
0	43366	0.54224737037	1
0	43376	0.54237237037	1
0	43386	0.54249737037	1
0	43396	0.54262237037	1
0	43406	0.54274737037	1
0	43416	0.54287237037	1
0	43426	0.54299737037	1
0	43436	0.54312237037	1
0	43446	0.54324737037	1
0	43456	0.54337237037	1
0	43466	0.54349737037	1
0	43476	0.54362237037	1
0	43486	0.54374737037	1
0	43496	0.54387237037	1
0	43506	0.54399737037	1
0	43516	0.54412237037	1
0	43526	0.54424737037	1
0	43536	0.54437237037	1
0	43546	0.54449737037	1
0	43556	0.54462237037	1
0	43566	0.54474737037	1
0	43576	0.54487237037	1
0	43586	0.54499737037	1
0	43596	0.54512237037	1
0	43606	0.54524737037	1
0	43616	0.54537237037	1
0	43626	0.54549737037	1
0	43636	0.54562237037	1
0	43646	0.54574737037	1
0	43656	0.54587237037	1
0	43666	0.54599737037	1
0	43676	0.54612237037	1
0	43686	0.54624737037	1
0	43696	0.54637237037	1
0	43706	0.54649737037	1
0	43716	0.54662237037	1
0	43726	0.54674737037	1
0	43736	0.54687237037	1
0	43746	0.54699737037	1
0	43756	0.54712237037	1
0	43766	0.54724737037	1
0	43776	0.54737237037	1
0	43786	0.54749737037	1
0	43796	0.54762237037	1
0	43806	0.54774737037	1
0	43816	0.54787237037	1
0	43826	0.54799737037	1
0	43836	0.54812237037	1
0	43846	0.54824737037	1
0	43856	0.54837237037	1
0	43866	0.54849737037	1
0	43876	0.54862237037	1
0	43886	0.54874737037	1
0	43896	0.54887237037	1
0	43906	0.54899737037	1
0	43916	0.54912237037	1
0	43926	0.54924737037	1
0	43936	0.54937237037	1
0	43946	0.54949737037	1
0	43956	0.54962237037	1
0	43966	0.54974737037	1
0	43976	0.54987237037	1
0	43986	0.54999737037	1
0	43996	0.55012237037	1
0	44006	0.55024737037	1
0	44016	0.55037237037	1
0	44026	0.55049737037	1
0	44036	0.55062237037	1
0	44046	0.55074737037	1
0	44056	0.55087237037	1
0	44066	0.55099737037	1
0	44076	0.55112237037	1
0	44086	0.55124737037	1
0	44096	0.55137237037	1
0	44106	0.55149737037	1
0	44116	0.55162237037	1
0	44126	0.55174737037	1
0	44136	0.55187237037	1
0	44146	0.55199737037	1
0	44156	0.55212237037	1
0	44166	0.55224737037	1
0	44176	0.55237237037	1
0	44186	0.55249737037	1
0	44196	0.55262237037	1
0	44206	0.55274737037	1
0	44216	0.55287237037	1
0	44226	0.55299737037	1
0	44236	0.55312237037	1
0	44246	0.55324737037	1
0	44256	0.55337237037	1
0	44266	0.55349737037	1
0	44276	0.55362237037	1
0	44286	0.55374737037	1
0	44296	0.55387237037	1
0	44306	0.55399737037	1
0	44316	0.55412237037	1
0	44326	0.55424737037	1
0	44336	0.55437237037	1
0	44346	0.55449737037	1
0	44356	0.55462237037	1
0	44366	0.55474737037	1
0	44376	0.55487237037	1
0	44386	0.55499737037	1
0	44396	0.55512237037	1
0	44406	0.55524737037	1
0	44416	0.55537237037	1
0	44426	0.55549737037	1
0	44436	0.55562237037	1
0	44446	0.55574737037	1
0	44456	0.55587237037	1
0	44466	0.55599737037	1
0	44476	0.55612237037	1
0	44486	0.55624737037	1
0	44496	0.55637237037	1
0	44506	0.55649737037	1
0	44516	0.55662237037	1
0	44526	0.55674737037	1
0	44536	0.55687237037	1
0	44546	0.55699737037	1
0	44556	0.55712237037	1
0	44566	0.55724737037	1
0	44576	0.55737237037	1
0	44586	0.55749737037	1
0	44596	0.55762237037	1
0	44606	0.55774737037	1
0	44616	0.55787237037	1
0	44626	0.55799737037	1
0	44636	0.55812237037	1
0	44646	0.55824737037	1
0	44656	0.55837237037	1
0	44666	0.55849737037	1
0	44676	0.55862237037	1
0	44686	0.55874737037	1
0	44696	0.55887237037	1
0	44706	0.55899737037	1
0	44716	0.55912237037	1
0	44726	0.55924737037	1
0	44736	0.55937237037	1
0	44746	0.55949737037	1
0	44756	0.55962237037	1
0	44766	0.55974737037	1
0	44776	0.55987237037	1
0	44786	0.55999737037	1
0	44796	0.56012237037	1
0	44806	0.56024737037	1
0	44816	0.56037237037	1
0	44826	0.56049737037	1
0	44836	0.56062237037	1
0	44846	0.56074737037	1
0	44856	0.56087237037	1
0	44866	0.56099737037	1
0	44876	0.56112237037	1
0	44886	0.56124737037	1
0	44896	0.56137237037	1
0	44906	0.56149737037	1
0	44916	0.56162237037	1
0	44926	0.56174737037	1
0	44936	0.56187237037	1
0	44946	0.56199737037	1
0	44956	0.56212237037	1
0	44966	0.56224737037	1
0	44976	0.56237237037	1
0	44986	0.56249737037	1
0	44996	0.56262237037	1
0	45006	0.56274737037	1
0	45016	0.56287237037	1
0	45026	0.56299737037	1
0	45036	0.56312237037	1
0	45046	0.56324737037	1
0	45056	0.56337237037	1
0	45066	0.56349737037	1
0	45076	0.56362237037	1
0	45086	0.56374737037	1
0	45096	0.56387237037	1
0	45106	0.56399737037	1
0	45116	0.56412237037	1
0	45126	0.56424737037	1
0	45136	0.56437237037	1
0	45146	0.56449737037	1
0	45156	0.56462237037	1
0	45166	0.56474737037	1
0	45176	0.56487237037	1
0	45186	0.56499737037	1
0	45196	0.56512237037	1
0	45206	0.56524737037	1
0	45216	0.56537237037	1
0	45226	0.56549737037	1
0	45236	0.56562237037	1
0	45246	0.56574737037	1
0	45256	0.56587237037	1
0	45266	0.56599737037	1
0	45276	0.56612237037	1
0	45286	0.56624737037	1
0	45296	0.56637237037	1
0	45306	0.56649737037	1
0	45316	0.56662237037	1
0	45326	0.56674737037	1
0	45336	0.56687237037	1
0	45346	0.56699737037	1
0	45356	0.56712237037	1
0	45366	0.56724737037	1
0	45376	0.56737237037	1
0	45386	0.56749737037	1
0	45396	0.56762237037	1
0	45406	0.56774737037	1
0	45416	0.56787237037	1
0	45426	0.56799737037	1
0	45436	0.56812237037	1
0	45446	0.56824737037	1
0	45456	0.56837237037	1
0	45466	0.56849737037	1
0	45476	0.56862237037	1
0	45486	0.56874737037	1
0	45496	0.56887237037	1
0	45506	0.56899737037	1
0	45516	0.56912237037	1
0	45526	0.56924737037	1
0	45536	0.56937237037	1
0	45546	0.56949737037	1
0	45556	0.56962237037	1
0	45566	0.56974737037	1
0	45576	0.56987237037	1
0	45586	0.56999737037	1
0	45596	0.57012237037	1
0	45606	0.57024737037	1
0	45616	0.57037237037	1
0	45626	0.57049737037	1
0	45636	0.57062237037	1
0	45646	0.57074737037	1
0	45656	0.57087237037	1
0	45666	0.57099737037	1
0	45676	0.57112237037	1
0	45686	0.57124737037	1
0	45696	0.57137237037	1
0	45706	0.57149737037	1
0	45716	0.57162237037	1
0	45726	0.57174737037	1
0	45736	0.57187237037	1
0	45746	0.57199737037	1
0	45756	0.57212237037	1
0	45766	0.57224737037	1
0	45776	0.57237237037	1
0	45786	0.57249737037	1
0	45796	0.57262237037	1
0	45806	0.57274737037	1
0	45816	0.57287237037	1
0	45826	0.57299737037	1
0	45836	0.57312237037	1
0	45846	0.57324737037	1
0	45856	0.57337237037	1
0	45866	0.57349737037	1
0	45876	0.57362237037	1
0	45886	0.57374737037	1
0	45896	0.57387237037	1
0	45906	0.57399737037	1
0	45916	0.57412237037	1
0	45926	0.57424737037	1
0	45936	0.57437237037	1
0	45946	0.57449737037	1
0	45956	0.57462237037	1
0	45966	0.57474737037	1
0	45976	0.57487237037	1
0	45986	0.57499737037	1
0	45996	0.57512237037	1
0	46006	0.57524737037	1
0	46016	0.57537237037	1
0	46026	0.57549737037	1
0	46036	0.57562237037	1
0	46046	0.57574737037	1
0	46056	0.57587237037	1
0	46066	0.57599737037	1
0	46076	0.57612237037	1
0	46086	0.57624737037	1
0	46096	0.57637237037	1
0	46106	0.57649737037	1
0	46116	0.57662237037	1
0	46126	0.57674737037	1
0	46136	0.57687237037	1
0	46146	0.57699737037	1
0	46156	0.57712237037	1
0	46166	0.57724737037	1
0	46176	0.57737237037	1
0	46186	0.57749737037	1
0	46196	0.57762237037	1
0	46206	0.57774737037	1
0	46216	0.57787237037	1
0	46226	0.57799737037	1
0	46236	0.57812237037	1
0	46246	0.57824737037	1
0	46256	0.57837237037	1
0	46266	0.57849737037	1
0	46276	0.57862237037	1
0	46286	0.57874737037	1
0	46296	0.57887237037	1
0	46306	0.57899737037	1
0	46316	0.57912237037	1
0	46326	0.57924737037	1
0	46336	0.57937237037	1
0	46346	0.57949737037	1
0	46356	0.57962237037	1
0	46366	0.57974737037	1
0	46376	0.57987237037	1
0	46386	0.57999737037	1
0	46396	0.58012237037	1
0	46406	0.58024737037	1
0	46416	0.58037237037	1
0	46426	0.58049737037	1
0	46436	0.58062237037	1
0	46446	0.58074737037	1
0	46456	0.58087237037	1
0	46466	0.58099737037	1
0	46476	0.58112237037	1
0	46486	0.58124737037	1
0	46496	0.58137237037	1
0	46506	0.58149737037	1
0	46516	0.58162237037	1
0	46526	0.58174737037	1
0	46536	0.58187237037	1
0	46546	0.58199737037	1
0	46556	0.58212237037	1
0	46566	0.58224737037	1
0	46576	0.58237237037	1
0	46586	0.58249737037	1
0	46596	0.58262237037	1
0	46606	0.58274737037	1
0	46616	0.58287237037	1
0	46626	0.58299737037	1
0	46636	0.58312237037	1
0	46646	0.58324737037	1
0	46656	0.58337237037	1
0	46666	0.58349737037	1
0	46676	0.58362237037	1
0	46686	0.58374737037	1
0	46696	0.58387237037	1
0	46706	0.58399737037	1
0	46716	0.58412237037	1
0	46726	0.58424737037	1
0	46736	0.58437237037	1
0	46746	0.58449737037	1
0	46756	0.58462237037	1
0	46766	0.58474737037	1
0	46776	0.58487237037	1
0	46786	0.58499737037	1
0	46796	0.58512237037	1
0	46806	0.58524737037	1
0	46816	0.58537237037	1
0	46826	0.58549737037	1
0	46836	0.58562237037	1
0	46846	0.58574737037	1
0	46856	0.58587237037	1
0	46866	0.58599737037	1
0	46876	0.58612237037	1
0	46886	0.58624737037	1
0	46896	0.58637237037	1
0	46906	0.58649737037	1
0	46916	0.58662237037	1
0	46926	0.58674737037	1
0	46936	0.58687237037	1
0	46946	0.58699737037	1
0	46956	0.58712237037	1
0	46966	0.58724737037	1
0	46976	0.58737237037	1
0	46986	0.58749737037	1
0	46996	0.58762237037	1
0	47006	0.58774737037	1
0	47016	0.58787237037	1
0	47026	0.58799737037	1
0	47036	0.58812237037	1
0	47046	0.58824737037	1
0	47056	0.58837237037	1
0	47066	0.58849737037	1
0	47076	0.58862237037	1
0	47086	0.58874737037	1
0	47096	0.58887237037	1
0	47106	0.58899737037	1
0	47116	0.58912237037	1
0	47126	0.58924737037	1
0	47136	0.58937237037	1
0	47146	0.58949737037	1
0	47156	0.58962237037	1
0	47166	0.58974737037	1
0	47176	0.58987237037	1
0	47186	0.58999737037	1
0	47196	0.59012237037	1
0	47206	0.59024737037	1
0	47216	0.59037237037	1
0	47226	0.59049737037	1
0	47236	0.59062237037	1
0	47246	0.59074737037	1
0	47256	0.59087237037	1
0	47266	0.59099737037	1
0	47276	0.59112237037	1
0	47286	0.59124737037	1
0	47296	0.59137237037	1
0	47306	0.59149737037	1
0	47316	0.59162237037	1
0	47326	0.59174737037	1
0	47336	0.59187237037	1
0	47346	0.59199737037	1
0	47356	0.59212237037	1
0	47366	0.59224737037	1
0	47376	0.59237237037	1
0	47386	0.59249737037	1
0	47396	0.59262237037	1
0	47406	0.59274737037	1
0	47416	0.59287237037	1
0	47426	0.59299737037	1
0	47436	0.59312237037	1
0	47446	0.59324737037	1
0	47456	0.59337237037	1
0	47466	0.59349737037	1
0	47476	0.59362237037	1
0	47486	0.59374737037	1
0	47496	0.59387237037	1
0	47506	0.59399737037	1
0	47516	0.59412237037	1
0	47526	0.59424737037	1
0	47536	0.59437237037	1
0	47546	0.59449737037	1
0	47556	0.59462237037	1
0	47566	0.59474737037	1
0	47576	0.59487237037	1
0	47586	0.59499737037	1
0	47596	0.59512237037	1
0	47606	0.59524737037	1
0	47616	0.59537237037	1
0	47626	0.59549737037	1
0	47636	0.59562237037	1
0	47646	0.59574737037	1
0	47656	0.59587237037	1
0	47666	0.59599737037	1
0	47676	0.59612237037	1
0	47686	0.59624737037	1
0	47696	0.59637237037	1
0	47706	0.59649737037	1
0	47716	0.59662237037	1
0	47726	0.59674737037	1
0	47736	0.59687237037	1
0	47746	0.59699737037	1
0	47756	0.59712237037	1
0	47766	0.59724737037	1
0	47776	0.59737237037	1
0	47786	0.59749737037	1
0	47796	0.59762237037	1
0	47806	0.59774737037	1
0	47816	0.59787237037	1
0	47826	0.59799737037	1
0	47836	0.59812237037	1
0	47846	0.59824737037	1
0	47856	0.59837237037	1
0	47866	0.59849737037	1
0	47876	0.59862237037	1
0	47886	0.59874737037	1
0	47896	0.59887237037	1
0	47906	0.59899737037	1
0	47916	0.59912237037	1
0	47926	0.59924737037	1
0	47936	0.59937237037	1
0	47946	0.59949737037	1
0	47956	0.59962237037	1
0	47966	0.59974737037	1
0	47976	0.59987237037	1
0	47986	0.59999737037	1
0	47996	0.60012237037	1
0	48006	0.60024737037	1
0	48016	0.60037237037	1
0	48026	0.60049737037	1
0	48036	0.60062237037	1
0	48046	0.60074737037	1
0	48056	0.60087237037	1
0	48066	0.60099737037	1
0	48076	0.60112237037	1
0	48086	0.60124737037	1
0	48096	0.60137237037	1
0	48106	0.60149737037	1
0	48116	0.60162237037	1
0	48126	0.60174737037	1
0	48136	0.60187237037	1
0	48146	0.60199737037	1
0	48156	0.60212237037	1
0	48166	0.60224737037	1
0	48176	0.60237237037	1
0	48186	0.60249737037	1
0	48196	0.60262237037	1
0	48206	0.60274737037	1
0	48216	0.60287237037	1
0	48226	0.60299737037	1
0	48236	0.60312237037	1
0	48246	0.60324737037	1
0	48256	0.60337237037	1
0	48266	0.60349737037	1
0	48276	0.60362237037	1
0	48286	0.60374737037	1
0	48296	0.60387237037	1
0	48306	0.60399737037	1
0	48316	0.60412237037	1
0	48326	0.60424737037	1
0	48336	0.60437237037	1
0	48346	0.60449737037	1
0	48356	0.60462237037	1
0	48366	0.60474737037	1
0	48376	0.60487237037	1
0	48386	0.60499737037	1
0	48396	0.60512237037	1
0	48406	0.60524737037	1
0	48416	0.60537237037	1
0	48426	0.60549737037	1
0	48436	0.60562237037	1
0	48446	0.60574737037	1
0	48456	0.60587237037	1
0	48466	0.60599737037	1
0	48476	0.60612237037	1
0	48486	0.60624737037	1
0	48496	0.60637237037	1
0	48506	0.60649737037	1
0	48516	0.60662237037	1
0	48526	0.60674737037	1
0	48536	0.60687237037	1
0	48546	0.60699737037	1
0	48556	0.60712237037	1
0	48566	0.60724737037	1
0	48576	0.60737237037	1
0	48586	0.60749737037	1
0	48596	0.60762237037	1
0	48606	0.60774737037	1
0	48616	0.60787237037	1
0	48626	0.60799737037	1
0	48636	0.60812237037	1
0	48646	0.60824737037	1
0	48656	0.60837237037	1
0	48666	0.60849737037	1
0	48676	0.60862237037	1
0	48686	0.60874737037	1
0	48696	0.60887237037	1
0	48706	0.60899737037	1
0	48716	0.60912237037	1
0	48726	0.60924737037	1
0	48736	0.60937237037	1
0	48746	0.60949737037	1
0	48756	0.60962237037	1
0	48766	0.60974737037	1
0	48776	0.60987237037	1
0	48786	0.60999737037	1
0	48796	0.61012237037	1
0	48806	0.61024737037	1
0	48816	0.61037237037	1
0	48826	0.61049737037	1
0	48836	0.61062237037	1
0	48846	0.61074737037	1
0	48856	0.61087237037	1
0	48866	0.61099737037	1
0	48876	0.61112237037	1
0	48886	0.61124737037	1
0	48896	0.61137237037	1
0	48906	0.61149737037	1
0	48916	0.61162237037	1
0	48926	0.61174737037	1
0	48936	0.61187237037	1
0	48946	0.61199737037	1
0	48956	0.61212237037	1
0	48966	0.61224737037	1
0	48976	0.61237237037	1
0	48986	0.61249737037	1
0	48996	0.61262237037	1
0	49006	0.61274737037	1
0	49016	0.61287237037	1
0	49026	0.61299737037	1
0	49036	0.61312237037	1
0	49046	0.61324737037	1
0	49056	0.61337237037	1
0	49066	0.61349737037	1
0	49076	0.61362237037	1
0	49086	0.61374737037	1
0	49096	0.61387237037	1
0	49106	0.61399737037	1
0	49116	0.61412237037	1
0	49126	0.61424737037	1
0	49136	0.61437237037	1
0	49146	0.61449737037	1
0	49156	0.61462237037	1
0	49166	0.61474737037	1
0	49176	0.61487237037	1
0	49186	0.61499737037	1
0	49196	0.61512237037	1
0	49206	0.61524737037	1
0	49216	0.61537237037	1
0	49226	0.61549737037	1
0	49236	0.61562237037	1
0	49246	0.61574737037	1
0	49256	0.61587237037	1
0	49266	0.61599737037	1
0	49276	0.61612237037	1
0	49286	0.61624737037	1
0	49296	0.61637237037	1
0	49306	0.61649737037	1
0	49316	0.61662237037	1
0	49326	0.61674737037	1
0	49336	0.61687237037	1
0	49346	0.61699737037	1
0	49356	0.61712237037	1
0	49366	0.61724737037	1
0	49376	0.61737237037	1
0	49386	0.61749737037	1
0	49396	0.61762237037	1
0	49406	0.61774737037	1
0	49416	0.61787237037	1
0	49426	0.61799737037	1
0	49436	0.61812237037	1
0	49446	0.61824737037	1
0	49456	0.61837237037	1
0	49466	0.61849737037	1
0	49476	0.61862237037	1
0	49486	0.61874737037	1
0	49496	0.61887237037	1
0	49506	0.61899737037	1
0	49516	0.61912237037	1
0	49526	0.61924737037	1
0	49536	0.61937237037	1
0	49546	0.61949737037	1
0	49556	0.61962237037	1
0	49566	0.61974737037	1
0	49576	0.61987237037	1
0	49586	0.61999737037	1
0	49596	0.62012237037	1
0	49606	0.62024737037	1
0	49616	0.62037237037	1
0	49626	0.62049737037	1
0	49636	0.62062237037	1
0	49646	0.62074737037	1
0	49656	0.62087237037	1
0	49666	0.62099737037	1
0	49676	0.62112237037	1
0	49686	0.62124737037	1
0	49696	0.62137237037	1
0	49706	0.62149737037	1
0	49716	0.62162237037	1
0	49726	0.62174737037	1
0	49736	0.62187237037	1
0	49746	0.62199737037	1
0	49756	0.62212237037	1
0	49766	0.62224737037	1
0	49776	0.62237237037	1
0	49786	0.62249737037	1
0	49796	0.62262237037	1
0	49806	0.62274737037	1
0	49816	0.62287237037	1
0	49826	0.62299737037	1
0	49836	0.62312237037	1
0	49846	0.62324737037	1
0	49856	0.62337237037	1
0	49866	0.62349737037	1
0	49876	0.62362237037	1
0	49886	0.62374737037	1
0	49896	0.62387237037	1
0	49906	0.62399737037	1
0	49916	0.62412237037	1
0	49926	0.62424737037	1
0	49936	0.62437237037	1
0	49946	0.62449737037	1
0	49956	0.62462237037	1
0	49966	0.62474737037	1
0	49976	0.62487237037	1
0	49986	0.62499737037	1
0	49996	0.62512237037	1
0	50006	0.62524737037	1
0	50016	0.62537237037	1
0	50026	0.62549737037	1
0	50036	0.62562237037	1
0	50046	0.62574737037	1
0	50056	0.62587237037	1
0	50066	0.62599737037	1
0	50076	0.62612237037	1
0	50086	0.62624737037	1
0	50096	0.62637237037	1
0	50106	0.62649737037	1
0	50116	0.62662237037	1
0	50126	0.62674737037	1
0	50136	0.62687237037	1
0	50146	0.62699737037	1
0	50156	0.62712237037	1
0	50166	0.62724737037	1
0	50176	0.62737237037	1
0	50186	0.62749737037	1
0	50196	0.62762237037	1
0	50206	0.62774737037	1
0	50216	0.62787237037	1
0	50226	0.62799737037	1
0	50236	0.62812237037	1
0	50246	0.62824737037	1
0	50256	0.62837237037	1
0	50266	0.62849737037	1
0	50276	0.62862237037	1
0	50286	0.62874737037	1
0	50296	0.62887237037	1
0	50306	0.62899737037	1
0	50316	0.62912237037	1
0	50326	0.62924737037	1
0	50336	0.62937237037	1
0	50346	0.62949737037	1
0	50356	0.62962237037	1
0	50366	0.62974737037	1
0	50376	0.62987237037	1
0	50386	0.62999737037	1
0	50396	0.63012237037	1
0	50406	0.63024737037	1
0	50416	0.63037237037	1
0	50426	0.63049737037	1
0	50436	0.63062237037	1
0	50446	0.63074737037	1
0	50456	0.63087237037	1
0	50466	0.63099737037	1
0	50476	0.63112237037	1
0	50486	0.63124737037	1
0	50496	0.63137237037	1
0	50506	0.63149737037	1
0	50516	0.63162237037	1
0	50526	0.63174737037	1
0	50536	0.63187237037	1
0	50546	0.63199737037	1
0	50556	0.63212237037	1
0	50566	0.63224737037	1
0	50576	0.63237237037	1
0	50586	0.63249737037	1
0	50596	0.63262237037	1
0	50606	0.63274737037	1
0	50616	0.63287237037	1
0	50626	0.63299737037	1
0	50636	0.63312237037	1
0	50646	0.63324737037	1
0	50656	0.63337237037	1
0	50666	0.63349737037	1
0	50676	0.63362237037	1
0	50686	0.63374737037	1
0	50696	0.63387237037	1
0	50706	0.63399737037	1
0	50716	0.63412237037	1
0	50726	0.63424737037	1
0	50736	0.63437237037	1
0	50746	0.63449737037	1
0	50756	0.63462237037	1
0	50766	0.63474737037	1
0	50776	0.63487237037	1
0	50786	0.63499737037	1
0	50796	0.63512237037	1
0	50806	0.63524737037	1
0	50816	0.63537237037	1
0	50826	0.63549737037	1
0	50836	0.63562237037	1
0	50846	0.63574737037	1
0	50856	0.63587237037	1
0	50866	0.63599737037	1
0	50876	0.63612237037	1
0	50886	0.63624737037	1
0	50896	0.63637237037	1
0	50906	0.63649737037	1
0	50916	0.63662237037	1
0	50926	0.63674737037	1
0	50936	0.63687237037	1
0	50946	0.63699737037	1
0	50956	0.63712237037	1
0	50966	0.63724737037	1
0	50976	0.63737237037	1
0	50986	0.63749737037	1
0	50996	0.63762237037	1
0	51006	0.63774737037	1
0	51016	0.63787237037	1
0	51026	0.63799737037	1
0	51036	0.63812237037	1
0	51046	0.63824737037	1
0	51056	0.63837237037	1
0	51066	0.63849737037	1
0	51076	0.63862237037	1
0	51086	0.63874737037	1
0	51096	0.63887237037	1
0	51106	0.63899737037	1
0	51116	0.63912237037	1
0	51126	0.63924737037	1
0	51136	0.63937237037	1
0	51146	0.63949737037	1
0	51156	0.63962237037	1
0	51166	0.63974737037	1
0	51176	0.63987237037	1
0	51186	0.63999737037	1
0	51196	0.64012237037	1
0	51206	0.64024737037	1
0	51216	0.64037237037	1
0	51226	0.64049737037	1
0	51236	0.64062237037	1
0	51246	0.64074737037	1
0	51256	0.64087237037	1
0	51266	0.64099737037	1
0	51276	0.64112237037	1
0	51286	0.64124737037	1
0	51296	0.64137237037	1
0	51306	0.64149737037	1
0	51316	0.64162237037	1
0	51326	0.64174737037	1
0	51336	0.64187237037	1
0	51346	0.64199737037	1
0	51356	0.64212237037	1
0	51366	0.64224737037	1
0	51376	0.64237237037	1
0	51386	0.64249737037	1
0	51396	0.64262237037	1
0	51406	0.64274737037	1
0	51416	0.64287237037	1
0	51426	0.64299737037	1
0	51436	0.64312237037	1
0	51446	0.64324737037	1
0	51456	0.64337237037	1
0	51466	0.64349737037	1
0	51476	0.64362237037	1
0	51486	0.64374737037	1
0	51496	0.64387237037	1
0	51506	0.64399737037	1
0	51516	0.64412237037	1
0	51526	0.64424737037	1
0	51536	0.64437237037	1
0	51546	0.64449737037	1
0	51556	0.64462237037	1
0	51566	0.64474737037	1
0	51576	0.64487237037	1
0	51586	0.64499737037	1
0	51596	0.64512237037	1
0	51606	0.64524737037	1
0	51616	0.64537237037	1
0	51626	0.64549737037	1
0	51636	0.64562237037	1
0	51646	0.64574737037	1
0	51656	0.64587237037	1
0	51666	0.64599737037	1
0	51676	0.64612237037	1
0	51686	0.64624737037	1
0	51696	0.64637237037	1
0	51706	0.64649737037	1
0	51716	0.64662237037	1
0	51726	0.64674737037	1
0	51736	0.64687237037	1
0	51746	0.64699737037	1
0	51756	0.64712237037	1
0	51766	0.64724737037	1
0	51776	0.64737237037	1
0	51786	0.64749737037	1
0	51796	0.64762237037	1
0	51806	0.64774737037	1
0	51816	0.64787237037	1
0	51826	0.64799737037	1
0	51836	0.64812237037	1
0	51846	0.64824737037	1
0	51856	0.64837237037	1
0	51866	0.64849737037	1
0	51876	0.64862237037	1
0	51886	0.64874737037	1
0	51896	0.64887237037	1
0	51906	0.64899737037	1
0	51916	0.64912237037	1
0	51926	0.64924737037	1
0	51936	0.64937237037	1
0	51946	0.64949737037	1
0	51956	0.64962237037	1
0	51966	0.64974737037	1
0	51976	0.64987237037	1
0	51986	0.64999737037	1
0	51996	0.65012237037	1
0	52006	0.65024737037	1
0	52016	0.65037237037	1
0	52026	0.65049737037	1
0	52036	0.65062237037	1
0	52046	0.65074737037	1
0	52056	0.65087237037	1
0	52066	0.65099737037	1
0	52076	0.65112237037	1
0	52086	0.65124737037	1
0	52096	0.65137237037	1
0	52106	0.65149737037	1
0	52116	0.65162237037	1
0	52126	0.65174737037	1
0	52136	0.65187237037	1
0	52146	0.65199737037	1
0	52156	0.65212237037	1
0	52166	0.65224737037	1
0	52176	0.65237237037	1
0	52186	0.65249737037	1
0	52196	0.65262237037	1
0	52206	0.65274737037	1
0	52216	0.65287237037	1
0	52226	0.65299737037	1
0	52236	0.65312237037	1
0	52246	0.65324737037	1
0	52256	0.65337237037	1
0	52266	0.65349737037	1
0	52276	0.65362237037	1
0	52286	0.65374737037	1
0	52296	0.65387237037	1
0	52306	0.65399737037	1
0	52316	0.65412237037	1
0	52326	0.65424737037	1
0	52336	0.65437237037	1
0	52346	0.65449737037	1
0	52356	0.65462237037	1
0	52366	0.65474737037	1
0	52376	0.65487237037	1
0	52386	0.65499737037	1
0	52396	0.65512237037	1
0	52406	0.65524737037	1
0	52416	0.65537237037	1
0	52426	0.65549737037	1
0	52436	0.65562237037	1
0	52446	0.65574737037	1
0	52456	0.65587237037	1
0	52466	0.65599737037	1
0	52476	0.65612237037	1
0	52486	0.65624737037	1
0	52496	0.65637237037	1
0	52506	0.65649737037	1
0	52516	0.65662237037	1
0	52526	0.65674737037	1
0	52536	0.65687237037	1
0	52546	0.65699737037	1
0	52556	0.65712237037	1
0	52566	0.65724737037	1
0	52576	0.65737237037	1
0	52586	0.65749737037	1
0	52596	0.65762237037	1
0	52606	0.65774737037	1
0	52616	0.65787237037	1
0	52626	0.65799737037	1
0	52636	0.65812237037	1
0	52646	0.65824737037	1
0	52656	0.65837237037	1
0	52666	0.65849737037	1
0	52676	0.65862237037	1
0	52686	0.65874737037	1
0	52696	0.65887237037	1
0	52706	0.65899737037	1
0	52716	0.65912237037	1
0	52726	0.65924737037	1
0	52736	0.65937237037	1
0	52746	0.65949737037	1
0	52756	0.65962237037	1
0	52766	0.65974737037	1
0	52776	0.65987237037	1
0	52786	0.65999737037	1
0	52796	0.66012237037	1
0	52806	0.66024737037	1
0	52816	0.66037237037	1
0	52826	0.66049737037	1
0	52836	0.66062237037	1
0	52846	0.66074737037	1
0	52856	0.66087237037	1
0	52866	0.66099737037	1
0	52876	0.66112237037	1
0	52886	0.66124737037	1
0	52896	0.66137237037	1
0	52906	0.66149737037	1
0	52916	0.66162237037	1
0	52926	0.66174737037	1
0	52936	0.66187237037	1
0	52946	0.66199737037	1
0	52956	0.66212237037	1
0	52966	0.66224737037	1
0	52976	0.66237237037	1
0	52986	0.66249737037	1
0	52996	0.66262237037	1
0	53006	0.66274737037	1
0	53016	0.66287237037	1
0	53026	0.66299737037	1
0	53036	0.66312237037	1
0	53046	0.66324737037	1
0	53056	0.66337237037	1
0	53066	0.66349737037	1
0	53076	0.66362237037	1
0	53086	0.66374737037	1
0	53096	0.66387237037	1
0	53106	0.66399737037	1
0	53116	0.66412237037	1
0	53126	0.66424737037	1
0	53136	0.66437237037	1
0	53146	0.66449737037	1
0	53156	0.66462237037	1
0	53166	0.66474737037	1
0	53176	0.66487237037	1
0	53186	0.66499737037	1
0	53196	0.66512237037	1
0	53206	0.66524737037	1
0	53216	0.66537237037	1
0	53226	0.66549737037	1
0	53236	0.66562237037	1
0	53246	0.66574737037	1
0	53256	0.66587237037	1
0	53266	0.66599737037	1
0	53276	0.66612237037	1
0	53286	0.66624737037	1
0	53296	0.66637237037	1
0	53306	0.66649737037	1
0	53316	0.66662237037	1
0	53326	0.66674737037	1
0	53336	0.66687237037	1
0	53346	0.66699737037	1
0	53356	0.66712237037	1
0	53366	0.66724737037	1
0	53376	0.66737237037	1
0	53386	0.66749737037	1
0	53396	0.66762237037	1
0	53406	0.66774737037	1
0	53416	0.66787237037	1
0	53426	0.66799737037	1
0	53436	0.66812237037	1
0	53446	0.66824737037	1
0	53456	0.66837237037	1
0	53466	0.66849737037	1
0	53476	0.66862237037	1
0	53486	0.66874737037	1
0	53496	0.66887237037	1
0	53506	0.66899737037	1
0	53516	0.66912237037	1
0	53526	0.66924737037	1
0	53536	0.66937237037	1
0	53546	0.66949737037	1
0	53556	0.66962237037	1
0	53566	0.66974737037	1
0	53576	0.66987237037	1
0	53586	0.66999737037	1
0	53596	0.67012237037	1
0	53606	0.67024737037	1
0	53616	0.67037237037	1
0	53626	0.67049737037	1
0	53636	0.67062237037	1
0	53646	0.67074737037	1
0	53656	0.67087237037	1
0	53666	0.67099737037	1
0	53676	0.67112237037	1
0	53686	0.67124737037	1
0	53696	0.67137237037	1
0	53706	0.67149737037	1
0	53716	0.67162237037	1
0	53726	0.67174737037	1
0	53736	0.67187237037	1
0	53746	0.67199737037	1
0	53756	0.67212237037	1
0	53766	0.67224737037	1
0	53776	0.67237237037	1
0	53786	0.67249737037	1
0	53796	0.67262237037	1
0	53806	0.67274737037	1
0	53816	0.67287237037	1
0	53826	0.67299737037	1
0	53836	0.67312237037	1
0	53846	0.67324737037	1
0	53856	0.67337237037	1
0	53866	0.67349737037	1
0	53876	0.67362237037	1
0	53886	0.67374737037	1
0	53896	0.67387237037	1
0	53906	0.67399737037	1
0	53916	0.67412237037	1
0	53926	0.67424737037	1
0	53936	0.67437237037	1
0	53946	0.67449737037	1
0	53956	0.67462237037	1
0	53966	0.67474737037	1
0	53976	0.67487237037	1
0	53986	0.67499737037	1
0	53996	0.67512237037	1
0	54006	0.67524737037	1
0	54016	0.67537237037	1
0	54026	0.67549737037	1
0	54036	0.67562237037	1
0	54046	0.67574737037	1
0	54056	0.67587237037	1
0	54066	0.67599737037	1
0	54076	0.67612237037	1
0	54086	0.67624737037	1
0	54096	0.67637237037	1
0	54106	0.67649737037	1
0	54116	0.67662237037	1
0	54126	0.67674737037	1
0	54136	0.67687237037	1
0	54146	0.67699737037	1
0	54156	0.67712237037	1
0	54166	0.67724737037	1
0	54176	0.67737237037	1
0	54186	0.67749737037	1
0	54196	0.67762237037	1
0	54206	0.67774737037	1
0	54216	0.67787237037	1
0	54226	0.67799737037	1
0	54236	0.67812237037	1
0	54246	0.67824737037	1
0	54256	0.67837237037	1
0	54266	0.67849737037	1
0	54276	0.67862237037	1
0	54286	0.67874737037	1
0	54296	0.67887237037	1
0	54306	0.67899737037	1
0	54316	0.67912237037	1
0	54326	0.67924737037	1
0	54336	0.67937237037	1
0	54346	0.67949737037	1
0	54356	0.67962237037	1
0	54366	0.67974737037	1
0	54376	0.67987237037	1
0	54386	0.67999737037	1
0	54396	0.68012237037	1
0	54406	0.68024737037	1
0	54416	0.68037237037	1
0	54426	0.68049737037	1
0	54436	0.68062237037	1
0	54446	0.68074737037	1
0	54456	0.68087237037	1
0	54466	0.68099737037	1
0	54476	0.68112237037	1
0	54486	0.68124737037	1
0	54496	0.68137237037	1
0	54506	0.68149737037	1
0	54516	0.68162237037	1
0	54526	0.68174737037	1
0	54536	0.68187237037	1
0	54546	0.68199737037	1
0	54556	0.68212237037	1
0	54566	0.68224737037	1
0	54576	0.68237237037	1
0	54586	0.68249737037	1
0	54596	0.68262237037	1
0	54606	0.68274737037	1
0	54616	0.68287237037	1
0	54626	0.68299737037	1
0	54636	0.68312237037	1
0	54646	0.68324737037	1
0	54656	0.68337237037	1
0	54666	0.68349737037	1
0	54676	0.68362237037	1
0	54686	0.68374737037	1
0	54696	0.68387237037	1
0	54706	0.68399737037	1
0	54716	0.68412237037	1
0	54726	0.68424737037	1
0	54736	0.68437237037	1
0	54746	0.68449737037	1
0	54756	0.68462237037	1
0	54766	0.68474737037	1
0	54776	0.68487237037	1
0	54786	0.68499737037	1
0	54796	0.68512237037	1
0	54806	0.68524737037	1
0	54816	0.68537237037	1
0	54826	0.68549737037	1
0	54836	0.68562237037	1
0	54846	0.68574737037	1
0	54856	0.68587237037	1
0	54866	0.68599737037	1
0	54876	0.68612237037	1
0	54886	0.68624737037	1
0	54896	0.68637237037	1
0	54906	0.68649737037	1
0	54916	0.68662237037	1
0	54926	0.68674737037	1
0	54936	0.68687237037	1
0	54946	0.68699737037	1
0	54956	0.68712237037	1
0	54966	0.68724737037	1
0	54976	0.68737237037	1
0	54986	0.68749737037	1
0	54996	0.68762237037	1
0	55006	0.68774737037	1
0	55016	0.68787237037	1
0	55026	0.68799737037	1
0	55036	0.68812237037	1
0	55046	0.68824737037	1
0	55056	0.68837237037	1
0	55066	0.68849737037	1
0	55076	0.68862237037	1
0	55086	0.68874737037	1
0	55096	0.68887237037	1
0	55106	0.68899737037	1
0	55116	0.68912237037	1
0	55126	0.68924737037	1
0	55136	0.68937237037	1
0	55146	0.68949737037	1
0	55156	0.68962237037	1
0	55166	0.68974737037	1
0	55176	0.68987237037	1
0	55186	0.68999737037	1
0	55196	0.69012237037	1
0	55206	0.69024737037	1
0	55216	0.69037237037	1
0	55226	0.69049737037	1
0	55236	0.69062237037	1
0	55246	0.69074737037	1
0	55256	0.69087237037	1
0	55266	0.69099737037	1
0	55276	0.69112237037	1
0	55286	0.69124737037	1
0	55296	0.69137237037	1
0	55306	0.69149737037	1
0	55316	0.69162237037	1
0	55326	0.69174737037	1
0	55336	0.69187237037	1
0	55346	0.69199737037	1
0	55356	0.69212237037	1
0	55366	0.69224737037	1
0	55376	0.69237237037	1
0	55386	0.69249737037	1
0	55396	0.69262237037	1
0	55406	0.69274737037	1
0	55416	0.69287237037	1
0	55426	0.69299737037	1
0	55436	0.69312237037	1
0	55446	0.69324737037	1
0	55456	0.69337237037	1
0	55466	0.69349737037	1
0	55476	0.69362237037	1
0	55486	0.69374737037	1
0	55496	0.69387237037	1
0	55506	0.69399737037	1
0	55516	0.69412237037	1
0	55526	0.69424737037	1
0	55536	0.69437237037	1
0	55546	0.69449737037	1
0	55556	0.69462237037	1
0	55566	0.69474737037	1
0	55576	0.69487237037	1
0	55586	0.69499737037	1
0	55596	0.69512237037	1
0	55606	0.69524737037	1
0	55616	0.69537237037	1
0	55626	0.69549737037	1
0	55636	0.69562237037	1
0	55646	0.69574737037	1
0	55656	0.69587237037	1
0	55666	0.69599737037	1
0	55676	0.69612237037	1
0	55686	0.69624737037	1
0	55696	0.69637237037	1
0	55706	0.69649737037	1
0	55716	0.69662237037	1
0	55726	0.69674737037	1
0	55736	0.69687237037	1
0	55746	0.69699737037	1
0	55756	0.69712237037	1
0	55766	0.69724737037	1
0	55776	0.69737237037	1
0	55786	0.69749737037	1
0	55796	0.69762237037	1
0	55806	0.69774737037	1
0	55816	0.69787237037	1
0	55826	0.69799737037	1
0	55836	0.69812237037	1
0	55846	0.69824737037	1
0	55856	0.69837237037	1
0	55866	0.69849737037	1
0	55876	0.69862237037	1
0	55886	0.69874737037	1
0	55896	0.69887237037	1
0	55906	0.69899737037	1
0	55916	0.69912237037	1
0	55926	0.69924737037	1
0	55936	0.69937237037	1
0	55946	0.69949737037	1
0	55956	0.69962237037	1
0	55966	0.69974737037	1
0	55976	0.69987237037	1
0	55986	0.69999737037	1
0	55996	0.70012237037	1
0	56006	0.70024737037	1
0	56016	0.70037237037	1
0	56026	0.70049737037	1
0	56036	0.70062237037	1
0	56046	0.70074737037	1
0	56056	0.70087237037	1
0	56066	0.70099737037	1
0	56076	0.70112237037	1
0	56086	0.70124737037	1
0	56096	0.70137237037	1
0	56106	0.70149737037	1
0	56116	0.70162237037	1
0	56126	0.70174737037	1
0	56136	0.70187237037	1
0	56146	0.70199737037	1
0	56156	0.70212237037	1
0	56166	0.70224737037	1
0	56176	0.70237237037	1
0	56186	0.70249737037	1
0	56196	0.70262237037	1
0	56206	0.70274737037	1
0	56216	0.70287237037	1
0	56226	0.70299737037	1
0	56236	0.70312237037	1
0	56246	0.70324737037	1
0	56256	0.70337237037	1
0	56266	0.70349737037	1
0	56276	0.70362237037	1
0	56286	0.70374737037	1
0	56296	0.70387237037	1
0	56306	0.70399737037	1
0	56316	0.70412237037	1
0	56326	0.70424737037	1
0	56336	0.70437237037	1
0	56346	0.70449737037	1
0	56356	0.70462237037	1
0	56366	0.70474737037	1
0	56376	0.70487237037	1
0	56386	0.70499737037	1
0	56396	0.70512237037	1
0	56406	0.70524737037	1
0	56416	0.70537237037	1
0	56426	0.70549737037	1
0	56436	0.70562237037	1
0	56446	0.70574737037	1
0	56456	0.70587237037	1
0	56466	0.70599737037	1
0	56476	0.70612237037	1
0	56486	0.70624737037	1
0	56496	0.70637237037	1
0	56506	0.70649737037	1
0	56516	0.70662237037	1
0	56526	0.70674737037	1
0	56536	0.70687237037	1
0	56546	0.70699737037	1
0	56556	0.70712237037	1
0	56566	0.70724737037	1
0	56576	0.70737237037	1
0	56586	0.70749737037	1
0	56596	0.70762237037	1
0	56606	0.70774737037	1
0	56616	0.70787237037	1
0	56626	0.70799737037	1
0	56636	0.70812237037	1
0	56646	0.70824737037	1
0	56656	0.70837237037	1
0	56666	0.70849737037	1
0	56676	0.70862237037	1
0	56686	0.70874737037	1
0	56696	0.70887237037	1
0	56706	0.70899737037	1
0	56716	0.70912237037	1
0	56726	0.70924737037	1
0	56736	0.70937237037	1
0	56746	0.70949737037	1
0	56756	0.70962237037	1
0	56766	0.70974737037	1
0	56776	0.70987237037	1
0	56786	0.70999737037	1
0	56796	0.71012237037	1
0	56806	0.71024737037	1
0	56816	0.71037237037	1
0	56826	0.71049737037	1
0	56836	0.71062237037	1
0	56846	0.71074737037	1
0	56856	0.71087237037	1
0	56866	0.71099737037	1
0	56876	0.71112237037	1
0	56886	0.71124737037	1
0	56896	0.71137237037	1
0	56906	0.71149737037	1
0	56916	0.71162237037	1
0	56926	0.71174737037	1
0	56936	0.71187237037	1
0	56946	0.71199737037	1
0	56956	0.71212237037	1
0	56966	0.71224737037	1
0	56976	0.71237237037	1
0	56986	0.71249737037	1
0	56996	0.71262237037	1
0	57006	0.71274737037	1
0	57016	0.71287237037	1
0	57026	0.71299737037	1
0	57036	0.71312237037	1
0	57046	0.71324737037	1
0	57056	0.71337237037	1
0	57066	0.71349737037	1
0	57076	0.71362237037	1
0	57086	0.71374737037	1
0	57096	0.71387237037	1
0	57106	0.71399737037	1
0	57116	0.71412237037	1
0	57126	0.71424737037	1
0	57136	0.71437237037	1
0	57146	0.71449737037	1
0	57156	0.71462237037	1
0	57166	0.71474737037	1
0	57176	0.71487237037	1
0	57186	0.71499737037	1
0	57196	0.71512237037	1
0	57206	0.71524737037	1
0	57216	0.71537237037	1
0	57226	0.71549737037	1
0	57236	0.71562237037	1
0	57246	0.71574737037	1
0	57256	0.71587237037	1
0	57266	0.71599737037	1
0	57276	0.71612237037	1
0	57286	0.71624737037	1
0	57296	0.71637237037	1
0	57306	0.71649737037	1
0	57316	0.71662237037	1
0	57326	0.71674737037	1
0	57336	0.71687237037	1
0	57346	0.71699737037	1
0	57356	0.71712237037	1
0	57366	0.71724737037	1
0	57376	0.71737237037	1
0	57386	0.71749737037	1
0	57396	0.71762237037	1
0	57406	0.71774737037	1
0	57416	0.71787237037	1
0	57426	0.71799737037	1
0	57436	0.71812237037	1
0	57446	0.71824737037	1
0	57456	0.71837237037	1
0	57466	0.71849737037	1
0	57476	0.71862237037	1
0	57486	0.71874737037	1
0	57496	0.71887237037	1
0	57506	0.71899737037	1
0	57516	0.71912237037	1
0	57526	0.71924737037	1
0	57536	0.71937237037	1
0	57546	0.71949737037	1
0	57556	0.71962237037	1
0	57566	0.71974737037	1
0	57576	0.71987237037	1
0	57586	0.71999737037	1
0	57596	0.72012237037	1
0	57606	0.72024737037	1
0	57616	0.72037237037	1
0	57626	0.72049737037	1
0	57636	0.72062237037	1
0	57646	0.72074737037	1
0	57656	0.72087237037	1
0	57666	0.72099737037	1
0	57676	0.72112237037	1
0	57686	0.72124737037	1
0	57696	0.72137237037	1
0	57706	0.72149737037	1
0	57716	0.72162237037	1
0	57726	0.72174737037	1
0	57736	0.72187237037	1
0	57746	0.72199737037	1
0	57756	0.72212237037	1
0	57766	0.72224737037	1
0	57776	0.72237237037	1
0	57786	0.72249737037	1
0	57796	0.72262237037	1
0	57806	0.72274737037	1
0	57816	0.72287237037	1
0	57826	0.72299737037	1
0	57836	0.72312237037	1
0	57846	0.72324737037	1
0	57856	0.72337237037	1
0	57866	0.72349737037	1
0	57876	0.72362237037	1
0	57886	0.72374737037	1
0	57896	0.72387237037	1
0	57906	0.72399737037	1
0	57916	0.72412237037	1
0	57926	0.72424737037	1
0	57936	0.72437237037	1
0	57946	0.72449737037	1
0	57956	0.72462237037	1
0	57966	0.72474737037	1
0	57976	0.72487237037	1
0	57986	0.72499737037	1
0	57996	0.72512237037	1
0	58006	0.72524737037	1
0	58016	0.72537237037	1
0	58026	0.72549737037	1
0	58036	0.72562237037	1
0	58046	0.72574737037	1
0	58056	0.72587237037	1
0	58066	0.72599737037	1
0	58076	0.72612237037	1
0	58086	0.72624737037	1
0	58096	0.72637237037	1
0	58106	0.72649737037	1
0	58116	0.72662237037	1
0	58126	0.72674737037	1
0	58136	0.72687237037	1
0	58146	0.72699737037	1
0	58156	0.72712237037	1
0	58166	0.72724737037	1
0	58176	0.72737237037	1
0	58186	0.72749737037	1
0	58196	0.72762237037	1
0	58206	0.72774737037	1
0	58216	0.72787237037	1
0	58226	0.72799737037	1
0	58236	0.72812237037	1
0	58246	0.72824737037	1
0	58256	0.72837237037	1
0	58266	0.72849737037	1
0	58276	0.72862237037	1
0	58286	0.72874737037	1
0	58296	0.72887237037	1
0	58306	0.72899737037	1
0	58316	0.72912237037	1
0	58326	0.72924737037	1
0	58336	0.72937237037	1
0	58346	0.72949737037	1
0	58356	0.72962237037	1
0	58366	0.72974737037	1
0	58376	0.72987237037	1
0	58386	0.72999737037	1
0	58396	0.73012237037	1
0	58406	0.73024737037	1
0	58416	0.73037237037	1
0	58426	0.73049737037	1
0	58436	0.73062237037	1
0	58446	0.73074737037	1
0	58456	0.73087237037	1
0	58466	0.73099737037	1
0	58476	0.73112237037	1
0	58486	0.73124737037	1
0	58496	0.73137237037	1
0	58506	0.73149737037	1
0	58516	0.73162237037	1
0	58526	0.73174737037	1
0	58536	0.73187237037	1
0	58546	0.73199737037	1
0	58556	0.73212237037	1
0	58566	0.73224737037	1
0	58576	0.73237237037	1
0	58586	0.73249737037	1
0	58596	0.73262237037	1
0	58606	0.73274737037	1
0	58616	0.73287237037	1
0	58626	0.73299737037	1
0	58636	0.73312237037	1
0	58646	0.73324737037	1
0	58656	0.73337237037	1
0	58666	0.73349737037	1
0	58676	0.73362237037	1
0	58686	0.73374737037	1
0	58696	0.73387237037	1
0	58706	0.73399737037	1
0	58716	0.73412237037	1
0	58726	0.73424737037	1
0	58736	0.73437237037	1
0	58746	0.73449737037	1
0	58756	0.73462237037	1
0	58766	0.73474737037	1
0	58776	0.73487237037	1
0	58786	0.73499737037	1
0	58796	0.73512237037	1
0	58806	0.73524737037	1
0	58816	0.73537237037	1
0	58826	0.73549737037	1
0	58836	0.73562237037	1
0	58846	0.73574737037	1
0	58856	0.73587237037	1
0	58866	0.73599737037	1
0	58876	0.73612237037	1
0	58886	0.73624737037	1
0	58896	0.73637237037	1
0	58906	0.73649737037	1
0	58916	0.73662237037	1
0	58926	0.73674737037	1
0	58936	0.73687237037	1
0	58946	0.73699737037	1
0	58956	0.73712237037	1
0	58966	0.73724737037	1
0	58976	0.73737237037	1
0	58986	0.73749737037	1
0	58996	0.73762237037	1
0	59006	0.73774737037	1
0	59016	0.73787237037	1
0	59026	0.73799737037	1
0	59036	0.73812237037	1
0	59046	0.73824737037	1
0	59056	0.73837237037	1
0	59066	0.73849737037	1
0	59076	0.73862237037	1
0	59086	0.73874737037	1
0	59096	0.73887237037	1
0	59106	0.73899737037	1
0	59116	0.73912237037	1
0	59126	0.73924737037	1
0	59136	0.73937237037	1
0	59146	0.73949737037	1
0	59156	0.73962237037	1
0	59166	0.73974737037	1
0	59176	0.73987237037	1
0	59186	0.73999737037	1
0	59196	0.74012237037	1
0	59206	0.74024737037	1
0	59216	0.74037237037	1
0	59226	0.74049737037	1
0	59236	0.74062237037	1
0	59246	0.74074737037	1
0	59256	0.74087237037	1
0	59266	0.74099737037	1
0	59276	0.74112237037	1
0	59286	0.74124737037	1
0	59296	0.74137237037	1
0	59306	0.74149737037	1
0	59316	0.74162237037	1
0	59326	0.74174737037	1
0	59336	0.74187237037	1
0	59346	0.74199737037	1
0	59356	0.74212237037	1
0	59366	0.74224737037	1
0	59376	0.74237237037	1
0	59386	0.74249737037	1
0	59396	0.74262237037	1
0	59406	0.74274737037	1
0	59416	0.74287237037	1
0	59426	0.74299737037	1
0	59436	0.74312237037	1
0	59446	0.74324737037	1
0	59456	0.74337237037	1
0	59466	0.74349737037	1
0	59476	0.74362237037	1
0	59486	0.74374737037	1
0	59496	0.74387237037	1
0	59506	0.74399737037	1
0	59516	0.74412237037	1
0	59526	0.74424737037	1
0	59536	0.74437237037	1
0	59546	0.74449737037	1
0	59556	0.74462237037	1
0	59566	0.74474737037	1
0	59576	0.74487237037	1
0	59586	0.74499737037	1
0	59596	0.74512237037	1
0	59606	0.74524737037	1
0	59616	0.74537237037	1
0	59626	0.74549737037	1
0	59636	0.74562237037	1
0	59646	0.74574737037	1
0	59656	0.74587237037	1
0	59666	0.74599737037	1
0	59676	0.74612237037	1
0	59686	0.74624737037	1
0	59696	0.74637237037	1
0	59706	0.74649737037	1
0	59716	0.74662237037	1
0	59726	0.74674737037	1
0	59736	0.74687237037	1
0	59746	0.74699737037	1
0	59756	0.74712237037	1
0	59766	0.74724737037	1
0	59776	0.74737237037	1
0	59786	0.74749737037	1
0	59796	0.74762237037	1
0	59806	0.74774737037	1
0	59816	0.74787237037	1
0	59826	0.74799737037	1
0	59836	0.74812237037	1
0	59846	0.74824737037	1
0	59856	0.74837237037	1
0	59866	0.74849737037	1
0	59876	0.74862237037	1
0	59886	0.74874737037	1
0	59896	0.74887237037	1
0	59906	0.74899737037	1
0	59916	0.74912237037	1
0	59926	0.74924737037	1
0	59936	0.74937237037	1
0	59946	0.74949737037	1
0	59956	0.74962237037	1
0	59966	0.74974737037	1
0	59976	0.74987237037	1
0	59986	0.74999737037	1
0	59996	0.75012237037	1
0	60006	0.75024737037	1
0	60016	0.75037237037	1
0	60026	0.75049737037	1
0	60036	0.75062237037	1
0	60046	0.75074737037	1
0	60056	0.75087237037	1
0	60066	0.75099737037	1
0	60076	0.75112237037	1
0	60086	0.75124737037	1
0	60096	0.75137237037	1
0	60106	0.75149737037	1
0	60116	0.75162237037	1
0	60126	0.75174737037	1
0	60136	0.75187237037	1
0	60146	0.75199737037	1
0	60156	0.75212237037	1
0	60166	0.75224737037	1
0	60176	0.75237237037	1
0	60186	0.75249737037	1
0	60196	0.75262237037	1
0	60206	0.75274737037	1
0	60216	0.75287237037	1
0	60226	0.75299737037	1
0	60236	0.75312237037	1
0	60246	0.75324737037	1
0	60256	0.75337237037	1
0	60266	0.75349737037	1
0	60276	0.75362237037	1
0	60286	0.75374737037	1
0	60296	0.75387237037	1
0	60306	0.75399737037	1
0	60316	0.75412237037	1
0	60326	0.75424737037	1
0	60336	0.75437237037	1
0	60346	0.75449737037	1
0	60356	0.75462237037	1
0	60366	0.75474737037	1
0	60376	0.75487237037	1
0	60386	0.75499737037	1
0	60396	0.75512237037	1
0	60406	0.75524737037	1
0	60416	0.75537237037	1
0	60426	0.75549737037	1
0	60436	0.75562237037	1
0	60446	0.75574737037	1
0	60456	0.75587237037	1
0	60466	0.75599737037	1
0	60476	0.75612237037	1
0	60486	0.75624737037	1
0	60496	0.75637237037	1
0	60506	0.75649737037	1
0	60516	0.75662237037	1
0	60526	0.75674737037	1
0	60536	0.75687237037	1
0	60546	0.75699737037	1
0	60556	0.75712237037	1
0	60566	0.75724737037	1
0	60576	0.75737237037	1
0	60586	0.75749737037	1
0	60596	0.75762237037	1
0	60606	0.75774737037	1
0	60616	0.75787237037	1
0	60626	0.75799737037	1
0	60636	0.75812237037	1
0	60646	0.75824737037	1
0	60656	0.75837237037	1
0	60666	0.75849737037	1
0	60676	0.75862237037	1
0	60686	0.75874737037	1
0	60696	0.75887237037	1
0	60706	0.75899737037	1
0	60716	0.75912237037	1
0	60726	0.75924737037	1
0	60736	0.75937237037	1
0	60746	0.75949737037	1
0	60756	0.75962237037	1
0	60766	0.75974737037	1
0	60776	0.75987237037	1
0	60786	0.75999737037	1
0	60796	0.76012237037	1
0	60806	0.76024737037	1
0	60816	0.76037237037	1
0	60826	0.76049737037	1
0	60836	0.76062237037	1
0	60846	0.76074737037	1
0	60856	0.76087237037	1
0	60866	0.76099737037	1
0	60876	0.76112237037	1
0	60886	0.76124737037	1
0	60896	0.76137237037	1
0	60906	0.76149737037	1
0	60916	0.76162237037	1
0	60926	0.76174737037	1
0	60936	0.76187237037	1
0	60946	0.76199737037	1
0	60956	0.76212237037	1
0	60966	0.76224737037	1
0	60976	0.76237237037	1
0	60986	0.76249737037	1
0	60996	0.76262237037	1
0	61006	0.76274737037	1
0	61016	0.76287237037	1
0	61026	0.76299737037	1
0	61036	0.76312237037	1
0	61046	0.76324737037	1
0	61056	0.76337237037	1
0	61066	0.76349737037	1
0	61076	0.76362237037	1
0	61086	0.76374737037	1
0	61096	0.76387237037	1
0	61106	0.76399737037	1
0	61116	0.76412237037	1
0	61126	0.76424737037	1
0	61136	0.76437237037	1
0	61146	0.76449737037	1
0	61156	0.76462237037	1
0	61166	0.76474737037	1
0	61176	0.76487237037	1
0	61186	0.76499737037	1
0	61196	0.76512237037	1
0	61206	0.76524737037	1
0	61216	0.76537237037	1
0	61226	0.76549737037	1
0	61236	0.76562237037	1
0	61246	0.76574737037	1
0	61256	0.76587237037	1
0	61266	0.76599737037	1
0	61276	0.76612237037	1
0	61286	0.76624737037	1
0	61296	0.76637237037	1
0	61306	0.76649737037	1
0	61316	0.76662237037	1
0	61326	0.76674737037	1
0	61336	0.76687237037	1
0	61346	0.76699737037	1
0	61356	0.76712237037	1
0	61366	0.76724737037	1
0	61376	0.76737237037	1
0	61386	0.76749737037	1
0	61396	0.76762237037	1
0	61406	0.76774737037	1
0	61416	0.76787237037	1
0	61426	0.76799737037	1
0	61436	0.76812237037	1
0	61446	0.76824737037	1
0	61456	0.76837237037	1
0	61466	0.76849737037	1
0	61476	0.76862237037	1
0	61486	0.76874737037	1
0	61496	0.76887237037	1
0	61506	0.76899737037	1
0	61516	0.76912237037	1
0	61526	0.76924737037	1
0	61536	0.76937237037	1
0	61546	0.76949737037	1
0	61556	0.76962237037	1
0	61566	0.76974737037	1
0	61576	0.76987237037	1
0	61586	0.76999737037	1
0	61596	0.77012237037	1
0	61606	0.77024737037	1
0	61616	0.77037237037	1
0	61626	0.77049737037	1
0	61636	0.77062237037	1
0	61646	0.77074737037	1
0	61656	0.77087237037	1
0	61666	0.77099737037	1
0	61676	0.77112237037	1
0	61686	0.77124737037	1
0	61696	0.77137237037	1
0	61706	0.77149737037	1
0	61716	0.77162237037	1
0	61726	0.77174737037	1
0	61736	0.77187237037	1
0	61746	0.77199737037	1
0	61756	0.77212237037	1
0	61766	0.77224737037	1
0	61776	0.77237237037	1
0	61786	0.77249737037	1
0	61796	0.77262237037	1
0	61806	0.77274737037	1
0	61816	0.77287237037	1
0	61826	0.77299737037	1
0	61836	0.77312237037	1
0	61846	0.77324737037	1
0	61856	0.77337237037	1
0	61866	0.77349737037	1
0	61876	0.77362237037	1
0	61886	0.77374737037	1
0	61896	0.77387237037	1
0	61906	0.77399737037	1
0	61916	0.77412237037	1
0	61926	0.77424737037	1
0	61936	0.77437237037	1
0	61946	0.77449737037	1
0	61956	0.77462237037	1
0	61966	0.77474737037	1
0	61976	0.77487237037	1
0	61986	0.77499737037	1
0	61996	0.77512237037	1
0	62006	0.77524737037	1
0	62016	0.77537237037	1
0	62026	0.77549737037	1
0	62036	0.77562237037	1
0	62046	0.77574737037	1
0	62056	0.77587237037	1
0	62066	0.77599737037	1
0	62076	0.77612237037	1
0	62086	0.77624737037	1
0	62096	0.77637237037	1
0	62106	0.77649737037	1
0	62116	0.77662237037	1
0	62126	0.77674737037	1
0	62136	0.77687237037	1
0	62146	0.77699737037	1
0	62156	0.77712237037	1
0	62166	0.77724737037	1
0	62176	0.77737237037	1
0	62186	0.77749737037	1
0	62196	0.77762237037	1
0	62206	0.77774737037	1
0	62216	0.77787237037	1
0	62226	0.77799737037	1
0	62236	0.77812237037	1
0	62246	0.77824737037	1
0	62256	0.77837237037	1
0	62266	0.77849737037	1
0	62276	0.77862237037	1
0	62286	0.77874737037	1
0	62296	0.77887237037	1
0	62306	0.77899737037	1
0	62316	0.77912237037	1
0	62326	0.77924737037	1
0	62336	0.77937237037	1
0	62346	0.77949737037	1
0	62356	0.77962237037	1
0	62366	0.77974737037	1
0	62376	0.77987237037	1
0	62386	0.77999737037	1
0	62396	0.78012237037	1
0	62406	0.78024737037	1
0	62416	0.78037237037	1
0	62426	0.78049737037	1
0	62436	0.78062237037	1
0	62446	0.78074737037	1
0	62456	0.78087237037	1
0	62466	0.78099737037	1
0	62476	0.78112237037	1
0	62486	0.78124737037	1
0	62496	0.78137237037	1
0	62506	0.78149737037	1
0	62516	0.78162237037	1
0	62526	0.78174737037	1
0	62536	0.78187237037	1
0	62546	0.78199737037	1
0	62556	0.78212237037	1
0	62566	0.78224737037	1
0	62576	0.78237237037	1
0	62586	0.78249737037	1
0	62596	0.78262237037	1
0	62606	0.78274737037	1
0	62616	0.78287237037	1
0	62626	0.78299737037	1
0	62636	0.78312237037	1
0	62646	0.78324737037	1
0	62656	0.78337237037	1
0	62666	0.78349737037	1
0	62676	0.78362237037	1
0	62686	0.78374737037	1
0	62696	0.78387237037	1
0	62706	0.78399737037	1
0	62716	0.78412237037	1
0	62726	0.78424737037	1
0	62736	0.78437237037	1
0	62746	0.78449737037	1
0	62756	0.78462237037	1
0	62766	0.78474737037	1
0	62776	0.78487237037	1
0	62786	0.78499737037	1
0	62796	0.78512237037	1
0	62806	0.78524737037	1
0	62816	0.78537237037	1
0	62826	0.78549737037	1
0	62836	0.78562237037	1
0	62846	0.78574737037	1
0	62856	0.78587237037	1
0	62866	0.78599737037	1
0	62876	0.78612237037	1
0	62886	0.78624737037	1
0	62896	0.78637237037	1
0	62906	0.78649737037	1
0	62916	0.78662237037	1
0	62926	0.78674737037	1
0	62936	0.78687237037	1
0	62946	0.78699737037	1
0	62956	0.78712237037	1
0	62966	0.78724737037	1
0	62976	0.78737237037	1
0	62986	0.78749737037	1
0	62996	0.78762237037	1
0	63006	0.78774737037	1
0	63016	0.78787237037	1
0	63026	0.78799737037	1
0	63036	0.78812237037	1
0	63046	0.78824737037	1
0	63056	0.78837237037	1
0	63066	0.78849737037	1
0	63076	0.78862237037	1
0	63086	0.78874737037	1
0	63096	0.78887237037	1
0	63106	0.78899737037	1
0	63116	0.78912237037	1
0	63126	0.78924737037	1
0	63136	0.78937237037	1
0	63146	0.78949737037	1
0	63156	0.78962237037	1
0	63166	0.78974737037	1
0	63176	0.78987237037	1
0	63186	0.78999737037	1
0	63196	0.79012237037	1
0	63206	0.79024737037	1
0	63216	0.79037237037	1
0	63226	0.79049737037	1
0	63236	0.79062237037	1
0	63246	0.79074737037	1
0	63256	0.79087237037	1
0	63266	0.79099737037	1
0	63276	0.79112237037	1
0	63286	0.79124737037	1
0	63296	0.79137237037	1
0	63306	0.79149737037	1
0	63316	0.79162237037	1
0	63326	0.79174737037	1
0	63336	0.79187237037	1
0	63346	0.79199737037	1
0	63356	0.79212237037	1
0	63366	0.79224737037	1
0	63376	0.79237237037	1
0	63386	0.79249737037	1
0	63396	0.79262237037	1
0	63406	0.79274737037	1
0	63416	0.79287237037	1
0	63426	0.79299737037	1
0	63436	0.79312237037	1
0	63446	0.79324737037	1
0	63456	0.79337237037	1
0	63466	0.79349737037	1
0	63476	0.79362237037	1
0	63486	0.79374737037	1
0	63496	0.79387237037	1
0	63506	0.79399737037	1
0	63516	0.79412237037	1
0	63526	0.79424737037	1
0	63536	0.79437237037	1
0	63546	0.79449737037	1
0	63556	0.79462237037	1
0	63566	0.79474737037	1
0	63576	0.79487237037	1
0	63586	0.79499737037	1
0	63596	0.79512237037	1
0	63606	0.79524737037	1
0	63616	0.79537237037	1
0	63626	0.79549737037	1
0	63636	0.79562237037	1
0	63646	0.79574737037	1
0	63656	0.79587237037	1
0	63666	0.79599737037	1
0	63676	0.79612237037	1
0	63686	0.79624737037	1
0	63696	0.79637237037	1
0	63706	0.79649737037	1
0	63716	0.79662237037	1
0	63726	0.79674737037	1
0	63736	0.79687237037	1
0	63746	0.79699737037	1
0	63756	0.79712237037	1
0	63766	0.79724737037	1
0	63776	0.79737237037	1
0	63786	0.79749737037	1
0	63796	0.79762237037	1
0	63806	0.79774737037	1
0	63816	0.79787237037	1
0	63826	0.79799737037	1
0	63836	0.79812237037	1
0	63846	0.79824737037	1
0	63856	0.79837237037	1
0	63866	0.79849737037	1
0	63876	0.79862237037	1
0	63886	0.79874737037	1
0	63896	0.79887237037	1
0	63906	0.79899737037	1
0	63916	0.79912237037	1
0	63926	0.79924737037	1
0	63936	0.79937237037	1
0	63946	0.79949737037	1
0	63956	0.79962237037	1
0	63966	0.79974737037	1
0	63976	0.79987237037	1
0	63986	0.79999737037	1
0	63996	0.80012237037	1
0	64006	0.80024737037	1
0	64016	0.80037237037	1
0	64026	0.80049737037	1
0	64036	0.80062237037	1
0	64046	0.80074737037	1
0	64056	0.80087237037	1
0	64066	0.80099737037	1
0	64076	0.80112237037	1
0	64086	0.80124737037	1
0	64096	0.80137237037	1
0	64106	0.80149737037	1
0	64116	0.80162237037	1
0	64126	0.80174737037	1
0	64136	0.80187237037	1
0	64146	0.80199737037	1
0	64156	0.80212237037	1
0	64166	0.80224737037	1
0	64176	0.80237237037	1
0	64186	0.80249737037	1
0	64196	0.80262237037	1
0	64206	0.80274737037	1
0	64216	0.80287237037	1
0	64226	0.80299737037	1
0	64236	0.80312237037	1
0	64246	0.80324737037	1
0	64256	0.80337237037	1
0	64266	0.80349737037	1
0	64276	0.80362237037	1
0	64286	0.80374737037	1
0	64296	0.80387237037	1
0	64306	0.80399737037	1
0	64316	0.80412237037	1
0	64326	0.80424737037	1
0	64336	0.80437237037	1
0	64346	0.80449737037	1
0	64356	0.80462237037	1
0	64366	0.80474737037	1
0	64376	0.80487237037	1
0	64386	0.80499737037	1
0	64396	0.80512237037	1
0	64406	0.80524737037	1
0	64416	0.80537237037	1
0	64426	0.80549737037	1
0	64436	0.80562237037	1
0	64446	0.80574737037	1
0	64456	0.80587237037	1
0	64466	0.80599737037	1
0	64476	0.80612237037	1
0	64486	0.80624737037	1
0	64496	0.80637237037	1
0	64506	0.80649737037	1
0	64516	0.80662237037	1
0	64526	0.80674737037	1
0	64536	0.80687237037	1
0	64546	0.80699737037	1
0	64556	0.80712237037	1
0	64566	0.80724737037	1
0	64576	0.80737237037	1
0	64586	0.80749737037	1
0	64596	0.80762237037	1
0	64606	0.80774737037	1
0	64616	0.80787237037	1
0	64626	0.80799737037	1
0	64636	0.80812237037	1
0	64646	0.80824737037	1
0	64656	0.80837237037	1
0	64666	0.80849737037	1
0	64676	0.80862237037	1
0	64686	0.80874737037	1
0	64696	0.80887237037	1
0	64706	0.80899737037	1
0	64716	0.80912237037	1
0	64726	0.80924737037	1
0	64736	0.80937237037	1
0	64746	0.80949737037	1
0	64756	0.80962237037	1
0	64766	0.80974737037	1
0	64776	0.80987237037	1
0	64786	0.80999737037	1
0	64796	0.81012237037	1
0	64806	0.81024737037	1
0	64816	0.81037237037	1
0	64826	0.81049737037	1
0	64836	0.81062237037	1
0	64846	0.81074737037	1
0	64856	0.81087237037	1
0	64866	0.81099737037	1
0	64876	0.81112237037	1
0	64886	0.81124737037	1
0	64896	0.81137237037	1
0	64906	0.81149737037	1
0	64916	0.81162237037	1
0	64926	0.81174737037	1
0	64936	0.81187237037	1
0	64946	0.81199737037	1
0	64956	0.81212237037	1
0	64966	0.81224737037	1
0	64976	0.81237237037	1
0	64986	0.81249737037	1
0	64996	0.81262237037	1
0	65006	0.81274737037	1
0	65016	0.81287237037	1
0	65026	0.81299737037	1
0	65036	0.81312237037	1
0	65046	0.81324737037	1
0	65056	0.81337237037	1
0	65066	0.81349737037	1
0	65076	0.81362237037	1
0	65086	0.81374737037	1
0	65096	0.81387237037	1
0	65106	0.81399737037	1
0	65116	0.81412237037	1
0	65126	0.81424737037	1
0	65136	0.81437237037	1
0	65146	0.81449737037	1
0	65156	0.81462237037	1
0	65166	0.81474737037	1
0	65176	0.81487237037	1
0	65186	0.81499737037	1
0	65196	0.81512237037	1
0	65206	0.81524737037	1
0	65216	0.81537237037	1
0	65226	0.81549737037	1
0	65236	0.81562237037	1
0	65246	0.81574737037	1
0	65256	0.81587237037	1
0	65266	0.81599737037	1
0	65276	0.81612237037	1
0	65286	0.81624737037	1
0	65296	0.81637237037	1
0	65306	0.81649737037	1
0	65316	0.81662237037	1
0	65326	0.81674737037	1
0	65336	0.81687237037	1
0	65346	0.81699737037	1
0	65356	0.81712237037	1
0	65366	0.81724737037	1
0	65376	0.81737237037	1
0	65386	0.81749737037	1
0	65396	0.81762237037	1
0	65406	0.81774737037	1
0	65416	0.81787237037	1
0	65426	0.81799737037	1
0	65436	0.81812237037	1
0	65446	0.81824737037	1
0	65456	0.81837237037	1
0	65466	0.81849737037	1
0	65476	0.81862237037	1
0	65486	0.81874737037	1
0	65496	0.81887237037	1
0	65506	0.81899737037	1
0	65516	0.81912237037	1
0	65526	0.81924737037	1
0	65536	0.81937237037	1
0	65546	0.81949737037	1
0	65556	0.81962237037	1
0	65566	0.81974737037	1
0	65576	0.81987237037	1
0	65586	0.81999737037	1
0	65596	0.82012237037	1
0	65606	0.82024737037	1
0	65616	0.82037237037	1
0	65626	0.82049737037	1
0	65636	0.82062237037	1
0	65646	0.82074737037	1
0	65656	0.82087237037	1
0	65666	0.82099737037	1
0	65676	0.82112237037	1
0	65686	0.82124737037	1
0	65696	0.82137237037	1
0	65706	0.82149737037	1
0	65716	0.82162237037	1
0	65726	0.82174737037	1
0	65736	0.82187237037	1
0	65746	0.82199737037	1
0	65756	0.82212237037	1
0	65766	0.82224737037	1
0	65776	0.82237237037	1
0	65786	0.82249737037	1
0	65796	0.82262237037	1
0	65806	0.82274737037	1
0	65816	0.82287237037	1
0	65826	0.82299737037	1
0	65836	0.82312237037	1
0	65846	0.82324737037	1
0	65856	0.82337237037	1
0	65866	0.82349737037	1
0	65876	0.82362237037	1
0	65886	0.82374737037	1
0	65896	0.82387237037	1
0	65906	0.82399737037	1
0	65916	0.82412237037	1
0	65926	0.82424737037	1
0	65936	0.82437237037	1
0	65946	0.82449737037	1
0	65956	0.82462237037	1
0	65966	0.82474737037	1
0	65976	0.82487237037	1
0	65986	0.82499737037	1
0	65996	0.82512237037	1
0	66006	0.82524737037	1
0	66016	0.82537237037	1
0	66026	0.82549737037	1
0	66036	0.82562237037	1
0	66046	0.82574737037	1
0	66056	0.82587237037	1
0	66066	0.82599737037	1
0	66076	0.82612237037	1
0	66086	0.82624737037	1
0	66096	0.82637237037	1
0	66106	0.82649737037	1
0	66116	0.82662237037	1
0	66126	0.82674737037	1
0	66136	0.82687237037	1
0	66146	0.82699737037	1
0	66156	0.82712237037	1
0	66166	0.82724737037	1
0	66176	0.82737237037	1
0	66186	0.82749737037	1
0	66196	0.82762237037	1
0	66206	0.82774737037	1
0	66216	0.82787237037	1
0	66226	0.82799737037	1
0	66236	0.82812237037	1
0	66246	0.82824737037	1
0	66256	0.82837237037	1
0	66266	0.82849737037	1
0	66276	0.82862237037	1
0	66286	0.82874737037	1
0	66296	0.82887237037	1
0	66306	0.82899737037	1
0	66316	0.82912237037	1
0	66326	0.82924737037	1
0	66336	0.82937237037	1
0	66346	0.82949737037	1
0	66356	0.82962237037	1
0	66366	0.82974737037	1
0	66376	0.82987237037	1
0	66386	0.82999737037	1
0	66396	0.83012237037	1
0	66406	0.83024737037	1
0	66416	0.83037237037	1
0	66426	0.83049737037	1
0	66436	0.83062237037	1
0	66446	0.83074737037	1
0	66456	0.83087237037	1
0	66466	0.83099737037	1
0	66476	0.83112237037	1
0	66486	0.83124737037	1
0	66496	0.83137237037	1
0	66506	0.83149737037	1
0	66516	0.83162237037	1
0	66526	0.83174737037	1
0	66536	0.83187237037	1
0	66546	0.83199737037	1
0	66556	0.83212237037	1
0	66566	0.83224737037	1
0	66576	0.83237237037	1
0	66586	0.83249737037	1
0	66596	0.83262237037	1
0	66606	0.83274737037	1
0	66616	0.83287237037	1
0	66626	0.83299737037	1
0	66636	0.83312237037	1
0	66646	0.83324737037	1
0	66656	0.83337237037	1
0	66666	0.83349737037	1
0	66676	0.83362237037	1
0	66686	0.83374737037	1
0	66696	0.83387237037	1
0	66706	0.83399737037	1
0	66716	0.83412237037	1
0	66726	0.83424737037	1
0	66736	0.83437237037	1
0	66746	0.83449737037	1
0	66756	0.83462237037	1
0	66766	0.83474737037	1
0	66776	0.83487237037	1
0	66786	0.83499737037	1
0	66796	0.83512237037	1
0	66806	0.83524737037	1
0	66816	0.83537237037	1
0	66826	0.83549737037	1
0	66836	0.83562237037	1
0	66846	0.83574737037	1
0	66856	0.83587237037	1
0	66866	0.83599737037	1
0	66876	0.83612237037	1
0	66886	0.83624737037	1
0	66896	0.83637237037	1
0	66906	0.83649737037	1
0	66916	0.83662237037	1
0	66926	0.83674737037	1
0	66936	0.83687237037	1
0	66946	0.83699737037	1
0	66956	0.83712237037	1
0	66966	0.83724737037	1
0	66976	0.83737237037	1
0	66986	0.83749737037	1
0	66996	0.83762237037	1
0	67006	0.83774737037	1
0	67016	0.83787237037	1
0	67026	0.83799737037	1
0	67036	0.83812237037	1
0	67046	0.83824737037	1
0	67056	0.83837237037	1
0	67066	0.83849737037	1
0	67076	0.83862237037	1
0	67086	0.83874737037	1
0	67096	0.83887237037	1
0	67106	0.83899737037	1
0	67116	0.83912237037	1
0	67126	0.83924737037	1
0	67136	0.83937237037	1
0	67146	0.83949737037	1
0	67156	0.83962237037	1
0	67166	0.83974737037	1
0	67176	0.83987237037	1
0	67186	0.83999737037	1
0	67196	0.84012237037	1
0	67206	0.84024737037	1
0	67216	0.84037237037	1
0	67226	0.84049737037	1
0	67236	0.84062237037	1
0	67246	0.84074737037	1
0	67256	0.84087237037	1
0	67266	0.84099737037	1
0	67276	0.84112237037	1
0	67286	0.84124737037	1
0	67296	0.84137237037	1
0	67306	0.84149737037	1
0	67316	0.84162237037	1
0	67326	0.84174737037	1
0	67336	0.84187237037	1
0	67346	0.84199737037	1
0	67356	0.84212237037	1
0	67366	0.84224737037	1
0	67376	0.84237237037	1
0	67386	0.84249737037	1
0	67396	0.84262237037	1
0	67406	0.84274737037	1
0	67416	0.84287237037	1
0	67426	0.84299737037	1
0	67436	0.84312237037	1
0	67446	0.84324737037	1
0	67456	0.84337237037	1
0	67466	0.84349737037	1
0	67476	0.84362237037	1
0	67486	0.84374737037	1
0	67496	0.84387237037	1
0	67506	0.84399737037	1
0	67516	0.84412237037	1
0	67526	0.84424737037	1
0	67536	0.84437237037	1
0	67546	0.84449737037	1
0	67556	0.84462237037	1
0	67566	0.84474737037	1
0	67576	0.84487237037	1
0	67586	0.84499737037	1
0	67596	0.84512237037	1
0	67606	0.84524737037	1
0	67616	0.84537237037	1
0	67626	0.84549737037	1
0	67636	0.84562237037	1
0	67646	0.84574737037	1
0	67656	0.84587237037	1
0	67666	0.84599737037	1
0	67676	0.84612237037	1
0	67686	0.84624737037	1
0	67696	0.84637237037	1
0	67706	0.84649737037	1
0	67716	0.84662237037	1
0	67726	0.84674737037	1
0	67736	0.84687237037	1
0	67746	0.84699737037	1
0	67756	0.84712237037	1
0	67766	0.84724737037	1
0	67776	0.84737237037	1
0	67786	0.84749737037	1
0	67796	0.84762237037	1
0	67806	0.84774737037	1
0	67816	0.84787237037	1
0	67826	0.84799737037	1
0	67836	0.84812237037	1
0	67846	0.84824737037	1
0	67856	0.84837237037	1
0	67866	0.84849737037	1
0	67876	0.84862237037	1
0	67886	0.84874737037	1
0	67896	0.84887237037	1
0	67906	0.84899737037	1
0	67916	0.84912237037	1
0	67926	0.84924737037	1
0	67936	0.84937237037	1
0	67946	0.84949737037	1
0	67956	0.84962237037	1
0	67966	0.84974737037	1
0	67976	0.84987237037	1
0	67986	0.84999737037	1
0	67996	0.85012237037	1
0	68006	0.85024737037	1
0	68016	0.85037237037	1
0	68026	0.85049737037	1
0	68036	0.85062237037	1
0	68046	0.85074737037	1
0	68056	0.85087237037	1
0	68066	0.85099737037	1
0	68076	0.85112237037	1
0	68086	0.85124737037	1
0	68096	0.85137237037	1
0	68106	0.85149737037	1
0	68116	0.85162237037	1
0	68126	0.85174737037	1
0	68136	0.85187237037	1
0	68146	0.85199737037	1
0	68156	0.85212237037	1
0	68166	0.85224737037	1
0	68176	0.85237237037	1
0	68186	0.85249737037	1
0	68196	0.85262237037	1
0	68206	0.85274737037	1
0	68216	0.85287237037	1
0	68226	0.85299737037	1
0	68236	0.85312237037	1
0	68246	0.85324737037	1
0	68256	0.85337237037	1
0	68266	0.85349737037	1
0	68276	0.85362237037	1
0	68286	0.85374737037	1
0	68296	0.85387237037	1
0	68306	0.85399737037	1
0	68316	0.85412237037	1
0	68326	0.85424737037	1
0	68336	0.85437237037	1
0	68346	0.85449737037	1
0	68356	0.85462237037	1
0	68366	0.85474737037	1
0	68376	0.85487237037	1
0	68386	0.85499737037	1
0	68396	0.85512237037	1
0	68406	0.85524737037	1
0	68416	0.85537237037	1
0	68426	0.85549737037	1
0	68436	0.85562237037	1
0	68446	0.85574737037	1
0	68456	0.85587237037	1
0	68466	0.85599737037	1
0	68476	0.85612237037	1
0	68486	0.85624737037	1
0	68496	0.85637237037	1
0	68506	0.85649737037	1
0	68516	0.85662237037	1
0	68526	0.85674737037	1
0	68536	0.85687237037	1
0	68546	0.85699737037	1
0	68556	0.85712237037	1
0	68566	0.85724737037	1
0	68576	0.85737237037	1
0	68586	0.85749737037	1
0	68596	0.85762237037	1
0	68606	0.85774737037	1
0	68616	0.85787237037	1
0	68626	0.85799737037	1
0	68636	0.85812237037	1
0	68646	0.85824737037	1
0	68656	0.85837237037	1
0	68666	0.85849737037	1
0	68676	0.85862237037	1
0	68686	0.85874737037	1
0	68696	0.85887237037	1
0	68706	0.85899737037	1
0	68716	0.85912237037	1
0	68726	0.85924737037	1
0	68736	0.85937237037	1
0	68746	0.85949737037	1
0	68756	0.85962237037	1
0	68766	0.85974737037	1
0	68776	0.85987237037	1
0	68786	0.85999737037	1
0	68796	0.86012237037	1
0	68806	0.86024737037	1
0	68816	0.86037237037	1
0	68826	0.86049737037	1
0	68836	0.86062237037	1
0	68846	0.86074737037	1
0	68856	0.86087237037	1
0	68866	0.86099737037	1
0	68876	0.86112237037	1
0	68886	0.86124737037	1
0	68896	0.86137237037	1
0	68906	0.86149737037	1
0	68916	0.86162237037	1
0	68926	0.86174737037	1
0	68936	0.86187237037	1
0	68946	0.86199737037	1
0	68956	0.86212237037	1
0	68966	0.86224737037	1
0	68976	0.86237237037	1
0	68986	0.86249737037	1
0	68996	0.86262237037	1
0	69006	0.86274737037	1
0	69016	0.86287237037	1
0	69026	0.86299737037	1
0	69036	0.86312237037	1
0	69046	0.86324737037	1
0	69056	0.86337237037	1
0	69066	0.86349737037	1
0	69076	0.86362237037	1
0	69086	0.86374737037	1
0	69096	0.86387237037	1
0	69106	0.86399737037	1
0	69116	0.86412237037	1
0	69126	0.86424737037	1
0	69136	0.86437237037	1
0	69146	0.86449737037	1
0	69156	0.86462237037	1
0	69166	0.86474737037	1
0	69176	0.86487237037	1
0	69186	0.86499737037	1
0	69196	0.86512237037	1
0	69206	0.86524737037	1
0	69216	0.86537237037	1
0	69226	0.86549737037	1
0	69236	0.86562237037	1
0	69246	0.86574737037	1
0	69256	0.86587237037	1
0	69266	0.86599737037	1
0	69276	0.86612237037	1
0	69286	0.86624737037	1
0	69296	0.86637237037	1
0	69306	0.86649737037	1
0	69316	0.86662237037	1
0	69326	0.86674737037	1
0	69336	0.86687237037	1
0	69346	0.86699737037	1
0	69356	0.86712237037	1
0	69366	0.86724737037	1
0	69376	0.86737237037	1
0	69386	0.86749737037	1
0	69396	0.86762237037	1
0	69406	0.86774737037	1
0	69416	0.86787237037	1
0	69426	0.86799737037	1
0	69436	0.86812237037	1
0	69446	0.86824737037	1
0	69456	0.86837237037	1
0	69466	0.86849737037	1
0	69476	0.86862237037	1
0	69486	0.86874737037	1
0	69496	0.86887237037	1
0	69506	0.86899737037	1
0	69516	0.86912237037	1
0	69526	0.86924737037	1
0	69536	0.86937237037	1
0	69546	0.86949737037	1
0	69556	0.86962237037	1
0	69566	0.86974737037	1
0	69576	0.86987237037	1
0	69586	0.86999737037	1
0	69596	0.87012237037	1
0	69606	0.87024737037	1
0	69616	0.87037237037	1
0	69626	0.87049737037	1
0	69636	0.87062237037	1
0	69646	0.87074737037	1
0	69656	0.87087237037	1
0	69666	0.87099737037	1
0	69676	0.87112237037	1
0	69686	0.87124737037	1
0	69696	0.87137237037	1
0	69706	0.87149737037	1
0	69716	0.87162237037	1
0	69726	0.87174737037	1
0	69736	0.87187237037	1
0	69746	0.87199737037	1
0	69756	0.87212237037	1
0	69766	0.87224737037	1
0	69776	0.87237237037	1
0	69786	0.87249737037	1
0	69796	0.87262237037	1
0	69806	0.87274737037	1
0	69816	0.87287237037	1
0	69826	0.87299737037	1
0	69836	0.87312237037	1
0	69846	0.87324737037	1
0	69856	0.87337237037	1
0	69866	0.87349737037	1
0	69876	0.87362237037	1
0	69886	0.87374737037	1
0	69896	0.87387237037	1
0	69906	0.87399737037	1
0	69916	0.87412237037	1
0	69926	0.87424737037	1
0	69936	0.87437237037	1
0	69946	0.87449737037	1
0	69956	0.87462237037	1
0	69966	0.87474737037	1
0	69976	0.87487237037	1
0	69986	0.87499737037	1
0	69996	0.87512237037	1
0	70006	0.87524737037	1
0	70016	0.87537237037	1
0	70026	0.87549737037	1
0	70036	0.87562237037	1
0	70046	0.87574737037	1
0	70056	0.87587237037	1
0	70066	0.87599737037	1
0	70076	0.87612237037	1
0	70086	0.87624737037	1
0	70096	0.87637237037	1
0	70106	0.87649737037	1
0	70116	0.87662237037	1
0	70126	0.87674737037	1
0	70136	0.87687237037	1
0	70146	0.87699737037	1
0	70156	0.87712237037	1
0	70166	0.87724737037	1
0	70176	0.87737237037	1
0	70186	0.87749737037	1
0	70196	0.87762237037	1
0	70206	0.87774737037	1
0	70216	0.87787237037	1
0	70226	0.87799737037	1
0	70236	0.87812237037	1
0	70246	0.87824737037	1
0	70256	0.87837237037	1
0	70266	0.87849737037	1
0	70276	0.87862237037	1
0	70286	0.87874737037	1
0	70296	0.87887237037	1
0	70306	0.87899737037	1
0	70316	0.87912237037	1
0	70326	0.87924737037	1
0	70336	0.87937237037	1
0	70346	0.87949737037	1
0	70356	0.87962237037	1
0	70366	0.87974737037	1
0	70376	0.87987237037	1
0	70386	0.87999737037	1
0	70396	0.88012237037	1
0	70406	0.88024737037	1
0	70416	0.88037237037	1
0	70426	0.88049737037	1
0	70436	0.88062237037	1
0	70446	0.88074737037	1
0	70456	0.88087237037	1
0	70466	0.88099737037	1
0	70476	0.88112237037	1
0	70486	0.88124737037	1
0	70496	0.88137237037	1
0	70506	0.88149737037	1
0	70516	0.88162237037	1
0	70526	0.88174737037	1
0	70536	0.88187237037	1
0	70546	0.88199737037	1
0	70556	0.88212237037	1
0	70566	0.88224737037	1
0	70576	0.88237237037	1
0	70586	0.88249737037	1
0	70596	0.88262237037	1
0	70606	0.88274737037	1
0	70616	0.88287237037	1
0	70626	0.88299737037	1
0	70636	0.88312237037	1
0	70646	0.88324737037	1
0	70656	0.88337237037	1
0	70666	0.88349737037	1
0	70676	0.88362237037	1
0	70686	0.88374737037	1
0	70696	0.88387237037	1
0	70706	0.88399737037	1
0	70716	0.88412237037	1
0	70726	0.88424737037	1
0	70736	0.88437237037	1
0	70746	0.88449737037	1
0	70756	0.88462237037	1
0	70766	0.88474737037	1
0	70776	0.88487237037	1
0	70786	0.88499737037	1
0	70796	0.88512237037	1
0	70806	0.88524737037	1
0	70816	0.88537237037	1
0	70826	0.88549737037	1
0	70836	0.88562237037	1
0	70846	0.88574737037	1
0	70856	0.88587237037	1
0	70866	0.88599737037	1
0	70876	0.88612237037	1
0	70886	0.88624737037	1
0	70896	0.88637237037	1
0	70906	0.88649737037	1
0	70916	0.88662237037	1
0	70926	0.88674737037	1
0	70936	0.88687237037	1
0	70946	0.88699737037	1
0	70956	0.88712237037	1
0	70966	0.88724737037	1
0	70976	0.88737237037	1
0	70986	0.88749737037	1
0	70996	0.88762237037	1
0	71006	0.88774737037	1
0	71016	0.88787237037	1
0	71026	0.88799737037	1
0	71036	0.88812237037	1
0	71046	0.88824737037	1
0	71056	0.88837237037	1
0	71066	0.88849737037	1
0	71076	0.88862237037	1
0	71086	0.88874737037	1
0	71096	0.88887237037	1
0	71106	0.88899737037	1
0	71116	0.88912237037	1
0	71126	0.88924737037	1
0	71136	0.88937237037	1
0	71146	0.88949737037	1
0	71156	0.88962237037	1
0	71166	0.88974737037	1
0	71176	0.88987237037	1
0	71186	0.88999737037	1
0	71196	0.89012237037	1
0	71206	0.89024737037	1
0	71216	0.89037237037	1
0	71226	0.89049737037	1
0	71236	0.89062237037	1
0	71246	0.89074737037	1
0	71256	0.89087237037	1
0	71266	0.89099737037	1
0	71276	0.89112237037	1
0	71286	0.89124737037	1
0	71296	0.89137237037	1
0	71306	0.89149737037	1
0	71316	0.89162237037	1
0	71326	0.89174737037	1
0	71336	0.89187237037	1
0	71346	0.89199737037	1
0	71356	0.89212237037	1
0	71366	0.89224737037	1
0	71376	0.89237237037	1
0	71386	0.89249737037	1
0	71396	0.89262237037	1
0	71406	0.89274737037	1
0	71416	0.89287237037	1
0	71426	0.89299737037	1
0	71436	0.89312237037	1
0	71446	0.89324737037	1
0	71456	0.89337237037	1
0	71466	0.89349737037	1
0	71476	0.89362237037	1
0	71486	0.89374737037	1
0	71496	0.89387237037	1
0	71506	0.89399737037	1
0	71516	0.89412237037	1
0	71526	0.89424737037	1
0	71536	0.89437237037	1
0	71546	0.89449737037	1
0	71556	0.89462237037	1
0	71566	0.89474737037	1
0	71576	0.89487237037	1
0	71586	0.89499737037	1
0	71596	0.89512237037	1
0	71606	0.89524737037	1
0	71616	0.89537237037	1
0	71626	0.89549737037	1
0	71636	0.89562237037	1
0	71646	0.89574737037	1
0	71656	0.89587237037	1
0	71666	0.89599737037	1
0	71676	0.89612237037	1
0	71686	0.89624737037	1
0	71696	0.89637237037	1
0	71706	0.89649737037	1
0	71716	0.89662237037	1
0	71726	0.89674737037	1
0	71736	0.89687237037	1
0	71746	0.89699737037	1
0	71756	0.89712237037	1
0	71766	0.89724737037	1
0	71776	0.89737237037	1
0	71786	0.89749737037	1
0	71796	0.89762237037	1
0	71806	0.89774737037	1
0	71816	0.89787237037	1
0	71826	0.89799737037	1
0	71836	0.89812237037	1
0	71846	0.89824737037	1
0	71856	0.89837237037	1
0	71866	0.89849737037	1
0	71876	0.89862237037	1
0	71886	0.89874737037	1
0	71896	0.89887237037	1
0	71906	0.89899737037	1
0	71916	0.89912237037	1
0	71926	0.89924737037	1
0	71936	0.89937237037	1
0	71946	0.89949737037	1
0	71956	0.89962237037	1
0	71966	0.89974737037	1
0	71976	0.89987237037	1
0	71986	0.89999737037	1
0	71996	0.90012237037	1
0	72006	0.90024737037	1
0	72016	0.90037237037	1
0	72026	0.90049737037	1
0	72036	0.90062237037	1
0	72046	0.90074737037	1
0	72056	0.90087237037	1
0	72066	0.90099737037	1
0	72076	0.90112237037	1
0	72086	0.90124737037	1
0	72096	0.90137237037	1
0	72106	0.90149737037	1
0	72116	0.90162237037	1
0	72126	0.90174737037	1
0	72136	0.90187237037	1
0	72146	0.90199737037	1
0	72156	0.90212237037	1
0	72166	0.90224737037	1
0	72176	0.90237237037	1
0	72186	0.90249737037	1
0	72196	0.90262237037	1
0	72206	0.90274737037	1
0	72216	0.90287237037	1
0	72226	0.90299737037	1
0	72236	0.90312237037	1
0	72246	0.90324737037	1
0	72256	0.90337237037	1
0	72266	0.90349737037	1
0	72276	0.90362237037	1
0	72286	0.90374737037	1
0	72296	0.90387237037	1
0	72306	0.90399737037	1
0	72316	0.90412237037	1
0	72326	0.90424737037	1
0	72336	0.90437237037	1
0	72346	0.90449737037	1
0	72356	0.90462237037	1
0	72366	0.90474737037	1
0	72376	0.90487237037	1
0	72386	0.90499737037	1
0	72396	0.90512237037	1
0	72406	0.90524737037	1
0	72416	0.90537237037	1
0	72426	0.90549737037	1
0	72436	0.90562237037	1
0	72446	0.90574737037	1
0	72456	0.90587237037	1
0	72466	0.90599737037	1
0	72476	0.90612237037	1
0	72486	0.90624737037	1
0	72496	0.90637237037	1
0	72506	0.90649737037	1
0	72516	0.90662237037	1
0	72526	0.90674737037	1
0	72536	0.90687237037	1
0	72546	0.90699737037	1
0	72556	0.90712237037	1
0	72566	0.90724737037	1
0	72576	0.90737237037	1
0	72586	0.90749737037	1
0	72596	0.90762237037	1
0	72606	0.90774737037	1
0	72616	0.90787237037	1
0	72626	0.90799737037	1
0	72636	0.90812237037	1
0	72646	0.90824737037	1
0	72656	0.90837237037	1
0	72666	0.90849737037	1
0	72676	0.90862237037	1
0	72686	0.90874737037	1
0	72696	0.90887237037	1
0	72706	0.90899737037	1
0	72716	0.90912237037	1
0	72726	0.90924737037	1
0	72736	0.90937237037	1
0	72746	0.90949737037	1
0	72756	0.90962237037	1
0	72766	0.90974737037	1
0	72776	0.90987237037	1
0	72786	0.90999737037	1
0	72796	0.91012237037	1
0	72806	0.91024737037	1
0	72816	0.91037237037	1
0	72826	0.91049737037	1
0	72836	0.91062237037	1
0	72846	0.91074737037	1
0	72856	0.91087237037	1
0	72866	0.91099737037	1
0	72876	0.91112237037	1
0	72886	0.91124737037	1
0	72896	0.91137237037	1
0	72906	0.91149737037	1
0	72916	0.91162237037	1
0	72926	0.91174737037	1
0	72936	0.91187237037	1
0	72946	0.91199737037	1
0	72956	0.91212237037	1
0	72966	0.91224737037	1
0	72976	0.91237237037	1
0	72986	0.91249737037	1
0	72996	0.91262237037	1
0	73006	0.91274737037	1
0	73016	0.91287237037	1
0	73026	0.91299737037	1
0	73036	0.91312237037	1
0	73046	0.91324737037	1
0	73056	0.91337237037	1
0	73066	0.91349737037	1
0	73076	0.91362237037	1
0	73086	0.91374737037	1
0	73096	0.91387237037	1
0	73106	0.91399737037	1
0	73116	0.91412237037	1
0	73126	0.91424737037	1
0	73136	0.91437237037	1
0	73146	0.91449737037	1
0	73156	0.91462237037	1
0	73166	0.91474737037	1
0	73176	0.91487237037	1
0	73186	0.91499737037	1
0	73196	0.91512237037	1
0	73206	0.91524737037	1
0	73216	0.91537237037	1
0	73226	0.91549737037	1
0	73236	0.91562237037	1
0	73246	0.91574737037	1
0	73256	0.91587237037	1
0	73266	0.91599737037	1
0	73276	0.91612237037	1
0	73286	0.91624737037	1
0	73296	0.91637237037	1
0	73306	0.91649737037	1
0	73316	0.91662237037	1
0	73326	0.91674737037	1
0	73336	0.91687237037	1
0	73346	0.91699737037	1
0	73356	0.91712237037	1
0	73366	0.91724737037	1
0	73376	0.91737237037	1
0	73386	0.91749737037	1
0	73396	0.91762237037	1
0	73406	0.91774737037	1
0	73416	0.91787237037	1
0	73426	0.91799737037	1
0	73436	0.91812237037	1
0	73446	0.91824737037	1
0	73456	0.91837237037	1
0	73466	0.91849737037	1
0	73476	0.91862237037	1
0	73486	0.91874737037	1
0	73496	0.91887237037	1
0	73506	0.91899737037	1
0	73516	0.91912237037	1
0	73526	0.91924737037	1
0	73536	0.91937237037	1
0	73546	0.91949737037	1
0	73556	0.91962237037	1
0	73566	0.91974737037	1
0	73576	0.91987237037	1
0	73586	0.91999737037	1
0	73596	0.92012237037	1
0	73606	0.92024737037	1
0	73616	0.92037237037	1
0	73626	0.92049737037	1
0	73636	0.92062237037	1
0	73646	0.92074737037	1
0	73656	0.92087237037	1
0	73666	0.92099737037	1
0	73676	0.92112237037	1
0	73686	0.92124737037	1
0	73696	0.92137237037	1
0	73706	0.92149737037	1
0	73716	0.92162237037	1
0	73726	0.92174737037	1
0	73736	0.92187237037	1
0	73746	0.92199737037	1
0	73756	0.92212237037	1
0	73766	0.92224737037	1
0	73776	0.92237237037	1
0	73786	0.92249737037	1
0	73796	0.92262237037	1
0	73806	0.92274737037	1
0	73816	0.92287237037	1
0	73826	0.92299737037	1
0	73836	0.92312237037	1
0	73846	0.92324737037	1
0	73856	0.92337237037	1
0	73866	0.92349737037	1
0	73876	0.92362237037	1
0	73886	0.92374737037	1
0	73896	0.92387237037	1
0	73906	0.92399737037	1
0	73916	0.92412237037	1
0	73926	0.92424737037	1
0	73936	0.92437237037	1
0	73946	0.92449737037	1
0	73956	0.92462237037	1
0	73966	0.92474737037	1
0	73976	0.92487237037	1
0	73986	0.92499737037	1
0	73996	0.92512237037	1
0	74006	0.92524737037	1
0	74016	0.92537237037	1
0	74026	0.92549737037	1
0	74036	0.92562237037	1
0	74046	0.92574737037	1
0	74056	0.92587237037	1
0	74066	0.92599737037	1
0	74076	0.92612237037	1
0	74086	0.92624737037	1
0	74096	0.92637237037	1
0	74106	0.92649737037	1
0	74116	0.92662237037	1
0	74126	0.92674737037	1
0	74136	0.92687237037	1
0	74146	0.92699737037	1
0	74156	0.92712237037	1
0	74166	0.92724737037	1
0	74176	0.92737237037	1
0	74186	0.92749737037	1
0	74196	0.92762237037	1
0	74206	0.92774737037	1
0	74216	0.92787237037	1
0	74226	0.92799737037	1
0	74236	0.92812237037	1
0	74246	0.92824737037	1
0	74256	0.92837237037	1
0	74266	0.92849737037	1
0	74276	0.92862237037	1
0	74286	0.92874737037	1
0	74296	0.92887237037	1
0	74306	0.92899737037	1
0	74316	0.92912237037	1
0	74326	0.92924737037	1
0	74336	0.92937237037	1
0	74346	0.92949737037	1
0	74356	0.92962237037	1
0	74366	0.92974737037	1
0	74376	0.92987237037	1
0	74386	0.92999737037	1
0	74396	0.93012237037	1
0	74406	0.93024737037	1
0	74416	0.93037237037	1
0	74426	0.93049737037	1
0	74436	0.93062237037	1
0	74446	0.93074737037	1
0	74456	0.93087237037	1
0	74466	0.93099737037	1
0	74476	0.93112237037	1
0	74486	0.93124737037	1
0	74496	0.93137237037	1
0	74506	0.93149737037	1
0	74516	0.93162237037	1
0	74526	0.93174737037	1
0	74536	0.93187237037	1
0	74546	0.93199737037	1
0	74556	0.93212237037	1
0	74566	0.93224737037	1
0	74576	0.93237237037	1
0	74586	0.93249737037	1
0	74596	0.93262237037	1
0	74606	0.93274737037	1
0	74616	0.93287237037	1
0	74626	0.93299737037	1
0	74636	0.93312237037	1
0	74646	0.93324737037	1
0	74656	0.93337237037	1
0	74666	0.93349737037	1
0	74676	0.93362237037	1
0	74686	0.93374737037	1
0	74696	0.93387237037	1
0	74706	0.93399737037	1
0	74716	0.93412237037	1
0	74726	0.93424737037	1
0	74736	0.93437237037	1
0	74746	0.93449737037	1
0	74756	0.93462237037	1
0	74766	0.93474737037	1
0	74776	0.93487237037	1
0	74786	0.93499737037	1
0	74796	0.93512237037	1
0	74806	0.93524737037	1
0	74816	0.93537237037	1
0	74826	0.93549737037	1
0	74836	0.93562237037	1
0	74846	0.93574737037	1
0	74856	0.93587237037	1
0	74866	0.93599737037	1
0	74876	0.93612237037	1
0	74886	0.93624737037	1
0	74896	0.93637237037	1
0	74906	0.93649737037	1
0	74916	0.93662237037	1
0	74926	0.93674737037	1
0	74936	0.93687237037	1
0	74946	0.93699737037	1
0	74956	0.93712237037	1
0	74966	0.93724737037	1
0	74976	0.93737237037	1
0	74986	0.93749737037	1
0	74996	0.93762237037	1
0	75006	0.93774737037	1
0	75016	0.93787237037	1
0	75026	0.93799737037	1
0	75036	0.93812237037	1
0	75046	0.93824737037	1
0	75056	0.93837237037	1
0	75066	0.93849737037	1
0	75076	0.93862237037	1
0	75086	0.93874737037	1
0	75096	0.93887237037	1
0	75106	0.93899737037	1
0	75116	0.93912237037	1
0	75126	0.93924737037	1
0	75136	0.93937237037	1
0	75146	0.93949737037	1
0	75156	0.93962237037	1
0	75166	0.93974737037	1
0	75176	0.93987237037	1
0	75186	0.93999737037	1
0	75196	0.94012237037	1
0	75206	0.94024737037	1
0	75216	0.94037237037	1
0	75226	0.94049737037	1
0	75236	0.94062237037	1
0	75246	0.94074737037	1
0	75256	0.94087237037	1
0	75266	0.94099737037	1
0	75276	0.94112237037	1
0	75286	0.94124737037	1
0	75296	0.94137237037	1
0	75306	0.94149737037	1
0	75316	0.94162237037	1
0	75326	0.94174737037	1
0	75336	0.94187237037	1
0	75346	0.94199737037	1
0	75356	0.94212237037	1
0	75366	0.94224737037	1
0	75376	0.94237237037	1
0	75386	0.94249737037	1
0	75396	0.94262237037	1
0	75406	0.94274737037	1
0	75416	0.94287237037	1
0	75426	0.94299737037	1
0	75436	0.94312237037	1
0	75446	0.94324737037	1
0	75456	0.94337237037	1
0	75466	0.94349737037	1
0	75476	0.94362237037	1
0	75486	0.94374737037	1
0	75496	0.94387237037	1
0	75506	0.94399737037	1
0	75516	0.94412237037	1
0	75526	0.94424737037	1
0	75536	0.94437237037	1
0	75546	0.94449737037	1
0	75556	0.94462237037	1
0	75566	0.94474737037	1
0	75576	0.94487237037	1
0	75586	0.94499737037	1
0	75596	0.94512237037	1
0	75606	0.94524737037	1
0	75616	0.94537237037	1
0	75626	0.94549737037	1
0	75636	0.94562237037	1
0	75646	0.94574737037	1
0	75656	0.94587237037	1
0	75666	0.94599737037	1
0	75676	0.94612237037	1
0	75686	0.94624737037	1
0	75696	0.94637237037	1
0	75706	0.94649737037	1
0	75716	0.94662237037	1
0	75726	0.94674737037	1
0	75736	0.94687237037	1
0	75746	0.94699737037	1
0	75756	0.94712237037	1
0	75766	0.94724737037	1
0	75776	0.94737237037	1
0	75786	0.94749737037	1
0	75796	0.94762237037	1
0	75806	0.94774737037	1
0	75816	0.94787237037	1
0	75826	0.94799737037	1
0	75836	0.94812237037	1
0	75846	0.94824737037	1
0	75856	0.94837237037	1
0	75866	0.94849737037	1
0	75876	0.94862237037	1
0	75886	0.94874737037	1
0	75896	0.94887237037	1
0	75906	0.94899737037	1
0	75916	0.94912237037	1
0	75926	0.94924737037	1
0	75936	0.94937237037	1
0	75946	0.94949737037	1
0	75956	0.94962237037	1
0	75966	0.94974737037	1
0	75976	0.94987237037	1
0	75986	0.94999737037	1
0	75996	0.95012237037	1
0	76006	0.95024737037	1
0	76016	0.95037237037	1
0	76026	0.95049737037	1
0	76036	0.95062237037	1
0	76046	0.95074737037	1
0	76056	0.95087237037	1
0	76066	0.95099737037	1
0	76076	0.95112237037	1
0	76086	0.95124737037	1
0	76096	0.95137237037	1
0	76106	0.95149737037	1
0	76116	0.95162237037	1
0	76126	0.95174737037	1
0	76136	0.95187237037	1
0	76146	0.95199737037	1
0	76156	0.95212237037	1
0	76166	0.95224737037	1
0	76176	0.95237237037	1
0	76186	0.95249737037	1
0	76196	0.95262237037	1
0	76206	0.95274737037	1
0	76216	0.95287237037	1
0	76226	0.95299737037	1
0	76236	0.95312237037	1
0	76246	0.95324737037	1
0	76256	0.95337237037	1
0	76266	0.95349737037	1
0	76276	0.95362237037	1
0	76286	0.95374737037	1
0	76296	0.95387237037	1
0	76306	0.95399737037	1
0	76316	0.95412237037	1
0	76326	0.95424737037	1
0	76336	0.95437237037	1
0	76346	0.95449737037	1
0	76356	0.95462237037	1
0	76366	0.95474737037	1
0	76376	0.95487237037	1
0	76386	0.95499737037	1
0	76396	0.95512237037	1
0	76406	0.95524737037	1
0	76416	0.95537237037	1
0	76426	0.95549737037	1
0	76436	0.95562237037	1
0	76446	0.95574737037	1
0	76456	0.95587237037	1
0	76466	0.95599737037	1
0	76476	0.95612237037	1
0	76486	0.95624737037	1
0	76496	0.95637237037	1
0	76506	0.95649737037	1
0	76516	0.95662237037	1
0	76526	0.95674737037	1
0	76536	0.95687237037	1
0	76546	0.95699737037	1
0	76556	0.95712237037	1
0	76566	0.95724737037	1
0	76576	0.95737237037	1
0	76586	0.95749737037	1
0	76596	0.95762237037	1
0	76606	0.95774737037	1
0	76616	0.95787237037	1
0	76626	0.95799737037	1
0	76636	0.95812237037	1
0	76646	0.95824737037	1
0	76656	0.95837237037	1
0	76666	0.95849737037	1
0	76676	0.95862237037	1
0	76686	0.95874737037	1
0	76696	0.95887237037	1
0	76706	0.95899737037	1
0	76716	0.95912237037	1
0	76726	0.95924737037	1
0	76736	0.95937237037	1
0	76746	0.95949737037	1
0	76756	0.95962237037	1
0	76766	0.95974737037	1
0	76776	0.95987237037	1
0	76786	0.95999737037	1
0	76796	0.96012237037	1
0	76806	0.96024737037	1
0	76816	0.96037237037	1
0	76826	0.96049737037	1
0	76836	0.96062237037	1
0	76846	0.96074737037	1
0	76856	0.96087237037	1
0	76866	0.96099737037	1
0	76876	0.96112237037	1
0	76886	0.96124737037	1
0	76896	0.96137237037	1
0	76906	0.96149737037	1
0	76916	0.96162237037	1
0	76926	0.96174737037	1
0	76936	0.96187237037	1
0	76946	0.96199737037	1
0	76956	0.96212237037	1
0	76966	0.96224737037	1
0	76976	0.96237237037	1
0	76986	0.96249737037	1
0	76996	0.96262237037	1
0	77006	0.96274737037	1
0	77016	0.96287237037	1
0	77026	0.96299737037	1
0	77036	0.96312237037	1
0	77046	0.96324737037	1
0	77056	0.96337237037	1
0	77066	0.96349737037	1
0	77076	0.96362237037	1
0	77086	0.96374737037	1
0	77096	0.96387237037	1
0	77106	0.96399737037	1
0	77116	0.96412237037	1
0	77126	0.96424737037	1
0	77136	0.96437237037	1
0	77146	0.96449737037	1
0	77156	0.96462237037	1
0	77166	0.96474737037	1
0	77176	0.96487237037	1
0	77186	0.96499737037	1
0	77196	0.96512237037	1
0	77206	0.96524737037	1
0	77216	0.96537237037	1
0	77226	0.96549737037	1
0	77236	0.96562237037	1
0	77246	0.96574737037	1
0	77256	0.96587237037	1
0	77266	0.96599737037	1
0	77276	0.96612237037	1
0	77286	0.96624737037	1
0	77296	0.96637237037	1
0	77306	0.96649737037	1
0	77316	0.96662237037	1
0	77326	0.96674737037	1
0	77336	0.96687237037	1
0	77346	0.96699737037	1
0	77356	0.96712237037	1
0	77366	0.96724737037	1
0	77376	0.96737237037	1
0	77386	0.96749737037	1
0	77396	0.96762237037	1
0	77406	0.96774737037	1
0	77416	0.96787237037	1
0	77426	0.96799737037	1
0	77436	0.96812237037	1
0	77446	0.96824737037	1
0	77456	0.96837237037	1
0	77466	0.96849737037	1
0	77476	0.96862237037	1
0	77486	0.96874737037	1
0	77496	0.96887237037	1
0	77506	0.96899737037	1
0	77516	0.96912237037	1
0	77526	0.96924737037	1
0	77536	0.96937237037	1
0	77546	0.96949737037	1
0	77556	0.96962237037	1
0	77566	0.96974737037	1
0	77576	0.96987237037	1
0	77586	0.96999737037	1
0	77596	0.97012237037	1
0	77606	0.97024737037	1
0	77616	0.97037237037	1
0	77626	0.97049737037	1
0	77636	0.97062237037	1
0	77646	0.97074737037	1
0	77656	0.97087237037	1
0	77666	0.97099737037	1
0	77676	0.97112237037	1
0	77686	0.97124737037	1
0	77696	0.97137237037	1
0	77706	0.97149737037	1
0	77716	0.97162237037	1
0	77726	0.97174737037	1
0	77736	0.97187237037	1
0	77746	0.97199737037	1
0	77756	0.97212237037	1
0	77766	0.97224737037	1
0	77776	0.97237237037	1
0	77786	0.97249737037	1
0	77796	0.97262237037	1
0	77806	0.97274737037	1
0	77816	0.97287237037	1
0	77826	0.97299737037	1
0	77836	0.97312237037	1
0	77846	0.97324737037	1
0	77856	0.97337237037	1
0	77866	0.97349737037	1
0	77876	0.97362237037	1
0	77886	0.97374737037	1
0	77896	0.97387237037	1
0	77906	0.97399737037	1
0	77916	0.97412237037	1
0	77926	0.97424737037	1
0	77936	0.97437237037	1
0	77946	0.97449737037	1
0	77956	0.97462237037	1
0	77966	0.97474737037	1
0	77976	0.97487237037	1
0	77986	0.97499737037	1
0	77996	0.97512237037	1
0	78006	0.97524737037	1
0	78016	0.97537237037	1
0	78026	0.97549737037	1
0	78036	0.97562237037	1
0	78046	0.97574737037	1
0	78056	0.97587237037	1
0	78066	0.97599737037	1
0	78076	0.97612237037	1
0	78086	0.97624737037	1
0	78096	0.97637237037	1
0	78106	0.97649737037	1
0	78116	0.97662237037	1
0	78126	0.97674737037	1
0	78136	0.97687237037	1
0	78146	0.97699737037	1
0	78156	0.97712237037	1
0	78166	0.97724737037	1
0	78176	0.97737237037	1
0	78186	0.97749737037	1
0	78196	0.97762237037	1
0	78206	0.97774737037	1
0	78216	0.97787237037	1
0	78226	0.97799737037	1
0	78236	0.97812237037	1
0	78246	0.97824737037	1
0	78256	0.97837237037	1
0	78266	0.97849737037	1
0	78276	0.97862237037	1
0	78286	0.97874737037	1
0	78296	0.97887237037	1
0	78306	0.97899737037	1
0	78316	0.97912237037	1
0	78326	0.97924737037	1
0	78336	0.97937237037	1
0	78346	0.97949737037	1
0	78356	0.97962237037	1
0	78366	0.97974737037	1
0	78376	0.97987237037	1
0	78386	0.97999737037	1
0	78396	0.98012237037	1
0	78406	0.98024737037	1
0	78416	0.98037237037	1
0	78426	0.98049737037	1
0	78436	0.98062237037	1
0	78446	0.98074737037	1
0	78456	0.98087237037	1
0	78466	0.98099737037	1
0	78476	0.98112237037	1
0	78486	0.98124737037	1
0	78496	0.98137237037	1
0	78506	0.98149737037	1
0	78516	0.98162237037	1
0	78526	0.98174737037	1
0	78536	0.98187237037	1
0	78546	0.98199737037	1
0	78556	0.98212237037	1
0	78566	0.98224737037	1
0	78576	0.98237237037	1
0	78586	0.98249737037	1
0	78596	0.98262237037	1
0	78606	0.98274737037	1
0	78616	0.98287237037	1
0	78626	0.98299737037	1
0	78636	0.98312237037	1
0	78646	0.98324737037	1
0	78656	0.98337237037	1
0	78666	0.98349737037	1
0	78676	0.98362237037	1
0	78686	0.98374737037	1
0	78696	0.98387237037	1
0	78706	0.98399737037	1
0	78716	0.98412237037	1
0	78726	0.98424737037	1
0	78736	0.98437237037	1
0	78746	0.98449737037	1
0	78756	0.98462237037	1
0	78766	0.98474737037	1
0	78776	0.98487237037	1
0	78786	0.98499737037	1
0	78796	0.98512237037	1
0	78806	0.98524737037	1
0	78816	0.98537237037	1
0	78826	0.98549737037	1
0	78836	0.98562237037	1
0	78846	0.98574737037	1
0	78856	0.98587237037	1
0	78866	0.98599737037	1
0	78876	0.98612237037	1
0	78886	0.98624737037	1
0	78896	0.98637237037	1
0	78906	0.98649737037	1
0	78916	0.98662237037	1
0	78926	0.98674737037	1
0	78936	0.98687237037	1
0	78946	0.98699737037	1
0	78956	0.98712237037	1
0	78966	0.98724737037	1
0	78976	0.98737237037	1
0	78986	0.98749737037	1
0	78996	0.98762237037	1
0	79006	0.98774737037	1
0	79016	0.98787237037	1
0	79026	0.98799737037	1
0	79036	0.98812237037	1
0	79046	0.98824737037	1
0	79056	0.98837237037	1
0	79066	0.98849737037	1
0	79076	0.98862237037	1
0	79086	0.98874737037	1
0	79096	0.98887237037	1
0	79106	0.98899737037	1
0	79116	0.98912237037	1
0	79126	0.98924737037	1
0	79136	0.98937237037	1
0	79146	0.98949737037	1
0	79156	0.98962237037	1
0	79166	0.98974737037	1
0	79176	0.98987237037	1
0	79186	0.98999737037	1
0	79196	0.99012237037	1
0	79206	0.99024737037	1
0	79216	0.99037237037	1
0	79226	0.99049737037	1
0	79236	0.99062237037	1
0	79246	0.99074737037	1
0	79256	0.99087237037	1
0	79266	0.99099737037	1
0	79276	0.99112237037	1
0	79286	0.99124737037	1
0	79296	0.99137237037	1
0	79306	0.99149737037	1
0	79316	0.99162237037	1
0	79326	0.99174737037	1
0	79336	0.99187237037	1
0	79346	0.99199737037	1
0	79356	0.99212237037	1
0	79366	0.99224737037	1
0	79376	0.99237237037	1
0	79386	0.99249737037	1
0	79396	0.99262237037	1
0	79406	0.99274737037	1
0	79416	0.99287237037	1
0	79426	0.99299737037	1
0	79436	0.99312237037	1
0	79446	0.99324737037	1
0	79456	0.99337237037	1
0	79466	0.99349737037	1
0	79476	0.99362237037	1
0	79486	0.99374737037	1
0	79496	0.99387237037	1
0	79506	0.99399737037	1
0	79516	0.99412237037	1
0	79526	0.99424737037	1
0	79536	0.99437237037	1
0	79546	0.99449737037	1
0	79556	0.99462237037	1
0	79566	0.99474737037	1
0	79576	0.99487237037	1
0	79586	0.99499737037	1
0	79596	0.99512237037	1
0	79606	0.99524737037	1
0	79616	0.99537237037	1
0	79626	0.99549737037	1
0	79636	0.99562237037	1
0	79646	0.99574737037	1
0	79656	0.99587237037	1
0	79666	0.99599737037	1
0	79676	0.99612237037	1
0	79686	0.99624737037	1
0	79696	0.99637237037	1
0	79706	0.99649737037	1
0	79716	0.99662237037	1
0	79726	0.99674737037	1
0	79736	0.99687237037	1
0	79746	0.99699737037	1
0	79756	0.99712237037	1
0	79766	0.99724737037	1
0	79776	0.99737237037	1
0	79786	0.99749737037	1
0	79796	0.99762237037	1
0	79806	0.99774737037	1
0	79816	0.99787237037	1
0	79826	0.99799737037	1
0	79836	0.99812237037	1
0	79846	0.99824737037	1
0	79856	0.99837237037	1
0	79866	0.99849737037	1
0	79876	0.99862237037	1
0	79886	0.99874737037	1
0	79896	0.99887237037	1
0	79906	0.99899737037	1
0	79916	0.99912237037	1
0	79926	0.99924737037	1
0	79936	0.99937237037	1
0	79946	0.99949737037	1
0	79956	0.99962237037	1
0	79966	0.99974737037	1
0	79976	0.99987237037	1
0	79986	0.99999737037	1
1	14	0.000252	1
1	24	0.000377	1
1	34	0.000502	1
1	44	0.000627	1
1	54	0.000752	1
1	64	0.000877	1
1	74	0.001002	1
1	84	0.001127	1
1	94	0.001252	1
1	104	0.001377	1
1	114	0.001502	1
1	124	0.001627	1
1	134	0.001752	1
1	144	0.001877	1
1	154	0.002002	1
1	164	0.002127	1
1	174	0.002252	1
1	184	0.002377	1
1	194	0.002502	1
1	204	0.002627	1
1	214	0.002752	1
1	224	0.002877	1
1	234	0.003002	1
1	244	0.003127	1
1	254	0.003252	1
1	264	0.003377	1
1	274	0.003502	1
1	284	0.003627	1
1	294	0.003752	1
1	304	0.003877	1
1	314	0.004002	1
1	324	0.004127	1
1	334	0.004252	1
1	344	0.004377	1
1	354	0.004502	1
1	364	0.004627	1
1	374	0.004752	1
1	384	0.004877	1
1	394	0.005002	1
1	404	0.005127	1
1	414	0.005252	1
1	424	0.005377	1
1	434	0.005502	1
1	444	0.005627	1
1	454	0.005752	1
1	464	0.005877	1
1	474	0.006002	1
1	484	0.006127	1
1	494	0.006252	1
1	504	0.006377	1
1	514	0.006502	1
1	524	0.006627	1
1	534	0.006752	1
1	544	0.006877	1
1	554	0.007002	1
1	564	0.007127	1
1	574	0.007252	1
1	584	0.007377	1
1	594	0.007502	1
1	604	0.007627	1
1	614	0.007752	1
1	624	0.007877	1
1	634	0.008002	1
1	644	0.008127	1
1	654	0.008252	1
1	664	0.008377	1
1	674	0.008502	1
1	684	0.008627	1
1	694	0.008752	1
1	704	0.008877	1
1	714	0.009002	1
1	724	0.009127	1
1	734	0.009252	1
1	744	0.009377	1
1	754	0.009502	1
1	764	0.009627	1
1	774	0.009752	1
1	784	0.009877	1
1	794	0.010002	1
1	804	0.010127	1
1	814	0.010252	1
1	824	0.010377	1
1	834	0.010502	1
1	844	0.010627	1
1	854	0.010752	1
1	864	0.010877	1
1	874	0.011002	1
1	884	0.011127	1
1	894	0.011252	1
1	904	0.011377	1
1	914	0.011502	1
1	924	0.011627	1
1	934	0.011752	1
1	944	0.011877	1
1	954	0.012002	1
1	964	0.012127	1
1	974	0.012252	1
1	984	0.012377	1
1	994	0.012502	1
1	1004	0.012627	1
1	1014	0.012752	1
1	1024	0.012877	1
1	1034	0.013002	1
1	1044	0.013127	1
1	1054	0.013252	1
1	1064	0.013377	1
1	1074	0.013502	1
1	1084	0.013627	1
1	1094	0.013752	1
1	1104	0.013877	1
1	1114	0.014002	1
1	1124	0.014127	1
1	1134	0.014252	1
1	1144	0.014377	1
1	1154	0.014502	1
1	1164	0.014627	1
1	1174	0.014752	1
1	1184	0.014877	1
1	1194	0.015002	1
1	1204	0.015127	1
1	1214	0.015252	1
1	1224	0.015377	1
1	1234	0.015502	1
1	1244	0.015627	1
1	1254	0.015752	1
1	1264	0.015877	1
1	1274	0.016002	1
1	1284	0.016127	1
1	1294	0.016252	1
1	1304	0.016377	1
1	1314	0.016502	1
1	1324	0.016627	1
1	1334	0.016752	1
1	1344	0.016877	1
1	1354	0.017002	1
1	1364	0.017127	1
1	1374	0.017252	1
1	1384	0.017377	1
1	1394	0.017502	1
1	1404	0.017627	1
1	1414	0.017752	1
1	1424	0.017877	1
1	1434	0.018002	1
1	1444	0.018127	1
1	1454	0.018252	1
1	1464	0.018377	1
1	1474	0.018502	1
1	1484	0.018627	1
1	1494	0.018752	1
1	1504	0.018877	1
1	1514	0.019002	1
1	1524	0.019127	1
1	1534	0.019252	1
1	1544	0.019377	1
1	1554	0.019502	1
1	1564	0.019627	1
1	1574	0.019752	1
1	1584	0.019877	1
1	1594	0.020002	1
1	1604	0.020127	1
1	1614	0.020252	1
1	1624	0.020377	1
1	1634	0.020502	1
1	1644	0.020627	1
1	1654	0.020752	1
1	1664	0.020877	1
1	1674	0.021002	1
1	1684	0.021127	1
1	1694	0.021252	1
1	1704	0.021377	1
1	1714	0.021502	1
1	1724	0.021627	1
1	1734	0.021752	1
1	1744	0.021877	1
1	1754	0.022002	1
1	1764	0.022127	1
1	1774	0.022252	1
1	1784	0.022377	1
1	1794	0.022502	1
1	1804	0.022627	1
1	1814	0.022752	1
1	1824	0.022877	1
1	1834	0.023002	1
1	1844	0.023127	1
1	1854	0.023252	1
1	1864	0.023377	1
1	1874	0.023502	1
1	1884	0.023627	1
1	1894	0.023752	1
1	1904	0.023877	1
1	1914	0.024002	1
1	1924	0.024127	1
1	1934	0.024252	1
1	1944	0.024377	1
1	1954	0.024502	1
1	1964	0.024627	1
1	1974	0.024752	1
1	1984	0.024877	1
1	1994	0.025002	1
1	2004	0.025127	1
1	2014	0.025252	1
1	2024	0.025377	1
1	2034	0.025502	1
1	2044	0.025627	1
1	2054	0.025752	1
1	2064	0.025877	1
1	2074	0.026002	1
1	2084	0.026127	1
1	2094	0.026252	1
1	2104	0.026377	1
1	2114	0.026502	1
1	2124	0.026627	1
1	2134	0.026752	1
1	2144	0.026877	1
1	2154	0.027002	1
1	2164	0.027127	1
1	2174	0.027252	1
1	2184	0.027377	1
1	2194	0.027502	1
1	2204	0.027627	1
1	2214	0.027752	1
1	2224	0.027877	1
1	2234	0.028002	1
1	2244	0.028127	1
1	2254	0.028252	1
1	2264	0.028377	1
1	2274	0.028502	1
1	2284	0.028627	1
1	2294	0.028752	1
1	2304	0.028877	1
1	2314	0.029002	1
1	2324	0.029127	1
1	2334	0.029252	1
1	2344	0.029377	1
1	2354	0.029502	1
1	2364	0.029627	1
1	2374	0.029752	1
1	2384	0.029877	1
1	2394	0.030002	1
1	2404	0.030127	1
1	2414	0.030252	1
1	2424	0.030377	1
1	2434	0.030502	1
1	2444	0.030627	1
1	2454	0.030752	1
1	2464	0.030877	1
1	2474	0.031002	1
1	2484	0.031127	1
1	2494	0.031252	1
1	2504	0.031377	1
1	2514	0.031502	1
1	2524	0.031627	1
1	2534	0.031752	1
1	2544	0.031877	1
1	2554	0.032002	1
1	2564	0.032127	1
1	2574	0.032252	1
1	2584	0.032377	1
1	2594	0.032502	1
1	2604	0.032627	1
1	2614	0.032752	1
1	2624	0.032877	1
1	2634	0.033002	1
1	2644	0.033127	1
1	2654	0.033252	1
1	2664	0.033377	1
1	2674	0.033502	1
1	2684	0.033627	1
1	2694	0.033752	1
1	2704	0.033877	1
1	2714	0.034002	1
1	2724	0.034127	1
1	2734	0.034252	1
1	2744	0.034377	1
1	2754	0.034502	1
1	2764	0.034627	1
1	2774	0.034752	1
1	2784	0.034877	1
1	2794	0.035002	1
1	2804	0.035127	1
1	2814	0.035252	1
1	2824	0.035377	1
1	2834	0.035502	1
1	2844	0.035627	1
1	2854	0.035752	1
1	2864	0.035877	1
1	2874	0.036002	1
1	2884	0.036127	1
1	2894	0.036252	1
1	2904	0.036377	1
1	2914	0.036502	1
1	2924	0.036627	1
1	2934	0.036752	1
1	2944	0.036877	1
1	2954	0.037002	1
1	2964	0.037127	1
1	2974	0.037252	1
1	2984	0.037377	1
1	2994	0.037502	1
1	3004	0.037627	1
1	3014	0.037752	1
1	3024	0.037877	1
1	3034	0.038002	1
1	3044	0.038127	1
1	3054	0.038252	1
1	3064	0.038377	1
1	3074	0.038502	1
1	3084	0.038627	1
1	3094	0.038752	1
1	3104	0.038877	1
1	3114	0.039002	1
1	3124	0.039127	1
1	3134	0.039252	1
1	3144	0.039377	1
1	3154	0.039502	1
1	3164	0.039627	1
1	3174	0.039752	1
1	3184	0.039877	1
1	3194	0.040002	1
1	3204	0.040127	1
1	3214	0.040252	1
1	3224	0.040377	1
1	3234	0.040502	1
1	3244	0.040627	1
1	3254	0.040752	1
1	3264	0.040877	1
1	3274	0.041002	1
1	3284	0.041127	1
1	3294	0.041252	1
1	3304	0.041377	1
1	3314	0.041502	1
1	3324	0.041627	1
1	3334	0.041752	1
1	3344	0.041877	1
1	3354	0.042002	1
1	3364	0.042127	1
1	3374	0.042252	1
1	3384	0.042377	1
1	3394	0.042502	1
1	3404	0.042627	1
1	3414	0.042752	1
1	3424	0.042877	1
1	3434	0.043002	1
1	3444	0.043127	1
1	3454	0.043252	1
1	3464	0.043377	1
1	3474	0.043502	1
1	3484	0.043627	1
1	3494	0.043752	1
1	3504	0.043877	1
1	3514	0.044002	1
1	3524	0.044127	1
1	3534	0.044252	1
1	3544	0.044377	1
1	3554	0.044502	1
1	3564	0.044627	1
1	3574	0.044752	1
1	3584	0.044877	1
1	3594	0.045002	1
1	3604	0.045127	1
1	3614	0.045252	1
1	3624	0.045377	1
1	3634	0.045502	1
1	3644	0.045627	1
1	3654	0.045752	1
1	3664	0.045877	1
1	3674	0.046002	1
1	3684	0.046127	1
1	3694	0.046252	1
1	3704	0.046377	1
1	3714	0.046502	1
1	3724	0.046627	1
1	3734	0.046752	1
1	3744	0.046877	1
1	3754	0.047002	1
1	3764	0.047127	1
1	3774	0.047252	1
1	3784	0.047377	1
1	3794	0.047502	1
1	3804	0.047627	1
1	3814	0.047752	1
1	3824	0.047877	1
1	3834	0.048002	1
1	3844	0.048127	1
1	3854	0.048252	1
1	3864	0.048377	1
1	3874	0.048502	1
1	3884	0.048627	1
1	3894	0.048752	1
1	3904	0.048877	1
1	3914	0.049002	1
1	3924	0.049127	1
1	3934	0.049252	1
1	3944	0.049377	1
1	3954	0.049502	1
1	3964	0.049627	1
1	3974	0.049752	1
1	3984	0.049877	1
1	3994	0.050002	1
1	4004	0.050127	1
1	4014	0.050252	1
1	4024	0.050377	1
1	4034	0.050502	1
1	4044	0.050627	1
1	4054	0.050752	1
1	4064	0.050877	1
1	4074	0.051002	1
1	4084	0.051127	1
1	4094	0.051252	1
1	4104	0.051377	1
1	4114	0.051502	1
1	4124	0.051627	1
1	4134	0.051752	1
1	4144	0.051877	1
1	4154	0.052002	1
1	4164	0.052127	1
1	4174	0.052252	1
1	4184	0.052377	1
1	4194	0.052502	1
1	4204	0.052627	1
1	4214	0.052752	1
1	4224	0.052877	1
1	4234	0.053002	1
1	4244	0.053127	1
1	4254	0.053252	1
1	4264	0.053377	1
1	4274	0.053502	1
1	4284	0.053627	1
1	4294	0.053752	1
1	4304	0.053877	1
1	4314	0.054002	1
1	4324	0.054127	1
1	4334	0.054252	1
1	4344	0.054377	1
1	4354	0.054502	1
1	4364	0.054627	1
1	4374	0.054752	1
1	4384	0.054877	1
1	4394	0.055002	1
1	4404	0.055127	1
1	4414	0.055252	1
1	4424	0.055377	1
1	4434	0.055502	1
1	4444	0.055627	1
1	4454	0.055752	1
1	4464	0.055877	1
1	4474	0.056002	1
1	4484	0.056127	1
1	4494	0.056252	1
1	4504	0.056377	1
1	4514	0.056502	1
1	4524	0.056627	1
1	4534	0.056752	1
1	4544	0.056877	1
1	4554	0.057002	1
1	4564	0.057127	1
1	4574	0.057252	1
1	4584	0.057377	1
1	4594	0.057502	1
1	4604	0.057627	1
1	4614	0.057752	1
1	4624	0.057877	1
1	4634	0.058002	1
1	4644	0.058127	1
1	4654	0.058252	1
1	4664	0.058377	1
1	4674	0.058502	1
1	4684	0.058627	1
1	4694	0.058752	1
1	4704	0.058877	1
1	4714	0.059002	1
1	4724	0.059127	1
1	4734	0.059252	1
1	4744	0.059377	1
1	4754	0.059502	1
1	4764	0.059627	1
1	4774	0.059752	1
1	4784	0.059877	1
1	4794	0.060002	1
1	4804	0.060127	1
1	4814	0.060252	1
1	4824	0.060377	1
1	4834	0.060502	1
1	4844	0.060627	1
1	4854	0.060752	1
1	4864	0.060877	1
1	4874	0.061002	1
1	4884	0.061127	1
1	4894	0.061252	1
1	4904	0.061377	1
1	4914	0.061502	1
1	4924	0.061627	1
1	4934	0.061752	1
1	4944	0.061877	1
1	4954	0.062002	1
1	4964	0.062127	1
1	4974	0.062252	1
1	4984	0.062377	1
1	4994	0.062502	1
1	5004	0.062627	1
1	5014	0.062752	1
1	5024	0.062877	1
1	5034	0.063002	1
1	5044	0.063127	1
1	5054	0.063252	1
1	5064	0.063377	1
1	5074	0.063502	1
1	5084	0.063627	1
1	5094	0.063752	1
1	5104	0.063877	1
1	5114	0.064002	1
1	5124	0.064127	1
1	5134	0.064252	1
1	5144	0.064377	1
1	5154	0.064502	1
1	5164	0.064627	1
1	5174	0.064752	1
1	5184	0.064877	1
1	5194	0.065002	1
1	5204	0.065127	1
1	5214	0.065252	1
1	5224	0.065377	1
1	5234	0.065502	1
1	5244	0.065627	1
1	5254	0.065752	1
1	5264	0.065877	1
1	5274	0.066002	1
1	5284	0.066127	1
1	5294	0.066252	1
1	5304	0.066377	1
1	5314	0.066502	1
1	5324	0.066627	1
1	5334	0.066752	1
1	5344	0.066877	1
1	5354	0.067002	1
1	5364	0.067127	1
1	5374	0.067252	1
1	5384	0.067377	1
1	5394	0.067502	1
1	5404	0.067627	1
1	5414	0.067752	1
1	5424	0.067877	1
1	5434	0.068002	1
1	5444	0.068127	1
1	5454	0.068252	1
1	5464	0.068377	1
1	5474	0.068502	1
1	5484	0.068627	1
1	5494	0.068752	1
1	5504	0.068877	1
1	5514	0.069002	1
1	5524	0.069127	1
1	5534	0.069252	1
1	5544	0.069377	1
1	5554	0.069502	1
1	5564	0.069627	1
1	5574	0.069752	1
1	5584	0.069877	1
1	5594	0.070002	1
1	5604	0.070127	1
1	5614	0.070252	1
1	5624	0.070377	1
1	5634	0.070502	1
1	5644	0.070627	1
1	5654	0.070752	1
1	5664	0.070877	1
1	5674	0.071002	1
1	5684	0.071127	1
1	5694	0.071252	1
1	5704	0.071377	1
1	5714	0.071502	1
1	5724	0.071627	1
1	5734	0.071752	1
1	5744	0.071877	1
1	5754	0.072002	1
1	5764	0.072127	1
1	5774	0.072252	1
1	5784	0.072377	1
1	5794	0.072502	1
1	5804	0.072627	1
1	5814	0.072752	1
1	5824	0.072877	1
1	5834	0.073002	1
1	5844	0.073127	1
1	5854	0.073252	1
1	5864	0.073377	1
1	5874	0.073502	1
1	5884	0.073627	1
1	5894	0.073752	1
1	5904	0.073877	1
1	5914	0.074002	1
1	5924	0.074127	1
1	5934	0.074252	1
1	5944	0.074377	1
1	5954	0.074502	1
1	5964	0.074627	1
1	5974	0.074752	1
1	5984	0.074877	1
1	5994	0.075002	1
1	6004	0.075127	1
1	6014	0.075252	1
1	6024	0.075377	1
1	6034	0.075502	1
1	6044	0.075627	1
1	6054	0.075752	1
1	6064	0.075877	1
1	6074	0.076002	1
1	6084	0.076127	1
1	6094	0.076252	1
1	6104	0.076377	1
1	6114	0.076502	1
1	6124	0.076627	1
1	6134	0.076752	1
1	6144	0.076877	1
1	6154	0.077002	1
1	6164	0.077127	1
1	6174	0.077252	1
1	6184	0.077377	1
1	6194	0.077502	1
1	6204	0.077627	1
1	6214	0.077752	1
1	6224	0.077877	1
1	6234	0.078002	1
1	6244	0.078127	1
1	6254	0.078252	1
1	6264	0.078377	1
1	6274	0.078502	1
1	6284	0.078627	1
1	6294	0.078752	1
1	6304	0.078877	1
1	6314	0.079002	1
1	6324	0.079127	1
1	6334	0.079252	1
1	6344	0.079377	1
1	6354	0.079502	1
1	6364	0.079627	1
1	6374	0.079752	1
1	6384	0.079877	1
1	6394	0.080002	1
1	6404	0.080127	1
1	6414	0.080252	1
1	6424	0.080377	1
1	6434	0.080502	1
1	6444	0.080627	1
1	6454	0.080752	1
1	6464	0.080877	1
1	6474	0.081002	1
1	6484	0.081127	1
1	6494	0.081252	1
1	6504	0.081377	1
1	6514	0.081502	1
1	6524	0.081627	1
1	6534	0.081752	1
1	6544	0.081877	1
1	6554	0.082002	1
1	6564	0.082127	1
1	6574	0.082252	1
1	6584	0.082377	1
1	6594	0.082502	1
1	6604	0.082627	1
1	6614	0.082752	1
1	6624	0.082877	1
1	6634	0.083002	1
1	6644	0.083127	1
1	6654	0.083252	1
1	6664	0.083377	1
1	6674	0.083502	1
1	6684	0.083627	1
1	6694	0.083752	1
1	6704	0.083877	1
1	6714	0.084002	1
1	6724	0.084127	1
1	6734	0.084252	1
1	6744	0.084377	1
1	6754	0.084502	1
1	6764	0.084627	1
1	6774	0.084752	1
1	6784	0.084877	1
1	6794	0.085002	1
1	6804	0.085127	1
1	6814	0.085252	1
1	6824	0.085377	1
1	6834	0.085502	1
1	6844	0.085627	1
1	6854	0.085752	1
1	6864	0.085877	1
1	6874	0.086002	1
1	6884	0.086127	1
1	6894	0.086252	1
1	6904	0.086377	1
1	6914	0.086502	1
1	6924	0.086627	1
1	6934	0.086752	1
1	6944	0.086877	1
1	6954	0.087002	1
1	6964	0.087127	1
1	6974	0.087252	1
1	6984	0.087377	1
1	6994	0.087502	1
1	7004	0.087627	1
1	7014	0.087752	1
1	7024	0.087877	1
1	7034	0.088002	1
1	7044	0.088127	1
1	7054	0.088252	1
1	7064	0.088377	1
1	7074	0.088502	1
1	7084	0.088627	1
1	7094	0.088752	1
1	7104	0.088877	1
1	7114	0.089002	1
1	7124	0.089127	1
1	7134	0.089252	1
1	7144	0.089377	1
1	7154	0.089502	1
1	7164	0.089627	1
1	7174	0.089752	1
1	7184	0.089877	1
1	7194	0.090002	1
1	7204	0.090127	1
1	7214	0.090252	1
1	7224	0.090377	1
1	7234	0.090502	1
1	7244	0.090627	1
1	7254	0.090752	1
1	7264	0.090877	1
1	7274	0.091002	1
1	7284	0.091127	1
1	7294	0.091252	1
1	7304	0.091377	1
1	7314	0.091502	1
1	7324	0.091627	1
1	7334	0.091752	1
1	7344	0.091877	1
1	7354	0.092002	1
1	7364	0.092127	1
1	7374	0.092252	1
1	7384	0.092377	1
1	7394	0.092502	1
1	7404	0.092627	1
1	7414	0.092752	1
1	7424	0.092877	1
1	7434	0.093002	1
1	7444	0.093127	1
1	7454	0.093252	1
1	7464	0.093377	1
1	7474	0.093502	1
1	7484	0.093627	1
1	7494	0.093752	1
1	7504	0.093877	1
1	7514	0.094002	1
1	7524	0.094127	1
1	7534	0.094252	1
1	7544	0.094377	1
1	7554	0.094502	1
1	7564	0.094627	1
1	7574	0.094752	1
1	7584	0.094877	1
1	7594	0.095002	1
1	7604	0.095127	1
1	7614	0.095252	1
1	7624	0.095377	1
1	7634	0.095502	1
1	7644	0.095627	1
1	7654	0.095752	1
1	7664	0.095877	1
1	7674	0.096002	1
1	7684	0.096127	1
1	7694	0.096252	1
1	7704	0.096377	1
1	7714	0.096502	1
1	7724	0.096627	1
1	7734	0.096752	1
1	7744	0.096877	1
1	7754	0.097002	1
1	7764	0.097127	1
1	7774	0.097252	1
1	7784	0.097377	1
1	7794	0.097502	1
1	7804	0.097627	1
1	7814	0.097752	1
1	7824	0.097877	1
1	7834	0.098002	1
1	7844	0.098127	1
1	7854	0.098252	1
1	7864	0.098377	1
1	7874	0.098502	1
1	7884	0.098627	1
1	7894	0.098752	1
1	7904	0.098877	1
1	7914	0.099002	1
1	7924	0.099127	1
1	7934	0.099252	1
1	7944	0.099377	1
1	7954	0.099502	1
1	7964	0.099627	1
1	7974	0.099752	1
1	7984	0.099877	1
1	7994	0.100002	1
1	8004	0.100127	1
1	8014	0.100252	1
1	8024	0.100377	1
1	8034	0.100502	1
1	8044	0.100627	1
1	8054	0.100752	1
1	8064	0.100877	1
1	8074	0.101002	1
1	8084	0.101127	1
1	8094	0.101252	1
1	8104	0.101377	1
1	8114	0.101502	1
1	8124	0.101627	1
1	8134	0.101752	1
1	8144	0.101877	1
1	8154	0.102002	1
1	8164	0.102127	1
1	8174	0.102252	1
1	8184	0.102377	1
1	8194	0.102502	1
1	8204	0.102627	1
1	8214	0.102752	1
1	8224	0.102877	1
1	8234	0.103002	1
1	8244	0.103127	1
1	8254	0.103252	1
1	8264	0.103377	1
1	8274	0.103502	1
1	8284	0.103627	1
1	8294	0.103752	1
1	8304	0.103877	1
1	8314	0.104002	1
1	8324	0.104127	1
1	8334	0.104252	1
1	8344	0.104377	1
1	8354	0.104502	1
1	8364	0.104627	1
1	8374	0.104752	1
1	8384	0.104877	1
1	8394	0.105002	1
1	8404	0.105127	1
1	8414	0.105252	1
1	8424	0.105377	1
1	8434	0.105502	1
1	8444	0.105627	1
1	8454	0.105752	1
1	8464	0.105877	1
1	8474	0.106002	1
1	8484	0.106127	1
1	8494	0.106252	1
1	8504	0.106377	1
1	8514	0.106502	1
1	8524	0.106627	1
1	8534	0.106752	1
1	8544	0.106877	1
1	8554	0.107002	1
1	8564	0.107127	1
1	8574	0.107252	1
1	8584	0.107377	1
1	8594	0.107502	1
1	8604	0.107627	1
1	8614	0.107752	1
1	8624	0.107877	1
1	8634	0.108002	1
1	8644	0.108127	1
1	8654	0.108252	1
1	8664	0.108377	1
1	8674	0.108502	1
1	8684	0.108627	1
1	8694	0.108752	1
1	8704	0.108877	1
1	8714	0.109002	1
1	8724	0.109127	1
1	8734	0.109252	1
1	8744	0.109377	1
1	8754	0.109502	1
1	8764	0.109627	1
1	8774	0.109752	1
1	8784	0.109877	1
1	8794	0.110002	1
1	8804	0.110127	1
1	8814	0.110252	1
1	8824	0.110377	1
1	8834	0.110502	1
1	8844	0.110627	1
1	8854	0.110752	1
1	8864	0.110877	1
1	8874	0.111002	1
1	8884	0.111127	1
1	8894	0.111252	1
1	8904	0.111377	1
1	8914	0.111502	1
1	8924	0.111627	1
1	8934	0.111752	1
1	8944	0.111877	1
1	8954	0.112002	1
1	8964	0.112127	1
1	8974	0.112252	1
1	8984	0.112377	1
1	8994	0.112502	1
1	9004	0.112627	1
1	9014	0.112752	1
1	9024	0.112877	1
1	9034	0.113002	1
1	9044	0.113127	1
1	9054	0.113252	1
1	9064	0.113377	1
1	9074	0.113502	1
1	9084	0.113627	1
1	9094	0.113752	1
1	9104	0.113877	1
1	9114	0.114002	1
1	9124	0.114127	1
1	9134	0.114252	1
1	9144	0.114377	1
1	9154	0.114502	1
1	9164	0.114627	1
1	9174	0.114752	1
1	9184	0.114877	1
1	9194	0.115002	1
1	9204	0.115127	1
1	9214	0.115252	1
1	9224	0.115377	1
1	9234	0.115502	1
1	9244	0.115627	1
1	9254	0.115752	1
1	9264	0.115877	1
1	9274	0.116002	1
1	9284	0.116127	1
1	9294	0.116252	1
1	9304	0.116377	1
1	9314	0.116502	1
1	9324	0.116627	1
1	9334	0.116752	1
1	9344	0.116877	1
1	9354	0.117002	1
1	9364	0.117127	1
1	9374	0.117252	1
1	9384	0.117377	1
1	9394	0.117502	1
1	9404	0.117627	1
1	9414	0.117752	1
1	9424	0.117877	1
1	9434	0.118002	1
1	9444	0.118127	1
1	9454	0.118252	1
1	9464	0.118377	1
1	9474	0.118502	1
1	9484	0.118627	1
1	9494	0.118752	1
1	9504	0.118877	1
1	9514	0.119002	1
1	9524	0.119127	1
1	9534	0.119252	1
1	9544	0.119377	1
1	9554	0.119502	1
1	9564	0.119627	1
1	9574	0.119752	1
1	9584	0.119877	1
1	9594	0.120002	1
1	9604	0.120127	1
1	9614	0.120252	1
1	9624	0.120377	1
1	9634	0.120502	1
1	9644	0.120627	1
1	9654	0.120752	1
1	9664	0.120877	1
1	9674	0.121002	1
1	9684	0.121127	1
1	9694	0.121252	1
1	9704	0.121377	1
1	9714	0.121502	1
1	9724	0.121627	1
1	9734	0.121752	1
1	9744	0.121877	1
1	9754	0.122002	1
1	9764	0.122127	1
1	9774	0.122252	1
1	9784	0.122377	1
1	9794	0.122502	1
1	9804	0.122627	1
1	9814	0.122752	1
1	9824	0.122877	1
1	9834	0.123002	1
1	9844	0.123127	1
1	9854	0.123252	1
1	9864	0.123377	1
1	9874	0.123502	1
1	9884	0.123627	1
1	9894	0.123752	1
1	9904	0.123877	1
1	9914	0.124002	1
1	9924	0.124127	1
1	9934	0.124252	1
1	9944	0.124377	1
1	9954	0.124502	1
1	9964	0.124627	1
1	9974	0.124752	1
1	9984	0.124877	1
1	9994	0.125002	1
1	10004	0.125127	1
1	10014	0.125252	1
1	10024	0.125377	1
1	10034	0.125502	1
1	10044	0.125627	1
1	10054	0.125752	1
1	10064	0.125877	1
1	10074	0.126002	1
1	10084	0.126127	1
1	10094	0.126252	1
1	10104	0.126377	1
1	10114	0.126502	1
1	10124	0.126627	1
1	10134	0.126752	1
1	10144	0.126877	1
1	10154	0.127002	1
1	10164	0.127127	1
1	10174	0.127252	1
1	10184	0.127377	1
1	10194	0.127502	1
1	10204	0.127627	1
1	10214	0.127752	1
1	10224	0.127877	1
1	10234	0.128002	1
1	10244	0.128127	1
1	10254	0.128252	1
1	10264	0.128377	1
1	10274	0.128502	1
1	10284	0.128627	1
1	10294	0.128752	1
1	10304	0.128877	1
1	10314	0.129002	1
1	10324	0.129127	1
1	10334	0.129252	1
1	10344	0.129377	1
1	10354	0.129502	1
1	10364	0.129627	1
1	10374	0.129752	1
1	10384	0.129877	1
1	10394	0.130002	1
1	10404	0.130127	1
1	10414	0.130252	1
1	10424	0.130377	1
1	10434	0.130502	1
1	10444	0.130627	1
1	10454	0.130752	1
1	10464	0.130877	1
1	10474	0.131002	1
1	10484	0.131127	1
1	10494	0.131252	1
1	10504	0.131377	1
1	10514	0.131502	1
1	10524	0.131627	1
1	10534	0.131752	1
1	10544	0.131877	1
1	10554	0.132002	1
1	10564	0.132127	1
1	10574	0.132252	1
1	10584	0.132377	1
1	10594	0.132502	1
1	10604	0.132627	1
1	10614	0.132752	1
1	10624	0.132877	1
1	10634	0.133002	1
1	10644	0.133127	1
1	10654	0.133252	1
1	10664	0.133377	1
1	10674	0.133502	1
1	10684	0.133627	1
1	10694	0.133752	1
1	10704	0.133877	1
1	10714	0.134002	1
1	10724	0.134127	1
1	10734	0.134252	1
1	10744	0.134377	1
1	10754	0.134502	1
1	10764	0.134627	1
1	10774	0.134752	1
1	10784	0.134877	1
1	10794	0.135002	1
1	10804	0.135127	1
1	10814	0.135252	1
1	10824	0.135377	1
1	10834	0.135502	1
1	10844	0.135627	1
1	10854	0.135752	1
1	10864	0.135877	1
1	10874	0.136002	1
1	10884	0.136127	1
1	10894	0.136252	1
1	10904	0.136377	1
1	10914	0.136502	1
1	10924	0.136627	1
1	10934	0.136752	1
1	10944	0.136877	1
1	10954	0.137002	1
1	10964	0.137127	1
1	10974	0.137252	1
1	10984	0.137377	1
1	10994	0.137502	1
1	11004	0.137627	1
1	11014	0.137752	1
1	11024	0.137877	1
1	11034	0.138002	1
1	11044	0.138127	1
1	11054	0.138252	1
1	11064	0.138377	1
1	11074	0.138502	1
1	11084	0.138627	1
1	11094	0.138752	1
1	11104	0.138877	1
1	11114	0.139002	1
1	11124	0.139127	1
1	11134	0.139252	1
1	11144	0.139377	1
1	11154	0.139502	1
1	11164	0.139627	1
1	11174	0.139752	1
1	11184	0.139877	1
1	11194	0.140002	1
1	11204	0.140127	1
1	11214	0.140252	1
1	11224	0.140377	1
1	11234	0.140502	1
1	11244	0.140627	1
1	11254	0.140752	1
1	11264	0.140877	1
1	11274	0.141002	1
1	11284	0.141127	1
1	11294	0.141252	1
1	11304	0.141377	1
1	11314	0.141502	1
1	11324	0.141627	1
1	11334	0.141752	1
1	11344	0.141877	1
1	11354	0.142002	1
1	11364	0.142127	1
1	11374	0.142252	1
1	11384	0.142377	1
1	11394	0.142502	1
1	11404	0.142627	1
1	11414	0.142752	1
1	11424	0.142877	1
1	11434	0.143002	1
1	11444	0.143127	1
1	11454	0.143252	1
1	11464	0.143377	1
1	11474	0.143502	1
1	11484	0.143627	1
1	11494	0.143752	1
1	11504	0.143877	1
1	11514	0.144002	1
1	11524	0.144127	1
1	11534	0.144252	1
1	11544	0.144377	1
1	11554	0.144502	1
1	11564	0.144627	1
1	11574	0.144752	1
1	11584	0.144877	1
1	11594	0.145002	1
1	11604	0.145127	1
1	11614	0.145252	1
1	11624	0.145377	1
1	11634	0.145502	1
1	11644	0.145627	1
1	11654	0.145752	1
1	11664	0.145877	1
1	11674	0.146002	1
1	11684	0.146127	1
1	11694	0.146252	1
1	11704	0.146377	1
1	11714	0.146502	1
1	11724	0.146627	1
1	11734	0.146752	1
1	11744	0.146877	1
1	11754	0.147002	1
1	11764	0.147127	1
1	11774	0.147252	1
1	11784	0.147377	1
1	11794	0.147502	1
1	11804	0.147627	1
1	11814	0.147752	1
1	11824	0.147877	1
1	11834	0.148002	1
1	11844	0.148127	1
1	11854	0.148252	1
1	11864	0.148377	1
1	11874	0.148502	1
1	11884	0.148627	1
1	11894	0.148752	1
1	11904	0.148877	1
1	11914	0.149002	1
1	11924	0.149127	1
1	11934	0.149252	1
1	11944	0.149377	1
1	11954	0.149502	1
1	11964	0.149627	1
1	11974	0.149752	1
1	11984	0.149877	1
1	11994	0.150002	1
1	12004	0.150127	1
1	12014	0.150252	1
1	12024	0.150377	1
1	12034	0.150502	1
1	12044	0.150627	1
1	12054	0.150752	1
1	12064	0.150877	1
1	12074	0.151002	1
1	12084	0.151127	1
1	12094	0.151252	1
1	12104	0.151377	1
1	12114	0.151502	1
1	12124	0.151627	1
1	12134	0.151752	1
1	12144	0.151877	1
1	12154	0.152002	1
1	12164	0.152127	1
1	12174	0.152252	1
1	12184	0.152377	1
1	12194	0.152502	1
1	12204	0.152627	1
1	12214	0.152752	1
1	12224	0.152877	1
1	12234	0.153002	1
1	12244	0.153127	1
1	12254	0.153252	1
1	12264	0.153377	1
1	12274	0.153502	1
1	12284	0.153627	1
1	12294	0.153752	1
1	12304	0.153877	1
1	12314	0.154002	1
1	12324	0.154127	1
1	12334	0.154252	1
1	12344	0.154377	1
1	12354	0.154502	1
1	12364	0.154627	1
1	12374	0.154752	1
1	12384	0.154877	1
1	12394	0.155002	1
1	12404	0.155127	1
1	12414	0.155252	1
1	12424	0.155377	1
1	12434	0.155502	1
1	12444	0.155627	1
1	12454	0.155752	1
1	12464	0.155877	1
1	12474	0.156002	1
1	12484	0.156127	1
1	12494	0.156252	1
1	12504	0.156377	1
1	12514	0.156502	1
1	12524	0.156627	1
1	12534	0.156752	1
1	12544	0.156877	1
1	12554	0.157002	1
1	12564	0.157127	1
1	12574	0.157252	1
1	12584	0.157377	1
1	12594	0.157502	1
1	12604	0.157627	1
1	12614	0.157752	1
1	12624	0.157877	1
1	12634	0.158002	1
1	12644	0.158127	1
1	12654	0.158252	1
1	12664	0.158377	1
1	12674	0.158502	1
1	12684	0.158627	1
1	12694	0.158752	1
1	12704	0.158877	1
1	12714	0.159002	1
1	12724	0.159127	1
1	12734	0.159252	1
1	12744	0.159377	1
1	12754	0.159502	1
1	12764	0.159627	1
1	12774	0.159752	1
1	12784	0.159877	1
1	12794	0.160002	1
1	12804	0.160127	1
1	12814	0.160252	1
1	12824	0.160377	1
1	12834	0.160502	1
1	12844	0.160627	1
1	12854	0.160752	1
1	12864	0.160877	1
1	12874	0.161002	1
1	12884	0.161127	1
1	12894	0.161252	1
1	12904	0.161377	1
1	12914	0.161502	1
1	12924	0.161627	1
1	12934	0.161752	1
1	12944	0.161877	1
1	12954	0.162002	1
1	12964	0.162127	1
1	12974	0.162252	1
1	12984	0.162377	1
1	12994	0.162502	1
1	13004	0.162627	1
1	13014	0.162752	1
1	13024	0.162877	1
1	13034	0.163002	1
1	13044	0.163127	1
1	13054	0.163252	1
1	13064	0.163377	1
1	13074	0.163502	1
1	13084	0.163627	1
1	13094	0.163752	1
1	13104	0.163877	1
1	13114	0.164002	1
1	13124	0.164127	1
1	13134	0.164252	1
1	13144	0.164377	1
1	13154	0.164502	1
1	13164	0.164627	1
1	13174	0.164752	1
1	13184	0.164877	1
1	13194	0.165002	1
1	13204	0.165127	1
1	13214	0.165252	1
1	13224	0.165377	1
1	13234	0.165502	1
1	13244	0.165627	1
1	13254	0.165752	1
1	13264	0.165877	1
1	13274	0.166002	1
1	13284	0.166127	1
1	13294	0.166252	1
1	13304	0.166377	1
1	13314	0.166502	1
1	13324	0.166627	1
1	13334	0.166752	1
1	13344	0.166877	1
1	13354	0.167002	1
1	13364	0.167127	1
1	13374	0.167252	1
1	13384	0.167377	1
1	13394	0.167502	1
1	13404	0.167627	1
1	13414	0.167752	1
1	13424	0.167877	1
1	13434	0.168002	1
1	13444	0.168127	1
1	13454	0.168252	1
1	13464	0.168377	1
1	13474	0.168502	1
1	13484	0.168627	1
1	13494	0.168752	1
1	13504	0.168877	1
1	13514	0.169002	1
1	13524	0.169127	1
1	13534	0.169252	1
1	13544	0.169377	1
1	13554	0.169502	1
1	13564	0.169627	1
1	13574	0.169752	1
1	13584	0.169877	1
1	13594	0.170002	1
1	13604	0.170127	1
1	13614	0.170252	1
1	13624	0.170377	1
1	13634	0.170502	1
1	13644	0.170627	1
1	13654	0.170752	1
1	13664	0.170877	1
1	13674	0.171002	1
1	13684	0.171127	1
1	13694	0.171252	1
1	13704	0.171377	1
1	13714	0.171502	1
1	13724	0.171627	1
1	13734	0.171752	1
1	13744	0.171877	1
1	13754	0.172002	1
1	13764	0.172127	1
1	13774	0.172252	1
1	13784	0.172377	1
1	13794	0.172502	1
1	13804	0.172627	1
1	13814	0.172752	1
1	13824	0.172877	1
1	13834	0.173002	1
1	13844	0.173127	1
1	13854	0.173252	1
1	13864	0.173377	1
1	13874	0.173502	1
1	13884	0.173627	1
1	13894	0.173752	1
1	13904	0.173877	1
1	13914	0.174002	1
1	13924	0.174127	1
1	13934	0.174252	1
1	13944	0.174377	1
1	13954	0.174502	1
1	13964	0.174627	1
1	13974	0.174752	1
1	13984	0.174877	1
1	13994	0.175002	1
1	14004	0.175127	1
1	14014	0.175252	1
1	14024	0.175377	1
1	14034	0.175502	1
1	14044	0.175627	1
1	14054	0.175752	1
1	14064	0.175877	1
1	14074	0.176002	1
1	14084	0.176127	1
1	14094	0.176252	1
1	14104	0.176377	1
1	14114	0.176502	1
1	14124	0.176627	1
1	14134	0.176752	1
1	14144	0.176877	1
1	14154	0.177002	1
1	14164	0.177127	1
1	14174	0.177252	1
1	14184	0.177377	1
1	14194	0.177502	1
1	14204	0.177627	1
1	14214	0.177752	1
1	14224	0.177877	1
1	14234	0.178002	1
1	14244	0.178127	1
1	14254	0.178252	1
1	14264	0.178377	1
1	14274	0.178502	1
1	14284	0.178627	1
1	14294	0.178752	1
1	14304	0.178877	1
1	14314	0.179002	1
1	14324	0.179127	1
1	14334	0.179252	1
1	14344	0.179377	1
1	14354	0.179502	1
1	14364	0.179627	1
1	14374	0.179752	1
1	14384	0.179877	1
1	14394	0.180002	1
1	14404	0.180127	1
1	14414	0.180252	1
1	14424	0.180377	1
1	14434	0.180502	1
1	14444	0.180627	1
1	14454	0.180752	1
1	14464	0.180877	1
1	14474	0.181002	1
1	14484	0.181127	1
1	14494	0.181252	1
1	14504	0.181377	1
1	14514	0.181502	1
1	14524	0.181627	1
1	14534	0.181752	1
1	14544	0.181877	1
1	14554	0.182002	1
1	14564	0.182127	1
1	14574	0.182252	1
1	14584	0.182377	1
1	14594	0.182502	1
1	14604	0.182627	1
1	14614	0.182752	1
1	14624	0.182877	1
1	14634	0.183002	1
1	14644	0.183127	1
1	14654	0.183252	1
1	14664	0.183377	1
1	14674	0.183502	1
1	14684	0.183627	1
1	14694	0.183752	1
1	14704	0.183877	1
1	14714	0.184002	1
1	14724	0.184127	1
1	14734	0.184252	1
1	14744	0.184377	1
1	14754	0.184502	1
1	14764	0.184627	1
1	14774	0.184752	1
1	14784	0.184877	1
1	14794	0.185002	1
1	14804	0.185127	1
1	14814	0.185252	1
1	14824	0.185377	1
1	14834	0.185502	1
1	14844	0.185627	1
1	14854	0.185752	1
1	14864	0.185877	1
1	14874	0.186002	1
1	14884	0.186127	1
1	14894	0.186252	1
1	14904	0.186377	1
1	14914	0.186502	1
1	14924	0.186627	1
1	14934	0.186752	1
1	14944	0.186877	1
1	14954	0.187002	1
1	14964	0.187127	1
1	14974	0.187252	1
1	14984	0.187377	1
1	14994	0.187502	1
1	15004	0.187627	1
1	15014	0.187752	1
1	15024	0.187877	1
1	15034	0.188002	1
1	15044	0.188127	1
1	15054	0.188252	1
1	15064	0.188377	1
1	15074	0.188502	1
1	15084	0.188627	1
1	15094	0.188752	1
1	15104	0.188877	1
1	15114	0.189002	1
1	15124	0.189127	1
1	15134	0.189252	1
1	15144	0.189377	1
1	15154	0.189502	1
1	15164	0.189627	1
1	15174	0.189752	1
1	15184	0.189877	1
1	15194	0.190002	1
1	15204	0.190127	1
1	15214	0.190252	1
1	15224	0.190377	1
1	15234	0.190502	1
1	15244	0.190627	1
1	15254	0.190752	1
1	15264	0.190877	1
1	15274	0.191002	1
1	15284	0.191127	1
1	15294	0.191252	1
1	15304	0.191377	1
1	15314	0.191502	1
1	15324	0.191627	1
1	15334	0.191752	1
1	15344	0.191877	1
1	15354	0.192002	1
1	15364	0.192127	1
1	15374	0.192252	1
1	15384	0.192377	1
1	15394	0.192502	1
1	15404	0.192627	1
1	15414	0.192752	1
1	15424	0.192877	1
1	15434	0.193002	1
1	15444	0.193127	1
1	15454	0.193252	1
1	15464	0.193377	1
1	15474	0.193502	1
1	15484	0.193627	1
1	15494	0.193752	1
1	15504	0.193877	1
1	15514	0.194002	1
1	15524	0.194127	1
1	15534	0.194252	1
1	15544	0.194377	1
1	15554	0.194502	1
1	15564	0.194627	1
1	15574	0.194752	1
1	15584	0.194877	1
1	15594	0.195002	1
1	15604	0.195127	1
1	15614	0.195252	1
1	15624	0.195377	1
1	15634	0.195502	1
1	15644	0.195627	1
1	15654	0.195752	1
1	15664	0.195877	1
1	15674	0.196002	1
1	15684	0.196127	1
1	15694	0.196252	1
1	15704	0.196377	1
1	15714	0.196502	1
1	15724	0.196627	1
1	15734	0.196752	1
1	15744	0.196877	1
1	15754	0.197002	1
1	15764	0.197127	1
1	15774	0.197252	1
1	15784	0.197377	1
1	15794	0.197502	1
1	15804	0.197627	1
1	15814	0.197752	1
1	15824	0.197877	1
1	15834	0.198002	1
1	15844	0.198127	1
1	15854	0.198252	1
1	15864	0.198377	1
1	15874	0.198502	1
1	15884	0.198627	1
1	15894	0.198752	1
1	15904	0.198877	1
1	15914	0.199002	1
1	15924	0.199127	1
1	15934	0.199252	1
1	15944	0.199377	1
1	15954	0.199502	1
1	15964	0.199627	1
1	15974	0.199752	1
1	15984	0.199877	1
1	15994	0.200002	1
1	16004	0.200127	1
1	16014	0.200252	1
1	16024	0.200377	1
1	16034	0.200502	1
1	16044	0.200627	1
1	16054	0.200752	1
1	16064	0.200877	1
1	16074	0.201002	1
1	16084	0.201127	1
1	16094	0.201252	1
1	16104	0.201377	1
1	16114	0.201502	1
1	16124	0.201627	1
1	16134	0.201752	1
1	16144	0.201877	1
1	16154	0.202002	1
1	16164	0.202127	1
1	16174	0.202252	1
1	16184	0.202377	1
1	16194	0.202502	1
1	16204	0.202627	1
1	16214	0.202752	1
1	16224	0.202877	1
1	16234	0.203002	1
1	16244	0.203127	1
1	16254	0.203252	1
1	16264	0.203377	1
1	16274	0.203502	1
1	16284	0.203627	1
1	16294	0.203752	1
1	16304	0.203877	1
1	16314	0.204002	1
1	16324	0.204127	1
1	16334	0.204252	1
1	16344	0.204377	1
1	16354	0.204502	1
1	16364	0.204627	1
1	16374	0.204752	1
1	16384	0.204877	1
1	16394	0.205002	1
1	16404	0.205127	1
1	16414	0.205252	1
1	16424	0.205377	1
1	16434	0.205502	1
1	16444	0.205627	1
1	16454	0.205752	1
1	16464	0.205877	1
1	16474	0.206002	1
1	16484	0.206127	1
1	16494	0.206252	1
1	16504	0.206377	1
1	16514	0.206502	1
1	16524	0.206627	1
1	16534	0.206752	1
1	16544	0.206877	1
1	16554	0.207002	1
1	16564	0.207127	1
1	16574	0.207252	1
1	16584	0.207377	1
1	16594	0.207502	1
1	16604	0.207627	1
1	16614	0.207752	1
1	16624	0.207877	1
1	16634	0.208002	1
1	16644	0.208127	1
1	16654	0.208252	1
1	16664	0.208377	1
1	16674	0.208502	1
1	16684	0.208627	1
1	16694	0.208752	1
1	16704	0.208877	1
1	16714	0.209002	1
1	16724	0.209127	1
1	16734	0.209252	1
1	16744	0.209377	1
1	16754	0.209502	1
1	16764	0.209627	1
1	16774	0.209752	1
1	16784	0.209877	1
1	16794	0.210002	1
1	16804	0.210127	1
1	16814	0.210252	1
1	16824	0.210377	1
1	16834	0.210502	1
1	16844	0.210627	1
1	16854	0.210752	1
1	16864	0.210877	1
1	16874	0.211002	1
1	16884	0.211127	1
1	16894	0.211252	1
1	16904	0.211377	1
1	16914	0.211502	1
1	16924	0.211627	1
1	16934	0.211752	1
1	16944	0.211877	1
1	16954	0.212002	1
1	16964	0.212127	1
1	16974	0.212252	1
1	16984	0.212377	1
1	16994	0.212502	1
1	17004	0.212627	1
1	17014	0.212752	1
1	17024	0.212877	1
1	17034	0.213002	1
1	17044	0.213127	1
1	17054	0.213252	1
1	17064	0.213377	1
1	17074	0.213502	1
1	17084	0.213627	1
1	17094	0.213752	1
1	17104	0.213877	1
1	17114	0.214002	1
1	17124	0.214127	1
1	17134	0.214252	1
1	17144	0.214377	1
1	17154	0.214502	1
1	17164	0.214627	1
1	17174	0.214752	1
1	17184	0.214877	1
1	17194	0.215002	1
1	17204	0.215127	1
1	17214	0.215252	1
1	17224	0.215377	1
1	17234	0.215502	1
1	17244	0.215627	1
1	17254	0.215752	1
1	17264	0.215877	1
1	17274	0.216002	1
1	17284	0.216127	1
1	17294	0.216252	1
1	17304	0.216377	1
1	17314	0.216502	1
1	17324	0.216627	1
1	17334	0.216752	1
1	17344	0.216877	1
1	17354	0.217002	1
1	17364	0.217127	1
1	17374	0.217252	1
1	17384	0.217377	1
1	17394	0.217502	1
1	17404	0.217627	1
1	17414	0.217752	1
1	17424	0.217877	1
1	17434	0.218002	1
1	17444	0.218127	1
1	17454	0.218252	1
1	17464	0.218377	1
1	17474	0.218502	1
1	17484	0.218627	1
1	17494	0.218752	1
1	17504	0.218877	1
1	17514	0.219002	1
1	17524	0.219127	1
1	17534	0.219252	1
1	17544	0.219377	1
1	17554	0.219502	1
1	17564	0.219627	1
1	17574	0.219752	1
1	17584	0.219877	1
1	17594	0.220002	1
1	17604	0.220127	1
1	17614	0.220252	1
1	17624	0.220377	1
1	17634	0.220502	1
1	17644	0.220627	1
1	17654	0.220752	1
1	17664	0.220877	1
1	17674	0.221002	1
1	17684	0.221127	1
1	17694	0.221252	1
1	17704	0.221377	1
1	17714	0.221502	1
1	17724	0.221627	1
1	17734	0.221752	1
1	17744	0.221877	1
1	17754	0.222002	1
1	17764	0.222127	1
1	17774	0.222252	1
1	17784	0.222377	1
1	17794	0.222502	1
1	17804	0.222627	1
1	17814	0.222752	1
1	17824	0.222877	1
1	17834	0.223002	1
1	17844	0.223127	1
1	17854	0.223252	1
1	17864	0.223377	1
1	17874	0.223502	1
1	17884	0.223627	1
1	17894	0.223752	1
1	17904	0.223877	1
1	17914	0.224002	1
1	17924	0.224127	1
1	17934	0.224252	1
1	17944	0.224377	1
1	17954	0.224502	1
1	17964	0.224627	1
1	17974	0.224752	1
1	17984	0.224877	1
1	17994	0.225002	1
1	18004	0.225127	1
1	18014	0.225252	1
1	18024	0.225377	1
1	18034	0.225502	1
1	18044	0.225627	1
1	18054	0.225752	1
1	18064	0.225877	1
1	18074	0.226002	1
1	18084	0.226127	1
1	18094	0.226252	1
1	18104	0.226377	1
1	18114	0.226502	1
1	18124	0.226627	1
1	18134	0.226752	1
1	18144	0.226877	1
1	18154	0.227002	1
1	18164	0.227127	1
1	18174	0.227252	1
1	18184	0.227377	1
1	18194	0.227502	1
1	18204	0.227627	1
1	18214	0.227752	1
1	18224	0.227877	1
1	18234	0.228002	1
1	18244	0.228127	1
1	18254	0.228252	1
1	18264	0.228377	1
1	18274	0.228502	1
1	18284	0.228627	1
1	18294	0.228752	1
1	18304	0.228877	1
1	18314	0.229002	1
1	18324	0.229127	1
1	18334	0.229252	1
1	18344	0.229377	1
1	18354	0.229502	1
1	18364	0.229627	1
1	18374	0.229752	1
1	18384	0.229877	1
1	18394	0.230002	1
1	18404	0.230127	1
1	18414	0.230252	1
1	18424	0.230377	1
1	18434	0.230502	1
1	18444	0.230627	1
1	18454	0.230752	1
1	18464	0.230877	1
1	18474	0.231002	1
1	18484	0.231127	1
1	18494	0.231252	1
1	18504	0.231377	1
1	18514	0.231502	1
1	18524	0.231627	1
1	18534	0.231752	1
1	18544	0.231877	1
1	18554	0.232002	1
1	18564	0.232127	1
1	18574	0.232252	1
1	18584	0.232377	1
1	18594	0.232502	1
1	18604	0.232627	1
1	18614	0.232752	1
1	18624	0.232877	1
1	18634	0.233002	1
1	18644	0.233127	1
1	18654	0.233252	1
1	18664	0.233377	1
1	18674	0.233502	1
1	18684	0.233627	1
1	18694	0.233752	1
1	18704	0.233877	1
1	18714	0.234002	1
1	18724	0.234127	1
1	18734	0.234252	1
1	18744	0.234377	1
1	18754	0.234502	1
1	18764	0.234627	1
1	18774	0.234752	1
1	18784	0.234877	1
1	18794	0.235002	1
1	18804	0.235127	1
1	18814	0.235252	1
1	18824	0.235377	1
1	18834	0.235502	1
1	18844	0.235627	1
1	18854	0.235752	1
1	18864	0.235877	1
1	18874	0.236002	1
1	18884	0.236127	1
1	18894	0.236252	1
1	18904	0.236377	1
1	18914	0.236502	1
1	18924	0.236627	1
1	18934	0.236752	1
1	18944	0.236877	1
1	18954	0.237002	1
1	18964	0.237127	1
1	18974	0.237252	1
1	18984	0.237377	1
1	18994	0.237502	1
1	19004	0.237627	1
1	19014	0.237752	1
1	19024	0.237877	1
1	19034	0.238002	1
1	19044	0.238127	1
1	19054	0.238252	1
1	19064	0.238377	1
1	19074	0.238502	1
1	19084	0.238627	1
1	19094	0.238752	1
1	19104	0.238877	1
1	19114	0.239002	1
1	19124	0.239127	1
1	19134	0.239252	1
1	19144	0.239377	1
1	19154	0.239502	1
1	19164	0.239627	1
1	19174	0.239752	1
1	19184	0.239877	1
1	19194	0.240002	1
1	19204	0.240127	1
1	19214	0.240252	1
1	19224	0.240377	1
1	19234	0.240502	1
1	19244	0.240627	1
1	19254	0.240752	1
1	19264	0.240877	1
1	19274	0.241002	1
1	19284	0.241127	1
1	19294	0.241252	1
1	19304	0.241377	1
1	19314	0.241502	1
1	19324	0.241627	1
1	19334	0.241752	1
1	19344	0.241877	1
1	19354	0.242002	1
1	19364	0.242127	1
1	19374	0.242252	1
1	19384	0.242377	1
1	19394	0.242502	1
1	19404	0.242627	1
1	19414	0.242752	1
1	19424	0.242877	1
1	19434	0.243002	1
1	19444	0.243127	1
1	19454	0.243252	1
1	19464	0.243377	1
1	19474	0.243502	1
1	19484	0.243627	1
1	19494	0.243752	1
1	19504	0.243877	1
1	19514	0.244002	1
1	19524	0.244127	1
1	19534	0.244252	1
1	19544	0.244377	1
1	19554	0.244502	1
1	19564	0.244627	1
1	19574	0.244752	1
1	19584	0.244877	1
1	19594	0.245002	1
1	19604	0.245127	1
1	19614	0.245252	1
1	19624	0.245377	1
1	19634	0.245502	1
1	19644	0.245627	1
1	19654	0.245752	1
1	19664	0.245877	1
1	19674	0.246002	1
1	19684	0.246127	1
1	19694	0.246252	1
1	19704	0.246377	1
1	19714	0.246502	1
1	19724	0.246627	1
1	19734	0.246752	1
1	19744	0.246877	1
1	19754	0.247002	1
1	19764	0.247127	1
1	19774	0.247252	1
1	19784	0.247377	1
1	19794	0.247502	1
1	19804	0.247627	1
1	19814	0.247752	1
1	19824	0.247877	1
1	19834	0.248002	1
1	19844	0.248127	1
1	19854	0.248252	1
1	19864	0.248377	1
1	19874	0.248502	1
1	19884	0.248627	1
1	19894	0.248752	1
1	19904	0.248877	1
1	19914	0.249002	1
1	19924	0.249127	1
1	19934	0.249252	1
1	19944	0.249377	1
1	19954	0.249502	1
1	19964	0.249627	1
1	19974	0.249752	1
1	19984	0.249877	1
1	19994	0.250002	1
1	20004	0.250127	1
1	20014	0.250252	1
1	20024	0.250377	1
1	20034	0.250502	1
1	20044	0.250627	1
1	20054	0.250752	1
1	20064	0.250877	1
1	20074	0.251002	1
1	20084	0.251127	1
1	20094	0.251252	1
1	20104	0.251377	1
1	20114	0.251502	1
1	20124	0.251627	1
1	20134	0.251752	1
1	20144	0.251877	1
1	20154	0.252002	1
1	20164	0.252127	1
1	20174	0.252252	1
1	20184	0.252377	1
1	20194	0.252502	1
1	20204	0.252627	1
1	20214	0.252752	1
1	20224	0.252877	1
1	20234	0.253002	1
1	20244	0.253127	1
1	20254	0.253252	1
1	20264	0.253377	1
1	20274	0.253502	1
1	20284	0.253627	1
1	20294	0.253752	1
1	20304	0.253877	1
1	20314	0.254002	1
1	20324	0.254127	1
1	20334	0.254252	1
1	20344	0.254377	1
1	20354	0.254502	1
1	20364	0.254627	1
1	20374	0.254752	1
1	20384	0.254877	1
1	20394	0.255002	1
1	20404	0.255127	1
1	20414	0.255252	1
1	20424	0.255377	1
1	20434	0.255502	1
1	20444	0.255627	1
1	20454	0.255752	1
1	20464	0.255877	1
1	20474	0.256002	1
1	20484	0.256127	1
1	20494	0.256252	1
1	20504	0.256377	1
1	20514	0.256502	1
1	20524	0.256627	1
1	20534	0.256752	1
1	20544	0.256877	1
1	20554	0.257002	1
1	20564	0.257127	1
1	20574	0.257252	1
1	20584	0.257377	1
1	20594	0.257502	1
1	20604	0.257627	1
1	20614	0.257752	1
1	20624	0.257877	1
1	20634	0.258002	1
1	20644	0.258127	1
1	20654	0.258252	1
1	20664	0.258377	1
1	20674	0.258502	1
1	20684	0.258627	1
1	20694	0.258752	1
1	20704	0.258877	1
1	20714	0.259002	1
1	20724	0.259127	1
1	20734	0.259252	1
1	20744	0.259377	1
1	20754	0.259502	1
1	20764	0.259627	1
1	20774	0.259752	1
1	20784	0.259877	1
1	20794	0.260002	1
1	20804	0.260127	1
1	20814	0.260252	1
1	20824	0.260377	1
1	20834	0.260502	1
1	20844	0.260627	1
1	20854	0.260752	1
1	20864	0.260877	1
1	20874	0.261002	1
1	20884	0.261127	1
1	20894	0.261252	1
1	20904	0.261377	1
1	20914	0.261502	1
1	20924	0.261627	1
1	20934	0.261752	1
1	20944	0.261877	1
1	20954	0.262002	1
1	20964	0.262127	1
1	20974	0.262252	1
1	20984	0.262377	1
1	20994	0.262502	1
1	21004	0.262627	1
1	21014	0.262752	1
1	21024	0.262877	1
1	21034	0.263002	1
1	21044	0.263127	1
1	21054	0.263252	1
1	21064	0.263377	1
1	21074	0.263502	1
1	21084	0.263627	1
1	21094	0.263752	1
1	21104	0.263877	1
1	21114	0.264002	1
1	21124	0.264127	1
1	21134	0.264252	1
1	21144	0.264377	1
1	21154	0.264502	1
1	21164	0.264627	1
1	21174	0.264752	1
1	21184	0.264877	1
1	21194	0.265002	1
1	21204	0.265127	1
1	21214	0.265252	1
1	21224	0.265377	1
1	21234	0.265502	1
1	21244	0.265627	1
1	21254	0.265752	1
1	21264	0.265877	1
1	21274	0.266002	1
1	21284	0.266127	1
1	21294	0.266252	1
1	21304	0.266377	1
1	21314	0.266502	1
1	21324	0.266627	1
1	21334	0.266752	1
1	21344	0.266877	1
1	21354	0.267002	1
1	21364	0.267127	1
1	21374	0.267252	1
1	21384	0.267377	1
1	21394	0.267502	1
1	21404	0.267627	1
1	21414	0.267752	1
1	21424	0.267877	1
1	21434	0.268002	1
1	21444	0.268127	1
1	21454	0.268252	1
1	21464	0.268377	1
1	21474	0.268502	1
1	21484	0.268627	1
1	21494	0.268752	1
1	21504	0.268877	1
1	21514	0.269002	1
1	21524	0.269127	1
1	21534	0.269252	1
1	21544	0.269377	1
1	21554	0.269502	1
1	21564	0.269627	1
1	21574	0.269752	1
1	21584	0.269877	1
1	21594	0.270002	1
1	21604	0.270127	1
1	21614	0.270252	1
1	21624	0.270377	1
1	21634	0.270502	1
1	21644	0.270627	1
1	21654	0.270752	1
1	21664	0.270877	1
1	21674	0.271002	1
1	21684	0.271127	1
1	21694	0.271252	1
1	21704	0.271377	1
1	21714	0.271502	1
1	21724	0.271627	1
1	21734	0.271752	1
1	21744	0.271877	1
1	21754	0.272002	1
1	21764	0.272127	1
1	21774	0.272252	1
1	21784	0.272377	1
1	21794	0.272502	1
1	21804	0.272627	1
1	21814	0.272752	1
1	21824	0.272877	1
1	21834	0.273002	1
1	21844	0.273127	1
1	21854	0.273252	1
1	21864	0.273377	1
1	21874	0.273502	1
1	21884	0.273627	1
1	21894	0.273752	1
1	21904	0.273877	1
1	21914	0.274002	1
1	21924	0.274127	1
1	21934	0.274252	1
1	21944	0.274377	1
1	21954	0.274502	1
1	21964	0.274627	1
1	21974	0.274752	1
1	21984	0.274877	1
1	21994	0.275002	1
1	22004	0.275127	1
1	22014	0.275252	1
1	22024	0.275377	1
1	22034	0.275502	1
1	22044	0.275627	1
1	22054	0.275752	1
1	22064	0.275877	1
1	22074	0.276002	1
1	22084	0.276127	1
1	22094	0.276252	1
1	22104	0.276377	1
1	22114	0.276502	1
1	22124	0.276627	1
1	22134	0.276752	1
1	22144	0.276877	1
1	22154	0.277002	1
1	22164	0.277127	1
1	22174	0.277252	1
1	22184	0.277377	1
1	22194	0.277502	1
1	22204	0.277627	1
1	22214	0.277752	1
1	22224	0.277877	1
1	22234	0.278002	1
1	22244	0.278127	1
1	22254	0.278252	1
1	22264	0.278377	1
1	22274	0.278502	1
1	22284	0.278627	1
1	22294	0.278752	1
1	22304	0.278877	1
1	22314	0.279002	1
1	22324	0.279127	1
1	22334	0.279252	1
1	22344	0.279377	1
1	22354	0.279502	1
1	22364	0.279627	1
1	22374	0.279752	1
1	22384	0.279877	1
1	22394	0.280002	1
1	22404	0.280127	1
1	22414	0.280252	1
1	22424	0.280377	1
1	22434	0.280502	1
1	22444	0.280627	1
1	22454	0.280752	1
1	22464	0.280877	1
1	22474	0.281002	1
1	22484	0.281127	1
1	22494	0.281252	1
1	22504	0.281377	1
1	22514	0.281502	1
1	22524	0.281627	1
1	22534	0.281752	1
1	22544	0.281877	1
1	22554	0.282002	1
1	22564	0.282127	1
1	22574	0.282252	1
1	22584	0.282377	1
1	22594	0.282502	1
1	22604	0.282627	1
1	22614	0.282752	1
1	22624	0.282877	1
1	22634	0.283002	1
1	22644	0.283127	1
1	22654	0.283252	1
1	22664	0.283377	1
1	22674	0.283502	1
1	22684	0.283627	1
1	22694	0.283752	1
1	22704	0.283877	1
1	22714	0.284002	1
1	22724	0.284127	1
1	22734	0.284252	1
1	22744	0.284377	1
1	22754	0.284502	1
1	22764	0.284627	1
1	22774	0.284752	1
1	22784	0.284877	1
1	22794	0.285002	1
1	22804	0.285127	1
1	22814	0.285252	1
1	22824	0.285377	1
1	22834	0.285502	1
1	22844	0.285627	1
1	22854	0.285752	1
1	22864	0.285877	1
1	22874	0.286002	1
1	22884	0.286127	1
1	22894	0.286252	1
1	22904	0.286377	1
1	22914	0.286502	1
1	22924	0.286627	1
1	22934	0.286752	1
1	22944	0.286877	1
1	22954	0.287002	1
1	22964	0.287127	1
1	22974	0.287252	1
1	22984	0.287377	1
1	22994	0.287502	1
1	23004	0.287627	1
1	23014	0.287752	1
1	23024	0.287877	1
1	23034	0.288002	1
1	23044	0.288127	1
1	23054	0.288252	1
1	23064	0.288377	1
1	23074	0.288502	1
1	23084	0.288627	1
1	23094	0.288752	1
1	23104	0.288877	1
1	23114	0.289002	1
1	23124	0.289127	1
1	23134	0.289252	1
1	23144	0.289377	1
1	23154	0.289502	1
1	23164	0.289627	1
1	23174	0.289752	1
1	23184	0.289877	1
1	23194	0.290002	1
1	23204	0.290127	1
1	23214	0.290252	1
1	23224	0.290377	1
1	23234	0.290502	1
1	23244	0.290627	1
1	23254	0.290752	1
1	23264	0.290877	1
1	23274	0.291002	1
1	23284	0.291127	1
1	23294	0.291252	1
1	23304	0.291377	1
1	23314	0.291502	1
1	23324	0.291627	1
1	23334	0.291752	1
1	23344	0.291877	1
1	23354	0.292002	1
1	23364	0.292127	1
1	23374	0.292252	1
1	23384	0.292377	1
1	23394	0.292502	1
1	23404	0.292627	1
1	23414	0.292752	1
1	23424	0.292877	1
1	23434	0.293002	1
1	23444	0.293127	1
1	23454	0.293252	1
1	23464	0.293377	1
1	23474	0.293502	1
1	23484	0.293627	1
1	23494	0.293752	1
1	23504	0.293877	1
1	23514	0.294002	1
1	23524	0.294127	1
1	23534	0.294252	1
1	23544	0.294377	1
1	23554	0.294502	1
1	23564	0.294627	1
1	23574	0.294752	1
1	23584	0.294877	1
1	23594	0.295002	1
1	23604	0.295127	1
1	23614	0.295252	1
1	23624	0.295377	1
1	23634	0.295502	1
1	23644	0.295627	1
1	23654	0.295752	1
1	23664	0.295877	1
1	23674	0.296002	1
1	23684	0.296127	1
1	23694	0.296252	1
1	23704	0.296377	1
1	23714	0.296502	1
1	23724	0.296627	1
1	23734	0.296752	1
1	23744	0.296877	1
1	23754	0.297002	1
1	23764	0.297127	1
1	23774	0.297252	1
1	23784	0.297377	1
1	23794	0.297502	1
1	23804	0.297627	1
1	23814	0.297752	1
1	23824	0.297877	1
1	23834	0.298002	1
1	23844	0.298127	1
1	23854	0.298252	1
1	23864	0.298377	1
1	23874	0.298502	1
1	23884	0.298627	1
1	23894	0.298752	1
1	23904	0.298877	1
1	23914	0.299002	1
1	23924	0.299127	1
1	23934	0.299252	1
1	23944	0.299377	1
1	23954	0.299502	1
1	23964	0.299627	1
1	23974	0.299752	1
1	23984	0.299877	1
1	23994	0.300002	1
1	24004	0.300127	1
1	24014	0.300252	1
1	24024	0.300377	1
1	24034	0.300502	1
1	24044	0.300627	1
1	24054	0.300752	1
1	24064	0.300877	1
1	24074	0.301002	1
1	24084	0.301127	1
1	24094	0.301252	1
1	24104	0.301377	1
1	24114	0.301502	1
1	24124	0.301627	1
1	24134	0.301752	1
1	24144	0.301877	1
1	24154	0.302002	1
1	24164	0.302127	1
1	24174	0.302252	1
1	24184	0.302377	1
1	24194	0.302502	1
1	24204	0.302627	1
1	24214	0.302752	1
1	24224	0.302877	1
1	24234	0.303002	1
1	24244	0.303127	1
1	24254	0.303252	1
1	24264	0.303377	1
1	24274	0.303502	1
1	24284	0.303627	1
1	24294	0.303752	1
1	24304	0.303877	1
1	24314	0.304002	1
1	24324	0.304127	1
1	24334	0.304252	1
1	24344	0.304377	1
1	24354	0.304502	1
1	24364	0.304627	1
1	24374	0.304752	1
1	24384	0.304877	1
1	24394	0.305002	1
1	24404	0.305127	1
1	24414	0.305252	1
1	24424	0.305377	1
1	24434	0.305502	1
1	24444	0.305627	1
1	24454	0.305752	1
1	24464	0.305877	1
1	24474	0.306002	1
1	24484	0.306127	1
1	24494	0.306252	1
1	24504	0.306377	1
1	24514	0.306502	1
1	24524	0.306627	1
1	24534	0.306752	1
1	24544	0.306877	1
1	24554	0.307002	1
1	24564	0.307127	1
1	24574	0.307252	1
1	24584	0.307377	1
1	24594	0.307502	1
1	24604	0.307627	1
1	24614	0.307752	1
1	24624	0.307877	1
1	24634	0.308002	1
1	24644	0.308127	1
1	24654	0.308252	1
1	24664	0.308377	1
1	24674	0.308502	1
1	24684	0.308627	1
1	24694	0.308752	1
1	24704	0.308877	1
1	24714	0.309002	1
1	24724	0.309127	1
1	24734	0.309252	1
1	24744	0.309377	1
1	24754	0.309502	1
1	24764	0.309627	1
1	24774	0.309752	1
1	24784	0.309877	1
1	24794	0.310002	1
1	24804	0.310127	1
1	24814	0.310252	1
1	24824	0.310377	1
1	24834	0.310502	1
1	24844	0.310627	1
1	24854	0.310752	1
1	24864	0.310877	1
1	24874	0.311002	1
1	24884	0.311127	1
1	24894	0.311252	1
1	24904	0.311377	1
1	24914	0.311502	1
1	24924	0.311627	1
1	24934	0.311752	1
1	24944	0.311877	1
1	24954	0.312002	1
1	24964	0.312127	1
1	24974	0.312252	1
1	24984	0.312377	1
1	24994	0.312502	1
1	25004	0.312627	1
1	25014	0.312752	1
1	25024	0.312877	1
1	25034	0.313002	1
1	25044	0.313127	1
1	25054	0.313252	1
1	25064	0.313377	1
1	25074	0.313502	1
1	25084	0.313627	1
1	25094	0.313752	1
1	25104	0.313877	1
1	25114	0.314002	1
1	25124	0.314127	1
1	25134	0.314252	1
1	25144	0.314377	1
1	25154	0.314502	1
1	25164	0.314627	1
1	25174	0.314752	1
1	25184	0.314877	1
1	25194	0.315002	1
1	25204	0.315127	1
1	25214	0.315252	1
1	25224	0.315377	1
1	25234	0.315502	1
1	25244	0.315627	1
1	25254	0.315752	1
1	25264	0.315877	1
1	25274	0.316002	1
1	25284	0.316127	1
1	25294	0.316252	1
1	25304	0.316377	1
1	25314	0.316502	1
1	25324	0.316627	1
1	25334	0.316752	1
1	25344	0.316877	1
1	25354	0.317002	1
1	25364	0.317127	1
1	25374	0.317252	1
1	25384	0.317377	1
1	25394	0.317502	1
1	25404	0.317627	1
1	25414	0.317752	1
1	25424	0.317877	1
1	25434	0.318002	1
1	25444	0.318127	1
1	25454	0.318252	1
1	25464	0.318377	1
1	25474	0.318502	1
1	25484	0.318627	1
1	25494	0.318752	1
1	25504	0.318877	1
1	25514	0.319002	1
1	25524	0.319127	1
1	25534	0.319252	1
1	25544	0.319377	1
1	25554	0.319502	1
1	25564	0.319627	1
1	25574	0.319752	1
1	25584	0.319877	1
1	25594	0.320002	1
1	25604	0.320127	1
1	25614	0.320252	1
1	25624	0.320377	1
1	25634	0.320502	1
1	25644	0.320627	1
1	25654	0.320752	1
1	25664	0.320877	1
1	25674	0.321002	1
1	25684	0.321127	1
1	25694	0.321252	1
1	25704	0.321377	1
1	25714	0.321502	1
1	25724	0.321627	1
1	25734	0.321752	1
1	25744	0.321877	1
1	25754	0.322002	1
1	25764	0.322127	1
1	25774	0.322252	1
1	25784	0.322377	1
1	25794	0.322502	1
1	25804	0.322627	1
1	25814	0.322752	1
1	25824	0.322877	1
1	25834	0.323002	1
1	25844	0.323127	1
1	25854	0.323252	1
1	25864	0.323377	1
1	25874	0.323502	1
1	25884	0.323627	1
1	25894	0.323752	1
1	25904	0.323877	1
1	25914	0.324002	1
1	25924	0.324127	1
1	25934	0.324252	1
1	25944	0.324377	1
1	25954	0.324502	1
1	25964	0.324627	1
1	25974	0.324752	1
1	25984	0.324877	1
1	25994	0.325002	1
1	26004	0.325127	1
1	26014	0.325252	1
1	26024	0.325377	1
1	26034	0.325502	1
1	26044	0.325627	1
1	26054	0.325752	1
1	26064	0.325877	1
1	26074	0.326002	1
1	26084	0.326127	1
1	26094	0.326252	1
1	26104	0.326377	1
1	26114	0.326502	1
1	26124	0.326627	1
1	26134	0.326752	1
1	26144	0.326877	1
1	26154	0.327002	1
1	26164	0.327127	1
1	26174	0.327252	1
1	26184	0.327377	1
1	26194	0.327502	1
1	26204	0.327627	1
1	26214	0.327752	1
1	26224	0.327877	1
1	26234	0.328002	1
1	26244	0.328127	1
1	26254	0.328252	1
1	26264	0.328377	1
1	26274	0.328502	1
1	26284	0.328627	1
1	26294	0.328752	1
1	26304	0.328877	1
1	26314	0.329002	1
1	26324	0.329127	1
1	26334	0.329252	1
1	26344	0.329377	1
1	26354	0.329502	1
1	26364	0.329627	1
1	26374	0.329752	1
1	26384	0.329877	1
1	26394	0.330002	1
1	26404	0.330127	1
1	26414	0.330252	1
1	26424	0.330377	1
1	26434	0.330502	1
1	26444	0.330627	1
1	26454	0.330752	1
1	26464	0.330877	1
1	26474	0.331002	1
1	26484	0.331127	1
1	26494	0.331252	1
1	26504	0.331377	1
1	26514	0.331502	1
1	26524	0.331627	1
1	26534	0.331752	1
1	26544	0.331877	1
1	26554	0.332002	1
1	26564	0.332127	1
1	26574	0.332252	1
1	26584	0.332377	1
1	26594	0.332502	1
1	26604	0.332627	1
1	26614	0.332752	1
1	26624	0.332877	1
1	26634	0.333002	1
1	26644	0.333127	1
1	26654	0.333252	1
1	26664	0.333377	1
1	26674	0.333502	1
1	26684	0.333627	1
1	26694	0.333752	1
1	26704	0.333877	1
1	26714	0.334002	1
1	26724	0.334127	1
1	26734	0.334252	1
1	26744	0.334377	1
1	26754	0.334502	1
1	26764	0.334627	1
1	26774	0.334752	1
1	26784	0.334877	1
1	26794	0.335002	1
1	26804	0.335127	1
1	26814	0.335252	1
1	26824	0.335377	1
1	26834	0.335502	1
1	26844	0.335627	1
1	26854	0.335752	1
1	26864	0.335877	1
1	26874	0.336002	1
1	26884	0.336127	1
1	26894	0.336252	1
1	26904	0.336377	1
1	26914	0.336502	1
1	26924	0.336627	1
1	26934	0.336752	1
1	26944	0.336877	1
1	26954	0.337002	1
1	26964	0.337127	1
1	26974	0.337252	1
1	26984	0.337377	1
1	26994	0.337502	1
1	27004	0.337627	1
1	27014	0.337752	1
1	27024	0.337877	1
1	27034	0.338002	1
1	27044	0.338127	1
1	27054	0.338252	1
1	27064	0.338377	1
1	27074	0.338502	1
1	27084	0.338627	1
1	27094	0.338752	1
1	27104	0.338877	1
1	27114	0.339002	1
1	27124	0.339127	1
1	27134	0.339252	1
1	27144	0.339377	1
1	27154	0.339502	1
1	27164	0.339627	1
1	27174	0.339752	1
1	27184	0.339877	1
1	27194	0.340002	1
1	27204	0.340127	1
1	27214	0.340252	1
1	27224	0.340377	1
1	27234	0.340502	1
1	27244	0.340627	1
1	27254	0.340752	1
1	27264	0.340877	1
1	27274	0.341002	1
1	27284	0.341127	1
1	27294	0.341252	1
1	27304	0.341377	1
1	27314	0.341502	1
1	27324	0.341627	1
1	27334	0.341752	1
1	27344	0.341877	1
1	27354	0.342002	1
1	27364	0.342127	1
1	27374	0.342252	1
1	27384	0.342377	1
1	27394	0.342502	1
1	27404	0.342627	1
1	27414	0.342752	1
1	27424	0.342877	1
1	27434	0.343002	1
1	27444	0.343127	1
1	27454	0.343252	1
1	27464	0.343377	1
1	27474	0.343502	1
1	27484	0.343627	1
1	27494	0.343752	1
1	27504	0.343877	1
1	27514	0.344002	1
1	27524	0.344127	1
1	27534	0.344252	1
1	27544	0.344377	1
1	27554	0.344502	1
1	27564	0.344627	1
1	27574	0.344752	1
1	27584	0.344877	1
1	27594	0.345002	1
1	27604	0.345127	1
1	27614	0.345252	1
1	27624	0.345377	1
1	27634	0.345502	1
1	27644	0.345627	1
1	27654	0.345752	1
1	27664	0.345877	1
1	27674	0.346002	1
1	27684	0.346127	1
1	27694	0.346252	1
1	27704	0.346377	1
1	27714	0.346502	1
1	27724	0.346627	1
1	27734	0.346752	1
1	27744	0.346877	1
1	27754	0.347002	1
1	27764	0.347127	1
1	27774	0.347252	1
1	27784	0.347377	1
1	27794	0.347502	1
1	27804	0.347627	1
1	27814	0.347752	1
1	27824	0.347877	1
1	27834	0.348002	1
1	27844	0.348127	1
1	27854	0.348252	1
1	27864	0.348377	1
1	27874	0.348502	1
1	27884	0.348627	1
1	27894	0.348752	1
1	27904	0.348877	1
1	27914	0.349002	1
1	27924	0.349127	1
1	27934	0.349252	1
1	27944	0.349377	1
1	27954	0.349502	1
1	27964	0.349627	1
1	27974	0.349752	1
1	27984	0.349877	1
1	27994	0.350002	1
1	28004	0.350127	1
1	28014	0.350252	1
1	28024	0.350377	1
1	28034	0.350502	1
1	28044	0.350627	1
1	28054	0.350752	1
1	28064	0.350877	1
1	28074	0.351002	1
1	28084	0.351127	1
1	28094	0.351252	1
1	28104	0.351377	1
1	28114	0.351502	1
1	28124	0.351627	1
1	28134	0.351752	1
1	28144	0.351877	1
1	28154	0.352002	1
1	28164	0.352127	1
1	28174	0.352252	1
1	28184	0.352377	1
1	28194	0.352502	1
1	28204	0.352627	1
1	28214	0.352752	1
1	28224	0.352877	1
1	28234	0.353002	1
1	28244	0.353127	1
1	28254	0.353252	1
1	28264	0.353377	1
1	28274	0.353502	1
1	28284	0.353627	1
1	28294	0.353752	1
1	28304	0.353877	1
1	28314	0.354002	1
1	28324	0.354127	1
1	28334	0.354252	1
1	28344	0.354377	1
1	28354	0.354502	1
1	28364	0.354627	1
1	28374	0.354752	1
1	28384	0.354877	1
1	28394	0.355002	1
1	28404	0.355127	1
1	28414	0.355252	1
1	28424	0.355377	1
1	28434	0.355502	1
1	28444	0.355627	1
1	28454	0.355752	1
1	28464	0.355877	1
1	28474	0.356002	1
1	28484	0.356127	1
1	28494	0.356252	1
1	28504	0.356377	1
1	28514	0.356502	1
1	28524	0.356627	1
1	28534	0.356752	1
1	28544	0.356877	1
1	28554	0.357002	1
1	28564	0.357127	1
1	28574	0.357252	1
1	28584	0.357377	1
1	28594	0.357502	1
1	28604	0.357627	1
1	28614	0.357752	1
1	28624	0.357877	1
1	28634	0.358002	1
1	28644	0.358127	1
1	28654	0.358252	1
1	28664	0.358377	1
1	28674	0.358502	1
1	28684	0.358627	1
1	28694	0.358752	1
1	28704	0.358877	1
1	28714	0.359002	1
1	28724	0.359127	1
1	28734	0.359252	1
1	28744	0.359377	1
1	28754	0.359502	1
1	28764	0.359627	1
1	28774	0.359752	1
1	28784	0.359877	1
1	28794	0.360002	1
1	28804	0.360127	1
1	28814	0.360252	1
1	28824	0.360377	1
1	28834	0.360502	1
1	28844	0.360627	1
1	28854	0.360752	1
1	28864	0.360877	1
1	28874	0.361002	1
1	28884	0.361127	1
1	28894	0.361252	1
1	28904	0.361377	1
1	28914	0.361502	1
1	28924	0.361627	1
1	28934	0.361752	1
1	28944	0.361877	1
1	28954	0.362002	1
1	28964	0.362127	1
1	28974	0.362252	1
1	28984	0.362377	1
1	28994	0.362502	1
1	29004	0.362627	1
1	29014	0.362752	1
1	29024	0.362877	1
1	29034	0.363002	1
1	29044	0.363127	1
1	29054	0.363252	1
1	29064	0.363377	1
1	29074	0.363502	1
1	29084	0.363627	1
1	29094	0.363752	1
1	29104	0.363877	1
1	29114	0.364002	1
1	29124	0.364127	1
1	29134	0.364252	1
1	29144	0.364377	1
1	29154	0.364502	1
1	29164	0.364627	1
1	29174	0.364752	1
1	29184	0.364877	1
1	29194	0.365002	1
1	29204	0.365127	1
1	29214	0.365252	1
1	29224	0.365377	1
1	29234	0.365502	1
1	29244	0.365627	1
1	29254	0.365752	1
1	29264	0.365877	1
1	29274	0.366002	1
1	29284	0.366127	1
1	29294	0.366252	1
1	29304	0.366377	1
1	29314	0.366502	1
1	29324	0.366627	1
1	29334	0.366752	1
1	29344	0.366877	1
1	29354	0.367002	1
1	29364	0.367127	1
1	29374	0.367252	1
1	29384	0.367377	1
1	29394	0.367502	1
1	29404	0.367627	1
1	29414	0.367752	1
1	29424	0.367877	1
1	29434	0.368002	1
1	29444	0.368127	1
1	29454	0.368252	1
1	29464	0.368377	1
1	29474	0.368502	1
1	29484	0.368627	1
1	29494	0.368752	1
1	29504	0.368877	1
1	29514	0.369002	1
1	29524	0.369127	1
1	29534	0.369252	1
1	29544	0.369377	1
1	29554	0.369502	1
1	29564	0.369627	1
1	29574	0.369752	1
1	29584	0.369877	1
1	29594	0.370002	1
1	29604	0.370127	1
1	29614	0.370252	1
1	29624	0.370377	1
1	29634	0.370502	1
1	29644	0.370627	1
1	29654	0.370752	1
1	29664	0.370877	1
1	29674	0.371002	1
1	29684	0.371127	1
1	29694	0.371252	1
1	29704	0.371377	1
1	29714	0.371502	1
1	29724	0.371627	1
1	29734	0.371752	1
1	29744	0.371877	1
1	29754	0.372002	1
1	29764	0.372127	1
1	29774	0.372252	1
1	29784	0.372377	1
1	29794	0.372502	1
1	29804	0.372627	1
1	29814	0.372752	1
1	29824	0.372877	1
1	29834	0.373002	1
1	29844	0.373127	1
1	29854	0.373252	1
1	29864	0.373377	1
1	29874	0.373502	1
1	29884	0.373627	1
1	29894	0.373752	1
1	29904	0.373877	1
1	29914	0.374002	1
1	29924	0.374127	1
1	29934	0.374252	1
1	29944	0.374377	1
1	29954	0.374502	1
1	29964	0.374627	1
1	29974	0.374752	1
1	29984	0.374877	1
1	29994	0.375002	1
1	30004	0.375127	1
1	30014	0.375252	1
1	30024	0.375377	1
1	30034	0.375502	1
1	30044	0.375627	1
1	30054	0.375752	1
1	30064	0.375877	1
1	30074	0.376002	1
1	30084	0.376127	1
1	30094	0.376252	1
1	30104	0.376377	1
1	30114	0.376502	1
1	30124	0.376627	1
1	30134	0.376752	1
1	30144	0.376877	1
1	30154	0.377002	1
1	30164	0.377127	1
1	30174	0.377252	1
1	30184	0.377377	1
1	30194	0.377502	1
1	30204	0.377627	1
1	30214	0.377752	1
1	30224	0.377877	1
1	30234	0.378002	1
1	30244	0.378127	1
1	30254	0.378252	1
1	30264	0.378377	1
1	30274	0.378502	1
1	30284	0.378627	1
1	30294	0.378752	1
1	30304	0.378877	1
1	30314	0.379002	1
1	30324	0.379127	1
1	30334	0.379252	1
1	30344	0.379377	1
1	30354	0.379502	1
1	30364	0.379627	1
1	30374	0.379752	1
1	30384	0.379877	1
1	30394	0.380002	1
1	30404	0.380127	1
1	30414	0.380252	1
1	30424	0.380377	1
1	30434	0.380502	1
1	30444	0.380627	1
1	30454	0.380752	1
1	30464	0.380877	1
1	30474	0.381002	1
1	30484	0.381127	1
1	30494	0.381252	1
1	30504	0.381377	1
1	30514	0.381502	1
1	30524	0.381627	1
1	30534	0.381752	1
1	30544	0.381877	1
1	30554	0.382002	1
1	30564	0.382127	1
1	30574	0.382252	1
1	30584	0.382377	1
1	30594	0.382502	1
1	30604	0.382627	1
1	30614	0.382752	1
1	30624	0.382877	1
1	30634	0.383002	1
1	30644	0.383127	1
1	30654	0.383252	1
1	30664	0.383377	1
1	30674	0.383502	1
1	30684	0.383627	1
1	30694	0.383752	1
1	30704	0.383877	1
1	30714	0.384002	1
1	30724	0.384127	1
1	30734	0.384252	1
1	30744	0.384377	1
1	30754	0.384502	1
1	30764	0.384627	1
1	30774	0.384752	1
1	30784	0.384877	1
1	30794	0.385002	1
1	30804	0.385127	1
1	30814	0.385252	1
1	30824	0.385377	1
1	30834	0.385502	1
1	30844	0.385627	1
1	30854	0.385752	1
1	30864	0.385877	1
1	30874	0.386002	1
1	30884	0.386127	1
1	30894	0.386252	1
1	30904	0.386377	1
1	30914	0.386502	1
1	30924	0.386627	1
1	30934	0.386752	1
1	30944	0.386877	1
1	30954	0.387002	1
1	30964	0.387127	1
1	30974	0.387252	1
1	30984	0.387377	1
1	30994	0.387502	1
1	31004	0.387627	1
1	31014	0.387752	1
1	31024	0.387877	1
1	31034	0.388002	1
1	31044	0.388127	1
1	31054	0.388252	1
1	31064	0.388377	1
1	31074	0.388502	1
1	31084	0.388627	1
1	31094	0.388752	1
1	31104	0.388877	1
1	31114	0.389002	1
1	31124	0.389127	1
1	31134	0.389252	1
1	31144	0.389377	1
1	31154	0.389502	1
1	31164	0.389627	1
1	31174	0.389752	1
1	31184	0.389877	1
1	31194	0.390002	1
1	31204	0.390127	1
1	31214	0.390252	1
1	31224	0.390377	1
1	31234	0.390502	1
1	31244	0.390627	1
1	31254	0.390752	1
1	31264	0.390877	1
1	31274	0.391002	1
1	31284	0.391127	1
1	31294	0.391252	1
1	31304	0.391377	1
1	31314	0.391502	1
1	31324	0.391627	1
1	31334	0.391752	1
1	31344	0.391877	1
1	31354	0.392002	1
1	31364	0.392127	1
1	31374	0.392252	1
1	31384	0.392377	1
1	31394	0.392502	1
1	31404	0.392627	1
1	31414	0.392752	1
1	31424	0.392877	1
1	31434	0.393002	1
1	31444	0.393127	1
1	31454	0.393252	1
1	31464	0.393377	1
1	31474	0.393502	1
1	31484	0.393627	1
1	31494	0.393752	1
1	31504	0.393877	1
1	31514	0.394002	1
1	31524	0.394127	1
1	31534	0.394252	1
1	31544	0.394377	1
1	31554	0.394502	1
1	31564	0.394627	1
1	31574	0.394752	1
1	31584	0.394877	1
1	31594	0.395002	1
1	31604	0.395127	1
1	31614	0.395252	1
1	31624	0.395377	1
1	31634	0.395502	1
1	31644	0.395627	1
1	31654	0.395752	1
1	31664	0.395877	1
1	31674	0.396002	1
1	31684	0.396127	1
1	31694	0.396252	1
1	31704	0.396377	1
1	31714	0.396502	1
1	31724	0.396627	1
1	31734	0.396752	1
1	31744	0.396877	1
1	31754	0.397002	1
1	31764	0.397127	1
1	31774	0.397252	1
1	31784	0.397377	1
1	31794	0.397502	1
1	31804	0.397627	1
1	31814	0.397752	1
1	31824	0.397877	1
1	31834	0.398002	1
1	31844	0.398127	1
1	31854	0.398252	1
1	31864	0.398377	1
1	31874	0.398502	1
1	31884	0.398627	1
1	31894	0.398752	1
1	31904	0.398877	1
1	31914	0.399002	1
1	31924	0.399127	1
1	31934	0.399252	1
1	31944	0.399377	1
1	31954	0.399502	1
1	31964	0.399627	1
1	31974	0.399752	1
1	31984	0.399877	1
1	31994	0.400002	1
1	32004	0.400127	1
1	32014	0.400252	1
1	32024	0.400377	1
1	32034	0.400502	1
1	32044	0.400627	1
1	32054	0.400752	1
1	32064	0.400877	1
1	32074	0.401002	1
1	32084	0.401127	1
1	32094	0.401252	1
1	32104	0.401377	1
1	32114	0.401502	1
1	32124	0.401627	1
1	32134	0.401752	1
1	32144	0.401877	1
1	32154	0.402002	1
1	32164	0.402127	1
1	32174	0.402252	1
1	32184	0.402377	1
1	32194	0.402502	1
1	32204	0.402627	1
1	32214	0.402752	1
1	32224	0.402877	1
1	32234	0.403002	1
1	32244	0.403127	1
1	32254	0.403252	1
1	32264	0.403377	1
1	32274	0.403502	1
1	32284	0.403627	1
1	32294	0.403752	1
1	32304	0.403877	1
1	32314	0.404002	1
1	32324	0.404127	1
1	32334	0.404252	1
1	32344	0.404377	1
1	32354	0.404502	1
1	32364	0.404627	1
1	32374	0.404752	1
1	32384	0.404877	1
1	32394	0.405002	1
1	32404	0.405127	1
1	32414	0.405252	1
1	32424	0.405377	1
1	32434	0.405502	1
1	32444	0.405627	1
1	32454	0.405752	1
1	32464	0.405877	1
1	32474	0.406002	1
1	32484	0.406127	1
1	32494	0.406252	1
1	32504	0.406377	1
1	32514	0.406502	1
1	32524	0.406627	1
1	32534	0.406752	1
1	32544	0.406877	1
1	32554	0.407002	1
1	32564	0.407127	1
1	32574	0.407252	1
1	32584	0.407377	1
1	32594	0.407502	1
1	32604	0.407627	1
1	32614	0.407752	1
1	32624	0.407877	1
1	32634	0.408002	1
1	32644	0.408127	1
1	32654	0.408252	1
1	32664	0.408377	1
1	32674	0.408502	1
1	32684	0.408627	1
1	32694	0.408752	1
1	32704	0.408877	1
1	32714	0.409002	1
1	32724	0.409127	1
1	32734	0.409252	1
1	32744	0.409377	1
1	32754	0.409502	1
1	32764	0.409627	1
1	32774	0.409752	1
1	32784	0.409877	1
1	32794	0.410002	1
1	32804	0.410127	1
1	32814	0.410252	1
1	32824	0.410377	1
1	32834	0.410502	1
1	32844	0.410627	1
1	32854	0.410752	1
1	32864	0.410877	1
1	32874	0.411002	1
1	32884	0.411127	1
1	32894	0.411252	1
1	32904	0.411377	1
1	32914	0.411502	1
1	32924	0.411627	1
1	32934	0.411752	1
1	32944	0.411877	1
1	32954	0.412002	1
1	32964	0.412127	1
1	32974	0.412252	1
1	32984	0.412377	1
1	32994	0.412502	1
1	33004	0.412627	1
1	33014	0.412752	1
1	33024	0.412877	1
1	33034	0.413002	1
1	33044	0.413127	1
1	33054	0.413252	1
1	33064	0.413377	1
1	33074	0.413502	1
1	33084	0.413627	1
1	33094	0.413752	1
1	33104	0.413877	1
1	33114	0.414002	1
1	33124	0.414127	1
1	33134	0.414252	1
1	33144	0.414377	1
1	33154	0.414502	1
1	33164	0.414627	1
1	33174	0.414752	1
1	33184	0.414877	1
1	33194	0.415002	1
1	33204	0.415127	1
1	33214	0.415252	1
1	33224	0.415377	1
1	33234	0.415502	1
1	33244	0.415627	1
1	33254	0.415752	1
1	33264	0.415877	1
1	33274	0.416002	1
1	33284	0.416127	1
1	33294	0.416252	1
1	33304	0.416377	1
1	33314	0.416502	1
1	33324	0.416627	1
1	33334	0.416752	1
1	33344	0.416877	1
1	33354	0.417002	1
1	33364	0.417127	1
1	33374	0.417252	1
1	33384	0.417377	1
1	33394	0.417502	1
1	33404	0.417627	1
1	33414	0.417752	1
1	33424	0.417877	1
1	33434	0.418002	1
1	33444	0.418127	1
1	33454	0.418252	1
1	33464	0.418377	1
1	33474	0.418502	1
1	33484	0.418627	1
1	33494	0.418752	1
1	33504	0.418877	1
1	33514	0.419002	1
1	33524	0.419127	1
1	33534	0.419252	1
1	33544	0.419377	1
1	33554	0.419502	1
1	33564	0.419627	1
1	33574	0.419752	1
1	33584	0.419877	1
1	33594	0.420002	1
1	33604	0.420127	1
1	33614	0.420252	1
1	33624	0.420377	1
1	33634	0.420502	1
1	33644	0.420627	1
1	33654	0.420752	1
1	33664	0.420877	1
1	33674	0.421002	1
1	33684	0.421127	1
1	33694	0.421252	1
1	33704	0.421377	1
1	33714	0.421502	1
1	33724	0.421627	1
1	33734	0.421752	1
1	33744	0.421877	1
1	33754	0.422002	1
1	33764	0.422127	1
1	33774	0.422252	1
1	33784	0.422377	1
1	33794	0.422502	1
1	33804	0.422627	1
1	33814	0.422752	1
1	33824	0.422877	1
1	33834	0.423002	1
1	33844	0.423127	1
1	33854	0.423252	1
1	33864	0.423377	1
1	33874	0.423502	1
1	33884	0.423627	1
1	33894	0.423752	1
1	33904	0.423877	1
1	33914	0.424002	1
1	33924	0.424127	1
1	33934	0.424252	1
1	33944	0.424377	1
1	33954	0.424502	1
1	33964	0.424627	1
1	33974	0.424752	1
1	33984	0.424877	1
1	33994	0.425002	1
1	34004	0.425127	1
1	34014	0.425252	1
1	34024	0.425377	1
1	34034	0.425502	1
1	34044	0.425627	1
1	34054	0.425752	1
1	34064	0.425877	1
1	34074	0.426002	1
1	34084	0.426127	1
1	34094	0.426252	1
1	34104	0.426377	1
1	34114	0.426502	1
1	34124	0.426627	1
1	34134	0.426752	1
1	34144	0.426877	1
1	34154	0.427002	1
1	34164	0.427127	1
1	34174	0.427252	1
1	34184	0.427377	1
1	34194	0.427502	1
1	34204	0.427627	1
1	34214	0.427752	1
1	34224	0.427877	1
1	34234	0.428002	1
1	34244	0.428127	1
1	34254	0.428252	1
1	34264	0.428377	1
1	34274	0.428502	1
1	34284	0.428627	1
1	34294	0.428752	1
1	34304	0.428877	1
1	34314	0.429002	1
1	34324	0.429127	1
1	34334	0.429252	1
1	34344	0.429377	1
1	34354	0.429502	1
1	34364	0.429627	1
1	34374	0.429752	1
1	34384	0.429877	1
1	34394	0.430002	1
1	34404	0.430127	1
1	34414	0.430252	1
1	34424	0.430377	1
1	34434	0.430502	1
1	34444	0.430627	1
1	34454	0.430752	1
1	34464	0.430877	1
1	34474	0.431002	1
1	34484	0.431127	1
1	34494	0.431252	1
1	34504	0.431377	1
1	34514	0.431502	1
1	34524	0.431627	1
1	34534	0.431752	1
1	34544	0.431877	1
1	34554	0.432002	1
1	34564	0.432127	1
1	34574	0.432252	1
1	34584	0.432377	1
1	34594	0.432502	1
1	34604	0.432627	1
1	34614	0.432752	1
1	34624	0.432877	1
1	34634	0.433002	1
1	34644	0.433127	1
1	34654	0.433252	1
1	34664	0.433377	1
1	34674	0.433502	1
1	34684	0.433627	1
1	34694	0.433752	1
1	34704	0.433877	1
1	34714	0.434002	1
1	34724	0.434127	1
1	34734	0.434252	1
1	34744	0.434377	1
1	34754	0.434502	1
1	34764	0.434627	1
1	34774	0.434752	1
1	34784	0.434877	1
1	34794	0.435002	1
1	34804	0.435127	1
1	34814	0.435252	1
1	34824	0.435377	1
1	34834	0.435502	1
1	34844	0.435627	1
1	34854	0.435752	1
1	34864	0.435877	1
1	34874	0.436002	1
1	34884	0.436127	1
1	34894	0.436252	1
1	34904	0.436377	1
1	34914	0.436502	1
1	34924	0.436627	1
1	34934	0.436752	1
1	34944	0.436877	1
1	34954	0.437002	1
1	34964	0.437127	1
1	34974	0.437252	1
1	34984	0.437377	1
1	34994	0.437502	1
1	35004	0.437627	1
1	35014	0.437752	1
1	35024	0.437877	1
1	35034	0.438002	1
1	35044	0.438127	1
1	35054	0.438252	1
1	35064	0.438377	1
1	35074	0.438502	1
1	35084	0.438627	1
1	35094	0.438752	1
1	35104	0.438877	1
1	35114	0.439002	1
1	35124	0.439127	1
1	35134	0.439252	1
1	35144	0.439377	1
1	35154	0.439502	1
1	35164	0.439627	1
1	35174	0.439752	1
1	35184	0.439877	1
1	35194	0.440002	1
1	35204	0.440127	1
1	35214	0.440252	1
1	35224	0.440377	1
1	35234	0.440502	1
1	35244	0.440627	1
1	35254	0.440752	1
1	35264	0.440877	1
1	35274	0.441002	1
1	35284	0.441127	1
1	35294	0.441252	1
1	35304	0.441377	1
1	35314	0.441502	1
1	35324	0.441627	1
1	35334	0.441752	1
1	35344	0.441877	1
1	35354	0.442002	1
1	35364	0.442127	1
1	35374	0.442252	1
1	35384	0.442377	1
1	35394	0.442502	1
1	35404	0.442627	1
1	35414	0.442752	1
1	35424	0.442877	1
1	35434	0.443002	1
1	35444	0.443127	1
1	35454	0.443252	1
1	35464	0.443377	1
1	35474	0.443502	1
1	35484	0.443627	1
1	35494	0.443752	1
1	35504	0.443877	1
1	35514	0.444002	1
1	35524	0.444127	1
1	35534	0.444252	1
1	35544	0.444377	1
1	35554	0.444502	1
1	35564	0.444627	1
1	35574	0.444752	1
1	35584	0.444877	1
1	35594	0.445002	1
1	35604	0.445127	1
1	35614	0.445252	1
1	35624	0.445377	1
1	35634	0.445502	1
1	35644	0.445627	1
1	35654	0.445752	1
1	35664	0.445877	1
1	35674	0.446002	1
1	35684	0.446127	1
1	35694	0.446252	1
1	35704	0.446377	1
1	35714	0.446502	1
1	35724	0.446627	1
1	35734	0.446752	1
1	35744	0.446877	1
1	35754	0.447002	1
1	35764	0.447127	1
1	35774	0.447252	1
1	35784	0.447377	1
1	35794	0.447502	1
1	35804	0.447627	1
1	35814	0.447752	1
1	35824	0.447877	1
1	35834	0.448002	1
1	35844	0.448127	1
1	35854	0.448252	1
1	35864	0.448377	1
1	35874	0.448502	1
1	35884	0.448627	1
1	35894	0.448752	1
1	35904	0.448877	1
1	35914	0.449002	1
1	35924	0.449127	1
1	35934	0.449252	1
1	35944	0.449377	1
1	35954	0.449502	1
1	35964	0.449627	1
1	35974	0.449752	1
1	35984	0.449877	1
1	35994	0.450002	1
1	36004	0.450127	1
1	36014	0.450252	1
1	36024	0.450377	1
1	36034	0.450502	1
1	36044	0.450627	1
1	36054	0.450752	1
1	36064	0.450877	1
1	36074	0.451002	1
1	36084	0.451127	1
1	36094	0.451252	1
1	36104	0.451377	1
1	36114	0.451502	1
1	36124	0.451627	1
1	36134	0.451752	1
1	36144	0.451877	1
1	36154	0.452002	1
1	36164	0.452127	1
1	36174	0.452252	1
1	36184	0.452377	1
1	36194	0.452502	1
1	36204	0.452627	1
1	36214	0.452752	1
1	36224	0.452877	1
1	36234	0.453002	1
1	36244	0.453127	1
1	36254	0.453252	1
1	36264	0.453377	1
1	36274	0.453502	1
1	36284	0.453627	1
1	36294	0.453752	1
1	36304	0.453877	1
1	36314	0.454002	1
1	36324	0.454127	1
1	36334	0.454252	1
1	36344	0.454377	1
1	36354	0.454502	1
1	36364	0.454627	1
1	36374	0.454752	1
1	36384	0.454877	1
1	36394	0.455002	1
1	36404	0.455127	1
1	36414	0.455252	1
1	36424	0.455377	1
1	36434	0.455502	1
1	36444	0.455627	1
1	36454	0.455752	1
1	36464	0.455877	1
1	36474	0.456002	1
1	36484	0.456127	1
1	36494	0.456252	1
1	36504	0.456377	1
1	36514	0.456502	1
1	36524	0.456627	1
1	36534	0.456752	1
1	36544	0.456877	1
1	36554	0.457002	1
1	36564	0.457127	1
1	36574	0.457252	1
1	36584	0.457377	1
1	36594	0.457502	1
1	36604	0.457627	1
1	36614	0.457752	1
1	36624	0.457877	1
1	36634	0.458002	1
1	36644	0.458127	1
1	36654	0.458252	1
1	36664	0.458377	1
1	36674	0.458502	1
1	36684	0.458627	1
1	36694	0.458752	1
1	36704	0.458877	1
1	36714	0.459002	1
1	36724	0.459127	1
1	36734	0.459252	1
1	36744	0.459377	1
1	36754	0.459502	1
1	36764	0.459627	1
1	36774	0.459752	1
1	36784	0.459877	1
1	36794	0.460002	1
1	36804	0.460127	1
1	36814	0.460252	1
1	36824	0.460377	1
1	36834	0.460502	1
1	36844	0.460627	1
1	36854	0.460752	1
1	36864	0.460877	1
1	36874	0.461002	1
1	36884	0.461127	1
1	36894	0.461252	1
1	36904	0.461377	1
1	36914	0.461502	1
1	36924	0.461627	1
1	36934	0.461752	1
1	36944	0.461877	1
1	36954	0.462002	1
1	36964	0.462127	1
1	36974	0.462252	1
1	36984	0.462377	1
1	36994	0.462502	1
1	37004	0.462627	1
1	37014	0.462752	1
1	37024	0.462877	1
1	37034	0.463002	1
1	37044	0.463127	1
1	37054	0.463252	1
1	37064	0.463377	1
1	37074	0.463502	1
1	37084	0.463627	1
1	37094	0.463752	1
1	37104	0.463877	1
1	37114	0.464002	1
1	37124	0.464127	1
1	37134	0.464252	1
1	37144	0.464377	1
1	37154	0.464502	1
1	37164	0.464627	1
1	37174	0.464752	1
1	37184	0.464877	1
1	37194	0.465002	1
1	37204	0.465127	1
1	37214	0.465252	1
1	37224	0.465377	1
1	37234	0.465502	1
1	37244	0.465627	1
1	37254	0.465752	1
1	37264	0.465877	1
1	37274	0.466002	1
1	37284	0.466127	1
1	37294	0.466252	1
1	37304	0.466377	1
1	37314	0.466502	1
1	37324	0.466627	1
1	37334	0.466752	1
1	37344	0.466877	1
1	37354	0.467002	1
1	37364	0.467127	1
1	37374	0.467252	1
1	37384	0.467377	1
1	37394	0.467502	1
1	37404	0.467627	1
1	37414	0.467752	1
1	37424	0.467877	1
1	37434	0.468002	1
1	37444	0.468127	1
1	37454	0.468252	1
1	37464	0.468377	1
1	37474	0.468502	1
1	37484	0.468627	1
1	37494	0.468752	1
1	37504	0.468877	1
1	37514	0.469002	1
1	37524	0.469127	1
1	37534	0.469252	1
1	37544	0.469377	1
1	37554	0.469502	1
1	37564	0.469627	1
1	37574	0.469752	1
1	37584	0.469877	1
1	37594	0.470002	1
1	37604	0.470127	1
1	37614	0.470252	1
1	37624	0.470377	1
1	37634	0.470502	1
1	37644	0.470627	1
1	37654	0.470752	1
1	37664	0.470877	1
1	37674	0.471002	1
1	37684	0.471127	1
1	37694	0.471252	1
1	37704	0.471377	1
1	37714	0.471502	1
1	37724	0.471627	1
1	37734	0.471752	1
1	37744	0.471877	1
1	37754	0.472002	1
1	37764	0.472127	1
1	37774	0.472252	1
1	37784	0.472377	1
1	37794	0.472502	1
1	37804	0.472627	1
1	37814	0.472752	1
1	37824	0.472877	1
1	37834	0.473002	1
1	37844	0.473127	1
1	37854	0.473252	1
1	37864	0.473377	1
1	37874	0.473502	1
1	37884	0.473627	1
1	37894	0.473752	1
1	37904	0.473877	1
1	37914	0.474002	1
1	37924	0.474127	1
1	37934	0.474252	1
1	37944	0.474377	1
1	37954	0.474502	1
1	37964	0.474627	1
1	37974	0.474752	1
1	37984	0.474877	1
1	37994	0.475002	1
1	38004	0.475127	1
1	38014	0.475252	1
1	38024	0.475377	1
1	38034	0.475502	1
1	38044	0.475627	1
1	38054	0.475752	1
1	38064	0.475877	1
1	38074	0.476002	1
1	38084	0.476127	1
1	38094	0.476252	1
1	38104	0.476377	1
1	38114	0.476502	1
1	38124	0.476627	1
1	38134	0.476752	1
1	38144	0.476877	1
1	38154	0.477002	1
1	38164	0.477127	1
1	38174	0.477252	1
1	38184	0.477377	1
1	38194	0.477502	1
1	38204	0.477627	1
1	38214	0.477752	1
1	38224	0.477877	1
1	38234	0.478002	1
1	38244	0.478127	1
1	38254	0.478252	1
1	38264	0.478377	1
1	38274	0.478502	1
1	38284	0.478627	1
1	38294	0.478752	1
1	38304	0.478877	1
1	38314	0.479002	1
1	38324	0.479127	1
1	38334	0.479252	1
1	38344	0.479377	1
1	38354	0.479502	1
1	38364	0.479627	1
1	38374	0.479752	1
1	38384	0.479877	1
1	38394	0.480002	1
1	38404	0.480127	1
1	38414	0.480252	1
1	38424	0.480377	1
1	38434	0.480502	1
1	38444	0.480627	1
1	38454	0.480752	1
1	38464	0.480877	1
1	38474	0.481002	1
1	38484	0.481127	1
1	38494	0.481252	1
1	38504	0.481377	1
1	38514	0.481502	1
1	38524	0.481627	1
1	38534	0.481752	1
1	38544	0.481877	1
1	38554	0.482002	1
1	38564	0.482127	1
1	38574	0.482252	1
1	38584	0.482377	1
1	38594	0.482502	1
1	38604	0.482627	1
1	38614	0.482752	1
1	38624	0.482877	1
1	38634	0.483002	1
1	38644	0.483127	1
1	38654	0.483252	1
1	38664	0.483377	1
1	38674	0.483502	1
1	38684	0.483627	1
1	38694	0.483752	1
1	38704	0.483877	1
1	38714	0.484002	1
1	38724	0.484127	1
1	38734	0.484252	1
1	38744	0.484377	1
1	38754	0.484502	1
1	38764	0.484627	1
1	38774	0.484752	1
1	38784	0.484877	1
1	38794	0.485002	1
1	38804	0.485127	1
1	38814	0.485252	1
1	38824	0.485377	1
1	38834	0.485502	1
1	38844	0.485627	1
1	38854	0.485752	1
1	38864	0.485877	1
1	38874	0.486002	1
1	38884	0.486127	1
1	38894	0.486252	1
1	38904	0.486377	1
1	38914	0.486502	1
1	38924	0.486627	1
1	38934	0.486752	1
1	38944	0.486877	1
1	38954	0.487002	1
1	38964	0.487127	1
1	38974	0.487252	1
1	38984	0.487377	1
1	38994	0.487502	1
1	39004	0.487627	1
1	39014	0.487752	1
1	39024	0.487877	1
1	39034	0.488002	1
1	39044	0.488127	1
1	39054	0.488252	1
1	39064	0.488377	1
1	39074	0.488502	1
1	39084	0.488627	1
1	39094	0.488752	1
1	39104	0.488877	1
1	39114	0.489002	1
1	39124	0.489127	1
1	39134	0.489252	1
1	39144	0.489377	1
1	39154	0.489502	1
1	39164	0.489627	1
1	39174	0.489752	1
1	39184	0.489877	1
1	39194	0.490002	1
1	39204	0.490127	1
1	39214	0.490252	1
1	39224	0.490377	1
1	39234	0.490502	1
1	39244	0.490627	1
1	39254	0.490752	1
1	39264	0.490877	1
1	39274	0.491002	1
1	39284	0.491127	1
1	39294	0.491252	1
1	39304	0.491377	1
1	39314	0.491502	1
1	39324	0.491627	1
1	39334	0.491752	1
1	39344	0.491877	1
1	39354	0.492002	1
1	39364	0.492127	1
1	39374	0.492252	1
1	39384	0.492377	1
1	39394	0.492502	1
1	39404	0.492627	1
1	39414	0.492752	1
1	39424	0.492877	1
1	39434	0.493002	1
1	39444	0.493127	1
1	39454	0.493252	1
1	39464	0.493377	1
1	39474	0.493502	1
1	39484	0.493627	1
1	39494	0.493752	1
1	39504	0.493877	1
1	39514	0.494002	1
1	39524	0.494127	1
1	39534	0.494252	1
1	39544	0.494377	1
1	39554	0.494502	1
1	39564	0.494627	1
1	39574	0.494752	1
1	39584	0.494877	1
1	39594	0.495002	1
1	39604	0.495127	1
1	39614	0.495252	1
1	39624	0.495377	1
1	39634	0.495502	1
1	39644	0.495627	1
1	39654	0.495752	1
1	39664	0.495877	1
1	39674	0.496002	1
1	39684	0.496127	1
1	39694	0.496252	1
1	39704	0.496377	1
1	39714	0.496502	1
1	39724	0.496627	1
1	39734	0.496752	1
1	39744	0.496877	1
1	39754	0.497002	1
1	39764	0.497127	1
1	39774	0.497252	1
1	39784	0.497377	1
1	39794	0.497502	1
1	39804	0.497627	1
1	39814	0.497752	1
1	39824	0.497877	1
1	39834	0.498002	1
1	39844	0.498127	1
1	39854	0.498252	1
1	39864	0.498377	1
1	39874	0.498502	1
1	39884	0.498627	1
1	39894	0.498752	1
1	39904	0.498877	1
1	39914	0.499002	1
1	39924	0.499127	1
1	39934	0.499252	1
1	39944	0.499377	1
1	39954	0.499502	1
1	39964	0.499627	1
1	39974	0.499752	1
1	39984	0.499877	1
1	39994	0.500002	1
1	40004	0.500127	1
1	40014	0.500252	1
1	40024	0.500377	1
1	40034	0.500502	1
1	40044	0.500627	1
1	40054	0.500752	1
1	40064	0.500877	1
1	40074	0.501002	1
1	40084	0.501127	1
1	40094	0.501252	1
1	40104	0.501377	1
1	40114	0.501502	1
1	40124	0.501627	1
1	40134	0.501752	1
1	40144	0.501877	1
1	40154	0.502002	1
1	40164	0.502127	1
1	40174	0.502252	1
1	40184	0.502377	1
1	40194	0.502502	1
1	40204	0.502627	1
1	40214	0.502752	1
1	40224	0.502877	1
1	40234	0.503002	1
1	40244	0.503127	1
1	40254	0.503252	1
1	40264	0.503377	1
1	40274	0.503502	1
1	40284	0.503627	1
1	40294	0.503752	1
1	40304	0.503877	1
1	40314	0.504002	1
1	40324	0.504127	1
1	40334	0.504252	1
1	40344	0.504377	1
1	40354	0.504502	1
1	40364	0.504627	1
1	40374	0.504752	1
1	40384	0.504877	1
1	40394	0.505002	1
1	40404	0.505127	1
1	40414	0.505252	1
1	40424	0.505377	1
1	40434	0.505502	1
1	40444	0.505627	1
1	40454	0.505752	1
1	40464	0.505877	1
1	40474	0.506002	1
1	40484	0.506127	1
1	40494	0.506252	1
1	40504	0.506377	1
1	40514	0.506502	1
1	40524	0.506627	1
1	40534	0.506752	1
1	40544	0.506877	1
1	40554	0.507002	1
1	40564	0.507127	1
1	40574	0.507252	1
1	40584	0.507377	1
1	40594	0.507502	1
1	40604	0.507627	1
1	40614	0.507752	1
1	40624	0.507877	1
1	40634	0.508002	1
1	40644	0.508127	1
1	40654	0.508252	1
1	40664	0.508377	1
1	40674	0.508502	1
1	40684	0.508627	1
1	40694	0.508752	1
1	40704	0.508877	1
1	40714	0.509002	1
1	40724	0.509127	1
1	40734	0.509252	1
1	40744	0.509377	1
1	40754	0.509502	1
1	40764	0.509627	1
1	40774	0.509752	1
1	40784	0.509877	1
1	40794	0.510002	1
1	40804	0.510127	1
1	40814	0.510252	1
1	40824	0.510377	1
1	40834	0.510502	1
1	40844	0.510627	1
1	40854	0.510752	1
1	40864	0.510877	1
1	40874	0.511002	1
1	40884	0.511127	1
1	40894	0.511252	1
1	40904	0.511377	1
1	40914	0.511502	1
1	40924	0.511627	1
1	40934	0.511752	1
1	40944	0.511877	1
1	40954	0.512002	1
1	40964	0.512127	1
1	40974	0.512252	1
1	40984	0.512377	1
1	40994	0.512502	1
1	41004	0.512627	1
1	41014	0.512752	1
1	41024	0.512877	1
1	41034	0.513002	1
1	41044	0.513127	1
1	41054	0.513252	1
1	41064	0.513377	1
1	41074	0.513502	1
1	41084	0.513627	1
1	41094	0.513752	1
1	41104	0.513877	1
1	41114	0.514002	1
1	41124	0.514127	1
1	41134	0.514252	1
1	41144	0.514377	1
1	41154	0.514502	1
1	41164	0.514627	1
1	41174	0.514752	1
1	41184	0.514877	1
1	41194	0.515002	1
1	41204	0.515127	1
1	41214	0.515252	1
1	41224	0.515377	1
1	41234	0.515502	1
1	41244	0.515627	1
1	41254	0.515752	1
1	41264	0.515877	1
1	41274	0.516002	1
1	41284	0.516127	1
1	41294	0.516252	1
1	41304	0.516377	1
1	41314	0.516502	1
1	41324	0.516627	1
1	41334	0.516752	1
1	41344	0.516877	1
1	41354	0.517002	1
1	41364	0.517127	1
1	41374	0.517252	1
1	41384	0.517377	1
1	41394	0.517502	1
1	41404	0.517627	1
1	41414	0.517752	1
1	41424	0.517877	1
1	41434	0.518002	1
1	41444	0.518127	1
1	41454	0.518252	1
1	41464	0.518377	1
1	41474	0.518502	1
1	41484	0.518627	1
1	41494	0.518752	1
1	41504	0.518877	1
1	41514	0.519002	1
1	41524	0.519127	1
1	41534	0.519252	1
1	41544	0.519377	1
1	41554	0.519502	1
1	41564	0.519627	1
1	41574	0.519752	1
1	41584	0.519877	1
1	41594	0.520002	1
1	41604	0.520127	1
1	41614	0.520252	1
1	41624	0.520377	1
1	41634	0.520502	1
1	41644	0.520627	1
1	41654	0.520752	1
1	41664	0.520877	1
1	41674	0.521002	1
1	41684	0.521127	1
1	41694	0.521252	1
1	41704	0.521377	1
1	41714	0.521502	1
1	41724	0.521627	1
1	41734	0.521752	1
1	41744	0.521877	1
1	41754	0.522002	1
1	41764	0.522127	1
1	41774	0.522252	1
1	41784	0.522377	1
1	41794	0.522502	1
1	41804	0.522627	1
1	41814	0.522752	1
1	41824	0.522877	1
1	41834	0.523002	1
1	41844	0.523127	1
1	41854	0.523252	1
1	41864	0.523377	1
1	41874	0.523502	1
1	41884	0.523627	1
1	41894	0.523752	1
1	41904	0.523877	1
1	41914	0.524002	1
1	41924	0.524127	1
1	41934	0.524252	1
1	41944	0.524377	1
1	41954	0.524502	1
1	41964	0.524627	1
1	41974	0.524752	1
1	41984	0.524877	1
1	41994	0.525002	1
1	42004	0.525127	1
1	42014	0.525252	1
1	42024	0.525377	1
1	42034	0.525502	1
1	42044	0.525627	1
1	42054	0.525752	1
1	42064	0.525877	1
1	42074	0.526002	1
1	42084	0.526127	1
1	42094	0.526252	1
1	42104	0.526377	1
1	42114	0.526502	1
1	42124	0.526627	1
1	42134	0.526752	1
1	42144	0.526877	1
1	42154	0.527002	1
1	42164	0.527127	1
1	42174	0.527252	1
1	42184	0.527377	1
1	42194	0.527502	1
1	42204	0.527627	1
1	42214	0.527752	1
1	42224	0.527877	1
1	42234	0.528002	1
1	42244	0.528127	1
1	42254	0.528252	1
1	42264	0.528377	1
1	42274	0.528502	1
1	42284	0.528627	1
1	42294	0.528752	1
1	42304	0.528877	1
1	42314	0.529002	1
1	42324	0.529127	1
1	42334	0.529252	1
1	42344	0.529377	1
1	42354	0.529502	1
1	42364	0.529627	1
1	42374	0.529752	1
1	42384	0.529877	1
1	42394	0.530002	1
1	42404	0.530127	1
1	42414	0.530252	1
1	42424	0.530377	1
1	42434	0.530502	1
1	42444	0.530627	1
1	42454	0.530752	1
1	42464	0.530877	1
1	42474	0.531002	1
1	42484	0.531127	1
1	42494	0.531252	1
1	42504	0.531377	1
1	42514	0.531502	1
1	42524	0.531627	1
1	42534	0.531752	1
1	42544	0.531877	1
1	42554	0.532002	1
1	42564	0.532127	1
1	42574	0.532252	1
1	42584	0.532377	1
1	42594	0.532502	1
1	42604	0.532627	1
1	42614	0.532752	1
1	42624	0.532877	1
1	42634	0.533002	1
1	42644	0.533127	1
1	42654	0.533252	1
1	42664	0.533377	1
1	42674	0.533502	1
1	42684	0.533627	1
1	42694	0.533752	1
1	42704	0.533877	1
1	42714	0.534002	1
1	42724	0.534127	1
1	42734	0.534252	1
1	42744	0.534377	1
1	42754	0.534502	1
1	42764	0.534627	1
1	42774	0.534752	1
1	42784	0.534877	1
1	42794	0.535002	1
1	42804	0.535127	1
1	42814	0.535252	1
1	42824	0.535377	1
1	42834	0.535502	1
1	42844	0.535627	1
1	42854	0.535752	1
1	42864	0.535877	1
1	42874	0.536002	1
1	42884	0.536127	1
1	42894	0.536252	1
1	42904	0.536377	1
1	42914	0.536502	1
1	42924	0.536627	1
1	42934	0.536752	1
1	42944	0.536877	1
1	42954	0.537002	1
1	42964	0.537127	1
1	42974	0.537252	1
1	42984	0.537377	1
1	42994	0.537502	1
1	43004	0.537627	1
1	43014	0.537752	1
1	43024	0.537877	1
1	43034	0.538002	1
1	43044	0.538127	1
1	43054	0.538252	1
1	43064	0.538377	1
1	43074	0.538502	1
1	43084	0.538627	1
1	43094	0.538752	1
1	43104	0.538877	1
1	43114	0.539002	1
1	43124	0.539127	1
1	43134	0.539252	1
1	43144	0.539377	1
1	43154	0.539502	1
1	43164	0.539627	1
1	43174	0.539752	1
1	43184	0.539877	1
1	43194	0.540002	1
1	43204	0.540127	1
1	43214	0.540252	1
1	43224	0.540377	1
1	43234	0.540502	1
1	43244	0.540627	1
1	43254	0.540752	1
1	43264	0.540877	1
1	43274	0.541002	1
1	43284	0.541127	1
1	43294	0.541252	1
1	43304	0.541377	1
1	43314	0.541502	1
1	43324	0.541627	1
1	43334	0.541752	1
1	43344	0.541877	1
1	43354	0.542002	1
1	43364	0.542127	1
1	43374	0.542252	1
1	43384	0.542377	1
1	43394	0.542502	1
1	43404	0.542627	1
1	43414	0.542752	1
1	43424	0.542877	1
1	43434	0.543002	1
1	43444	0.543127	1
1	43454	0.543252	1
1	43464	0.543377	1
1	43474	0.543502	1
1	43484	0.543627	1
1	43494	0.543752	1
1	43504	0.543877	1
1	43514	0.544002	1
1	43524	0.544127	1
1	43534	0.544252	1
1	43544	0.544377	1
1	43554	0.544502	1
1	43564	0.544627	1
1	43574	0.544752	1
1	43584	0.544877	1
1	43594	0.545002	1
1	43604	0.545127	1
1	43614	0.545252	1
1	43624	0.545377	1
1	43634	0.545502	1
1	43644	0.545627	1
1	43654	0.545752	1
1	43664	0.545877	1
1	43674	0.546002	1
1	43684	0.546127	1
1	43694	0.546252	1
1	43704	0.546377	1
1	43714	0.546502	1
1	43724	0.546627	1
1	43734	0.546752	1
1	43744	0.546877	1
1	43754	0.547002	1
1	43764	0.547127	1
1	43774	0.547252	1
1	43784	0.547377	1
1	43794	0.547502	1
1	43804	0.547627	1
1	43814	0.547752	1
1	43824	0.547877	1
1	43834	0.548002	1
1	43844	0.548127	1
1	43854	0.548252	1
1	43864	0.548377	1
1	43874	0.548502	1
1	43884	0.548627	1
1	43894	0.548752	1
1	43904	0.548877	1
1	43914	0.549002	1
1	43924	0.549127	1
1	43934	0.549252	1
1	43944	0.549377	1
1	43954	0.549502	1
1	43964	0.549627	1
1	43974	0.549752	1
1	43984	0.549877	1
1	43994	0.550002	1
1	44004	0.550127	1
1	44014	0.550252	1
1	44024	0.550377	1
1	44034	0.550502	1
1	44044	0.550627	1
1	44054	0.550752	1
1	44064	0.550877	1
1	44074	0.551002	1
1	44084	0.551127	1
1	44094	0.551252	1
1	44104	0.551377	1
1	44114	0.551502	1
1	44124	0.551627	1
1	44134	0.551752	1
1	44144	0.551877	1
1	44154	0.552002	1
1	44164	0.552127	1
1	44174	0.552252	1
1	44184	0.552377	1
1	44194	0.552502	1
1	44204	0.552627	1
1	44214	0.552752	1
1	44224	0.552877	1
1	44234	0.553002	1
1	44244	0.553127	1
1	44254	0.553252	1
1	44264	0.553377	1
1	44274	0.553502	1
1	44284	0.553627	1
1	44294	0.553752	1
1	44304	0.553877	1
1	44314	0.554002	1
1	44324	0.554127	1
1	44334	0.554252	1
1	44344	0.554377	1
1	44354	0.554502	1
1	44364	0.554627	1
1	44374	0.554752	1
1	44384	0.554877	1
1	44394	0.555002	1
1	44404	0.555127	1
1	44414	0.555252	1
1	44424	0.555377	1
1	44434	0.555502	1
1	44444	0.555627	1
1	44454	0.555752	1
1	44464	0.555877	1
1	44474	0.556002	1
1	44484	0.556127	1
1	44494	0.556252	1
1	44504	0.556377	1
1	44514	0.556502	1
1	44524	0.556627	1
1	44534	0.556752	1
1	44544	0.556877	1
1	44554	0.557002	1
1	44564	0.557127	1
1	44574	0.557252	1
1	44584	0.557377	1
1	44594	0.557502	1
1	44604	0.557627	1
1	44614	0.557752	1
1	44624	0.557877	1
1	44634	0.558002	1
1	44644	0.558127	1
1	44654	0.558252	1
1	44664	0.558377	1
1	44674	0.558502	1
1	44684	0.558627	1
1	44694	0.558752	1
1	44704	0.558877	1
1	44714	0.559002	1
1	44724	0.559127	1
1	44734	0.559252	1
1	44744	0.559377	1
1	44754	0.559502	1
1	44764	0.559627	1
1	44774	0.559752	1
1	44784	0.559877	1
1	44794	0.560002	1
1	44804	0.560127	1
1	44814	0.560252	1
1	44824	0.560377	1
1	44834	0.560502	1
1	44844	0.560627	1
1	44854	0.560752	1
1	44864	0.560877	1
1	44874	0.561002	1
1	44884	0.561127	1
1	44894	0.561252	1
1	44904	0.561377	1
1	44914	0.561502	1
1	44924	0.561627	1
1	44934	0.561752	1
1	44944	0.561877	1
1	44954	0.562002	1
1	44964	0.562127	1
1	44974	0.562252	1
1	44984	0.562377	1
1	44994	0.562502	1
1	45004	0.562627	1
1	45014	0.562752	1
1	45024	0.562877	1
1	45034	0.563002	1
1	45044	0.563127	1
1	45054	0.563252	1
1	45064	0.563377	1
1	45074	0.563502	1
1	45084	0.563627	1
1	45094	0.563752	1
1	45104	0.563877	1
1	45114	0.564002	1
1	45124	0.564127	1
1	45134	0.564252	1
1	45144	0.564377	1
1	45154	0.564502	1
1	45164	0.564627	1
1	45174	0.564752	1
1	45184	0.564877	1
1	45194	0.565002	1
1	45204	0.565127	1
1	45214	0.565252	1
1	45224	0.565377	1
1	45234	0.565502	1
1	45244	0.565627	1
1	45254	0.565752	1
1	45264	0.565877	1
1	45274	0.566002	1
1	45284	0.566127	1
1	45294	0.566252	1
1	45304	0.566377	1
1	45314	0.566502	1
1	45324	0.566627	1
1	45334	0.566752	1
1	45344	0.566877	1
1	45354	0.567002	1
1	45364	0.567127	1
1	45374	0.567252	1
1	45384	0.567377	1
1	45394	0.567502	1
1	45404	0.567627	1
1	45414	0.567752	1
1	45424	0.567877	1
1	45434	0.568002	1
1	45444	0.568127	1
1	45454	0.568252	1
1	45464	0.568377	1
1	45474	0.568502	1
1	45484	0.568627	1
1	45494	0.568752	1
1	45504	0.568877	1
1	45514	0.569002	1
1	45524	0.569127	1
1	45534	0.569252	1
1	45544	0.569377	1
1	45554	0.569502	1
1	45564	0.569627	1
1	45574	0.569752	1
1	45584	0.569877	1
1	45594	0.570002	1
1	45604	0.570127	1
1	45614	0.570252	1
1	45624	0.570377	1
1	45634	0.570502	1
1	45644	0.570627	1
1	45654	0.570752	1
1	45664	0.570877	1
1	45674	0.571002	1
1	45684	0.571127	1
1	45694	0.571252	1
1	45704	0.571377	1
1	45714	0.571502	1
1	45724	0.571627	1
1	45734	0.571752	1
1	45744	0.571877	1
1	45754	0.572002	1
1	45764	0.572127	1
1	45774	0.572252	1
1	45784	0.572377	1
1	45794	0.572502	1
1	45804	0.572627	1
1	45814	0.572752	1
1	45824	0.572877	1
1	45834	0.573002	1
1	45844	0.573127	1
1	45854	0.573252	1
1	45864	0.573377	1
1	45874	0.573502	1
1	45884	0.573627	1
1	45894	0.573752	1
1	45904	0.573877	1
1	45914	0.574002	1
1	45924	0.574127	1
1	45934	0.574252	1
1	45944	0.574377	1
1	45954	0.574502	1
1	45964	0.574627	1
1	45974	0.574752	1
1	45984	0.574877	1
1	45994	0.575002	1
1	46004	0.575127	1
1	46014	0.575252	1
1	46024	0.575377	1
1	46034	0.575502	1
1	46044	0.575627	1
1	46054	0.575752	1
1	46064	0.575877	1
1	46074	0.576002	1
1	46084	0.576127	1
1	46094	0.576252	1
1	46104	0.576377	1
1	46114	0.576502	1
1	46124	0.576627	1
1	46134	0.576752	1
1	46144	0.576877	1
1	46154	0.577002	1
1	46164	0.577127	1
1	46174	0.577252	1
1	46184	0.577377	1
1	46194	0.577502	1
1	46204	0.577627	1
1	46214	0.577752	1
1	46224	0.577877	1
1	46234	0.578002	1
1	46244	0.578127	1
1	46254	0.578252	1
1	46264	0.578377	1
1	46274	0.578502	1
1	46284	0.578627	1
1	46294	0.578752	1
1	46304	0.578877	1
1	46314	0.579002	1
1	46324	0.579127	1
1	46334	0.579252	1
1	46344	0.579377	1
1	46354	0.579502	1
1	46364	0.579627	1
1	46374	0.579752	1
1	46384	0.579877	1
1	46394	0.580002	1
1	46404	0.580127	1
1	46414	0.580252	1
1	46424	0.580377	1
1	46434	0.580502	1
1	46444	0.580627	1
1	46454	0.580752	1
1	46464	0.580877	1
1	46474	0.581002	1
1	46484	0.581127	1
1	46494	0.581252	1
1	46504	0.581377	1
1	46514	0.581502	1
1	46524	0.581627	1
1	46534	0.581752	1
1	46544	0.581877	1
1	46554	0.582002	1
1	46564	0.582127	1
1	46574	0.582252	1
1	46584	0.582377	1
1	46594	0.582502	1
1	46604	0.582627	1
1	46614	0.582752	1
1	46624	0.582877	1
1	46634	0.583002	1
1	46644	0.583127	1
1	46654	0.583252	1
1	46664	0.583377	1
1	46674	0.583502	1
1	46684	0.583627	1
1	46694	0.583752	1
1	46704	0.583877	1
1	46714	0.584002	1
1	46724	0.584127	1
1	46734	0.584252	1
1	46744	0.584377	1
1	46754	0.584502	1
1	46764	0.584627	1
1	46774	0.584752	1
1	46784	0.584877	1
1	46794	0.585002	1
1	46804	0.585127	1
1	46814	0.585252	1
1	46824	0.585377	1
1	46834	0.585502	1
1	46844	0.585627	1
1	46854	0.585752	1
1	46864	0.585877	1
1	46874	0.586002	1
1	46884	0.586127	1
1	46894	0.586252	1
1	46904	0.586377	1
1	46914	0.586502	1
1	46924	0.586627	1
1	46934	0.586752	1
1	46944	0.586877	1
1	46954	0.587002	1
1	46964	0.587127	1
1	46974	0.587252	1
1	46984	0.587377	1
1	46994	0.587502	1
1	47004	0.587627	1
1	47014	0.587752	1
1	47024	0.587877	1
1	47034	0.588002	1
1	47044	0.588127	1
1	47054	0.588252	1
1	47064	0.588377	1
1	47074	0.588502	1
1	47084	0.588627	1
1	47094	0.588752	1
1	47104	0.588877	1
1	47114	0.589002	1
1	47124	0.589127	1
1	47134	0.589252	1
1	47144	0.589377	1
1	47154	0.589502	1
1	47164	0.589627	1
1	47174	0.589752	1
1	47184	0.589877	1
1	47194	0.590002	1
1	47204	0.590127	1
1	47214	0.590252	1
1	47224	0.590377	1
1	47234	0.590502	1
1	47244	0.590627	1
1	47254	0.590752	1
1	47264	0.590877	1
1	47274	0.591002	1
1	47284	0.591127	1
1	47294	0.591252	1
1	47304	0.591377	1
1	47314	0.591502	1
1	47324	0.591627	1
1	47334	0.591752	1
1	47344	0.591877	1
1	47354	0.592002	1
1	47364	0.592127	1
1	47374	0.592252	1
1	47384	0.592377	1
1	47394	0.592502	1
1	47404	0.592627	1
1	47414	0.592752	1
1	47424	0.592877	1
1	47434	0.593002	1
1	47444	0.593127	1
1	47454	0.593252	1
1	47464	0.593377	1
1	47474	0.593502	1
1	47484	0.593627	1
1	47494	0.593752	1
1	47504	0.593877	1
1	47514	0.594002	1
1	47524	0.594127	1
1	47534	0.594252	1
1	47544	0.594377	1
1	47554	0.594502	1
1	47564	0.594627	1
1	47574	0.594752	1
1	47584	0.594877	1
1	47594	0.595002	1
1	47604	0.595127	1
1	47614	0.595252	1
1	47624	0.595377	1
1	47634	0.595502	1
1	47644	0.595627	1
1	47654	0.595752	1
1	47664	0.595877	1
1	47674	0.596002	1
1	47684	0.596127	1
1	47694	0.596252	1
1	47704	0.596377	1
1	47714	0.596502	1
1	47724	0.596627	1
1	47734	0.596752	1
1	47744	0.596877	1
1	47754	0.597002	1
1	47764	0.597127	1
1	47774	0.597252	1
1	47784	0.597377	1
1	47794	0.597502	1
1	47804	0.597627	1
1	47814	0.597752	1
1	47824	0.597877	1
1	47834	0.598002	1
1	47844	0.598127	1
1	47854	0.598252	1
1	47864	0.598377	1
1	47874	0.598502	1
1	47884	0.598627	1
1	47894	0.598752	1
1	47904	0.598877	1
1	47914	0.599002	1
1	47924	0.599127	1
1	47934	0.599252	1
1	47944	0.599377	1
1	47954	0.599502	1
1	47964	0.599627	1
1	47974	0.599752	1
1	47984	0.599877	1
1	47994	0.600002	1
1	48004	0.600127	1
1	48014	0.600252	1
1	48024	0.600377	1
1	48034	0.600502	1
1	48044	0.600627	1
1	48054	0.600752	1
1	48064	0.600877	1
1	48074	0.601002	1
1	48084	0.601127	1
1	48094	0.601252	1
1	48104	0.601377	1
1	48114	0.601502	1
1	48124	0.601627	1
1	48134	0.601752	1
1	48144	0.601877	1
1	48154	0.602002	1
1	48164	0.602127	1
1	48174	0.602252	1
1	48184	0.602377	1
1	48194	0.602502	1
1	48204	0.602627	1
1	48214	0.602752	1
1	48224	0.602877	1
1	48234	0.603002	1
1	48244	0.603127	1
1	48254	0.603252	1
1	48264	0.603377	1
1	48274	0.603502	1
1	48284	0.603627	1
1	48294	0.603752	1
1	48304	0.603877	1
1	48314	0.604002	1
1	48324	0.604127	1
1	48334	0.604252	1
1	48344	0.604377	1
1	48354	0.604502	1
1	48364	0.604627	1
1	48374	0.604752	1
1	48384	0.604877	1
1	48394	0.605002	1
1	48404	0.605127	1
1	48414	0.605252	1
1	48424	0.605377	1
1	48434	0.605502	1
1	48444	0.605627	1
1	48454	0.605752	1
1	48464	0.605877	1
1	48474	0.606002	1
1	48484	0.606127	1
1	48494	0.606252	1
1	48504	0.606377	1
1	48514	0.606502	1
1	48524	0.606627	1
1	48534	0.606752	1
1	48544	0.606877	1
1	48554	0.607002	1
1	48564	0.607127	1
1	48574	0.607252	1
1	48584	0.607377	1
1	48594	0.607502	1
1	48604	0.607627	1
1	48614	0.607752	1
1	48624	0.607877	1
1	48634	0.608002	1
1	48644	0.608127	1
1	48654	0.608252	1
1	48664	0.608377	1
1	48674	0.608502	1
1	48684	0.608627	1
1	48694	0.608752	1
1	48704	0.608877	1
1	48714	0.609002	1
1	48724	0.609127	1
1	48734	0.609252	1
1	48744	0.609377	1
1	48754	0.609502	1
1	48764	0.609627	1
1	48774	0.609752	1
1	48784	0.609877	1
1	48794	0.610002	1
1	48804	0.610127	1
1	48814	0.610252	1
1	48824	0.610377	1
1	48834	0.610502	1
1	48844	0.610627	1
1	48854	0.610752	1
1	48864	0.610877	1
1	48874	0.611002	1
1	48884	0.611127	1
1	48894	0.611252	1
1	48904	0.611377	1
1	48914	0.611502	1
1	48924	0.611627	1
1	48934	0.611752	1
1	48944	0.611877	1
1	48954	0.612002	1
1	48964	0.612127	1
1	48974	0.612252	1
1	48984	0.612377	1
1	48994	0.612502	1
1	49004	0.612627	1
1	49014	0.612752	1
1	49024	0.612877	1
1	49034	0.613002	1
1	49044	0.613127	1
1	49054	0.613252	1
1	49064	0.613377	1
1	49074	0.613502	1
1	49084	0.613627	1
1	49094	0.613752	1
1	49104	0.613877	1
1	49114	0.614002	1
1	49124	0.614127	1
1	49134	0.614252	1
1	49144	0.614377	1
1	49154	0.614502	1
1	49164	0.614627	1
1	49174	0.614752	1
1	49184	0.614877	1
1	49194	0.615002	1
1	49204	0.615127	1
1	49214	0.615252	1
1	49224	0.615377	1
1	49234	0.615502	1
1	49244	0.615627	1
1	49254	0.615752	1
1	49264	0.615877	1
1	49274	0.616002	1
1	49284	0.616127	1
1	49294	0.616252	1
1	49304	0.616377	1
1	49314	0.616502	1
1	49324	0.616627	1
1	49334	0.616752	1
1	49344	0.616877	1
1	49354	0.617002	1
1	49364	0.617127	1
1	49374	0.617252	1
1	49384	0.617377	1
1	49394	0.617502	1
1	49404	0.617627	1
1	49414	0.617752	1
1	49424	0.617877	1
1	49434	0.618002	1
1	49444	0.618127	1
1	49454	0.618252	1
1	49464	0.618377	1
1	49474	0.618502	1
1	49484	0.618627	1
1	49494	0.618752	1
1	49504	0.618877	1
1	49514	0.619002	1
1	49524	0.619127	1
1	49534	0.619252	1
1	49544	0.619377	1
1	49554	0.619502	1
1	49564	0.619627	1
1	49574	0.619752	1
1	49584	0.619877	1
1	49594	0.620002	1
1	49604	0.620127	1
1	49614	0.620252	1
1	49624	0.620377	1
1	49634	0.620502	1
1	49644	0.620627	1
1	49654	0.620752	1
1	49664	0.620877	1
1	49674	0.621002	1
1	49684	0.621127	1
1	49694	0.621252	1
1	49704	0.621377	1
1	49714	0.621502	1
1	49724	0.621627	1
1	49734	0.621752	1
1	49744	0.621877	1
1	49754	0.622002	1
1	49764	0.622127	1
1	49774	0.622252	1
1	49784	0.622377	1
1	49794	0.622502	1
1	49804	0.622627	1
1	49814	0.622752	1
1	49824	0.622877	1
1	49834	0.623002	1
1	49844	0.623127	1
1	49854	0.623252	1
1	49864	0.623377	1
1	49874	0.623502	1
1	49884	0.623627	1
1	49894	0.623752	1
1	49904	0.623877	1
1	49914	0.624002	1
1	49924	0.624127	1
1	49934	0.624252	1
1	49944	0.624377	1
1	49954	0.624502	1
1	49964	0.624627	1
1	49974	0.624752	1
1	49984	0.624877	1
1	49994	0.625002	1
1	50004	0.625127	1
1	50014	0.625252	1
1	50024	0.625377	1
1	50034	0.625502	1
1	50044	0.625627	1
1	50054	0.625752	1
1	50064	0.625877	1
1	50074	0.626002	1
1	50084	0.626127	1
1	50094	0.626252	1
1	50104	0.626377	1
1	50114	0.626502	1
1	50124	0.626627	1
1	50134	0.626752	1
1	50144	0.626877	1
1	50154	0.627002	1
1	50164	0.627127	1
1	50174	0.627252	1
1	50184	0.627377	1
1	50194	0.627502	1
1	50204	0.627627	1
1	50214	0.627752	1
1	50224	0.627877	1
1	50234	0.628002	1
1	50244	0.628127	1
1	50254	0.628252	1
1	50264	0.628377	1
1	50274	0.628502	1
1	50284	0.628627	1
1	50294	0.628752	1
1	50304	0.628877	1
1	50314	0.629002	1
1	50324	0.629127	1
1	50334	0.629252	1
1	50344	0.629377	1
1	50354	0.629502	1
1	50364	0.629627	1
1	50374	0.629752	1
1	50384	0.629877	1
1	50394	0.630002	1
1	50404	0.630127	1
1	50414	0.630252	1
1	50424	0.630377	1
1	50434	0.630502	1
1	50444	0.630627	1
1	50454	0.630752	1
1	50464	0.630877	1
1	50474	0.631002	1
1	50484	0.631127	1
1	50494	0.631252	1
1	50504	0.631377	1
1	50514	0.631502	1
1	50524	0.631627	1
1	50534	0.631752	1
1	50544	0.631877	1
1	50554	0.632002	1
1	50564	0.632127	1
1	50574	0.632252	1
1	50584	0.632377	1
1	50594	0.632502	1
1	50604	0.632627	1
1	50614	0.632752	1
1	50624	0.632877	1
1	50634	0.633002	1
1	50644	0.633127	1
1	50654	0.633252	1
1	50664	0.633377	1
1	50674	0.633502	1
1	50684	0.633627	1
1	50694	0.633752	1
1	50704	0.633877	1
1	50714	0.634002	1
1	50724	0.634127	1
1	50734	0.634252	1
1	50744	0.634377	1
1	50754	0.634502	1
1	50764	0.634627	1
1	50774	0.634752	1
1	50784	0.634877	1
1	50794	0.635002	1
1	50804	0.635127	1
1	50814	0.635252	1
1	50824	0.635377	1
1	50834	0.635502	1
1	50844	0.635627	1
1	50854	0.635752	1
1	50864	0.635877	1
1	50874	0.636002	1
1	50884	0.636127	1
1	50894	0.636252	1
1	50904	0.636377	1
1	50914	0.636502	1
1	50924	0.636627	1
1	50934	0.636752	1
1	50944	0.636877	1
1	50954	0.637002	1
1	50964	0.637127	1
1	50974	0.637252	1
1	50984	0.637377	1
1	50994	0.637502	1
1	51004	0.637627	1
1	51014	0.637752	1
1	51024	0.637877	1
1	51034	0.638002	1
1	51044	0.638127	1
1	51054	0.638252	1
1	51064	0.638377	1
1	51074	0.638502	1
1	51084	0.638627	1
1	51094	0.638752	1
1	51104	0.638877	1
1	51114	0.639002	1
1	51124	0.639127	1
1	51134	0.639252	1
1	51144	0.639377	1
1	51154	0.639502	1
1	51164	0.639627	1
1	51174	0.639752	1
1	51184	0.639877	1
1	51194	0.640002	1
1	51204	0.640127	1
1	51214	0.640252	1
1	51224	0.640377	1
1	51234	0.640502	1
1	51244	0.640627	1
1	51254	0.640752	1
1	51264	0.640877	1
1	51274	0.641002	1
1	51284	0.641127	1
1	51294	0.641252	1
1	51304	0.641377	1
1	51314	0.641502	1
1	51324	0.641627	1
1	51334	0.641752	1
1	51344	0.641877	1
1	51354	0.642002	1
1	51364	0.642127	1
1	51374	0.642252	1
1	51384	0.642377	1
1	51394	0.642502	1
1	51404	0.642627	1
1	51414	0.642752	1
1	51424	0.642877	1
1	51434	0.643002	1
1	51444	0.643127	1
1	51454	0.643252	1
1	51464	0.643377	1
1	51474	0.643502	1
1	51484	0.643627	1
1	51494	0.643752	1
1	51504	0.643877	1
1	51514	0.644002	1
1	51524	0.644127	1
1	51534	0.644252	1
1	51544	0.644377	1
1	51554	0.644502	1
1	51564	0.644627	1
1	51574	0.644752	1
1	51584	0.644877	1
1	51594	0.645002	1
1	51604	0.645127	1
1	51614	0.645252	1
1	51624	0.645377	1
1	51634	0.645502	1
1	51644	0.645627	1
1	51654	0.645752	1
1	51664	0.645877	1
1	51674	0.646002	1
1	51684	0.646127	1
1	51694	0.646252	1
1	51704	0.646377	1
1	51714	0.646502	1
1	51724	0.646627	1
1	51734	0.646752	1
1	51744	0.646877	1
1	51754	0.647002	1
1	51764	0.647127	1
1	51774	0.647252	1
1	51784	0.647377	1
1	51794	0.647502	1
1	51804	0.647627	1
1	51814	0.647752	1
1	51824	0.647877	1
1	51834	0.648002	1
1	51844	0.648127	1
1	51854	0.648252	1
1	51864	0.648377	1
1	51874	0.648502	1
1	51884	0.648627	1
1	51894	0.648752	1
1	51904	0.648877	1
1	51914	0.649002	1
1	51924	0.649127	1
1	51934	0.649252	1
1	51944	0.649377	1
1	51954	0.649502	1
1	51964	0.649627	1
1	51974	0.649752	1
1	51984	0.649877	1
1	51994	0.650002	1
1	52004	0.650127	1
1	52014	0.650252	1
1	52024	0.650377	1
1	52034	0.650502	1
1	52044	0.650627	1
1	52054	0.650752	1
1	52064	0.650877	1
1	52074	0.651002	1
1	52084	0.651127	1
1	52094	0.651252	1
1	52104	0.651377	1
1	52114	0.651502	1
1	52124	0.651627	1
1	52134	0.651752	1
1	52144	0.651877	1
1	52154	0.652002	1
1	52164	0.652127	1
1	52174	0.652252	1
1	52184	0.652377	1
1	52194	0.652502	1
1	52204	0.652627	1
1	52214	0.652752	1
1	52224	0.652877	1
1	52234	0.653002	1
1	52244	0.653127	1
1	52254	0.653252	1
1	52264	0.653377	1
1	52274	0.653502	1
1	52284	0.653627	1
1	52294	0.653752	1
1	52304	0.653877	1
1	52314	0.654002	1
1	52324	0.654127	1
1	52334	0.654252	1
1	52344	0.654377	1
1	52354	0.654502	1
1	52364	0.654627	1
1	52374	0.654752	1
1	52384	0.654877	1
1	52394	0.655002	1
1	52404	0.655127	1
1	52414	0.655252	1
1	52424	0.655377	1
1	52434	0.655502	1
1	52444	0.655627	1
1	52454	0.655752	1
1	52464	0.655877	1
1	52474	0.656002	1
1	52484	0.656127	1
1	52494	0.656252	1
1	52504	0.656377	1
1	52514	0.656502	1
1	52524	0.656627	1
1	52534	0.656752	1
1	52544	0.656877	1
1	52554	0.657002	1
1	52564	0.657127	1
1	52574	0.657252	1
1	52584	0.657377	1
1	52594	0.657502	1
1	52604	0.657627	1
1	52614	0.657752	1
1	52624	0.657877	1
1	52634	0.658002	1
1	52644	0.658127	1
1	52654	0.658252	1
1	52664	0.658377	1
1	52674	0.658502	1
1	52684	0.658627	1
1	52694	0.658752	1
1	52704	0.658877	1
1	52714	0.659002	1
1	52724	0.659127	1
1	52734	0.659252	1
1	52744	0.659377	1
1	52754	0.659502	1
1	52764	0.659627	1
1	52774	0.659752	1
1	52784	0.659877	1
1	52794	0.660002	1
1	52804	0.660127	1
1	52814	0.660252	1
1	52824	0.660377	1
1	52834	0.660502	1
1	52844	0.660627	1
1	52854	0.660752	1
1	52864	0.660877	1
1	52874	0.661002	1
1	52884	0.661127	1
1	52894	0.661252	1
1	52904	0.661377	1
1	52914	0.661502	1
1	52924	0.661627	1
1	52934	0.661752	1
1	52944	0.661877	1
1	52954	0.662002	1
1	52964	0.662127	1
1	52974	0.662252	1
1	52984	0.662377	1
1	52994	0.662502	1
1	53004	0.662627	1
1	53014	0.662752	1
1	53024	0.662877	1
1	53034	0.663002	1
1	53044	0.663127	1
1	53054	0.663252	1
1	53064	0.663377	1
1	53074	0.663502	1
1	53084	0.663627	1
1	53094	0.663752	1
1	53104	0.663877	1
1	53114	0.664002	1
1	53124	0.664127	1
1	53134	0.664252	1
1	53144	0.664377	1
1	53154	0.664502	1
1	53164	0.664627	1
1	53174	0.664752	1
1	53184	0.664877	1
1	53194	0.665002	1
1	53204	0.665127	1
1	53214	0.665252	1
1	53224	0.665377	1
1	53234	0.665502	1
1	53244	0.665627	1
1	53254	0.665752	1
1	53264	0.665877	1
1	53274	0.666002	1
1	53284	0.666127	1
1	53294	0.666252	1
1	53304	0.666377	1
1	53314	0.666502	1
1	53324	0.666627	1
1	53334	0.666752	1
1	53344	0.666877	1
1	53354	0.667002	1
1	53364	0.667127	1
1	53374	0.667252	1
1	53384	0.667377	1
1	53394	0.667502	1
1	53404	0.667627	1
1	53414	0.667752	1
1	53424	0.667877	1
1	53434	0.668002	1
1	53444	0.668127	1
1	53454	0.668252	1
1	53464	0.668377	1
1	53474	0.668502	1
1	53484	0.668627	1
1	53494	0.668752	1
1	53504	0.668877	1
1	53514	0.669002	1
1	53524	0.669127	1
1	53534	0.669252	1
1	53544	0.669377	1
1	53554	0.669502	1
1	53564	0.669627	1
1	53574	0.669752	1
1	53584	0.669877	1
1	53594	0.670002	1
1	53604	0.670127	1
1	53614	0.670252	1
1	53624	0.670377	1
1	53634	0.670502	1
1	53644	0.670627	1
1	53654	0.670752	1
1	53664	0.670877	1
1	53674	0.671002	1
1	53684	0.671127	1
1	53694	0.671252	1
1	53704	0.671377	1
1	53714	0.671502	1
1	53724	0.671627	1
1	53734	0.671752	1
1	53744	0.671877	1
1	53754	0.672002	1
1	53764	0.672127	1
1	53774	0.672252	1
1	53784	0.672377	1
1	53794	0.672502	1
1	53804	0.672627	1
1	53814	0.672752	1
1	53824	0.672877	1
1	53834	0.673002	1
1	53844	0.673127	1
1	53854	0.673252	1
1	53864	0.673377	1
1	53874	0.673502	1
1	53884	0.673627	1
1	53894	0.673752	1
1	53904	0.673877	1
1	53914	0.674002	1
1	53924	0.674127	1
1	53934	0.674252	1
1	53944	0.674377	1
1	53954	0.674502	1
1	53964	0.674627	1
1	53974	0.674752	1
1	53984	0.674877	1
1	53994	0.675002	1
1	54004	0.675127	1
1	54014	0.675252	1
1	54024	0.675377	1
1	54034	0.675502	1
1	54044	0.675627	1
1	54054	0.675752	1
1	54064	0.675877	1
1	54074	0.676002	1
1	54084	0.676127	1
1	54094	0.676252	1
1	54104	0.676377	1
1	54114	0.676502	1
1	54124	0.676627	1
1	54134	0.676752	1
1	54144	0.676877	1
1	54154	0.677002	1
1	54164	0.677127	1
1	54174	0.677252	1
1	54184	0.677377	1
1	54194	0.677502	1
1	54204	0.677627	1
1	54214	0.677752	1
1	54224	0.677877	1
1	54234	0.678002	1
1	54244	0.678127	1
1	54254	0.678252	1
1	54264	0.678377	1
1	54274	0.678502	1
1	54284	0.678627	1
1	54294	0.678752	1
1	54304	0.678877	1
1	54314	0.679002	1
1	54324	0.679127	1
1	54334	0.679252	1
1	54344	0.679377	1
1	54354	0.679502	1
1	54364	0.679627	1
1	54374	0.679752	1
1	54384	0.679877	1
1	54394	0.680002	1
1	54404	0.680127	1
1	54414	0.680252	1
1	54424	0.680377	1
1	54434	0.680502	1
1	54444	0.680627	1
1	54454	0.680752	1
1	54464	0.680877	1
1	54474	0.681002	1
1	54484	0.681127	1
1	54494	0.681252	1
1	54504	0.681377	1
1	54514	0.681502	1
1	54524	0.681627	1
1	54534	0.681752	1
1	54544	0.681877	1
1	54554	0.682002	1
1	54564	0.682127	1
1	54574	0.682252	1
1	54584	0.682377	1
1	54594	0.682502	1
1	54604	0.682627	1
1	54614	0.682752	1
1	54624	0.682877	1
1	54634	0.683002	1
1	54644	0.683127	1
1	54654	0.683252	1
1	54664	0.683377	1
1	54674	0.683502	1
1	54684	0.683627	1
1	54694	0.683752	1
1	54704	0.683877	1
1	54714	0.684002	1
1	54724	0.684127	1
1	54734	0.684252	1
1	54744	0.684377	1
1	54754	0.684502	1
1	54764	0.684627	1
1	54774	0.684752	1
1	54784	0.684877	1
1	54794	0.685002	1
1	54804	0.685127	1
1	54814	0.685252	1
1	54824	0.685377	1
1	54834	0.685502	1
1	54844	0.685627	1
1	54854	0.685752	1
1	54864	0.685877	1
1	54874	0.686002	1
1	54884	0.686127	1
1	54894	0.686252	1
1	54904	0.686377	1
1	54914	0.686502	1
1	54924	0.686627	1
1	54934	0.686752	1
1	54944	0.686877	1
1	54954	0.687002	1
1	54964	0.687127	1
1	54974	0.687252	1
1	54984	0.687377	1
1	54994	0.687502	1
1	55004	0.687627	1
1	55014	0.687752	1
1	55024	0.687877	1
1	55034	0.688002	1
1	55044	0.688127	1
1	55054	0.688252	1
1	55064	0.688377	1
1	55074	0.688502	1
1	55084	0.688627	1
1	55094	0.688752	1
1	55104	0.688877	1
1	55114	0.689002	1
1	55124	0.689127	1
1	55134	0.689252	1
1	55144	0.689377	1
1	55154	0.689502	1
1	55164	0.689627	1
1	55174	0.689752	1
1	55184	0.689877	1
1	55194	0.690002	1
1	55204	0.690127	1
1	55214	0.690252	1
1	55224	0.690377	1
1	55234	0.690502	1
1	55244	0.690627	1
1	55254	0.690752	1
1	55264	0.690877	1
1	55274	0.691002	1
1	55284	0.691127	1
1	55294	0.691252	1
1	55304	0.691377	1
1	55314	0.691502	1
1	55324	0.691627	1
1	55334	0.691752	1
1	55344	0.691877	1
1	55354	0.692002	1
1	55364	0.692127	1
1	55374	0.692252	1
1	55384	0.692377	1
1	55394	0.692502	1
1	55404	0.692627	1
1	55414	0.692752	1
1	55424	0.692877	1
1	55434	0.693002	1
1	55444	0.693127	1
1	55454	0.693252	1
1	55464	0.693377	1
1	55474	0.693502	1
1	55484	0.693627	1
1	55494	0.693752	1
1	55504	0.693877	1
1	55514	0.694002	1
1	55524	0.694127	1
1	55534	0.694252	1
1	55544	0.694377	1
1	55554	0.694502	1
1	55564	0.694627	1
1	55574	0.694752	1
1	55584	0.694877	1
1	55594	0.695002	1
1	55604	0.695127	1
1	55614	0.695252	1
1	55624	0.695377	1
1	55634	0.695502	1
1	55644	0.695627	1
1	55654	0.695752	1
1	55664	0.695877	1
1	55674	0.696002	1
1	55684	0.696127	1
1	55694	0.696252	1
1	55704	0.696377	1
1	55714	0.696502	1
1	55724	0.696627	1
1	55734	0.696752	1
1	55744	0.696877	1
1	55754	0.697002	1
1	55764	0.697127	1
1	55774	0.697252	1
1	55784	0.697377	1
1	55794	0.697502	1
1	55804	0.697627	1
1	55814	0.697752	1
1	55824	0.697877	1
1	55834	0.698002	1
1	55844	0.698127	1
1	55854	0.698252	1
1	55864	0.698377	1
1	55874	0.698502	1
1	55884	0.698627	1
1	55894	0.698752	1
1	55904	0.698877	1
1	55914	0.699002	1
1	55924	0.699127	1
1	55934	0.699252	1
1	55944	0.699377	1
1	55954	0.699502	1
1	55964	0.699627	1
1	55974	0.699752	1
1	55984	0.699877	1
1	55994	0.700002	1
1	56004	0.700127	1
1	56014	0.700252	1
1	56024	0.700377	1
1	56034	0.700502	1
1	56044	0.700627	1
1	56054	0.700752	1
1	56064	0.700877	1
1	56074	0.701002	1
1	56084	0.701127	1
1	56094	0.701252	1
1	56104	0.701377	1
1	56114	0.701502	1
1	56124	0.701627	1
1	56134	0.701752	1
1	56144	0.701877	1
1	56154	0.702002	1
1	56164	0.702127	1
1	56174	0.702252	1
1	56184	0.702377	1
1	56194	0.702502	1
1	56204	0.702627	1
1	56214	0.702752	1
1	56224	0.702877	1
1	56234	0.703002	1
1	56244	0.703127	1
1	56254	0.703252	1
1	56264	0.703377	1
1	56274	0.703502	1
1	56284	0.703627	1
1	56294	0.703752	1
1	56304	0.703877	1
1	56314	0.704002	1
1	56324	0.704127	1
1	56334	0.704252	1
1	56344	0.704377	1
1	56354	0.704502	1
1	56364	0.704627	1
1	56374	0.704752	1
1	56384	0.704877	1
1	56394	0.705002	1
1	56404	0.705127	1
1	56414	0.705252	1
1	56424	0.705377	1
1	56434	0.705502	1
1	56444	0.705627	1
1	56454	0.705752	1
1	56464	0.705877	1
1	56474	0.706002	1
1	56484	0.706127	1
1	56494	0.706252	1
1	56504	0.706377	1
1	56514	0.706502	1
1	56524	0.706627	1
1	56534	0.706752	1
1	56544	0.706877	1
1	56554	0.707002	1
1	56564	0.707127	1
1	56574	0.707252	1
1	56584	0.707377	1
1	56594	0.707502	1
1	56604	0.707627	1
1	56614	0.707752	1
1	56624	0.707877	1
1	56634	0.708002	1
1	56644	0.708127	1
1	56654	0.708252	1
1	56664	0.708377	1
1	56674	0.708502	1
1	56684	0.708627	1
1	56694	0.708752	1
1	56704	0.708877	1
1	56714	0.709002	1
1	56724	0.709127	1
1	56734	0.709252	1
1	56744	0.709377	1
1	56754	0.709502	1
1	56764	0.709627	1
1	56774	0.709752	1
1	56784	0.709877	1
1	56794	0.710002	1
1	56804	0.710127	1
1	56814	0.710252	1
1	56824	0.710377	1
1	56834	0.710502	1
1	56844	0.710627	1
1	56854	0.710752	1
1	56864	0.710877	1
1	56874	0.711002	1
1	56884	0.711127	1
1	56894	0.711252	1
1	56904	0.711377	1
1	56914	0.711502	1
1	56924	0.711627	1
1	56934	0.711752	1
1	56944	0.711877	1
1	56954	0.712002	1
1	56964	0.712127	1
1	56974	0.712252	1
1	56984	0.712377	1
1	56994	0.712502	1
1	57004	0.712627	1
1	57014	0.712752	1
1	57024	0.712877	1
1	57034	0.713002	1
1	57044	0.713127	1
1	57054	0.713252	1
1	57064	0.713377	1
1	57074	0.713502	1
1	57084	0.713627	1
1	57094	0.713752	1
1	57104	0.713877	1
1	57114	0.714002	1
1	57124	0.714127	1
1	57134	0.714252	1
1	57144	0.714377	1
1	57154	0.714502	1
1	57164	0.714627	1
1	57174	0.714752	1
1	57184	0.714877	1
1	57194	0.715002	1
1	57204	0.715127	1
1	57214	0.715252	1
1	57224	0.715377	1
1	57234	0.715502	1
1	57244	0.715627	1
1	57254	0.715752	1
1	57264	0.715877	1
1	57274	0.716002	1
1	57284	0.716127	1
1	57294	0.716252	1
1	57304	0.716377	1
1	57314	0.716502	1
1	57324	0.716627	1
1	57334	0.716752	1
1	57344	0.716877	1
1	57354	0.717002	1
1	57364	0.717127	1
1	57374	0.717252	1
1	57384	0.717377	1
1	57394	0.717502	1
1	57404	0.717627	1
1	57414	0.717752	1
1	57424	0.717877	1
1	57434	0.718002	1
1	57444	0.718127	1
1	57454	0.718252	1
1	57464	0.718377	1
1	57474	0.718502	1
1	57484	0.718627	1
1	57494	0.718752	1
1	57504	0.718877	1
1	57514	0.719002	1
1	57524	0.719127	1
1	57534	0.719252	1
1	57544	0.719377	1
1	57554	0.719502	1
1	57564	0.719627	1
1	57574	0.719752	1
1	57584	0.719877	1
1	57594	0.720002	1
1	57604	0.720127	1
1	57614	0.720252	1
1	57624	0.720377	1
1	57634	0.720502	1
1	57644	0.720627	1
1	57654	0.720752	1
1	57664	0.720877	1
1	57674	0.721002	1
1	57684	0.721127	1
1	57694	0.721252	1
1	57704	0.721377	1
1	57714	0.721502	1
1	57724	0.721627	1
1	57734	0.721752	1
1	57744	0.721877	1
1	57754	0.722002	1
1	57764	0.722127	1
1	57774	0.722252	1
1	57784	0.722377	1
1	57794	0.722502	1
1	57804	0.722627	1
1	57814	0.722752	1
1	57824	0.722877	1
1	57834	0.723002	1
1	57844	0.723127	1
1	57854	0.723252	1
1	57864	0.723377	1
1	57874	0.723502	1
1	57884	0.723627	1
1	57894	0.723752	1
1	57904	0.723877	1
1	57914	0.724002	1
1	57924	0.724127	1
1	57934	0.724252	1
1	57944	0.724377	1
1	57954	0.724502	1
1	57964	0.724627	1
1	57974	0.724752	1
1	57984	0.724877	1
1	57994	0.725002	1
1	58004	0.725127	1
1	58014	0.725252	1
1	58024	0.725377	1
1	58034	0.725502	1
1	58044	0.725627	1
1	58054	0.725752	1
1	58064	0.725877	1
1	58074	0.726002	1
1	58084	0.726127	1
1	58094	0.726252	1
1	58104	0.726377	1
1	58114	0.726502	1
1	58124	0.726627	1
1	58134	0.726752	1
1	58144	0.726877	1
1	58154	0.727002	1
1	58164	0.727127	1
1	58174	0.727252	1
1	58184	0.727377	1
1	58194	0.727502	1
1	58204	0.727627	1
1	58214	0.727752	1
1	58224	0.727877	1
1	58234	0.728002	1
1	58244	0.728127	1
1	58254	0.728252	1
1	58264	0.728377	1
1	58274	0.728502	1
1	58284	0.728627	1
1	58294	0.728752	1
1	58304	0.728877	1
1	58314	0.729002	1
1	58324	0.729127	1
1	58334	0.729252	1
1	58344	0.729377	1
1	58354	0.729502	1
1	58364	0.729627	1
1	58374	0.729752	1
1	58384	0.729877	1
1	58394	0.730002	1
1	58404	0.730127	1
1	58414	0.730252	1
1	58424	0.730377	1
1	58434	0.730502	1
1	58444	0.730627	1
1	58454	0.730752	1
1	58464	0.730877	1
1	58474	0.731002	1
1	58484	0.731127	1
1	58494	0.731252	1
1	58504	0.731377	1
1	58514	0.731502	1
1	58524	0.731627	1
1	58534	0.731752	1
1	58544	0.731877	1
1	58554	0.732002	1
1	58564	0.732127	1
1	58574	0.732252	1
1	58584	0.732377	1
1	58594	0.732502	1
1	58604	0.732627	1
1	58614	0.732752	1
1	58624	0.732877	1
1	58634	0.733002	1
1	58644	0.733127	1
1	58654	0.733252	1
1	58664	0.733377	1
1	58674	0.733502	1
1	58684	0.733627	1
1	58694	0.733752	1
1	58704	0.733877	1
1	58714	0.734002	1
1	58724	0.734127	1
1	58734	0.734252	1
1	58744	0.734377	1
1	58754	0.734502	1
1	58764	0.734627	1
1	58774	0.734752	1
1	58784	0.734877	1
1	58794	0.735002	1
1	58804	0.735127	1
1	58814	0.735252	1
1	58824	0.735377	1
1	58834	0.735502	1
1	58844	0.735627	1
1	58854	0.735752	1
1	58864	0.735877	1
1	58874	0.736002	1
1	58884	0.736127	1
1	58894	0.736252	1
1	58904	0.736377	1
1	58914	0.736502	1
1	58924	0.736627	1
1	58934	0.736752	1
1	58944	0.736877	1
1	58954	0.737002	1
1	58964	0.737127	1
1	58974	0.737252	1
1	58984	0.737377	1
1	58994	0.737502	1
1	59004	0.737627	1
1	59014	0.737752	1
1	59024	0.737877	1
1	59034	0.738002	1
1	59044	0.738127	1
1	59054	0.738252	1
1	59064	0.738377	1
1	59074	0.738502	1
1	59084	0.738627	1
1	59094	0.738752	1
1	59104	0.738877	1
1	59114	0.739002	1
1	59124	0.739127	1
1	59134	0.739252	1
1	59144	0.739377	1
1	59154	0.739502	1
1	59164	0.739627	1
1	59174	0.739752	1
1	59184	0.739877	1
1	59194	0.740002	1
1	59204	0.740127	1
1	59214	0.740252	1
1	59224	0.740377	1
1	59234	0.740502	1
1	59244	0.740627	1
1	59254	0.740752	1
1	59264	0.740877	1
1	59274	0.741002	1
1	59284	0.741127	1
1	59294	0.741252	1
1	59304	0.741377	1
1	59314	0.741502	1
1	59324	0.741627	1
1	59334	0.741752	1
1	59344	0.741877	1
1	59354	0.742002	1
1	59364	0.742127	1
1	59374	0.742252	1
1	59384	0.742377	1
1	59394	0.742502	1
1	59404	0.742627	1
1	59414	0.742752	1
1	59424	0.742877	1
1	59434	0.743002	1
1	59444	0.743127	1
1	59454	0.743252	1
1	59464	0.743377	1
1	59474	0.743502	1
1	59484	0.743627	1
1	59494	0.743752	1
1	59504	0.743877	1
1	59514	0.744002	1
1	59524	0.744127	1
1	59534	0.744252	1
1	59544	0.744377	1
1	59554	0.744502	1
1	59564	0.744627	1
1	59574	0.744752	1
1	59584	0.744877	1
1	59594	0.745002	1
1	59604	0.745127	1
1	59614	0.745252	1
1	59624	0.745377	1
1	59634	0.745502	1
1	59644	0.745627	1
1	59654	0.745752	1
1	59664	0.745877	1
1	59674	0.746002	1
1	59684	0.746127	1
1	59694	0.746252	1
1	59704	0.746377	1
1	59714	0.746502	1
1	59724	0.746627	1
1	59734	0.746752	1
1	59744	0.746877	1
1	59754	0.747002	1
1	59764	0.747127	1
1	59774	0.747252	1
1	59784	0.747377	1
1	59794	0.747502	1
1	59804	0.747627	1
1	59814	0.747752	1
1	59824	0.747877	1
1	59834	0.748002	1
1	59844	0.748127	1
1	59854	0.748252	1
1	59864	0.748377	1
1	59874	0.748502	1
1	59884	0.748627	1
1	59894	0.748752	1
1	59904	0.748877	1
1	59914	0.749002	1
1	59924	0.749127	1
1	59934	0.749252	1
1	59944	0.749377	1
1	59954	0.749502	1
1	59964	0.749627	1
1	59974	0.749752	1
1	59984	0.749877	1
1	59994	0.750002	1
1	60004	0.750127	1
1	60014	0.750252	1
1	60024	0.750377	1
1	60034	0.750502	1
1	60044	0.750627	1
1	60054	0.750752	1
1	60064	0.750877	1
1	60074	0.751002	1
1	60084	0.751127	1
1	60094	0.751252	1
1	60104	0.751377	1
1	60114	0.751502	1
1	60124	0.751627	1
1	60134	0.751752	1
1	60144	0.751877	1
1	60154	0.752002	1
1	60164	0.752127	1
1	60174	0.752252	1
1	60184	0.752377	1
1	60194	0.752502	1
1	60204	0.752627	1
1	60214	0.752752	1
1	60224	0.752877	1
1	60234	0.753002	1
1	60244	0.753127	1
1	60254	0.753252	1
1	60264	0.753377	1
1	60274	0.753502	1
1	60284	0.753627	1
1	60294	0.753752	1
1	60304	0.753877	1
1	60314	0.754002	1
1	60324	0.754127	1
1	60334	0.754252	1
1	60344	0.754377	1
1	60354	0.754502	1
1	60364	0.754627	1
1	60374	0.754752	1
1	60384	0.754877	1
1	60394	0.755002	1
1	60404	0.755127	1
1	60414	0.755252	1
1	60424	0.755377	1
1	60434	0.755502	1
1	60444	0.755627	1
1	60454	0.755752	1
1	60464	0.755877	1
1	60474	0.756002	1
1	60484	0.756127	1
1	60494	0.756252	1
1	60504	0.756377	1
1	60514	0.756502	1
1	60524	0.756627	1
1	60534	0.756752	1
1	60544	0.756877	1
1	60554	0.757002	1
1	60564	0.757127	1
1	60574	0.757252	1
1	60584	0.757377	1
1	60594	0.757502	1
1	60604	0.757627	1
1	60614	0.757752	1
1	60624	0.757877	1
1	60634	0.758002	1
1	60644	0.758127	1
1	60654	0.758252	1
1	60664	0.758377	1
1	60674	0.758502	1
1	60684	0.758627	1
1	60694	0.758752	1
1	60704	0.758877	1
1	60714	0.759002	1
1	60724	0.759127	1
1	60734	0.759252	1
1	60744	0.759377	1
1	60754	0.759502	1
1	60764	0.759627	1
1	60774	0.759752	1
1	60784	0.759877	1
1	60794	0.760002	1
1	60804	0.760127	1
1	60814	0.760252	1
1	60824	0.760377	1
1	60834	0.760502	1
1	60844	0.760627	1
1	60854	0.760752	1
1	60864	0.760877	1
1	60874	0.761002	1
1	60884	0.761127	1
1	60894	0.761252	1
1	60904	0.761377	1
1	60914	0.761502	1
1	60924	0.761627	1
1	60934	0.761752	1
1	60944	0.761877	1
1	60954	0.762002	1
1	60964	0.762127	1
1	60974	0.762252	1
1	60984	0.762377	1
1	60994	0.762502	1
1	61004	0.762627	1
1	61014	0.762752	1
1	61024	0.762877	1
1	61034	0.763002	1
1	61044	0.763127	1
1	61054	0.763252	1
1	61064	0.763377	1
1	61074	0.763502	1
1	61084	0.763627	1
1	61094	0.763752	1
1	61104	0.763877	1
1	61114	0.764002	1
1	61124	0.764127	1
1	61134	0.764252	1
1	61144	0.764377	1
1	61154	0.764502	1
1	61164	0.764627	1
1	61174	0.764752	1
1	61184	0.764877	1
1	61194	0.765002	1
1	61204	0.765127	1
1	61214	0.765252	1
1	61224	0.765377	1
1	61234	0.765502	1
1	61244	0.765627	1
1	61254	0.765752	1
1	61264	0.765877	1
1	61274	0.766002	1
1	61284	0.766127	1
1	61294	0.766252	1
1	61304	0.766377	1
1	61314	0.766502	1
1	61324	0.766627	1
1	61334	0.766752	1
1	61344	0.766877	1
1	61354	0.767002	1
1	61364	0.767127	1
1	61374	0.767252	1
1	61384	0.767377	1
1	61394	0.767502	1
1	61404	0.767627	1
1	61414	0.767752	1
1	61424	0.767877	1
1	61434	0.768002	1
1	61444	0.768127	1
1	61454	0.768252	1
1	61464	0.768377	1
1	61474	0.768502	1
1	61484	0.768627	1
1	61494	0.768752	1
1	61504	0.768877	1
1	61514	0.769002	1
1	61524	0.769127	1
1	61534	0.769252	1
1	61544	0.769377	1
1	61554	0.769502	1
1	61564	0.769627	1
1	61574	0.769752	1
1	61584	0.769877	1
1	61594	0.770002	1
1	61604	0.770127	1
1	61614	0.770252	1
1	61624	0.770377	1
1	61634	0.770502	1
1	61644	0.770627	1
1	61654	0.770752	1
1	61664	0.770877	1
1	61674	0.771002	1
1	61684	0.771127	1
1	61694	0.771252	1
1	61704	0.771377	1
1	61714	0.771502	1
1	61724	0.771627	1
1	61734	0.771752	1
1	61744	0.771877	1
1	61754	0.772002	1
1	61764	0.772127	1
1	61774	0.772252	1
1	61784	0.772377	1
1	61794	0.772502	1
1	61804	0.772627	1
1	61814	0.772752	1
1	61824	0.772877	1
1	61834	0.773002	1
1	61844	0.773127	1
1	61854	0.773252	1
1	61864	0.773377	1
1	61874	0.773502	1
1	61884	0.773627	1
1	61894	0.773752	1
1	61904	0.773877	1
1	61914	0.774002	1
1	61924	0.774127	1
1	61934	0.774252	1
1	61944	0.774377	1
1	61954	0.774502	1
1	61964	0.774627	1
1	61974	0.774752	1
1	61984	0.774877	1
1	61994	0.775002	1
1	62004	0.775127	1
1	62014	0.775252	1
1	62024	0.775377	1
1	62034	0.775502	1
1	62044	0.775627	1
1	62054	0.775752	1
1	62064	0.775877	1
1	62074	0.776002	1
1	62084	0.776127	1
1	62094	0.776252	1
1	62104	0.776377	1
1	62114	0.776502	1
1	62124	0.776627	1
1	62134	0.776752	1
1	62144	0.776877	1
1	62154	0.777002	1
1	62164	0.777127	1
1	62174	0.777252	1
1	62184	0.777377	1
1	62194	0.777502	1
1	62204	0.777627	1
1	62214	0.777752	1
1	62224	0.777877	1
1	62234	0.778002	1
1	62244	0.778127	1
1	62254	0.778252	1
1	62264	0.778377	1
1	62274	0.778502	1
1	62284	0.778627	1
1	62294	0.778752	1
1	62304	0.778877	1
1	62314	0.779002	1
1	62324	0.779127	1
1	62334	0.779252	1
1	62344	0.779377	1
1	62354	0.779502	1
1	62364	0.779627	1
1	62374	0.779752	1
1	62384	0.779877	1
1	62394	0.780002	1
1	62404	0.780127	1
1	62414	0.780252	1
1	62424	0.780377	1
1	62434	0.780502	1
1	62444	0.780627	1
1	62454	0.780752	1
1	62464	0.780877	1
1	62474	0.781002	1
1	62484	0.781127	1
1	62494	0.781252	1
1	62504	0.781377	1
1	62514	0.781502	1
1	62524	0.781627	1
1	62534	0.781752	1
1	62544	0.781877	1
1	62554	0.782002	1
1	62564	0.782127	1
1	62574	0.782252	1
1	62584	0.782377	1
1	62594	0.782502	1
1	62604	0.782627	1
1	62614	0.782752	1
1	62624	0.782877	1
1	62634	0.783002	1
1	62644	0.783127	1
1	62654	0.783252	1
1	62664	0.783377	1
1	62674	0.783502	1
1	62684	0.783627	1
1	62694	0.783752	1
1	62704	0.783877	1
1	62714	0.784002	1
1	62724	0.784127	1
1	62734	0.784252	1
1	62744	0.784377	1
1	62754	0.784502	1
1	62764	0.784627	1
1	62774	0.784752	1
1	62784	0.784877	1
1	62794	0.785002	1
1	62804	0.785127	1
1	62814	0.785252	1
1	62824	0.785377	1
1	62834	0.785502	1
1	62844	0.785627	1
1	62854	0.785752	1
1	62864	0.785877	1
1	62874	0.786002	1
1	62884	0.786127	1
1	62894	0.786252	1
1	62904	0.786377	1
1	62914	0.786502	1
1	62924	0.786627	1
1	62934	0.786752	1
1	62944	0.786877	1
1	62954	0.787002	1
1	62964	0.787127	1
1	62974	0.787252	1
1	62984	0.787377	1
1	62994	0.787502	1
1	63004	0.787627	1
1	63014	0.787752	1
1	63024	0.787877	1
1	63034	0.788002	1
1	63044	0.788127	1
1	63054	0.788252	1
1	63064	0.788377	1
1	63074	0.788502	1
1	63084	0.788627	1
1	63094	0.788752	1
1	63104	0.788877	1
1	63114	0.789002	1
1	63124	0.789127	1
1	63134	0.789252	1
1	63144	0.789377	1
1	63154	0.789502	1
1	63164	0.789627	1
1	63174	0.789752	1
1	63184	0.789877	1
1	63194	0.790002	1
1	63204	0.790127	1
1	63214	0.790252	1
1	63224	0.790377	1
1	63234	0.790502	1
1	63244	0.790627	1
1	63254	0.790752	1
1	63264	0.790877	1
1	63274	0.791002	1
1	63284	0.791127	1
1	63294	0.791252	1
1	63304	0.791377	1
1	63314	0.791502	1
1	63324	0.791627	1
1	63334	0.791752	1
1	63344	0.791877	1
1	63354	0.792002	1
1	63364	0.792127	1
1	63374	0.792252	1
1	63384	0.792377	1
1	63394	0.792502	1
1	63404	0.792627	1
1	63414	0.792752	1
1	63424	0.792877	1
1	63434	0.793002	1
1	63444	0.793127	1
1	63454	0.793252	1
1	63464	0.793377	1
1	63474	0.793502	1
1	63484	0.793627	1
1	63494	0.793752	1
1	63504	0.793877	1
1	63514	0.794002	1
1	63524	0.794127	1
1	63534	0.794252	1
1	63544	0.794377	1
1	63554	0.794502	1
1	63564	0.794627	1
1	63574	0.794752	1
1	63584	0.794877	1
1	63594	0.795002	1
1	63604	0.795127	1
1	63614	0.795252	1
1	63624	0.795377	1
1	63634	0.795502	1
1	63644	0.795627	1
1	63654	0.795752	1
1	63664	0.795877	1
1	63674	0.796002	1
1	63684	0.796127	1
1	63694	0.796252	1
1	63704	0.796377	1
1	63714	0.796502	1
1	63724	0.796627	1
1	63734	0.796752	1
1	63744	0.796877	1
1	63754	0.797002	1
1	63764	0.797127	1
1	63774	0.797252	1
1	63784	0.797377	1
1	63794	0.797502	1
1	63804	0.797627	1
1	63814	0.797752	1
1	63824	0.797877	1
1	63834	0.798002	1
1	63844	0.798127	1
1	63854	0.798252	1
1	63864	0.798377	1
1	63874	0.798502	1
1	63884	0.798627	1
1	63894	0.798752	1
1	63904	0.798877	1
1	63914	0.799002	1
1	63924	0.799127	1
1	63934	0.799252	1
1	63944	0.799377	1
1	63954	0.799502	1
1	63964	0.799627	1
1	63974	0.799752	1
1	63984	0.799877	1
1	63994	0.800002	1
1	64004	0.800127	1
1	64014	0.800252	1
1	64024	0.800377	1
1	64034	0.800502	1
1	64044	0.800627	1
1	64054	0.800752	1
1	64064	0.800877	1
1	64074	0.801002	1
1	64084	0.801127	1
1	64094	0.801252	1
1	64104	0.801377	1
1	64114	0.801502	1
1	64124	0.801627	1
1	64134	0.801752	1
1	64144	0.801877	1
1	64154	0.802002	1
1	64164	0.802127	1
1	64174	0.802252	1
1	64184	0.802377	1
1	64194	0.802502	1
1	64204	0.802627	1
1	64214	0.802752	1
1	64224	0.802877	1
1	64234	0.803002	1
1	64244	0.803127	1
1	64254	0.803252	1
1	64264	0.803377	1
1	64274	0.803502	1
1	64284	0.803627	1
1	64294	0.803752	1
1	64304	0.803877	1
1	64314	0.804002	1
1	64324	0.804127	1
1	64334	0.804252	1
1	64344	0.804377	1
1	64354	0.804502	1
1	64364	0.804627	1
1	64374	0.804752	1
1	64384	0.804877	1
1	64394	0.805002	1
1	64404	0.805127	1
1	64414	0.805252	1
1	64424	0.805377	1
1	64434	0.805502	1
1	64444	0.805627	1
1	64454	0.805752	1
1	64464	0.805877	1
1	64474	0.806002	1
1	64484	0.806127	1
1	64494	0.806252	1
1	64504	0.806377	1
1	64514	0.806502	1
1	64524	0.806627	1
1	64534	0.806752	1
1	64544	0.806877	1
1	64554	0.807002	1
1	64564	0.807127	1
1	64574	0.807252	1
1	64584	0.807377	1
1	64594	0.807502	1
1	64604	0.807627	1
1	64614	0.807752	1
1	64624	0.807877	1
1	64634	0.808002	1
1	64644	0.808127	1
1	64654	0.808252	1
1	64664	0.808377	1
1	64674	0.808502	1
1	64684	0.808627	1
1	64694	0.808752	1
1	64704	0.808877	1
1	64714	0.809002	1
1	64724	0.809127	1
1	64734	0.809252	1
1	64744	0.809377	1
1	64754	0.809502	1
1	64764	0.809627	1
1	64774	0.809752	1
1	64784	0.809877	1
1	64794	0.810002	1
1	64804	0.810127	1
1	64814	0.810252	1
1	64824	0.810377	1
1	64834	0.810502	1
1	64844	0.810627	1
1	64854	0.810752	1
1	64864	0.810877	1
1	64874	0.811002	1
1	64884	0.811127	1
1	64894	0.811252	1
1	64904	0.811377	1
1	64914	0.811502	1
1	64924	0.811627	1
1	64934	0.811752	1
1	64944	0.811877	1
1	64954	0.812002	1
1	64964	0.812127	1
1	64974	0.812252	1
1	64984	0.812377	1
1	64994	0.812502	1
1	65004	0.812627	1
1	65014	0.812752	1
1	65024	0.812877	1
1	65034	0.813002	1
1	65044	0.813127	1
1	65054	0.813252	1
1	65064	0.813377	1
1	65074	0.813502	1
1	65084	0.813627	1
1	65094	0.813752	1
1	65104	0.813877	1
1	65114	0.814002	1
1	65124	0.814127	1
1	65134	0.814252	1
1	65144	0.814377	1
1	65154	0.814502	1
1	65164	0.814627	1
1	65174	0.814752	1
1	65184	0.814877	1
1	65194	0.815002	1
1	65204	0.815127	1
1	65214	0.815252	1
1	65224	0.815377	1
1	65234	0.815502	1
1	65244	0.815627	1
1	65254	0.815752	1
1	65264	0.815877	1
1	65274	0.816002	1
1	65284	0.816127	1
1	65294	0.816252	1
1	65304	0.816377	1
1	65314	0.816502	1
1	65324	0.816627	1
1	65334	0.816752	1
1	65344	0.816877	1
1	65354	0.817002	1
1	65364	0.817127	1
1	65374	0.817252	1
1	65384	0.817377	1
1	65394	0.817502	1
1	65404	0.817627	1
1	65414	0.817752	1
1	65424	0.817877	1
1	65434	0.818002	1
1	65444	0.818127	1
1	65454	0.818252	1
1	65464	0.818377	1
1	65474	0.818502	1
1	65484	0.818627	1
1	65494	0.818752	1
1	65504	0.818877	1
1	65514	0.819002	1
1	65524	0.819127	1
1	65534	0.819252	1
1	65544	0.819377	1
1	65554	0.819502	1
1	65564	0.819627	1
1	65574	0.819752	1
1	65584	0.819877	1
1	65594	0.820002	1
1	65604	0.820127	1
1	65614	0.820252	1
1	65624	0.820377	1
1	65634	0.820502	1
1	65644	0.820627	1
1	65654	0.820752	1
1	65664	0.820877	1
1	65674	0.821002	1
1	65684	0.821127	1
1	65694	0.821252	1
1	65704	0.821377	1
1	65714	0.821502	1
1	65724	0.821627	1
1	65734	0.821752	1
1	65744	0.821877	1
1	65754	0.822002	1
1	65764	0.822127	1
1	65774	0.822252	1
1	65784	0.822377	1
1	65794	0.822502	1
1	65804	0.822627	1
1	65814	0.822752	1
1	65824	0.822877	1
1	65834	0.823002	1
1	65844	0.823127	1
1	65854	0.823252	1
1	65864	0.823377	1
1	65874	0.823502	1
1	65884	0.823627	1
1	65894	0.823752	1
1	65904	0.823877	1
1	65914	0.824002	1
1	65924	0.824127	1
1	65934	0.824252	1
1	65944	0.824377	1
1	65954	0.824502	1
1	65964	0.824627	1
1	65974	0.824752	1
1	65984	0.824877	1
1	65994	0.825002	1
1	66004	0.825127	1
1	66014	0.825252	1
1	66024	0.825377	1
1	66034	0.825502	1
1	66044	0.825627	1
1	66054	0.825752	1
1	66064	0.825877	1
1	66074	0.826002	1
1	66084	0.826127	1
1	66094	0.826252	1
1	66104	0.826377	1
1	66114	0.826502	1
1	66124	0.826627	1
1	66134	0.826752	1
1	66144	0.826877	1
1	66154	0.827002	1
1	66164	0.827127	1
1	66174	0.827252	1
1	66184	0.827377	1
1	66194	0.827502	1
1	66204	0.827627	1
1	66214	0.827752	1
1	66224	0.827877	1
1	66234	0.828002	1
1	66244	0.828127	1
1	66254	0.828252	1
1	66264	0.828377	1
1	66274	0.828502	1
1	66284	0.828627	1
1	66294	0.828752	1
1	66304	0.828877	1
1	66314	0.829002	1
1	66324	0.829127	1
1	66334	0.829252	1
1	66344	0.829377	1
1	66354	0.829502	1
1	66364	0.829627	1
1	66374	0.829752	1
1	66384	0.829877	1
1	66394	0.830002	1
1	66404	0.830127	1
1	66414	0.830252	1
1	66424	0.830377	1
1	66434	0.830502	1
1	66444	0.830627	1
1	66454	0.830752	1
1	66464	0.830877	1
1	66474	0.831002	1
1	66484	0.831127	1
1	66494	0.831252	1
1	66504	0.831377	1
1	66514	0.831502	1
1	66524	0.831627	1
1	66534	0.831752	1
1	66544	0.831877	1
1	66554	0.832002	1
1	66564	0.832127	1
1	66574	0.832252	1
1	66584	0.832377	1
1	66594	0.832502	1
1	66604	0.832627	1
1	66614	0.832752	1
1	66624	0.832877	1
1	66634	0.833002	1
1	66644	0.833127	1
1	66654	0.833252	1
1	66664	0.833377	1
1	66674	0.833502	1
1	66684	0.833627	1
1	66694	0.833752	1
1	66704	0.833877	1
1	66714	0.834002	1
1	66724	0.834127	1
1	66734	0.834252	1
1	66744	0.834377	1
1	66754	0.834502	1
1	66764	0.834627	1
1	66774	0.834752	1
1	66784	0.834877	1
1	66794	0.835002	1
1	66804	0.835127	1
1	66814	0.835252	1
1	66824	0.835377	1
1	66834	0.835502	1
1	66844	0.835627	1
1	66854	0.835752	1
1	66864	0.835877	1
1	66874	0.836002	1
1	66884	0.836127	1
1	66894	0.836252	1
1	66904	0.836377	1
1	66914	0.836502	1
1	66924	0.836627	1
1	66934	0.836752	1
1	66944	0.836877	1
1	66954	0.837002	1
1	66964	0.837127	1
1	66974	0.837252	1
1	66984	0.837377	1
1	66994	0.837502	1
1	67004	0.837627	1
1	67014	0.837752	1
1	67024	0.837877	1
1	67034	0.838002	1
1	67044	0.838127	1
1	67054	0.838252	1
1	67064	0.838377	1
1	67074	0.838502	1
1	67084	0.838627	1
1	67094	0.838752	1
1	67104	0.838877	1
1	67114	0.839002	1
1	67124	0.839127	1
1	67134	0.839252	1
1	67144	0.839377	1
1	67154	0.839502	1
1	67164	0.839627	1
1	67174	0.839752	1
1	67184	0.839877	1
1	67194	0.840002	1
1	67204	0.840127	1
1	67214	0.840252	1
1	67224	0.840377	1
1	67234	0.840502	1
1	67244	0.840627	1
1	67254	0.840752	1
1	67264	0.840877	1
1	67274	0.841002	1
1	67284	0.841127	1
1	67294	0.841252	1
1	67304	0.841377	1
1	67314	0.841502	1
1	67324	0.841627	1
1	67334	0.841752	1
1	67344	0.841877	1
1	67354	0.842002	1
1	67364	0.842127	1
1	67374	0.842252	1
1	67384	0.842377	1
1	67394	0.842502	1
1	67404	0.842627	1
1	67414	0.842752	1
1	67424	0.842877	1
1	67434	0.843002	1
1	67444	0.843127	1
1	67454	0.843252	1
1	67464	0.843377	1
1	67474	0.843502	1
1	67484	0.843627	1
1	67494	0.843752	1
1	67504	0.843877	1
1	67514	0.844002	1
1	67524	0.844127	1
1	67534	0.844252	1
1	67544	0.844377	1
1	67554	0.844502	1
1	67564	0.844627	1
1	67574	0.844752	1
1	67584	0.844877	1
1	67594	0.845002	1
1	67604	0.845127	1
1	67614	0.845252	1
1	67624	0.845377	1
1	67634	0.845502	1
1	67644	0.845627	1
1	67654	0.845752	1
1	67664	0.845877	1
1	67674	0.846002	1
1	67684	0.846127	1
1	67694	0.846252	1
1	67704	0.846377	1
1	67714	0.846502	1
1	67724	0.846627	1
1	67734	0.846752	1
1	67744	0.846877	1
1	67754	0.847002	1
1	67764	0.847127	1
1	67774	0.847252	1
1	67784	0.847377	1
1	67794	0.847502	1
1	67804	0.847627	1
1	67814	0.847752	1
1	67824	0.847877	1
1	67834	0.848002	1
1	67844	0.848127	1
1	67854	0.848252	1
1	67864	0.848377	1
1	67874	0.848502	1
1	67884	0.848627	1
1	67894	0.848752	1
1	67904	0.848877	1
1	67914	0.849002	1
1	67924	0.849127	1
1	67934	0.849252	1
1	67944	0.849377	1
1	67954	0.849502	1
1	67964	0.849627	1
1	67974	0.849752	1
1	67984	0.849877	1
1	67994	0.850002	1
1	68004	0.850127	1
1	68014	0.850252	1
1	68024	0.850377	1
1	68034	0.850502	1
1	68044	0.850627	1
1	68054	0.850752	1
1	68064	0.850877	1
1	68074	0.851002	1
1	68084	0.851127	1
1	68094	0.851252	1
1	68104	0.851377	1
1	68114	0.851502	1
1	68124	0.851627	1
1	68134	0.851752	1
1	68144	0.851877	1
1	68154	0.852002	1
1	68164	0.852127	1
1	68174	0.852252	1
1	68184	0.852377	1
1	68194	0.852502	1
1	68204	0.852627	1
1	68214	0.852752	1
1	68224	0.852877	1
1	68234	0.853002	1
1	68244	0.853127	1
1	68254	0.853252	1
1	68264	0.853377	1
1	68274	0.853502	1
1	68284	0.853627	1
1	68294	0.853752	1
1	68304	0.853877	1
1	68314	0.854002	1
1	68324	0.854127	1
1	68334	0.854252	1
1	68344	0.854377	1
1	68354	0.854502	1
1	68364	0.854627	1
1	68374	0.854752	1
1	68384	0.854877	1
1	68394	0.855002	1
1	68404	0.855127	1
1	68414	0.855252	1
1	68424	0.855377	1
1	68434	0.855502	1
1	68444	0.855627	1
1	68454	0.855752	1
1	68464	0.855877	1
1	68474	0.856002	1
1	68484	0.856127	1
1	68494	0.856252	1
1	68504	0.856377	1
1	68514	0.856502	1
1	68524	0.856627	1
1	68534	0.856752	1
1	68544	0.856877	1
1	68554	0.857002	1
1	68564	0.857127	1
1	68574	0.857252	1
1	68584	0.857377	1
1	68594	0.857502	1
1	68604	0.857627	1
1	68614	0.857752	1
1	68624	0.857877	1
1	68634	0.858002	1
1	68644	0.858127	1
1	68654	0.858252	1
1	68664	0.858377	1
1	68674	0.858502	1
1	68684	0.858627	1
1	68694	0.858752	1
1	68704	0.858877	1
1	68714	0.859002	1
1	68724	0.859127	1
1	68734	0.859252	1
1	68744	0.859377	1
1	68754	0.859502	1
1	68764	0.859627	1
1	68774	0.859752	1
1	68784	0.859877	1
1	68794	0.860002	1
1	68804	0.860127	1
1	68814	0.860252	1
1	68824	0.860377	1
1	68834	0.860502	1
1	68844	0.860627	1
1	68854	0.860752	1
1	68864	0.860877	1
1	68874	0.861002	1
1	68884	0.861127	1
1	68894	0.861252	1
1	68904	0.861377	1
1	68914	0.861502	1
1	68924	0.861627	1
1	68934	0.861752	1
1	68944	0.861877	1
1	68954	0.862002	1
1	68964	0.862127	1
1	68974	0.862252	1
1	68984	0.862377	1
1	68994	0.862502	1
1	69004	0.862627	1
1	69014	0.862752	1
1	69024	0.862877	1
1	69034	0.863002	1
1	69044	0.863127	1
1	69054	0.863252	1
1	69064	0.863377	1
1	69074	0.863502	1
1	69084	0.863627	1
1	69094	0.863752	1
1	69104	0.863877	1
1	69114	0.864002	1
1	69124	0.864127	1
1	69134	0.864252	1
1	69144	0.864377	1
1	69154	0.864502	1
1	69164	0.864627	1
1	69174	0.864752	1
1	69184	0.864877	1
1	69194	0.865002	1
1	69204	0.865127	1
1	69214	0.865252	1
1	69224	0.865377	1
1	69234	0.865502	1
1	69244	0.865627	1
1	69254	0.865752	1
1	69264	0.865877	1
1	69274	0.866002	1
1	69284	0.866127	1
1	69294	0.866252	1
1	69304	0.866377	1
1	69314	0.866502	1
1	69324	0.866627	1
1	69334	0.866752	1
1	69344	0.866877	1
1	69354	0.867002	1
1	69364	0.867127	1
1	69374	0.867252	1
1	69384	0.867377	1
1	69394	0.867502	1
1	69404	0.867627	1
1	69414	0.867752	1
1	69424	0.867877	1
1	69434	0.868002	1
1	69444	0.868127	1
1	69454	0.868252	1
1	69464	0.868377	1
1	69474	0.868502	1
1	69484	0.868627	1
1	69494	0.868752	1
1	69504	0.868877	1
1	69514	0.869002	1
1	69524	0.869127	1
1	69534	0.869252	1
1	69544	0.869377	1
1	69554	0.869502	1
1	69564	0.869627	1
1	69574	0.869752	1
1	69584	0.869877	1
1	69594	0.870002	1
1	69604	0.870127	1
1	69614	0.870252	1
1	69624	0.870377	1
1	69634	0.870502	1
1	69644	0.870627	1
1	69654	0.870752	1
1	69664	0.870877	1
1	69674	0.871002	1
1	69684	0.871127	1
1	69694	0.871252	1
1	69704	0.871377	1
1	69714	0.871502	1
1	69724	0.871627	1
1	69734	0.871752	1
1	69744	0.871877	1
1	69754	0.872002	1
1	69764	0.872127	1
1	69774	0.872252	1
1	69784	0.872377	1
1	69794	0.872502	1
1	69804	0.872627	1
1	69814	0.872752	1
1	69824	0.872877	1
1	69834	0.873002	1
1	69844	0.873127	1
1	69854	0.873252	1
1	69864	0.873377	1
1	69874	0.873502	1
1	69884	0.873627	1
1	69894	0.873752	1
1	69904	0.873877	1
1	69914	0.874002	1
1	69924	0.874127	1
1	69934	0.874252	1
1	69944	0.874377	1
1	69954	0.874502	1
1	69964	0.874627	1
1	69974	0.874752	1
1	69984	0.874877	1
1	69994	0.875002	1
1	70004	0.875127	1
1	70014	0.875252	1
1	70024	0.875377	1
1	70034	0.875502	1
1	70044	0.875627	1
1	70054	0.875752	1
1	70064	0.875877	1
1	70074	0.876002	1
1	70084	0.876127	1
1	70094	0.876252	1
1	70104	0.876377	1
1	70114	0.876502	1
1	70124	0.876627	1
1	70134	0.876752	1
1	70144	0.876877	1
1	70154	0.877002	1
1	70164	0.877127	1
1	70174	0.877252	1
1	70184	0.877377	1
1	70194	0.877502	1
1	70204	0.877627	1
1	70214	0.877752	1
1	70224	0.877877	1
1	70234	0.878002	1
1	70244	0.878127	1
1	70254	0.878252	1
1	70264	0.878377	1
1	70274	0.878502	1
1	70284	0.878627	1
1	70294	0.878752	1
1	70304	0.878877	1
1	70314	0.879002	1
1	70324	0.879127	1
1	70334	0.879252	1
1	70344	0.879377	1
1	70354	0.879502	1
1	70364	0.879627	1
1	70374	0.879752	1
1	70384	0.879877	1
1	70394	0.880002	1
1	70404	0.880127	1
1	70414	0.880252	1
1	70424	0.880377	1
1	70434	0.880502	1
1	70444	0.880627	1
1	70454	0.880752	1
1	70464	0.880877	1
1	70474	0.881002	1
1	70484	0.881127	1
1	70494	0.881252	1
1	70504	0.881377	1
1	70514	0.881502	1
1	70524	0.881627	1
1	70534	0.881752	1
1	70544	0.881877	1
1	70554	0.882002	1
1	70564	0.882127	1
1	70574	0.882252	1
1	70584	0.882377	1
1	70594	0.882502	1
1	70604	0.882627	1
1	70614	0.882752	1
1	70624	0.882877	1
1	70634	0.883002	1
1	70644	0.883127	1
1	70654	0.883252	1
1	70664	0.883377	1
1	70674	0.883502	1
1	70684	0.883627	1
1	70694	0.883752	1
1	70704	0.883877	1
1	70714	0.884002	1
1	70724	0.884127	1
1	70734	0.884252	1
1	70744	0.884377	1
1	70754	0.884502	1
1	70764	0.884627	1
1	70774	0.884752	1
1	70784	0.884877	1
1	70794	0.885002	1
1	70804	0.885127	1
1	70814	0.885252	1
1	70824	0.885377	1
1	70834	0.885502	1
1	70844	0.885627	1
1	70854	0.885752	1
1	70864	0.885877	1
1	70874	0.886002	1
1	70884	0.886127	1
1	70894	0.886252	1
1	70904	0.886377	1
1	70914	0.886502	1
1	70924	0.886627	1
1	70934	0.886752	1
1	70944	0.886877	1
1	70954	0.887002	1
1	70964	0.887127	1
1	70974	0.887252	1
1	70984	0.887377	1
1	70994	0.887502	1
1	71004	0.887627	1
1	71014	0.887752	1
1	71024	0.887877	1
1	71034	0.888002	1
1	71044	0.888127	1
1	71054	0.888252	1
1	71064	0.888377	1
1	71074	0.888502	1
1	71084	0.888627	1
1	71094	0.888752	1
1	71104	0.888877	1
1	71114	0.889002	1
1	71124	0.889127	1
1	71134	0.889252	1
1	71144	0.889377	1
1	71154	0.889502	1
1	71164	0.889627	1
1	71174	0.889752	1
1	71184	0.889877	1
1	71194	0.890002	1
1	71204	0.890127	1
1	71214	0.890252	1
1	71224	0.890377	1
1	71234	0.890502	1
1	71244	0.890627	1
1	71254	0.890752	1
1	71264	0.890877	1
1	71274	0.891002	1
1	71284	0.891127	1
1	71294	0.891252	1
1	71304	0.891377	1
1	71314	0.891502	1
1	71324	0.891627	1
1	71334	0.891752	1
1	71344	0.891877	1
1	71354	0.892002	1
1	71364	0.892127	1
1	71374	0.892252	1
1	71384	0.892377	1
1	71394	0.892502	1
1	71404	0.892627	1
1	71414	0.892752	1
1	71424	0.892877	1
1	71434	0.893002	1
1	71444	0.893127	1
1	71454	0.893252	1
1	71464	0.893377	1
1	71474	0.893502	1
1	71484	0.893627	1
1	71494	0.893752	1
1	71504	0.893877	1
1	71514	0.894002	1
1	71524	0.894127	1
1	71534	0.894252	1
1	71544	0.894377	1
1	71554	0.894502	1
1	71564	0.894627	1
1	71574	0.894752	1
1	71584	0.894877	1
1	71594	0.895002	1
1	71604	0.895127	1
1	71614	0.895252	1
1	71624	0.895377	1
1	71634	0.895502	1
1	71644	0.895627	1
1	71654	0.895752	1
1	71664	0.895877	1
1	71674	0.896002	1
1	71684	0.896127	1
1	71694	0.896252	1
1	71704	0.896377	1
1	71714	0.896502	1
1	71724	0.896627	1
1	71734	0.896752	1
1	71744	0.896877	1
1	71754	0.897002	1
1	71764	0.897127	1
1	71774	0.897252	1
1	71784	0.897377	1
1	71794	0.897502	1
1	71804	0.897627	1
1	71814	0.897752	1
1	71824	0.897877	1
1	71834	0.898002	1
1	71844	0.898127	1
1	71854	0.898252	1
1	71864	0.898377	1
1	71874	0.898502	1
1	71884	0.898627	1
1	71894	0.898752	1
1	71904	0.898877	1
1	71914	0.899002	1
1	71924	0.899127	1
1	71934	0.899252	1
1	71944	0.899377	1
1	71954	0.899502	1
1	71964	0.899627	1
1	71974	0.899752	1
1	71984	0.899877	1
1	71994	0.900002	1
1	72004	0.900127	1
1	72014	0.900252	1
1	72024	0.900377	1
1	72034	0.900502	1
1	72044	0.900627	1
1	72054	0.900752	1
1	72064	0.900877	1
1	72074	0.901002	1
1	72084	0.901127	1
1	72094	0.901252	1
1	72104	0.901377	1
1	72114	0.901502	1
1	72124	0.901627	1
1	72134	0.901752	1
1	72144	0.901877	1
1	72154	0.902002	1
1	72164	0.902127	1
1	72174	0.902252	1
1	72184	0.902377	1
1	72194	0.902502	1
1	72204	0.902627	1
1	72214	0.902752	1
1	72224	0.902877	1
1	72234	0.903002	1
1	72244	0.903127	1
1	72254	0.903252	1
1	72264	0.903377	1
1	72274	0.903502	1
1	72284	0.903627	1
1	72294	0.903752	1
1	72304	0.903877	1
1	72314	0.904002	1
1	72324	0.904127	1
1	72334	0.904252	1
1	72344	0.904377	1
1	72354	0.904502	1
1	72364	0.904627	1
1	72374	0.904752	1
1	72384	0.904877	1
1	72394	0.905002	1
1	72404	0.905127	1
1	72414	0.905252	1
1	72424	0.905377	1
1	72434	0.905502	1
1	72444	0.905627	1
1	72454	0.905752	1
1	72464	0.905877	1
1	72474	0.906002	1
1	72484	0.906127	1
1	72494	0.906252	1
1	72504	0.906377	1
1	72514	0.906502	1
1	72524	0.906627	1
1	72534	0.906752	1
1	72544	0.906877	1
1	72554	0.907002	1
1	72564	0.907127	1
1	72574	0.907252	1
1	72584	0.907377	1
1	72594	0.907502	1
1	72604	0.907627	1
1	72614	0.907752	1
1	72624	0.907877	1
1	72634	0.908002	1
1	72644	0.908127	1
1	72654	0.908252	1
1	72664	0.908377	1
1	72674	0.908502	1
1	72684	0.908627	1
1	72694	0.908752	1
1	72704	0.908877	1
1	72714	0.909002	1
1	72724	0.909127	1
1	72734	0.909252	1
1	72744	0.909377	1
1	72754	0.909502	1
1	72764	0.909627	1
1	72774	0.909752	1
1	72784	0.909877	1
1	72794	0.910002	1
1	72804	0.910127	1
1	72814	0.910252	1
1	72824	0.910377	1
1	72834	0.910502	1
1	72844	0.910627	1
1	72854	0.910752	1
1	72864	0.910877	1
1	72874	0.911002	1
1	72884	0.911127	1
1	72894	0.911252	1
1	72904	0.911377	1
1	72914	0.911502	1
1	72924	0.911627	1
1	72934	0.911752	1
1	72944	0.911877	1
1	72954	0.912002	1
1	72964	0.912127	1
1	72974	0.912252	1
1	72984	0.912377	1
1	72994	0.912502	1
1	73004	0.912627	1
1	73014	0.912752	1
1	73024	0.912877	1
1	73034	0.913002	1
1	73044	0.913127	1
1	73054	0.913252	1
1	73064	0.913377	1
1	73074	0.913502	1
1	73084	0.913627	1
1	73094	0.913752	1
1	73104	0.913877	1
1	73114	0.914002	1
1	73124	0.914127	1
1	73134	0.914252	1
1	73144	0.914377	1
1	73154	0.914502	1
1	73164	0.914627	1
1	73174	0.914752	1
1	73184	0.914877	1
1	73194	0.915002	1
1	73204	0.915127	1
1	73214	0.915252	1
1	73224	0.915377	1
1	73234	0.915502	1
1	73244	0.915627	1
1	73254	0.915752	1
1	73264	0.915877	1
1	73274	0.916002	1
1	73284	0.916127	1
1	73294	0.916252	1
1	73304	0.916377	1
1	73314	0.916502	1
1	73324	0.916627	1
1	73334	0.916752	1
1	73344	0.916877	1
1	73354	0.917002	1
1	73364	0.917127	1
1	73374	0.917252	1
1	73384	0.917377	1
1	73394	0.917502	1
1	73404	0.917627	1
1	73414	0.917752	1
1	73424	0.917877	1
1	73434	0.918002	1
1	73444	0.918127	1
1	73454	0.918252	1
1	73464	0.918377	1
1	73474	0.918502	1
1	73484	0.918627	1
1	73494	0.918752	1
1	73504	0.918877	1
1	73514	0.919002	1
1	73524	0.919127	1
1	73534	0.919252	1
1	73544	0.919377	1
1	73554	0.919502	1
1	73564	0.919627	1
1	73574	0.919752	1
1	73584	0.919877	1
1	73594	0.920002	1
1	73604	0.920127	1
1	73614	0.920252	1
1	73624	0.920377	1
1	73634	0.920502	1
1	73644	0.920627	1
1	73654	0.920752	1
1	73664	0.920877	1
1	73674	0.921002	1
1	73684	0.921127	1
1	73694	0.921252	1
1	73704	0.921377	1
1	73714	0.921502	1
1	73724	0.921627	1
1	73734	0.921752	1
1	73744	0.921877	1
1	73754	0.922002	1
1	73764	0.922127	1
1	73774	0.922252	1
1	73784	0.922377	1
1	73794	0.922502	1
1	73804	0.922627	1
1	73814	0.922752	1
1	73824	0.922877	1
1	73834	0.923002	1
1	73844	0.923127	1
1	73854	0.923252	1
1	73864	0.923377	1
1	73874	0.923502	1
1	73884	0.923627	1
1	73894	0.923752	1
1	73904	0.923877	1
1	73914	0.924002	1
1	73924	0.924127	1
1	73934	0.924252	1
1	73944	0.924377	1
1	73954	0.924502	1
1	73964	0.924627	1
1	73974	0.924752	1
1	73984	0.924877	1
1	73994	0.925002	1
1	74004	0.925127	1
1	74014	0.925252	1
1	74024	0.925377	1
1	74034	0.925502	1
1	74044	0.925627	1
1	74054	0.925752	1
1	74064	0.925877	1
1	74074	0.926002	1
1	74084	0.926127	1
1	74094	0.926252	1
1	74104	0.926377	1
1	74114	0.926502	1
1	74124	0.926627	1
1	74134	0.926752	1
1	74144	0.926877	1
1	74154	0.927002	1
1	74164	0.927127	1
1	74174	0.927252	1
1	74184	0.927377	1
1	74194	0.927502	1
1	74204	0.927627	1
1	74214	0.927752	1
1	74224	0.927877	1
1	74234	0.928002	1
1	74244	0.928127	1
1	74254	0.928252	1
1	74264	0.928377	1
1	74274	0.928502	1
1	74284	0.928627	1
1	74294	0.928752	1
1	74304	0.928877	1
1	74314	0.929002	1
1	74324	0.929127	1
1	74334	0.929252	1
1	74344	0.929377	1
1	74354	0.929502	1
1	74364	0.929627	1
1	74374	0.929752	1
1	74384	0.929877	1
1	74394	0.930002	1
1	74404	0.930127	1
1	74414	0.930252	1
1	74424	0.930377	1
1	74434	0.930502	1
1	74444	0.930627	1
1	74454	0.930752	1
1	74464	0.930877	1
1	74474	0.931002	1
1	74484	0.931127	1
1	74494	0.931252	1
1	74504	0.931377	1
1	74514	0.931502	1
1	74524	0.931627	1
1	74534	0.931752	1
1	74544	0.931877	1
1	74554	0.932002	1
1	74564	0.932127	1
1	74574	0.932252	1
1	74584	0.932377	1
1	74594	0.932502	1
1	74604	0.932627	1
1	74614	0.932752	1
1	74624	0.932877	1
1	74634	0.933002	1
1	74644	0.933127	1
1	74654	0.933252	1
1	74664	0.933377	1
1	74674	0.933502	1
1	74684	0.933627	1
1	74694	0.933752	1
1	74704	0.933877	1
1	74714	0.934002	1
1	74724	0.934127	1
1	74734	0.934252	1
1	74744	0.934377	1
1	74754	0.934502	1
1	74764	0.934627	1
1	74774	0.934752	1
1	74784	0.934877	1
1	74794	0.935002	1
1	74804	0.935127	1
1	74814	0.935252	1
1	74824	0.935377	1
1	74834	0.935502	1
1	74844	0.935627	1
1	74854	0.935752	1
1	74864	0.935877	1
1	74874	0.936002	1
1	74884	0.936127	1
1	74894	0.936252	1
1	74904	0.936377	1
1	74914	0.936502	1
1	74924	0.936627	1
1	74934	0.936752	1
1	74944	0.936877	1
1	74954	0.937002	1
1	74964	0.937127	1
1	74974	0.937252	1
1	74984	0.937377	1
1	74994	0.937502	1
1	75004	0.937627	1
1	75014	0.937752	1
1	75024	0.937877	1
1	75034	0.938002	1
1	75044	0.938127	1
1	75054	0.938252	1
1	75064	0.938377	1
1	75074	0.938502	1
1	75084	0.938627	1
1	75094	0.938752	1
1	75104	0.938877	1
1	75114	0.939002	1
1	75124	0.939127	1
1	75134	0.939252	1
1	75144	0.939377	1
1	75154	0.939502	1
1	75164	0.939627	1
1	75174	0.939752	1
1	75184	0.939877	1
1	75194	0.940002	1
1	75204	0.940127	1
1	75214	0.940252	1
1	75224	0.940377	1
1	75234	0.940502	1
1	75244	0.940627	1
1	75254	0.940752	1
1	75264	0.940877	1
1	75274	0.941002	1
1	75284	0.941127	1
1	75294	0.941252	1
1	75304	0.941377	1
1	75314	0.941502	1
1	75324	0.941627	1
1	75334	0.941752	1
1	75344	0.941877	1
1	75354	0.942002	1
1	75364	0.942127	1
1	75374	0.942252	1
1	75384	0.942377	1
1	75394	0.942502	1
1	75404	0.942627	1
1	75414	0.942752	1
1	75424	0.942877	1
1	75434	0.943002	1
1	75444	0.943127	1
1	75454	0.943252	1
1	75464	0.943377	1
1	75474	0.943502	1
1	75484	0.943627	1
1	75494	0.943752	1
1	75504	0.943877	1
1	75514	0.944002	1
1	75524	0.944127	1
1	75534	0.944252	1
1	75544	0.944377	1
1	75554	0.944502	1
1	75564	0.944627	1
1	75574	0.944752	1
1	75584	0.944877	1
1	75594	0.945002	1
1	75604	0.945127	1
1	75614	0.945252	1
1	75624	0.945377	1
1	75634	0.945502	1
1	75644	0.945627	1
1	75654	0.945752	1
1	75664	0.945877	1
1	75674	0.946002	1
1	75684	0.946127	1
1	75694	0.946252	1
1	75704	0.946377	1
1	75714	0.946502	1
1	75724	0.946627	1
1	75734	0.946752	1
1	75744	0.946877	1
1	75754	0.947002	1
1	75764	0.947127	1
1	75774	0.947252	1
1	75784	0.947377	1
1	75794	0.947502	1
1	75804	0.947627	1
1	75814	0.947752	1
1	75824	0.947877	1
1	75834	0.948002	1
1	75844	0.948127	1
1	75854	0.948252	1
1	75864	0.948377	1
1	75874	0.948502	1
1	75884	0.948627	1
1	75894	0.948752	1
1	75904	0.948877	1
1	75914	0.949002	1
1	75924	0.949127	1
1	75934	0.949252	1
1	75944	0.949377	1
1	75954	0.949502	1
1	75964	0.949627	1
1	75974	0.949752	1
1	75984	0.949877	1
1	75994	0.950002	1
1	76004	0.950127	1
1	76014	0.950252	1
1	76024	0.950377	1
1	76034	0.950502	1
1	76044	0.950627	1
1	76054	0.950752	1
1	76064	0.950877	1
1	76074	0.951002	1
1	76084	0.951127	1
1	76094	0.951252	1
1	76104	0.951377	1
1	76114	0.951502	1
1	76124	0.951627	1
1	76134	0.951752	1
1	76144	0.951877	1
1	76154	0.952002	1
1	76164	0.952127	1
1	76174	0.952252	1
1	76184	0.952377	1
1	76194	0.952502	1
1	76204	0.952627	1
1	76214	0.952752	1
1	76224	0.952877	1
1	76234	0.953002	1
1	76244	0.953127	1
1	76254	0.953252	1
1	76264	0.953377	1
1	76274	0.953502	1
1	76284	0.953627	1
1	76294	0.953752	1
1	76304	0.953877	1
1	76314	0.954002	1
1	76324	0.954127	1
1	76334	0.954252	1
1	76344	0.954377	1
1	76354	0.954502	1
1	76364	0.954627	1
1	76374	0.954752	1
1	76384	0.954877	1
1	76394	0.955002	1
1	76404	0.955127	1
1	76414	0.955252	1
1	76424	0.955377	1
1	76434	0.955502	1
1	76444	0.955627	1
1	76454	0.955752	1
1	76464	0.955877	1
1	76474	0.956002	1
1	76484	0.956127	1
1	76494	0.956252	1
1	76504	0.956377	1
1	76514	0.956502	1
1	76524	0.956627	1
1	76534	0.956752	1
1	76544	0.956877	1
1	76554	0.957002	1
1	76564	0.957127	1
1	76574	0.957252	1
1	76584	0.957377	1
1	76594	0.957502	1
1	76604	0.957627	1
1	76614	0.957752	1
1	76624	0.957877	1
1	76634	0.958002	1
1	76644	0.958127	1
1	76654	0.958252	1
1	76664	0.958377	1
1	76674	0.958502	1
1	76684	0.958627	1
1	76694	0.958752	1
1	76704	0.958877	1
1	76714	0.959002	1
1	76724	0.959127	1
1	76734	0.959252	1
1	76744	0.959377	1
1	76754	0.959502	1
1	76764	0.959627	1
1	76774	0.959752	1
1	76784	0.959877	1
1	76794	0.960002	1
1	76804	0.960127	1
1	76814	0.960252	1
1	76824	0.960377	1
1	76834	0.960502	1
1	76844	0.960627	1
1	76854	0.960752	1
1	76864	0.960877	1
1	76874	0.961002	1
1	76884	0.961127	1
1	76894	0.961252	1
1	76904	0.961377	1
1	76914	0.961502	1
1	76924	0.961627	1
1	76934	0.961752	1
1	76944	0.961877	1
1	76954	0.962002	1
1	76964	0.962127	1
1	76974	0.962252	1
1	76984	0.962377	1
1	76994	0.962502	1
1	77004	0.962627	1
1	77014	0.962752	1
1	77024	0.962877	1
1	77034	0.963002	1
1	77044	0.963127	1
1	77054	0.963252	1
1	77064	0.963377	1
1	77074	0.963502	1
1	77084	0.963627	1
1	77094	0.963752	1
1	77104	0.963877	1
1	77114	0.964002	1
1	77124	0.964127	1
1	77134	0.964252	1
1	77144	0.964377	1
1	77154	0.964502	1
1	77164	0.964627	1
1	77174	0.964752	1
1	77184	0.964877	1
1	77194	0.965002	1
1	77204	0.965127	1
1	77214	0.965252	1
1	77224	0.965377	1
1	77234	0.965502	1
1	77244	0.965627	1
1	77254	0.965752	1
1	77264	0.965877	1
1	77274	0.966002	1
1	77284	0.966127	1
1	77294	0.966252	1
1	77304	0.966377	1
1	77314	0.966502	1
1	77324	0.966627	1
1	77334	0.966752	1
1	77344	0.966877	1
1	77354	0.967002	1
1	77364	0.967127	1
1	77374	0.967252	1
1	77384	0.967377	1
1	77394	0.967502	1
1	77404	0.967627	1
1	77414	0.967752	1
1	77424	0.967877	1
1	77434	0.968002	1
1	77444	0.968127	1
1	77454	0.968252	1
1	77464	0.968377	1
1	77474	0.968502	1
1	77484	0.968627	1
1	77494	0.968752	1
1	77504	0.968877	1
1	77514	0.969002	1
1	77524	0.969127	1
1	77534	0.969252	1
1	77544	0.969377	1
1	77554	0.969502	1
1	77564	0.969627	1
1	77574	0.969752	1
1	77584	0.969877	1
1	77594	0.970002	1
1	77604	0.970127	1
1	77614	0.970252	1
1	77624	0.970377	1
1	77634	0.970502	1
1	77644	0.970627	1
1	77654	0.970752	1
1	77664	0.970877	1
1	77674	0.971002	1
1	77684	0.971127	1
1	77694	0.971252	1
1	77704	0.971377	1
1	77714	0.971502	1
1	77724	0.971627	1
1	77734	0.971752	1
1	77744	0.971877	1
1	77754	0.972002	1
1	77764	0.972127	1
1	77774	0.972252	1
1	77784	0.972377	1
1	77794	0.972502	1
1	77804	0.972627	1
1	77814	0.972752	1
1	77824	0.972877	1
1	77834	0.973002	1
1	77844	0.973127	1
1	77854	0.973252	1
1	77864	0.973377	1
1	77874	0.973502	1
1	77884	0.973627	1
1	77894	0.973752	1
1	77904	0.973877	1
1	77914	0.974002	1
1	77924	0.974127	1
1	77934	0.974252	1
1	77944	0.974377	1
1	77954	0.974502	1
1	77964	0.974627	1
1	77974	0.974752	1
1	77984	0.974877	1
1	77994	0.975002	1
1	78004	0.975127	1
1	78014	0.975252	1
1	78024	0.975377	1
1	78034	0.975502	1
1	78044	0.975627	1
1	78054	0.975752	1
1	78064	0.975877	1
1	78074	0.976002	1
1	78084	0.976127	1
1	78094	0.976252	1
1	78104	0.976377	1
1	78114	0.976502	1
1	78124	0.976627	1
1	78134	0.976752	1
1	78144	0.976877	1
1	78154	0.977002	1
1	78164	0.977127	1
1	78174	0.977252	1
1	78184	0.977377	1
1	78194	0.977502	1
1	78204	0.977627	1
1	78214	0.977752	1
1	78224	0.977877	1
1	78234	0.978002	1
1	78244	0.978127	1
1	78254	0.978252	1
1	78264	0.978377	1
1	78274	0.978502	1
1	78284	0.978627	1
1	78294	0.978752	1
1	78304	0.978877	1
1	78314	0.979002	1
1	78324	0.979127	1
1	78334	0.979252	1
1	78344	0.979377	1
1	78354	0.979502	1
1	78364	0.979627	1
1	78374	0.979752	1
1	78384	0.979877	1
1	78394	0.980002	1
1	78404	0.980127	1
1	78414	0.980252	1
1	78424	0.980377	1
1	78434	0.980502	1
1	78444	0.980627	1
1	78454	0.980752	1
1	78464	0.980877	1
1	78474	0.981002	1
1	78484	0.981127	1
1	78494	0.981252	1
1	78504	0.981377	1
1	78514	0.981502	1
1	78524	0.981627	1
1	78534	0.981752	1
1	78544	0.981877	1
1	78554	0.982002	1
1	78564	0.982127	1
1	78574	0.982252	1
1	78584	0.982377	1
1	78594	0.982502	1
1	78604	0.982627	1
1	78614	0.982752	1
1	78624	0.982877	1
1	78634	0.983002	1
1	78644	0.983127	1
1	78654	0.983252	1
1	78664	0.983377	1
1	78674	0.983502	1
1	78684	0.983627	1
1	78694	0.983752	1
1	78704	0.983877	1
1	78714	0.984002	1
1	78724	0.984127	1
1	78734	0.984252	1
1	78744	0.984377	1
1	78754	0.984502	1
1	78764	0.984627	1
1	78774	0.984752	1
1	78784	0.984877	1
1	78794	0.985002	1
1	78804	0.985127	1
1	78814	0.985252	1
1	78824	0.985377	1
1	78834	0.985502	1
1	78844	0.985627	1
1	78854	0.985752	1
1	78864	0.985877	1
1	78874	0.986002	1
1	78884	0.986127	1
1	78894	0.986252	1
1	78904	0.986377	1
1	78914	0.986502	1
1	78924	0.986627	1
1	78934	0.986752	1
1	78944	0.986877	1
1	78954	0.987002	1
1	78964	0.987127	1
1	78974	0.987252	1
1	78984	0.987377	1
1	78994	0.987502	1
1	79004	0.987627	1
1	79014	0.987752	1
1	79024	0.987877	1
1	79034	0.988002	1
1	79044	0.988127	1
1	79054	0.988252	1
1	79064	0.988377	1
1	79074	0.988502	1
1	79084	0.988627	1
1	79094	0.988752	1
1	79104	0.988877	1
1	79114	0.989002	1
1	79124	0.989127	1
1	79134	0.989252	1
1	79144	0.989377	1
1	79154	0.989502	1
1	79164	0.989627	1
1	79174	0.989752	1
1	79184	0.989877	1
1	79194	0.990002	1
1	79204	0.990127	1
1	79214	0.990252	1
1	79224	0.990377	1
1	79234	0.990502	1
1	79244	0.990627	1
1	79254	0.990752	1
1	79264	0.990877	1
1	79274	0.991002	1
1	79284	0.991127	1
1	79294	0.991252	1
1	79304	0.991377	1
1	79314	0.991502	1
1	79324	0.991627	1
1	79334	0.991752	1
1	79344	0.991877	1
1	79354	0.992002	1
1	79364	0.992127	1
1	79374	0.992252	1
1	79384	0.992377	1
1	79394	0.992502	1
1	79404	0.992627	1
1	79414	0.992752	1
1	79424	0.992877	1
1	79434	0.993002	1
1	79444	0.993127	1
1	79454	0.993252	1
1	79464	0.993377	1
1	79474	0.993502	1
1	79484	0.993627	1
1	79494	0.993752	1
1	79504	0.993877	1
1	79514	0.994002	1
1	79524	0.994127	1
1	79534	0.994252	1
1	79544	0.994377	1
1	79554	0.994502	1
1	79564	0.994627	1
1	79574	0.994752	1
1	79584	0.994877	1
1	79594	0.995002	1
1	79604	0.995127	1
1	79614	0.995252	1
1	79624	0.995377	1
1	79634	0.995502	1
1	79644	0.995627	1
1	79654	0.995752	1
1	79664	0.995877	1
1	79674	0.996002	1
1	79684	0.996127	1
1	79694	0.996252	1
1	79704	0.996377	1
1	79714	0.996502	1
1	79724	0.996627	1
1	79734	0.996752	1
1	79744	0.996877	1
1	79754	0.997002	1
1	79764	0.997127	1
1	79774	0.997252	1
1	79784	0.997377	1
1	79794	0.997502	1
1	79804	0.997627	1
1	79814	0.997752	1
1	79824	0.997877	1
1	79834	0.998002	1
1	79844	0.998127	1
1	79854	0.998252	1
1	79864	0.998377	1
1	79874	0.998502	1
1	79884	0.998627	1
1	79894	0.998752	1
1	79904	0.998877	1
1	79914	0.999002	1
1	79924	0.999127	1
1	79934	0.999252	1
1	79944	0.999377	1
1	79954	0.999502	1
1	79964	0.999627	1
1	79974	0.999752	1
1	79984	0.999877	1
2	15	0.000254	1
2	25	0.000379	1
2	35	0.000504	1
2	45	0.000629	1
2	55	0.000754	1
2	65	0.000879	1
2	75	0.001004	1
2	85	0.001129	1
2	95	0.001254	1
2	105	0.001379	1
2	115	0.001504	1
2	125	0.001629	1
2	135	0.001754	1
2	145	0.001879	1
2	155	0.002004	1
2	165	0.002129	1
2	175	0.002254	1
2	185	0.002379	1
2	195	0.002504	1
2	205	0.002629	1
2	215	0.002754	1
2	225	0.002879	1
2	235	0.003004	1
2	245	0.003129	1
2	255	0.003254	1
2	265	0.003379	1
2	275	0.003504	1
2	285	0.003629	1
2	295	0.003754	1
2	305	0.003879	1
2	315	0.004004	1
2	325	0.004129	1
2	335	0.004254	1
2	345	0.004379	1
2	355	0.004504	1
2	365	0.004629	1
2	375	0.004754	1
2	385	0.004879	1
2	395	0.005004	1
2	405	0.005129	1
2	415	0.005254	1
2	425	0.005379	1
2	435	0.005504	1
2	445	0.005629	1
2	455	0.005754	1
2	465	0.005879	1
2	475	0.006004	1
2	485	0.006129	1
2	495	0.006254	1
2	505	0.006379	1
2	515	0.006504	1
2	525	0.006629	1
2	535	0.006754	1
2	545	0.006879	1
2	555	0.007004	1
2	565	0.007129	1
2	575	0.007254	1
2	585	0.007379	1
2	595	0.007504	1
2	605	0.007629	1
2	615	0.007754	1
2	625	0.007879	1
2	635	0.008004	1
2	645	0.008129	1
2	655	0.008254	1
2	665	0.008379	1
2	675	0.008504	1
2	685	0.008629	1
2	695	0.008754	1
2	705	0.008879	1
2	715	0.009004	1
2	725	0.009129	1
2	735	0.009254	1
2	745	0.009379	1
2	755	0.009504	1
2	765	0.009629	1
2	775	0.009754	1
2	785	0.009879	1
2	795	0.010004	1
2	805	0.010129	1
2	815	0.010254	1
2	825	0.010379	1
2	835	0.010504	1
2	845	0.010629	1
2	855	0.010754	1
2	865	0.010879	1
2	875	0.011004	1
2	885	0.011129	1
2	895	0.011254	1
2	905	0.011379	1
2	915	0.011504	1
2	925	0.011629	1
2	935	0.011754	1
2	945	0.011879	1
2	955	0.012004	1
2	965	0.012129	1
2	975	0.012254	1
2	985	0.012379	1
2	995	0.012504	1
2	1005	0.012629	1
2	1015	0.012754	1
2	1025	0.012879	1
2	1035	0.013004	1
2	1045	0.013129	1
2	1055	0.013254	1
2	1065	0.013379	1
2	1075	0.013504	1
2	1085	0.013629	1
2	1095	0.013754	1
2	1105	0.013879	1
2	1115	0.014004	1
2	1125	0.014129	1
2	1135	0.014254	1
2	1145	0.014379	1
2	1155	0.014504	1
2	1165	0.014629	1
2	1175	0.014754	1
2	1185	0.014879	1
2	1195	0.015004	1
2	1205	0.015129	1
2	1215	0.015254	1
2	1225	0.015379	1
2	1235	0.015504	1
2	1245	0.015629	1
2	1255	0.015754	1
2	1265	0.015879	1
2	1275	0.016004	1
2	1285	0.016129	1
2	1295	0.016254	1
2	1305	0.016379	1
2	1315	0.016504	1
2	1325	0.016629	1
2	1335	0.016754	1
2	1345	0.016879	1
2	1355	0.017004	1
2	1365	0.017129	1
2	1375	0.017254	1
2	1385	0.017379	1
2	1395	0.017504	1
2	1405	0.017629	1
2	1415	0.017754	1
2	1425	0.017879	1
2	1435	0.018004	1
2	1445	0.018129	1
2	1455	0.018254	1
2	1465	0.018379	1
2	1475	0.018504	1
2	1485	0.018629	1
2	1495	0.018754	1
2	1505	0.018879	1
2	1515	0.019004	1
2	1525	0.019129	1
2	1535	0.019254	1
2	1545	0.019379	1
2	1555	0.019504	1
2	1565	0.019629	1
2	1575	0.019754	1
2	1585	0.019879	1
2	1595	0.020004	1
2	1605	0.020129	1
2	1615	0.020254	1
2	1625	0.020379	1
2	1635	0.020504	1
2	1645	0.020629	1
2	1655	0.020754	1
2	1665	0.020879	1
2	1675	0.021004	1
2	1685	0.021129	1
2	1695	0.021254	1
2	1705	0.021379	1
2	1715	0.021504	1
2	1725	0.021629	1
2	1735	0.021754	1
2	1745	0.021879	1
2	1755	0.022004	1
2	1765	0.022129	1
2	1775	0.022254	1
2	1785	0.022379	1
2	1795	0.022504	1
2	1805	0.022629	1
2	1815	0.022754	1
2	1825	0.022879	1
2	1835	0.023004	1
2	1845	0.023129	1
2	1855	0.023254	1
2	1865	0.023379	1
2	1875	0.023504	1
2	1885	0.023629	1
2	1895	0.023754	1
2	1905	0.023879	1
2	1915	0.024004	1
2	1925	0.024129	1
2	1935	0.024254	1
2	1945	0.024379	1
2	1955	0.024504	1
2	1965	0.024629	1
2	1975	0.024754	1
2	1985	0.024879	1
2	1995	0.025004	1
2	2005	0.025129	1
2	2015	0.025254	1
2	2025	0.025379	1
2	2035	0.025504	1
2	2045	0.025629	1
2	2055	0.025754	1
2	2065	0.025879	1
2	2075	0.026004	1
2	2085	0.026129	1
2	2095	0.026254	1
2	2105	0.026379	1
2	2115	0.026504	1
2	2125	0.026629	1
2	2135	0.026754	1
2	2145	0.026879	1
2	2155	0.027004	1
2	2165	0.027129	1
2	2175	0.027254	1
2	2185	0.027379	1
2	2195	0.027504	1
2	2205	0.027629	1
2	2215	0.027754	1
2	2225	0.027879	1
2	2235	0.028004	1
2	2245	0.028129	1
2	2255	0.028254	1
2	2265	0.028379	1
2	2275	0.028504	1
2	2285	0.028629	1
2	2295	0.028754	1
2	2305	0.028879	1
2	2315	0.029004	1
2	2325	0.029129	1
2	2335	0.029254	1
2	2345	0.029379	1
2	2355	0.029504	1
2	2365	0.029629	1
2	2375	0.029754	1
2	2385	0.029879	1
2	2395	0.030004	1
2	2405	0.030129	1
2	2415	0.030254	1
2	2425	0.030379	1
2	2435	0.030504	1
2	2445	0.030629	1
2	2455	0.030754	1
2	2465	0.030879	1
2	2475	0.031004	1
2	2485	0.031129	1
2	2495	0.031254	1
2	2505	0.031379	1
2	2515	0.031504	1
2	2525	0.031629	1
2	2535	0.031754	1
2	2545	0.031879	1
2	2555	0.032004	1
2	2565	0.032129	1
2	2575	0.032254	1
2	2585	0.032379	1
2	2595	0.032504	1
2	2605	0.032629	1
2	2615	0.032754	1
2	2625	0.032879	1
2	2635	0.033004	1
2	2645	0.033129	1
2	2655	0.033254	1
2	2665	0.033379	1
2	2675	0.033504	1
2	2685	0.033629	1
2	2695	0.033754	1
2	2705	0.033879	1
2	2715	0.034004	1
2	2725	0.034129	1
2	2735	0.034254	1
2	2745	0.034379	1
2	2755	0.034504	1
2	2765	0.034629	1
2	2775	0.034754	1
2	2785	0.034879	1
2	2795	0.035004	1
2	2805	0.035129	1
2	2815	0.035254	1
2	2825	0.035379	1
2	2835	0.035504	1
2	2845	0.035629	1
2	2855	0.035754	1
2	2865	0.035879	1
2	2875	0.036004	1
2	2885	0.036129	1
2	2895	0.036254	1
2	2905	0.036379	1
2	2915	0.036504	1
2	2925	0.036629	1
2	2935	0.036754	1
2	2945	0.036879	1
2	2955	0.037004	1
2	2965	0.037129	1
2	2975	0.037254	1
2	2985	0.037379	1
2	2995	0.037504	1
2	3005	0.037629	1
2	3015	0.037754	1
2	3025	0.037879	1
2	3035	0.038004	1
2	3045	0.038129	1
2	3055	0.038254	1
2	3065	0.038379	1
2	3075	0.038504	1
2	3085	0.038629	1
2	3095	0.038754	1
2	3105	0.038879	1
2	3115	0.039004	1
2	3125	0.039129	1
2	3135	0.039254	1
2	3145	0.039379	1
2	3155	0.039504	1
2	3165	0.039629	1
2	3175	0.039754	1
2	3185	0.039879	1
2	3195	0.040004	1
2	3205	0.040129	1
2	3215	0.040254	1
2	3225	0.040379	1
2	3235	0.040504	1
2	3245	0.040629	1
2	3255	0.040754	1
2	3265	0.040879	1
2	3275	0.041004	1
2	3285	0.041129	1
2	3295	0.041254	1
2	3305	0.041379	1
2	3315	0.041504	1
2	3325	0.041629	1
2	3335	0.041754	1
2	3345	0.041879	1
2	3355	0.042004	1
2	3365	0.042129	1
2	3375	0.042254	1
2	3385	0.042379	1
2	3395	0.042504	1
2	3405	0.042629	1
2	3415	0.042754	1
2	3425	0.042879	1
2	3435	0.043004	1
2	3445	0.043129	1
2	3455	0.043254	1
2	3465	0.043379	1
2	3475	0.043504	1
2	3485	0.043629	1
2	3495	0.043754	1
2	3505	0.043879	1
2	3515	0.044004	1
2	3525	0.044129	1
2	3535	0.044254	1
2	3545	0.044379	1
2	3555	0.044504	1
2	3565	0.044629	1
2	3575	0.044754	1
2	3585	0.044879	1
2	3595	0.045004	1
2	3605	0.045129	1
2	3615	0.045254	1
2	3625	0.045379	1
2	3635	0.045504	1
2	3645	0.045629	1
2	3655	0.045754	1
2	3665	0.045879	1
2	3675	0.046004	1
2	3685	0.046129	1
2	3695	0.046254	1
2	3705	0.046379	1
2	3715	0.046504	1
2	3725	0.046629	1
2	3735	0.046754	1
2	3745	0.046879	1
2	3755	0.047004	1
2	3765	0.047129	1
2	3775	0.047254	1
2	3785	0.047379	1
2	3795	0.047504	1
2	3805	0.047629	1
2	3815	0.047754	1
2	3825	0.047879	1
2	3835	0.048004	1
2	3845	0.048129	1
2	3855	0.048254	1
2	3865	0.048379	1
2	3875	0.048504	1
2	3885	0.048629	1
2	3895	0.048754	1
2	3905	0.048879	1
2	3915	0.049004	1
2	3925	0.049129	1
2	3935	0.049254	1
2	3945	0.049379	1
2	3955	0.049504	1
2	3965	0.049629	1
2	3975	0.049754	1
2	3985	0.049879	1
2	3995	0.050004	1
2	4005	0.050129	1
2	4015	0.050254	1
2	4025	0.050379	1
2	4035	0.050504	1
2	4045	0.050629	1
2	4055	0.050754	1
2	4065	0.050879	1
2	4075	0.051004	1
2	4085	0.051129	1
2	4095	0.051254	1
2	4105	0.051379	1
2	4115	0.051504	1
2	4125	0.051629	1
2	4135	0.051754	1
2	4145	0.051879	1
2	4155	0.052004	1
2	4165	0.052129	1
2	4175	0.052254	1
2	4185	0.052379	1
2	4195	0.052504	1
2	4205	0.052629	1
2	4215	0.052754	1
2	4225	0.052879	1
2	4235	0.053004	1
2	4245	0.053129	1
2	4255	0.053254	1
2	4265	0.053379	1
2	4275	0.053504	1
2	4285	0.053629	1
2	4295	0.053754	1
2	4305	0.053879	1
2	4315	0.054004	1
2	4325	0.054129	1
2	4335	0.054254	1
2	4345	0.054379	1
2	4355	0.054504	1
2	4365	0.054629	1
2	4375	0.054754	1
2	4385	0.054879	1
2	4395	0.055004	1
2	4405	0.055129	1
2	4415	0.055254	1
2	4425	0.055379	1
2	4435	0.055504	1
2	4445	0.055629	1
2	4455	0.055754	1
2	4465	0.055879	1
2	4475	0.056004	1
2	4485	0.056129	1
2	4495	0.056254	1
2	4505	0.056379	1
2	4515	0.056504	1
2	4525	0.056629	1
2	4535	0.056754	1
2	4545	0.056879	1
2	4555	0.057004	1
2	4565	0.057129	1
2	4575	0.057254	1
2	4585	0.057379	1
2	4595	0.057504	1
2	4605	0.057629	1
2	4615	0.057754	1
2	4625	0.057879	1
2	4635	0.058004	1
2	4645	0.058129	1
2	4655	0.058254	1
2	4665	0.058379	1
2	4675	0.058504	1
2	4685	0.058629	1
2	4695	0.058754	1
2	4705	0.058879	1
2	4715	0.059004	1
2	4725	0.059129	1
2	4735	0.059254	1
2	4745	0.059379	1
2	4755	0.059504	1
2	4765	0.059629	1
2	4775	0.059754	1
2	4785	0.059879	1
2	4795	0.060004	1
2	4805	0.060129	1
2	4815	0.060254	1
2	4825	0.060379	1
2	4835	0.060504	1
2	4845	0.060629	1
2	4855	0.060754	1
2	4865	0.060879	1
2	4875	0.061004	1
2	4885	0.061129	1
2	4895	0.061254	1
2	4905	0.061379	1
2	4915	0.061504	1
2	4925	0.061629	1
2	4935	0.061754	1
2	4945	0.061879	1
2	4955	0.062004	1
2	4965	0.062129	1
2	4975	0.062254	1
2	4985	0.062379	1
2	4995	0.062504	1
2	5005	0.062629	1
2	5015	0.062754	1
2	5025	0.062879	1
2	5035	0.063004	1
2	5045	0.063129	1
2	5055	0.063254	1
2	5065	0.063379	1
2	5075	0.063504	1
2	5085	0.063629	1
2	5095	0.063754	1
2	5105	0.063879	1
2	5115	0.064004	1
2	5125	0.064129	1
2	5135	0.064254	1
2	5145	0.064379	1
2	5155	0.064504	1
2	5165	0.064629	1
2	5175	0.064754	1
2	5185	0.064879	1
2	5195	0.065004	1
2	5205	0.065129	1
2	5215	0.065254	1
2	5225	0.065379	1
2	5235	0.065504	1
2	5245	0.065629	1
2	5255	0.065754	1
2	5265	0.065879	1
2	5275	0.066004	1
2	5285	0.066129	1
2	5295	0.066254	1
2	5305	0.066379	1
2	5315	0.066504	1
2	5325	0.066629	1
2	5335	0.066754	1
2	5345	0.066879	1
2	5355	0.067004	1
2	5365	0.067129	1
2	5375	0.067254	1
2	5385	0.067379	1
2	5395	0.067504	1
2	5405	0.067629	1
2	5415	0.067754	1
2	5425	0.067879	1
2	5435	0.068004	1
2	5445	0.068129	1
2	5455	0.068254	1
2	5465	0.068379	1
2	5475	0.068504	1
2	5485	0.068629	1
2	5495	0.068754	1
2	5505	0.068879	1
2	5515	0.069004	1
2	5525	0.069129	1
2	5535	0.069254	1
2	5545	0.069379	1
2	5555	0.069504	1
2	5565	0.069629	1
2	5575	0.069754	1
2	5585	0.069879	1
2	5595	0.070004	1
2	5605	0.070129	1
2	5615	0.070254	1
2	5625	0.070379	1
2	5635	0.070504	1
2	5645	0.070629	1
2	5655	0.070754	1
2	5665	0.070879	1
2	5675	0.071004	1
2	5685	0.071129	1
2	5695	0.071254	1
2	5705	0.071379	1
2	5715	0.071504	1
2	5725	0.071629	1
2	5735	0.071754	1
2	5745	0.071879	1
2	5755	0.072004	1
2	5765	0.072129	1
2	5775	0.072254	1
2	5785	0.072379	1
2	5795	0.072504	1
2	5805	0.072629	1
2	5815	0.072754	1
2	5825	0.072879	1
2	5835	0.073004	1
2	5845	0.073129	1
2	5855	0.073254	1
2	5865	0.073379	1
2	5875	0.073504	1
2	5885	0.073629	1
2	5895	0.073754	1
2	5905	0.073879	1
2	5915	0.074004	1
2	5925	0.074129	1
2	5935	0.074254	1
2	5945	0.074379	1
2	5955	0.074504	1
2	5965	0.074629	1
2	5975	0.074754	1
2	5985	0.074879	1
2	5995	0.075004	1
2	6005	0.075129	1
2	6015	0.075254	1
2	6025	0.075379	1
2	6035	0.075504	1
2	6045	0.075629	1
2	6055	0.075754	1
2	6065	0.075879	1
2	6075	0.076004	1
2	6085	0.076129	1
2	6095	0.076254	1
2	6105	0.076379	1
2	6115	0.076504	1
2	6125	0.076629	1
2	6135	0.076754	1
2	6145	0.076879	1
2	6155	0.077004	1
2	6165	0.077129	1
2	6175	0.077254	1
2	6185	0.077379	1
2	6195	0.077504	1
2	6205	0.077629	1
2	6215	0.077754	1
2	6225	0.077879	1
2	6235	0.078004	1
2	6245	0.078129	1
2	6255	0.078254	1
2	6265	0.078379	1
2	6275	0.078504	1
2	6285	0.078629	1
2	6295	0.078754	1
2	6305	0.078879	1
2	6315	0.079004	1
2	6325	0.079129	1
2	6335	0.079254	1
2	6345	0.079379	1
2	6355	0.079504	1
2	6365	0.079629	1
2	6375	0.079754	1
2	6385	0.079879	1
2	6395	0.080004	1
2	6405	0.080129	1
2	6415	0.080254	1
2	6425	0.080379	1
2	6435	0.080504	1
2	6445	0.080629	1
2	6455	0.080754	1
2	6465	0.080879	1
2	6475	0.081004	1
2	6485	0.081129	1
2	6495	0.081254	1
2	6505	0.081379	1
2	6515	0.081504	1
2	6525	0.081629	1
2	6535	0.081754	1
2	6545	0.081879	1
2	6555	0.082004	1
2	6565	0.082129	1
2	6575	0.082254	1
2	6585	0.082379	1
2	6595	0.082504	1
2	6605	0.082629	1
2	6615	0.082754	1
2	6625	0.082879	1
2	6635	0.083004	1
2	6645	0.083129	1
2	6655	0.083254	1
2	6665	0.083379	1
2	6675	0.083504	1
2	6685	0.083629	1
2	6695	0.083754	1
2	6705	0.083879	1
2	6715	0.084004	1
2	6725	0.084129	1
2	6735	0.084254	1
2	6745	0.084379	1
2	6755	0.084504	1
2	6765	0.084629	1
2	6775	0.084754	1
2	6785	0.084879	1
2	6795	0.085004	1
2	6805	0.085129	1
2	6815	0.085254	1
2	6825	0.085379	1
2	6835	0.085504	1
2	6845	0.085629	1
2	6855	0.085754	1
2	6865	0.085879	1
2	6875	0.086004	1
2	6885	0.086129	1
2	6895	0.086254	1
2	6905	0.086379	1
2	6915	0.086504	1
2	6925	0.086629	1
2	6935	0.086754	1
2	6945	0.086879	1
2	6955	0.087004	1
2	6965	0.087129	1
2	6975	0.087254	1
2	6985	0.087379	1
2	6995	0.087504	1
2	7005	0.087629	1
2	7015	0.087754	1
2	7025	0.087879	1
2	7035	0.088004	1
2	7045	0.088129	1
2	7055	0.088254	1
2	7065	0.088379	1
2	7075	0.088504	1
2	7085	0.088629	1
2	7095	0.088754	1
2	7105	0.088879	1
2	7115	0.089004	1
2	7125	0.089129	1
2	7135	0.089254	1
2	7145	0.089379	1
2	7155	0.089504	1
2	7165	0.089629	1
2	7175	0.089754	1
2	7185	0.089879	1
2	7195	0.090004	1
2	7205	0.090129	1
2	7215	0.090254	1
2	7225	0.090379	1
2	7235	0.090504	1
2	7245	0.090629	1
2	7255	0.090754	1
2	7265	0.090879	1
2	7275	0.091004	1
2	7285	0.091129	1
2	7295	0.091254	1
2	7305	0.091379	1
2	7315	0.091504	1
2	7325	0.091629	1
2	7335	0.091754	1
2	7345	0.091879	1
2	7355	0.092004	1
2	7365	0.092129	1
2	7375	0.092254	1
2	7385	0.092379	1
2	7395	0.092504	1
2	7405	0.092629	1
2	7415	0.092754	1
2	7425	0.092879	1
2	7435	0.093004	1
2	7445	0.093129	1
2	7455	0.093254	1
2	7465	0.093379	1
2	7475	0.093504	1
2	7485	0.093629	1
2	7495	0.093754	1
2	7505	0.093879	1
2	7515	0.094004	1
2	7525	0.094129	1
2	7535	0.094254	1
2	7545	0.094379	1
2	7555	0.094504	1
2	7565	0.094629	1
2	7575	0.094754	1
2	7585	0.094879	1
2	7595	0.095004	1
2	7605	0.095129	1
2	7615	0.095254	1
2	7625	0.095379	1
2	7635	0.095504	1
2	7645	0.095629	1
2	7655	0.095754	1
2	7665	0.095879	1
2	7675	0.096004	1
2	7685	0.096129	1
2	7695	0.096254	1
2	7705	0.096379	1
2	7715	0.096504	1
2	7725	0.096629	1
2	7735	0.096754	1
2	7745	0.096879	1
2	7755	0.097004	1
2	7765	0.097129	1
2	7775	0.097254	1
2	7785	0.097379	1
2	7795	0.097504	1
2	7805	0.097629	1
2	7815	0.097754	1
2	7825	0.097879	1
2	7835	0.098004	1
2	7845	0.098129	1
2	7855	0.098254	1
2	7865	0.098379	1
2	7875	0.098504	1
2	7885	0.098629	1
2	7895	0.098754	1
2	7905	0.098879	1
2	7915	0.099004	1
2	7925	0.099129	1
2	7935	0.099254	1
2	7945	0.099379	1
2	7955	0.099504	1
2	7965	0.099629	1
2	7975	0.099754	1
2	7985	0.099879	1
2	7995	0.100004	1
2	8005	0.100129	1
2	8015	0.100254	1
2	8025	0.100379	1
2	8035	0.100504	1
2	8045	0.100629	1
2	8055	0.100754	1
2	8065	0.100879	1
2	8075	0.101004	1
2	8085	0.101129	1
2	8095	0.101254	1
2	8105	0.101379	1
2	8115	0.101504	1
2	8125	0.101629	1
2	8135	0.101754	1
2	8145	0.101879	1
2	8155	0.102004	1
2	8165	0.102129	1
2	8175	0.102254	1
2	8185	0.102379	1
2	8195	0.102504	1
2	8205	0.102629	1
2	8215	0.102754	1
2	8225	0.102879	1
2	8235	0.103004	1
2	8245	0.103129	1
2	8255	0.103254	1
2	8265	0.103379	1
2	8275	0.103504	1
2	8285	0.103629	1
2	8295	0.103754	1
2	8305	0.103879	1
2	8315	0.104004	1
2	8325	0.104129	1
2	8335	0.104254	1
2	8345	0.104379	1
2	8355	0.104504	1
2	8365	0.104629	1
2	8375	0.104754	1
2	8385	0.104879	1
2	8395	0.105004	1
2	8405	0.105129	1
2	8415	0.105254	1
2	8425	0.105379	1
2	8435	0.105504	1
2	8445	0.105629	1
2	8455	0.105754	1
2	8465	0.105879	1
2	8475	0.106004	1
2	8485	0.106129	1
2	8495	0.106254	1
2	8505	0.106379	1
2	8515	0.106504	1
2	8525	0.106629	1
2	8535	0.106754	1
2	8545	0.106879	1
2	8555	0.107004	1
2	8565	0.107129	1
2	8575	0.107254	1
2	8585	0.107379	1
2	8595	0.107504	1
2	8605	0.107629	1
2	8615	0.107754	1
2	8625	0.107879	1
2	8635	0.108004	1
2	8645	0.108129	1
2	8655	0.108254	1
2	8665	0.108379	1
2	8675	0.108504	1
2	8685	0.108629	1
2	8695	0.108754	1
2	8705	0.108879	1
2	8715	0.109004	1
2	8725	0.109129	1
2	8735	0.109254	1
2	8745	0.109379	1
2	8755	0.109504	1
2	8765	0.109629	1
2	8775	0.109754	1
2	8785	0.109879	1
2	8795	0.110004	1
2	8805	0.110129	1
2	8815	0.110254	1
2	8825	0.110379	1
2	8835	0.110504	1
2	8845	0.110629	1
2	8855	0.110754	1
2	8865	0.110879	1
2	8875	0.111004	1
2	8885	0.111129	1
2	8895	0.111254	1
2	8905	0.111379	1
2	8915	0.111504	1
2	8925	0.111629	1
2	8935	0.111754	1
2	8945	0.111879	1
2	8955	0.112004	1
2	8965	0.112129	1
2	8975	0.112254	1
2	8985	0.112379	1
2	8995	0.112504	1
2	9005	0.112629	1
2	9015	0.112754	1
2	9025	0.112879	1
2	9035	0.113004	1
2	9045	0.113129	1
2	9055	0.113254	1
2	9065	0.113379	1
2	9075	0.113504	1
2	9085	0.113629	1
2	9095	0.113754	1
2	9105	0.113879	1
2	9115	0.114004	1
2	9125	0.114129	1
2	9135	0.114254	1
2	9145	0.114379	1
2	9155	0.114504	1
2	9165	0.114629	1
2	9175	0.114754	1
2	9185	0.114879	1
2	9195	0.115004	1
2	9205	0.115129	1
2	9215	0.115254	1
2	9225	0.115379	1
2	9235	0.115504	1
2	9245	0.115629	1
2	9255	0.115754	1
2	9265	0.115879	1
2	9275	0.116004	1
2	9285	0.116129	1
2	9295	0.116254	1
2	9305	0.116379	1
2	9315	0.116504	1
2	9325	0.116629	1
2	9335	0.116754	1
2	9345	0.116879	1
2	9355	0.117004	1
2	9365	0.117129	1
2	9375	0.117254	1
2	9385	0.117379	1
2	9395	0.117504	1
2	9405	0.117629	1
2	9415	0.117754	1
2	9425	0.117879	1
2	9435	0.118004	1
2	9445	0.118129	1
2	9455	0.118254	1
2	9465	0.118379	1
2	9475	0.118504	1
2	9485	0.118629	1
2	9495	0.118754	1
2	9505	0.118879	1
2	9515	0.119004	1
2	9525	0.119129	1
2	9535	0.119254	1
2	9545	0.119379	1
2	9555	0.119504	1
2	9565	0.119629	1
2	9575	0.119754	1
2	9585	0.119879	1
2	9595	0.120004	1
2	9605	0.120129	1
2	9615	0.120254	1
2	9625	0.120379	1
2	9635	0.120504	1
2	9645	0.120629	1
2	9655	0.120754	1
2	9665	0.120879	1
2	9675	0.121004	1
2	9685	0.121129	1
2	9695	0.121254	1
2	9705	0.121379	1
2	9715	0.121504	1
2	9725	0.121629	1
2	9735	0.121754	1
2	9745	0.121879	1
2	9755	0.122004	1
2	9765	0.122129	1
2	9775	0.122254	1
2	9785	0.122379	1
2	9795	0.122504	1
2	9805	0.122629	1
2	9815	0.122754	1
2	9825	0.122879	1
2	9835	0.123004	1
2	9845	0.123129	1
2	9855	0.123254	1
2	9865	0.123379	1
2	9875	0.123504	1
2	9885	0.123629	1
2	9895	0.123754	1
2	9905	0.123879	1
2	9915	0.124004	1
2	9925	0.124129	1
2	9935	0.124254	1
2	9945	0.124379	1
2	9955	0.124504	1
2	9965	0.124629	1
2	9975	0.124754	1
2	9985	0.124879	1
2	9995	0.125004	1
2	10005	0.125129	1
2	10015	0.125254	1
2	10025	0.125379	1
2	10035	0.125504	1
2	10045	0.125629	1
2	10055	0.125754	1
2	10065	0.125879	1
2	10075	0.126004	1
2	10085	0.126129	1
2	10095	0.126254	1
2	10105	0.126379	1
2	10115	0.126504	1
2	10125	0.126629	1
2	10135	0.126754	1
2	10145	0.126879	1
2	10155	0.127004	1
2	10165	0.127129	1
2	10175	0.127254	1
2	10185	0.127379	1
2	10195	0.127504	1
2	10205	0.127629	1
2	10215	0.127754	1
2	10225	0.127879	1
2	10235	0.128004	1
2	10245	0.128129	1
2	10255	0.128254	1
2	10265	0.128379	1
2	10275	0.128504	1
2	10285	0.128629	1
2	10295	0.128754	1
2	10305	0.128879	1
2	10315	0.129004	1
2	10325	0.129129	1
2	10335	0.129254	1
2	10345	0.129379	1
2	10355	0.129504	1
2	10365	0.129629	1
2	10375	0.129754	1
2	10385	0.129879	1
2	10395	0.130004	1
2	10405	0.130129	1
2	10415	0.130254	1
2	10425	0.130379	1
2	10435	0.130504	1
2	10445	0.130629	1
2	10455	0.130754	1
2	10465	0.130879	1
2	10475	0.131004	1
2	10485	0.131129	1
2	10495	0.131254	1
2	10505	0.131379	1
2	10515	0.131504	1
2	10525	0.131629	1
2	10535	0.131754	1
2	10545	0.131879	1
2	10555	0.132004	1
2	10565	0.132129	1
2	10575	0.132254	1
2	10585	0.132379	1
2	10595	0.132504	1
2	10605	0.132629	1
2	10615	0.132754	1
2	10625	0.132879	1
2	10635	0.133004	1
2	10645	0.133129	1
2	10655	0.133254	1
2	10665	0.133379	1
2	10675	0.133504	1
2	10685	0.133629	1
2	10695	0.133754	1
2	10705	0.133879	1
2	10715	0.134004	1
2	10725	0.134129	1
2	10735	0.134254	1
2	10745	0.134379	1
2	10755	0.134504	1
2	10765	0.134629	1
2	10775	0.134754	1
2	10785	0.134879	1
2	10795	0.135004	1
2	10805	0.135129	1
2	10815	0.135254	1
2	10825	0.135379	1
2	10835	0.135504	1
2	10845	0.135629	1
2	10855	0.135754	1
2	10865	0.135879	1
2	10875	0.136004	1
2	10885	0.136129	1
2	10895	0.136254	1
2	10905	0.136379	1
2	10915	0.136504	1
2	10925	0.136629	1
2	10935	0.136754	1
2	10945	0.136879	1
2	10955	0.137004	1
2	10965	0.137129	1
2	10975	0.137254	1
2	10985	0.137379	1
2	10995	0.137504	1
2	11005	0.137629	1
2	11015	0.137754	1
2	11025	0.137879	1
2	11035	0.138004	1
2	11045	0.138129	1
2	11055	0.138254	1
2	11065	0.138379	1
2	11075	0.138504	1
2	11085	0.138629	1
2	11095	0.138754	1
2	11105	0.138879	1
2	11115	0.139004	1
2	11125	0.139129	1
2	11135	0.139254	1
2	11145	0.139379	1
2	11155	0.139504	1
2	11165	0.139629	1
2	11175	0.139754	1
2	11185	0.139879	1
2	11195	0.140004	1
2	11205	0.140129	1
2	11215	0.140254	1
2	11225	0.140379	1
2	11235	0.140504	1
2	11245	0.140629	1
2	11255	0.140754	1
2	11265	0.140879	1
2	11275	0.141004	1
2	11285	0.141129	1
2	11295	0.141254	1
2	11305	0.141379	1
2	11315	0.141504	1
2	11325	0.141629	1
2	11335	0.141754	1
2	11345	0.141879	1
2	11355	0.142004	1
2	11365	0.142129	1
2	11375	0.142254	1
2	11385	0.142379	1
2	11395	0.142504	1
2	11405	0.142629	1
2	11415	0.142754	1
2	11425	0.142879	1
2	11435	0.143004	1
2	11445	0.143129	1
2	11455	0.143254	1
2	11465	0.143379	1
2	11475	0.143504	1
2	11485	0.143629	1
2	11495	0.143754	1
2	11505	0.143879	1
2	11515	0.144004	1
2	11525	0.144129	1
2	11535	0.144254	1
2	11545	0.144379	1
2	11555	0.144504	1
2	11565	0.144629	1
2	11575	0.144754	1
2	11585	0.144879	1
2	11595	0.145004	1
2	11605	0.145129	1
2	11615	0.145254	1
2	11625	0.145379	1
2	11635	0.145504	1
2	11645	0.145629	1
2	11655	0.145754	1
2	11665	0.145879	1
2	11675	0.146004	1
2	11685	0.146129	1
2	11695	0.146254	1
2	11705	0.146379	1
2	11715	0.146504	1
2	11725	0.146629	1
2	11735	0.146754	1
2	11745	0.146879	1
2	11755	0.147004	1
2	11765	0.147129	1
2	11775	0.147254	1
2	11785	0.147379	1
2	11795	0.147504	1
2	11805	0.147629	1
2	11815	0.147754	1
2	11825	0.147879	1
2	11835	0.148004	1
2	11845	0.148129	1
2	11855	0.148254	1
2	11865	0.148379	1
2	11875	0.148504	1
2	11885	0.148629	1
2	11895	0.148754	1
2	11905	0.148879	1
2	11915	0.149004	1
2	11925	0.149129	1
2	11935	0.149254	1
2	11945	0.149379	1
2	11955	0.149504	1
2	11965	0.149629	1
2	11975	0.149754	1
2	11985	0.149879	1
2	11995	0.150004	1
2	12005	0.150129	1
2	12015	0.150254	1
2	12025	0.150379	1
2	12035	0.150504	1
2	12045	0.150629	1
2	12055	0.150754	1
2	12065	0.150879	1
2	12075	0.151004	1
2	12085	0.151129	1
2	12095	0.151254	1
2	12105	0.151379	1
2	12115	0.151504	1
2	12125	0.151629	1
2	12135	0.151754	1
2	12145	0.151879	1
2	12155	0.152004	1
2	12165	0.152129	1
2	12175	0.152254	1
2	12185	0.152379	1
2	12195	0.152504	1
2	12205	0.152629	1
2	12215	0.152754	1
2	12225	0.152879	1
2	12235	0.153004	1
2	12245	0.153129	1
2	12255	0.153254	1
2	12265	0.153379	1
2	12275	0.153504	1
2	12285	0.153629	1
2	12295	0.153754	1
2	12305	0.153879	1
2	12315	0.154004	1
2	12325	0.154129	1
2	12335	0.154254	1
2	12345	0.154379	1
2	12355	0.154504	1
2	12365	0.154629	1
2	12375	0.154754	1
2	12385	0.154879	1
2	12395	0.155004	1
2	12405	0.155129	1
2	12415	0.155254	1
2	12425	0.155379	1
2	12435	0.155504	1
2	12445	0.155629	1
2	12455	0.155754	1
2	12465	0.155879	1
2	12475	0.156004	1
2	12485	0.156129	1
2	12495	0.156254	1
2	12505	0.156379	1
2	12515	0.156504	1
2	12525	0.156629	1
2	12535	0.156754	1
2	12545	0.156879	1
2	12555	0.157004	1
2	12565	0.157129	1
2	12575	0.157254	1
2	12585	0.157379	1
2	12595	0.157504	1
2	12605	0.157629	1
2	12615	0.157754	1
2	12625	0.157879	1
2	12635	0.158004	1
2	12645	0.158129	1
2	12655	0.158254	1
2	12665	0.158379	1
2	12675	0.158504	1
2	12685	0.158629	1
2	12695	0.158754	1
2	12705	0.158879	1
2	12715	0.159004	1
2	12725	0.159129	1
2	12735	0.159254	1
2	12745	0.159379	1
2	12755	0.159504	1
2	12765	0.159629	1
2	12775	0.159754	1
2	12785	0.159879	1
2	12795	0.160004	1
2	12805	0.160129	1
2	12815	0.160254	1
2	12825	0.160379	1
2	12835	0.160504	1
2	12845	0.160629	1
2	12855	0.160754	1
2	12865	0.160879	1
2	12875	0.161004	1
2	12885	0.161129	1
2	12895	0.161254	1
2	12905	0.161379	1
2	12915	0.161504	1
2	12925	0.161629	1
2	12935	0.161754	1
2	12945	0.161879	1
2	12955	0.162004	1
2	12965	0.162129	1
2	12975	0.162254	1
2	12985	0.162379	1
2	12995	0.162504	1
2	13005	0.162629	1
2	13015	0.162754	1
2	13025	0.162879	1
2	13035	0.163004	1
2	13045	0.163129	1
2	13055	0.163254	1
2	13065	0.163379	1
2	13075	0.163504	1
2	13085	0.163629	1
2	13095	0.163754	1
2	13105	0.163879	1
2	13115	0.164004	1
2	13125	0.164129	1
2	13135	0.164254	1
2	13145	0.164379	1
2	13155	0.164504	1
2	13165	0.164629	1
2	13175	0.164754	1
2	13185	0.164879	1
2	13195	0.165004	1
2	13205	0.165129	1
2	13215	0.165254	1
2	13225	0.165379	1
2	13235	0.165504	1
2	13245	0.165629	1
2	13255	0.165754	1
2	13265	0.165879	1
2	13275	0.166004	1
2	13285	0.166129	1
2	13295	0.166254	1
2	13305	0.166379	1
2	13315	0.166504	1
2	13325	0.166629	1
2	13335	0.166754	1
2	13345	0.166879	1
2	13355	0.167004	1
2	13365	0.167129	1
2	13375	0.167254	1
2	13385	0.167379	1
2	13395	0.167504	1
2	13405	0.167629	1
2	13415	0.167754	1
2	13425	0.167879	1
2	13435	0.168004	1
2	13445	0.168129	1
2	13455	0.168254	1
2	13465	0.168379	1
2	13475	0.168504	1
2	13485	0.168629	1
2	13495	0.168754	1
2	13505	0.168879	1
2	13515	0.169004	1
2	13525	0.169129	1
2	13535	0.169254	1
2	13545	0.169379	1
2	13555	0.169504	1
2	13565	0.169629	1
2	13575	0.169754	1
2	13585	0.169879	1
2	13595	0.170004	1
2	13605	0.170129	1
2	13615	0.170254	1
2	13625	0.170379	1
2	13635	0.170504	1
2	13645	0.170629	1
2	13655	0.170754	1
2	13665	0.170879	1
2	13675	0.171004	1
2	13685	0.171129	1
2	13695	0.171254	1
2	13705	0.171379	1
2	13715	0.171504	1
2	13725	0.171629	1
2	13735	0.171754	1
2	13745	0.171879	1
2	13755	0.172004	1
2	13765	0.172129	1
2	13775	0.172254	1
2	13785	0.172379	1
2	13795	0.172504	1
2	13805	0.172629	1
2	13815	0.172754	1
2	13825	0.172879	1
2	13835	0.173004	1
2	13845	0.173129	1
2	13855	0.173254	1
2	13865	0.173379	1
2	13875	0.173504	1
2	13885	0.173629	1
2	13895	0.173754	1
2	13905	0.173879	1
2	13915	0.174004	1
2	13925	0.174129	1
2	13935	0.174254	1
2	13945	0.174379	1
2	13955	0.174504	1
2	13965	0.174629	1
2	13975	0.174754	1
2	13985	0.174879	1
2	13995	0.175004	1
2	14005	0.175129	1
2	14015	0.175254	1
2	14025	0.175379	1
2	14035	0.175504	1
2	14045	0.175629	1
2	14055	0.175754	1
2	14065	0.175879	1
2	14075	0.176004	1
2	14085	0.176129	1
2	14095	0.176254	1
2	14105	0.176379	1
2	14115	0.176504	1
2	14125	0.176629	1
2	14135	0.176754	1
2	14145	0.176879	1
2	14155	0.177004	1
2	14165	0.177129	1
2	14175	0.177254	1
2	14185	0.177379	1
2	14195	0.177504	1
2	14205	0.177629	1
2	14215	0.177754	1
2	14225	0.177879	1
2	14235	0.178004	1
2	14245	0.178129	1
2	14255	0.178254	1
2	14265	0.178379	1
2	14275	0.178504	1
2	14285	0.178629	1
2	14295	0.178754	1
2	14305	0.178879	1
2	14315	0.179004	1
2	14325	0.179129	1
2	14335	0.179254	1
2	14345	0.179379	1
2	14355	0.179504	1
2	14365	0.179629	1
2	14375	0.179754	1
2	14385	0.179879	1
2	14395	0.180004	1
2	14405	0.180129	1
2	14415	0.180254	1
2	14425	0.180379	1
2	14435	0.180504	1
2	14445	0.180629	1
2	14455	0.180754	1
2	14465	0.180879	1
2	14475	0.181004	1
2	14485	0.181129	1
2	14495	0.181254	1
2	14505	0.181379	1
2	14515	0.181504	1
2	14525	0.181629	1
2	14535	0.181754	1
2	14545	0.181879	1
2	14555	0.182004	1
2	14565	0.182129	1
2	14575	0.182254	1
2	14585	0.182379	1
2	14595	0.182504	1
2	14605	0.182629	1
2	14615	0.182754	1
2	14625	0.182879	1
2	14635	0.183004	1
2	14645	0.183129	1
2	14655	0.183254	1
2	14665	0.183379	1
2	14675	0.183504	1
2	14685	0.183629	1
2	14695	0.183754	1
2	14705	0.183879	1
2	14715	0.184004	1
2	14725	0.184129	1
2	14735	0.184254	1
2	14745	0.184379	1
2	14755	0.184504	1
2	14765	0.184629	1
2	14775	0.184754	1
2	14785	0.184879	1
2	14795	0.185004	1
2	14805	0.185129	1
2	14815	0.185254	1
2	14825	0.185379	1
2	14835	0.185504	1
2	14845	0.185629	1
2	14855	0.185754	1
2	14865	0.185879	1
2	14875	0.186004	1
2	14885	0.186129	1
2	14895	0.186254	1
2	14905	0.186379	1
2	14915	0.186504	1
2	14925	0.186629	1
2	14935	0.186754	1
2	14945	0.186879	1
2	14955	0.187004	1
2	14965	0.187129	1
2	14975	0.187254	1
2	14985	0.187379	1
2	14995	0.187504	1
2	15005	0.187629	1
2	15015	0.187754	1
2	15025	0.187879	1
2	15035	0.188004	1
2	15045	0.188129	1
2	15055	0.188254	1
2	15065	0.188379	1
2	15075	0.188504	1
2	15085	0.188629	1
2	15095	0.188754	1
2	15105	0.188879	1
2	15115	0.189004	1
2	15125	0.189129	1
2	15135	0.189254	1
2	15145	0.189379	1
2	15155	0.189504	1
2	15165	0.189629	1
2	15175	0.189754	1
2	15185	0.189879	1
2	15195	0.190004	1
2	15205	0.190129	1
2	15215	0.190254	1
2	15225	0.190379	1
2	15235	0.190504	1
2	15245	0.190629	1
2	15255	0.190754	1
2	15265	0.190879	1
2	15275	0.191004	1
2	15285	0.191129	1
2	15295	0.191254	1
2	15305	0.191379	1
2	15315	0.191504	1
2	15325	0.191629	1
2	15335	0.191754	1
2	15345	0.191879	1
2	15355	0.192004	1
2	15365	0.192129	1
2	15375	0.192254	1
2	15385	0.192379	1
2	15395	0.192504	1
2	15405	0.192629	1
2	15415	0.192754	1
2	15425	0.192879	1
2	15435	0.193004	1
2	15445	0.193129	1
2	15455	0.193254	1
2	15465	0.193379	1
2	15475	0.193504	1
2	15485	0.193629	1
2	15495	0.193754	1
2	15505	0.193879	1
2	15515	0.194004	1
2	15525	0.194129	1
2	15535	0.194254	1
2	15545	0.194379	1
2	15555	0.194504	1
2	15565	0.194629	1
2	15575	0.194754	1
2	15585	0.194879	1
2	15595	0.195004	1
2	15605	0.195129	1
2	15615	0.195254	1
2	15625	0.195379	1
2	15635	0.195504	1
2	15645	0.195629	1
2	15655	0.195754	1
2	15665	0.195879	1
2	15675	0.196004	1
2	15685	0.196129	1
2	15695	0.196254	1
2	15705	0.196379	1
2	15715	0.196504	1
2	15725	0.196629	1
2	15735	0.196754	1
2	15745	0.196879	1
2	15755	0.197004	1
2	15765	0.197129	1
2	15775	0.197254	1
2	15785	0.197379	1
2	15795	0.197504	1
2	15805	0.197629	1
2	15815	0.197754	1
2	15825	0.197879	1
2	15835	0.198004	1
2	15845	0.198129	1
2	15855	0.198254	1
2	15865	0.198379	1
2	15875	0.198504	1
2	15885	0.198629	1
2	15895	0.198754	1
2	15905	0.198879	1
2	15915	0.199004	1
2	15925	0.199129	1
2	15935	0.199254	1
2	15945	0.199379	1
2	15955	0.199504	1
2	15965	0.199629	1
2	15975	0.199754	1
2	15985	0.199879	1
2	15995	0.200004	1
2	16005	0.200129	1
2	16015	0.200254	1
2	16025	0.200379	1
2	16035	0.200504	1
2	16045	0.200629	1
2	16055	0.200754	1
2	16065	0.200879	1
2	16075	0.201004	1
2	16085	0.201129	1
2	16095	0.201254	1
2	16105	0.201379	1
2	16115	0.201504	1
2	16125	0.201629	1
2	16135	0.201754	1
2	16145	0.201879	1
2	16155	0.202004	1
2	16165	0.202129	1
2	16175	0.202254	1
2	16185	0.202379	1
2	16195	0.202504	1
2	16205	0.202629	1
2	16215	0.202754	1
2	16225	0.202879	1
2	16235	0.203004	1
2	16245	0.203129	1
2	16255	0.203254	1
2	16265	0.203379	1
2	16275	0.203504	1
2	16285	0.203629	1
2	16295	0.203754	1
2	16305	0.203879	1
2	16315	0.204004	1
2	16325	0.204129	1
2	16335	0.204254	1
2	16345	0.204379	1
2	16355	0.204504	1
2	16365	0.204629	1
2	16375	0.204754	1
2	16385	0.204879	1
2	16395	0.205004	1
2	16405	0.205129	1
2	16415	0.205254	1
2	16425	0.205379	1
2	16435	0.205504	1
2	16445	0.205629	1
2	16455	0.205754	1
2	16465	0.205879	1
2	16475	0.206004	1
2	16485	0.206129	1
2	16495	0.206254	1
2	16505	0.206379	1
2	16515	0.206504	1
2	16525	0.206629	1
2	16535	0.206754	1
2	16545	0.206879	1
2	16555	0.207004	1
2	16565	0.207129	1
2	16575	0.207254	1
2	16585	0.207379	1
2	16595	0.207504	1
2	16605	0.207629	1
2	16615	0.207754	1
2	16625	0.207879	1
2	16635	0.208004	1
2	16645	0.208129	1
2	16655	0.208254	1
2	16665	0.208379	1
2	16675	0.208504	1
2	16685	0.208629	1
2	16695	0.208754	1
2	16705	0.208879	1
2	16715	0.209004	1
2	16725	0.209129	1
2	16735	0.209254	1
2	16745	0.209379	1
2	16755	0.209504	1
2	16765	0.209629	1
2	16775	0.209754	1
2	16785	0.209879	1
2	16795	0.210004	1
2	16805	0.210129	1
2	16815	0.210254	1
2	16825	0.210379	1
2	16835	0.210504	1
2	16845	0.210629	1
2	16855	0.210754	1
2	16865	0.210879	1
2	16875	0.211004	1
2	16885	0.211129	1
2	16895	0.211254	1
2	16905	0.211379	1
2	16915	0.211504	1
2	16925	0.211629	1
2	16935	0.211754	1
2	16945	0.211879	1
2	16955	0.212004	1
2	16965	0.212129	1
2	16975	0.212254	1
2	16985	0.212379	1
2	16995	0.212504	1
2	17005	0.212629	1
2	17015	0.212754	1
2	17025	0.212879	1
2	17035	0.213004	1
2	17045	0.213129	1
2	17055	0.213254	1
2	17065	0.213379	1
2	17075	0.213504	1
2	17085	0.213629	1
2	17095	0.213754	1
2	17105	0.213879	1
2	17115	0.214004	1
2	17125	0.214129	1
2	17135	0.214254	1
2	17145	0.214379	1
2	17155	0.214504	1
2	17165	0.214629	1
2	17175	0.214754	1
2	17185	0.214879	1
2	17195	0.215004	1
2	17205	0.215129	1
2	17215	0.215254	1
2	17225	0.215379	1
2	17235	0.215504	1
2	17245	0.215629	1
2	17255	0.215754	1
2	17265	0.215879	1
2	17275	0.216004	1
2	17285	0.216129	1
2	17295	0.216254	1
2	17305	0.216379	1
2	17315	0.216504	1
2	17325	0.216629	1
2	17335	0.216754	1
2	17345	0.216879	1
2	17355	0.217004	1
2	17365	0.217129	1
2	17375	0.217254	1
2	17385	0.217379	1
2	17395	0.217504	1
2	17405	0.217629	1
2	17415	0.217754	1
2	17425	0.217879	1
2	17435	0.218004	1
2	17445	0.218129	1
2	17455	0.218254	1
2	17465	0.218379	1
2	17475	0.218504	1
2	17485	0.218629	1
2	17495	0.218754	1
2	17505	0.218879	1
2	17515	0.219004	1
2	17525	0.219129	1
2	17535	0.219254	1
2	17545	0.219379	1
2	17555	0.219504	1
2	17565	0.219629	1
2	17575	0.219754	1
2	17585	0.219879	1
2	17595	0.220004	1
2	17605	0.220129	1
2	17615	0.220254	1
2	17625	0.220379	1
2	17635	0.220504	1
2	17645	0.220629	1
2	17655	0.220754	1
2	17665	0.220879	1
2	17675	0.221004	1
2	17685	0.221129	1
2	17695	0.221254	1
2	17705	0.221379	1
2	17715	0.221504	1
2	17725	0.221629	1
2	17735	0.221754	1
2	17745	0.221879	1
2	17755	0.222004	1
2	17765	0.222129	1
2	17775	0.222254	1
2	17785	0.222379	1
2	17795	0.222504	1
2	17805	0.222629	1
2	17815	0.222754	1
2	17825	0.222879	1
2	17835	0.223004	1
2	17845	0.223129	1
2	17855	0.223254	1
2	17865	0.223379	1
2	17875	0.223504	1
2	17885	0.223629	1
2	17895	0.223754	1
2	17905	0.223879	1
2	17915	0.224004	1
2	17925	0.224129	1
2	17935	0.224254	1
2	17945	0.224379	1
2	17955	0.224504	1
2	17965	0.224629	1
2	17975	0.224754	1
2	17985	0.224879	1
2	17995	0.225004	1
2	18005	0.225129	1
2	18015	0.225254	1
2	18025	0.225379	1
2	18035	0.225504	1
2	18045	0.225629	1
2	18055	0.225754	1
2	18065	0.225879	1
2	18075	0.226004	1
2	18085	0.226129	1
2	18095	0.226254	1
2	18105	0.226379	1
2	18115	0.226504	1
2	18125	0.226629	1
2	18135	0.226754	1
2	18145	0.226879	1
2	18155	0.227004	1
2	18165	0.227129	1
2	18175	0.227254	1
2	18185	0.227379	1
2	18195	0.227504	1
2	18205	0.227629	1
2	18215	0.227754	1
2	18225	0.227879	1
2	18235	0.228004	1
2	18245	0.228129	1
2	18255	0.228254	1
2	18265	0.228379	1
2	18275	0.228504	1
2	18285	0.228629	1
2	18295	0.228754	1
2	18305	0.228879	1
2	18315	0.229004	1
2	18325	0.229129	1
2	18335	0.229254	1
2	18345	0.229379	1
2	18355	0.229504	1
2	18365	0.229629	1
2	18375	0.229754	1
2	18385	0.229879	1
2	18395	0.230004	1
2	18405	0.230129	1
2	18415	0.230254	1
2	18425	0.230379	1
2	18435	0.230504	1
2	18445	0.230629	1
2	18455	0.230754	1
2	18465	0.230879	1
2	18475	0.231004	1
2	18485	0.231129	1
2	18495	0.231254	1
2	18505	0.231379	1
2	18515	0.231504	1
2	18525	0.231629	1
2	18535	0.231754	1
2	18545	0.231879	1
2	18555	0.232004	1
2	18565	0.232129	1
2	18575	0.232254	1
2	18585	0.232379	1
2	18595	0.232504	1
2	18605	0.232629	1
2	18615	0.232754	1
2	18625	0.232879	1
2	18635	0.233004	1
2	18645	0.233129	1
2	18655	0.233254	1
2	18665	0.233379	1
2	18675	0.233504	1
2	18685	0.233629	1
2	18695	0.233754	1
2	18705	0.233879	1
2	18715	0.234004	1
2	18725	0.234129	1
2	18735	0.234254	1
2	18745	0.234379	1
2	18755	0.234504	1
2	18765	0.234629	1
2	18775	0.234754	1
2	18785	0.234879	1
2	18795	0.235004	1
2	18805	0.235129	1
2	18815	0.235254	1
2	18825	0.235379	1
2	18835	0.235504	1
2	18845	0.235629	1
2	18855	0.235754	1
2	18865	0.235879	1
2	18875	0.236004	1
2	18885	0.236129	1
2	18895	0.236254	1
2	18905	0.236379	1
2	18915	0.236504	1
2	18925	0.236629	1
2	18935	0.236754	1
2	18945	0.236879	1
2	18955	0.237004	1
2	18965	0.237129	1
2	18975	0.237254	1
2	18985	0.237379	1
2	18995	0.237504	1
2	19005	0.237629	1
2	19015	0.237754	1
2	19025	0.237879	1
2	19035	0.238004	1
2	19045	0.238129	1
2	19055	0.238254	1
2	19065	0.238379	1
2	19075	0.238504	1
2	19085	0.238629	1
2	19095	0.238754	1
2	19105	0.238879	1
2	19115	0.239004	1
2	19125	0.239129	1
2	19135	0.239254	1
2	19145	0.239379	1
2	19155	0.239504	1
2	19165	0.239629	1
2	19175	0.239754	1
2	19185	0.239879	1
2	19195	0.240004	1
2	19205	0.240129	1
2	19215	0.240254	1
2	19225	0.240379	1
2	19235	0.240504	1
2	19245	0.240629	1
2	19255	0.240754	1
2	19265	0.240879	1
2	19275	0.241004	1
2	19285	0.241129	1
2	19295	0.241254	1
2	19305	0.241379	1
2	19315	0.241504	1
2	19325	0.241629	1
2	19335	0.241754	1
2	19345	0.241879	1
2	19355	0.242004	1
2	19365	0.242129	1
2	19375	0.242254	1
2	19385	0.242379	1
2	19395	0.242504	1
2	19405	0.242629	1
2	19415	0.242754	1
2	19425	0.242879	1
2	19435	0.243004	1
2	19445	0.243129	1
2	19455	0.243254	1
2	19465	0.243379	1
2	19475	0.243504	1
2	19485	0.243629	1
2	19495	0.243754	1
2	19505	0.243879	1
2	19515	0.244004	1
2	19525	0.244129	1
2	19535	0.244254	1
2	19545	0.244379	1
2	19555	0.244504	1
2	19565	0.244629	1
2	19575	0.244754	1
2	19585	0.244879	1
2	19595	0.245004	1
2	19605	0.245129	1
2	19615	0.245254	1
2	19625	0.245379	1
2	19635	0.245504	1
2	19645	0.245629	1
2	19655	0.245754	1
2	19665	0.245879	1
2	19675	0.246004	1
2	19685	0.246129	1
2	19695	0.246254	1
2	19705	0.246379	1
2	19715	0.246504	1
2	19725	0.246629	1
2	19735	0.246754	1
2	19745	0.246879	1
2	19755	0.247004	1
2	19765	0.247129	1
2	19775	0.247254	1
2	19785	0.247379	1
2	19795	0.247504	1
2	19805	0.247629	1
2	19815	0.247754	1
2	19825	0.247879	1
2	19835	0.248004	1
2	19845	0.248129	1
2	19855	0.248254	1
2	19865	0.248379	1
2	19875	0.248504	1
2	19885	0.248629	1
2	19895	0.248754	1
2	19905	0.248879	1
2	19915	0.249004	1
2	19925	0.249129	1
2	19935	0.249254	1
2	19945	0.249379	1
2	19955	0.249504	1
2	19965	0.249629	1
2	19975	0.249754	1
2	19985	0.249879	1
2	19995	0.250004	1
2	20005	0.250129	1
2	20015	0.250254	1
2	20025	0.250379	1
2	20035	0.250504	1
2	20045	0.250629	1
2	20055	0.250754	1
2	20065	0.250879	1
2	20075	0.251004	1
2	20085	0.251129	1
2	20095	0.251254	1
2	20105	0.251379	1
2	20115	0.251504	1
2	20125	0.251629	1
2	20135	0.251754	1
2	20145	0.251879	1
2	20155	0.252004	1
2	20165	0.252129	1
2	20175	0.252254	1
2	20185	0.252379	1
2	20195	0.252504	1
2	20205	0.252629	1
2	20215	0.252754	1
2	20225	0.252879	1
2	20235	0.253004	1
2	20245	0.253129	1
2	20255	0.253254	1
2	20265	0.253379	1
2	20275	0.253504	1
2	20285	0.253629	1
2	20295	0.253754	1
2	20305	0.253879	1
2	20315	0.254004	1
2	20325	0.254129	1
2	20335	0.254254	1
2	20345	0.254379	1
2	20355	0.254504	1
2	20365	0.254629	1
2	20375	0.254754	1
2	20385	0.254879	1
2	20395	0.255004	1
2	20405	0.255129	1
2	20415	0.255254	1
2	20425	0.255379	1
2	20435	0.255504	1
2	20445	0.255629	1
2	20455	0.255754	1
2	20465	0.255879	1
2	20475	0.256004	1
2	20485	0.256129	1
2	20495	0.256254	1
2	20505	0.256379	1
2	20515	0.256504	1
2	20525	0.256629	1
2	20535	0.256754	1
2	20545	0.256879	1
2	20555	0.257004	1
2	20565	0.257129	1
2	20575	0.257254	1
2	20585	0.257379	1
2	20595	0.257504	1
2	20605	0.257629	1
2	20615	0.257754	1
2	20625	0.257879	1
2	20635	0.258004	1
2	20645	0.258129	1
2	20655	0.258254	1
2	20665	0.258379	1
2	20675	0.258504	1
2	20685	0.258629	1
2	20695	0.258754	1
2	20705	0.258879	1
2	20715	0.259004	1
2	20725	0.259129	1
2	20735	0.259254	1
2	20745	0.259379	1
2	20755	0.259504	1
2	20765	0.259629	1
2	20775	0.259754	1
2	20785	0.259879	1
2	20795	0.260004	1
2	20805	0.260129	1
2	20815	0.260254	1
2	20825	0.260379	1
2	20835	0.260504	1
2	20845	0.260629	1
2	20855	0.260754	1
2	20865	0.260879	1
2	20875	0.261004	1
2	20885	0.261129	1
2	20895	0.261254	1
2	20905	0.261379	1
2	20915	0.261504	1
2	20925	0.261629	1
2	20935	0.261754	1
2	20945	0.261879	1
2	20955	0.262004	1
2	20965	0.262129	1
2	20975	0.262254	1
2	20985	0.262379	1
2	20995	0.262504	1
2	21005	0.262629	1
2	21015	0.262754	1
2	21025	0.262879	1
2	21035	0.263004	1
2	21045	0.263129	1
2	21055	0.263254	1
2	21065	0.263379	1
2	21075	0.263504	1
2	21085	0.263629	1
2	21095	0.263754	1
2	21105	0.263879	1
2	21115	0.264004	1
2	21125	0.264129	1
2	21135	0.264254	1
2	21145	0.264379	1
2	21155	0.264504	1
2	21165	0.264629	1
2	21175	0.264754	1
2	21185	0.264879	1
2	21195	0.265004	1
2	21205	0.265129	1
2	21215	0.265254	1
2	21225	0.265379	1
2	21235	0.265504	1
2	21245	0.265629	1
2	21255	0.265754	1
2	21265	0.265879	1
2	21275	0.266004	1
2	21285	0.266129	1
2	21295	0.266254	1
2	21305	0.266379	1
2	21315	0.266504	1
2	21325	0.266629	1
2	21335	0.266754	1
2	21345	0.266879	1
2	21355	0.267004	1
2	21365	0.267129	1
2	21375	0.267254	1
2	21385	0.267379	1
2	21395	0.267504	1
2	21405	0.267629	1
2	21415	0.267754	1
2	21425	0.267879	1
2	21435	0.268004	1
2	21445	0.268129	1
2	21455	0.268254	1
2	21465	0.268379	1
2	21475	0.268504	1
2	21485	0.268629	1
2	21495	0.268754	1
2	21505	0.268879	1
2	21515	0.269004	1
2	21525	0.269129	1
2	21535	0.269254	1
2	21545	0.269379	1
2	21555	0.269504	1
2	21565	0.269629	1
2	21575	0.269754	1
2	21585	0.269879	1
2	21595	0.270004	1
2	21605	0.270129	1
2	21615	0.270254	1
2	21625	0.270379	1
2	21635	0.270504	1
2	21645	0.270629	1
2	21655	0.270754	1
2	21665	0.270879	1
2	21675	0.271004	1
2	21685	0.271129	1
2	21695	0.271254	1
2	21705	0.271379	1
2	21715	0.271504	1
2	21725	0.271629	1
2	21735	0.271754	1
2	21745	0.271879	1
2	21755	0.272004	1
2	21765	0.272129	1
2	21775	0.272254	1
2	21785	0.272379	1
2	21795	0.272504	1
2	21805	0.272629	1
2	21815	0.272754	1
2	21825	0.272879	1
2	21835	0.273004	1
2	21845	0.273129	1
2	21855	0.273254	1
2	21865	0.273379	1
2	21875	0.273504	1
2	21885	0.273629	1
2	21895	0.273754	1
2	21905	0.273879	1
2	21915	0.274004	1
2	21925	0.274129	1
2	21935	0.274254	1
2	21945	0.274379	1
2	21955	0.274504	1
2	21965	0.274629	1
2	21975	0.274754	1
2	21985	0.274879	1
2	21995	0.275004	1
2	22005	0.275129	1
2	22015	0.275254	1
2	22025	0.275379	1
2	22035	0.275504	1
2	22045	0.275629	1
2	22055	0.275754	1
2	22065	0.275879	1
2	22075	0.276004	1
2	22085	0.276129	1
2	22095	0.276254	1
2	22105	0.276379	1
2	22115	0.276504	1
2	22125	0.276629	1
2	22135	0.276754	1
2	22145	0.276879	1
2	22155	0.277004	1
2	22165	0.277129	1
2	22175	0.277254	1
2	22185	0.277379	1
2	22195	0.277504	1
2	22205	0.277629	1
2	22215	0.277754	1
2	22225	0.277879	1
2	22235	0.278004	1
2	22245	0.278129	1
2	22255	0.278254	1
2	22265	0.278379	1
2	22275	0.278504	1
2	22285	0.278629	1
2	22295	0.278754	1
2	22305	0.278879	1
2	22315	0.279004	1
2	22325	0.279129	1
2	22335	0.279254	1
2	22345	0.279379	1
2	22355	0.279504	1
2	22365	0.279629	1
2	22375	0.279754	1
2	22385	0.279879	1
2	22395	0.280004	1
2	22405	0.280129	1
2	22415	0.280254	1
2	22425	0.280379	1
2	22435	0.280504	1
2	22445	0.280629	1
2	22455	0.280754	1
2	22465	0.280879	1
2	22475	0.281004	1
2	22485	0.281129	1
2	22495	0.281254	1
2	22505	0.281379	1
2	22515	0.281504	1
2	22525	0.281629	1
2	22535	0.281754	1
2	22545	0.281879	1
2	22555	0.282004	1
2	22565	0.282129	1
2	22575	0.282254	1
2	22585	0.282379	1
2	22595	0.282504	1
2	22605	0.282629	1
2	22615	0.282754	1
2	22625	0.282879	1
2	22635	0.283004	1
2	22645	0.283129	1
2	22655	0.283254	1
2	22665	0.283379	1
2	22675	0.283504	1
2	22685	0.283629	1
2	22695	0.283754	1
2	22705	0.283879	1
2	22715	0.284004	1
2	22725	0.284129	1
2	22735	0.284254	1
2	22745	0.284379	1
2	22755	0.284504	1
2	22765	0.284629	1
2	22775	0.284754	1
2	22785	0.284879	1
2	22795	0.285004	1
2	22805	0.285129	1
2	22815	0.285254	1
2	22825	0.285379	1
2	22835	0.285504	1
2	22845	0.285629	1
2	22855	0.285754	1
2	22865	0.285879	1
2	22875	0.286004	1
2	22885	0.286129	1
2	22895	0.286254	1
2	22905	0.286379	1
2	22915	0.286504	1
2	22925	0.286629	1
2	22935	0.286754	1
2	22945	0.286879	1
2	22955	0.287004	1
2	22965	0.287129	1
2	22975	0.287254	1
2	22985	0.287379	1
2	22995	0.287504	1
2	23005	0.287629	1
2	23015	0.287754	1
2	23025	0.287879	1
2	23035	0.288004	1
2	23045	0.288129	1
2	23055	0.288254	1
2	23065	0.288379	1
2	23075	0.288504	1
2	23085	0.288629	1
2	23095	0.288754	1
2	23105	0.288879	1
2	23115	0.289004	1
2	23125	0.289129	1
2	23135	0.289254	1
2	23145	0.289379	1
2	23155	0.289504	1
2	23165	0.289629	1
2	23175	0.289754	1
2	23185	0.289879	1
2	23195	0.290004	1
2	23205	0.290129	1
2	23215	0.290254	1
2	23225	0.290379	1
2	23235	0.290504	1
2	23245	0.290629	1
2	23255	0.290754	1
2	23265	0.290879	1
2	23275	0.291004	1
2	23285	0.291129	1
2	23295	0.291254	1
2	23305	0.291379	1
2	23315	0.291504	1
2	23325	0.291629	1
2	23335	0.291754	1
2	23345	0.291879	1
2	23355	0.292004	1
2	23365	0.292129	1
2	23375	0.292254	1
2	23385	0.292379	1
2	23395	0.292504	1
2	23405	0.292629	1
2	23415	0.292754	1
2	23425	0.292879	1
2	23435	0.293004	1
2	23445	0.293129	1
2	23455	0.293254	1
2	23465	0.293379	1
2	23475	0.293504	1
2	23485	0.293629	1
2	23495	0.293754	1
2	23505	0.293879	1
2	23515	0.294004	1
2	23525	0.294129	1
2	23535	0.294254	1
2	23545	0.294379	1
2	23555	0.294504	1
2	23565	0.294629	1
2	23575	0.294754	1
2	23585	0.294879	1
2	23595	0.295004	1
2	23605	0.295129	1
2	23615	0.295254	1
2	23625	0.295379	1
2	23635	0.295504	1
2	23645	0.295629	1
2	23655	0.295754	1
2	23665	0.295879	1
2	23675	0.296004	1
2	23685	0.296129	1
2	23695	0.296254	1
2	23705	0.296379	1
2	23715	0.296504	1
2	23725	0.296629	1
2	23735	0.296754	1
2	23745	0.296879	1
2	23755	0.297004	1
2	23765	0.297129	1
2	23775	0.297254	1
2	23785	0.297379	1
2	23795	0.297504	1
2	23805	0.297629	1
2	23815	0.297754	1
2	23825	0.297879	1
2	23835	0.298004	1
2	23845	0.298129	1
2	23855	0.298254	1
2	23865	0.298379	1
2	23875	0.298504	1
2	23885	0.298629	1
2	23895	0.298754	1
2	23905	0.298879	1
2	23915	0.299004	1
2	23925	0.299129	1
2	23935	0.299254	1
2	23945	0.299379	1
2	23955	0.299504	1
2	23965	0.299629	1
2	23975	0.299754	1
2	23985	0.299879	1
2	23995	0.300004	1
2	24005	0.300129	1
2	24015	0.300254	1
2	24025	0.300379	1
2	24035	0.300504	1
2	24045	0.300629	1
2	24055	0.300754	1
2	24065	0.300879	1
2	24075	0.301004	1
2	24085	0.301129	1
2	24095	0.301254	1
2	24105	0.301379	1
2	24115	0.301504	1
2	24125	0.301629	1
2	24135	0.301754	1
2	24145	0.301879	1
2	24155	0.302004	1
2	24165	0.302129	1
2	24175	0.302254	1
2	24185	0.302379	1
2	24195	0.302504	1
2	24205	0.302629	1
2	24215	0.302754	1
2	24225	0.302879	1
2	24235	0.303004	1
2	24245	0.303129	1
2	24255	0.303254	1
2	24265	0.303379	1
2	24275	0.303504	1
2	24285	0.303629	1
2	24295	0.303754	1
2	24305	0.303879	1
2	24315	0.304004	1
2	24325	0.304129	1
2	24335	0.304254	1
2	24345	0.304379	1
2	24355	0.304504	1
2	24365	0.304629	1
2	24375	0.304754	1
2	24385	0.304879	1
2	24395	0.305004	1
2	24405	0.305129	1
2	24415	0.305254	1
2	24425	0.305379	1
2	24435	0.305504	1
2	24445	0.305629	1
2	24455	0.305754	1
2	24465	0.305879	1
2	24475	0.306004	1
2	24485	0.306129	1
2	24495	0.306254	1
2	24505	0.306379	1
2	24515	0.306504	1
2	24525	0.306629	1
2	24535	0.306754	1
2	24545	0.306879	1
2	24555	0.307004	1
2	24565	0.307129	1
2	24575	0.307254	1
2	24585	0.307379	1
2	24595	0.307504	1
2	24605	0.307629	1
2	24615	0.307754	1
2	24625	0.307879	1
2	24635	0.308004	1
2	24645	0.308129	1
2	24655	0.308254	1
2	24665	0.308379	1
2	24675	0.308504	1
2	24685	0.308629	1
2	24695	0.308754	1
2	24705	0.308879	1
2	24715	0.309004	1
2	24725	0.309129	1
2	24735	0.309254	1
2	24745	0.309379	1
2	24755	0.309504	1
2	24765	0.309629	1
2	24775	0.309754	1
2	24785	0.309879	1
2	24795	0.310004	1
2	24805	0.310129	1
2	24815	0.310254	1
2	24825	0.310379	1
2	24835	0.310504	1
2	24845	0.310629	1
2	24855	0.310754	1
2	24865	0.310879	1
2	24875	0.311004	1
2	24885	0.311129	1
2	24895	0.311254	1
2	24905	0.311379	1
2	24915	0.311504	1
2	24925	0.311629	1
2	24935	0.311754	1
2	24945	0.311879	1
2	24955	0.312004	1
2	24965	0.312129	1
2	24975	0.312254	1
2	24985	0.312379	1
2	24995	0.312504	1
2	25005	0.312629	1
2	25015	0.312754	1
2	25025	0.312879	1
2	25035	0.313004	1
2	25045	0.313129	1
2	25055	0.313254	1
2	25065	0.313379	1
2	25075	0.313504	1
2	25085	0.313629	1
2	25095	0.313754	1
2	25105	0.313879	1
2	25115	0.314004	1
2	25125	0.314129	1
2	25135	0.314254	1
2	25145	0.314379	1
2	25155	0.314504	1
2	25165	0.314629	1
2	25175	0.314754	1
2	25185	0.314879	1
2	25195	0.315004	1
2	25205	0.315129	1
2	25215	0.315254	1
2	25225	0.315379	1
2	25235	0.315504	1
2	25245	0.315629	1
2	25255	0.315754	1
2	25265	0.315879	1
2	25275	0.316004	1
2	25285	0.316129	1
2	25295	0.316254	1
2	25305	0.316379	1
2	25315	0.316504	1
2	25325	0.316629	1
2	25335	0.316754	1
2	25345	0.316879	1
2	25355	0.317004	1
2	25365	0.317129	1
2	25375	0.317254	1
2	25385	0.317379	1
2	25395	0.317504	1
2	25405	0.317629	1
2	25415	0.317754	1
2	25425	0.317879	1
2	25435	0.318004	1
2	25445	0.318129	1
2	25455	0.318254	1
2	25465	0.318379	1
2	25475	0.318504	1
2	25485	0.318629	1
2	25495	0.318754	1
2	25505	0.318879	1
2	25515	0.319004	1
2	25525	0.319129	1
2	25535	0.319254	1
2	25545	0.319379	1
2	25555	0.319504	1
2	25565	0.319629	1
2	25575	0.319754	1
2	25585	0.319879	1
2	25595	0.320004	1
2	25605	0.320129	1
2	25615	0.320254	1
2	25625	0.320379	1
2	25635	0.320504	1
2	25645	0.320629	1
2	25655	0.320754	1
2	25665	0.320879	1
2	25675	0.321004	1
2	25685	0.321129	1
2	25695	0.321254	1
2	25705	0.321379	1
2	25715	0.321504	1
2	25725	0.321629	1
2	25735	0.321754	1
2	25745	0.321879	1
2	25755	0.322004	1
2	25765	0.322129	1
2	25775	0.322254	1
2	25785	0.322379	1
2	25795	0.322504	1
2	25805	0.322629	1
2	25815	0.322754	1
2	25825	0.322879	1
2	25835	0.323004	1
2	25845	0.323129	1
2	25855	0.323254	1
2	25865	0.323379	1
2	25875	0.323504	1
2	25885	0.323629	1
2	25895	0.323754	1
2	25905	0.323879	1
2	25915	0.324004	1
2	25925	0.324129	1
2	25935	0.324254	1
2	25945	0.324379	1
2	25955	0.324504	1
2	25965	0.324629	1
2	25975	0.324754	1
2	25985	0.324879	1
2	25995	0.325004	1
2	26005	0.325129	1
2	26015	0.325254	1
2	26025	0.325379	1
2	26035	0.325504	1
2	26045	0.325629	1
2	26055	0.325754	1
2	26065	0.325879	1
2	26075	0.326004	1
2	26085	0.326129	1
2	26095	0.326254	1
2	26105	0.326379	1
2	26115	0.326504	1
2	26125	0.326629	1
2	26135	0.326754	1
2	26145	0.326879	1
2	26155	0.327004	1
2	26165	0.327129	1
2	26175	0.327254	1
2	26185	0.327379	1
2	26195	0.327504	1
2	26205	0.327629	1
2	26215	0.327754	1
2	26225	0.327879	1
2	26235	0.328004	1
2	26245	0.328129	1
2	26255	0.328254	1
2	26265	0.328379	1
2	26275	0.328504	1
2	26285	0.328629	1
2	26295	0.328754	1
2	26305	0.328879	1
2	26315	0.329004	1
2	26325	0.329129	1
2	26335	0.329254	1
2	26345	0.329379	1
2	26355	0.329504	1
2	26365	0.329629	1
2	26375	0.329754	1
2	26385	0.329879	1
2	26395	0.330004	1
2	26405	0.330129	1
2	26415	0.330254	1
2	26425	0.330379	1
2	26435	0.330504	1
2	26445	0.330629	1
2	26455	0.330754	1
2	26465	0.330879	1
2	26475	0.331004	1
2	26485	0.331129	1
2	26495	0.331254	1
2	26505	0.331379	1
2	26515	0.331504	1
2	26525	0.331629	1
2	26535	0.331754	1
2	26545	0.331879	1
2	26555	0.332004	1
2	26565	0.332129	1
2	26575	0.332254	1
2	26585	0.332379	1
2	26595	0.332504	1
2	26605	0.332629	1
2	26615	0.332754	1
2	26625	0.332879	1
2	26635	0.333004	1
2	26645	0.333129	1
2	26655	0.333254	1
2	26665	0.333379	1
2	26675	0.333504	1
2	26685	0.333629	1
2	26695	0.333754	1
2	26705	0.333879	1
2	26715	0.334004	1
2	26725	0.334129	1
2	26735	0.334254	1
2	26745	0.334379	1
2	26755	0.334504	1
2	26765	0.334629	1
2	26775	0.334754	1
2	26785	0.334879	1
2	26795	0.335004	1
2	26805	0.335129	1
2	26815	0.335254	1
2	26825	0.335379	1
2	26835	0.335504	1
2	26845	0.335629	1
2	26855	0.335754	1
2	26865	0.335879	1
2	26875	0.336004	1
2	26885	0.336129	1
2	26895	0.336254	1
2	26905	0.336379	1
2	26915	0.336504	1
2	26925	0.336629	1
2	26935	0.336754	1
2	26945	0.336879	1
2	26955	0.337004	1
2	26965	0.337129	1
2	26975	0.337254	1
2	26985	0.337379	1
2	26995	0.337504	1
2	27005	0.337629	1
2	27015	0.337754	1
2	27025	0.337879	1
2	27035	0.338004	1
2	27045	0.338129	1
2	27055	0.338254	1
2	27065	0.338379	1
2	27075	0.338504	1
2	27085	0.338629	1
2	27095	0.338754	1
2	27105	0.338879	1
2	27115	0.339004	1
2	27125	0.339129	1
2	27135	0.339254	1
2	27145	0.339379	1
2	27155	0.339504	1
2	27165	0.339629	1
2	27175	0.339754	1
2	27185	0.339879	1
2	27195	0.340004	1
2	27205	0.340129	1
2	27215	0.340254	1
2	27225	0.340379	1
2	27235	0.340504	1
2	27245	0.340629	1
2	27255	0.340754	1
2	27265	0.340879	1
2	27275	0.341004	1
2	27285	0.341129	1
2	27295	0.341254	1
2	27305	0.341379	1
2	27315	0.341504	1
2	27325	0.341629	1
2	27335	0.341754	1
2	27345	0.341879	1
2	27355	0.342004	1
2	27365	0.342129	1
2	27375	0.342254	1
2	27385	0.342379	1
2	27395	0.342504	1
2	27405	0.342629	1
2	27415	0.342754	1
2	27425	0.342879	1
2	27435	0.343004	1
2	27445	0.343129	1
2	27455	0.343254	1
2	27465	0.343379	1
2	27475	0.343504	1
2	27485	0.343629	1
2	27495	0.343754	1
2	27505	0.343879	1
2	27515	0.344004	1
2	27525	0.344129	1
2	27535	0.344254	1
2	27545	0.344379	1
2	27555	0.344504	1
2	27565	0.344629	1
2	27575	0.344754	1
2	27585	0.344879	1
2	27595	0.345004	1
2	27605	0.345129	1
2	27615	0.345254	1
2	27625	0.345379	1
2	27635	0.345504	1
2	27645	0.345629	1
2	27655	0.345754	1
2	27665	0.345879	1
2	27675	0.346004	1
2	27685	0.346129	1
2	27695	0.346254	1
2	27705	0.346379	1
2	27715	0.346504	1
2	27725	0.346629	1
2	27735	0.346754	1
2	27745	0.346879	1
2	27755	0.347004	1
2	27765	0.347129	1
2	27775	0.347254	1
2	27785	0.347379	1
2	27795	0.347504	1
2	27805	0.347629	1
2	27815	0.347754	1
2	27825	0.347879	1
2	27835	0.348004	1
2	27845	0.348129	1
2	27855	0.348254	1
2	27865	0.348379	1
2	27875	0.348504	1
2	27885	0.348629	1
2	27895	0.348754	1
2	27905	0.348879	1
2	27915	0.349004	1
2	27925	0.349129	1
2	27935	0.349254	1
2	27945	0.349379	1
2	27955	0.349504	1
2	27965	0.349629	1
2	27975	0.349754	1
2	27985	0.349879	1
2	27995	0.350004	1
2	28005	0.350129	1
2	28015	0.350254	1
2	28025	0.350379	1
2	28035	0.350504	1
2	28045	0.350629	1
2	28055	0.350754	1
2	28065	0.350879	1
2	28075	0.351004	1
2	28085	0.351129	1
2	28095	0.351254	1
2	28105	0.351379	1
2	28115	0.351504	1
2	28125	0.351629	1
2	28135	0.351754	1
2	28145	0.351879	1
2	28155	0.352004	1
2	28165	0.352129	1
2	28175	0.352254	1
2	28185	0.352379	1
2	28195	0.352504	1
2	28205	0.352629	1
2	28215	0.352754	1
2	28225	0.352879	1
2	28235	0.353004	1
2	28245	0.353129	1
2	28255	0.353254	1
2	28265	0.353379	1
2	28275	0.353504	1
2	28285	0.353629	1
2	28295	0.353754	1
2	28305	0.353879	1
2	28315	0.354004	1
2	28325	0.354129	1
2	28335	0.354254	1
2	28345	0.354379	1
2	28355	0.354504	1
2	28365	0.354629	1
2	28375	0.354754	1
2	28385	0.354879	1
2	28395	0.355004	1
2	28405	0.355129	1
2	28415	0.355254	1
2	28425	0.355379	1
2	28435	0.355504	1
2	28445	0.355629	1
2	28455	0.355754	1
2	28465	0.355879	1
2	28475	0.356004	1
2	28485	0.356129	1
2	28495	0.356254	1
2	28505	0.356379	1
2	28515	0.356504	1
2	28525	0.356629	1
2	28535	0.356754	1
2	28545	0.356879	1
2	28555	0.357004	1
2	28565	0.357129	1
2	28575	0.357254	1
2	28585	0.357379	1
2	28595	0.357504	1
2	28605	0.357629	1
2	28615	0.357754	1
2	28625	0.357879	1
2	28635	0.358004	1
2	28645	0.358129	1
2	28655	0.358254	1
2	28665	0.358379	1
2	28675	0.358504	1
2	28685	0.358629	1
2	28695	0.358754	1
2	28705	0.358879	1
2	28715	0.359004	1
2	28725	0.359129	1
2	28735	0.359254	1
2	28745	0.359379	1
2	28755	0.359504	1
2	28765	0.359629	1
2	28775	0.359754	1
2	28785	0.359879	1
2	28795	0.360004	1
2	28805	0.360129	1
2	28815	0.360254	1
2	28825	0.360379	1
2	28835	0.360504	1
2	28845	0.360629	1
2	28855	0.360754	1
2	28865	0.360879	1
2	28875	0.361004	1
2	28885	0.361129	1
2	28895	0.361254	1
2	28905	0.361379	1
2	28915	0.361504	1
2	28925	0.361629	1
2	28935	0.361754	1
2	28945	0.361879	1
2	28955	0.362004	1
2	28965	0.362129	1
2	28975	0.362254	1
2	28985	0.362379	1
2	28995	0.362504	1
2	29005	0.362629	1
2	29015	0.362754	1
2	29025	0.362879	1
2	29035	0.363004	1
2	29045	0.363129	1
2	29055	0.363254	1
2	29065	0.363379	1
2	29075	0.363504	1
2	29085	0.363629	1
2	29095	0.363754	1
2	29105	0.363879	1
2	29115	0.364004	1
2	29125	0.364129	1
2	29135	0.364254	1
2	29145	0.364379	1
2	29155	0.364504	1
2	29165	0.364629	1
2	29175	0.364754	1
2	29185	0.364879	1
2	29195	0.365004	1
2	29205	0.365129	1
2	29215	0.365254	1
2	29225	0.365379	1
2	29235	0.365504	1
2	29245	0.365629	1
2	29255	0.365754	1
2	29265	0.365879	1
2	29275	0.366004	1
2	29285	0.366129	1
2	29295	0.366254	1
2	29305	0.366379	1
2	29315	0.366504	1
2	29325	0.366629	1
2	29335	0.366754	1
2	29345	0.366879	1
2	29355	0.367004	1
2	29365	0.367129	1
2	29375	0.367254	1
2	29385	0.367379	1
2	29395	0.367504	1
2	29405	0.367629	1
2	29415	0.367754	1
2	29425	0.367879	1
2	29435	0.368004	1
2	29445	0.368129	1
2	29455	0.368254	1
2	29465	0.368379	1
2	29475	0.368504	1
2	29485	0.368629	1
2	29495	0.368754	1
2	29505	0.368879	1
2	29515	0.369004	1
2	29525	0.369129	1
2	29535	0.369254	1
2	29545	0.369379	1
2	29555	0.369504	1
2	29565	0.369629	1
2	29575	0.369754	1
2	29585	0.369879	1
2	29595	0.370004	1
2	29605	0.370129	1
2	29615	0.370254	1
2	29625	0.370379	1
2	29635	0.370504	1
2	29645	0.370629	1
2	29655	0.370754	1
2	29665	0.370879	1
2	29675	0.371004	1
2	29685	0.371129	1
2	29695	0.371254	1
2	29705	0.371379	1
2	29715	0.371504	1
2	29725	0.371629	1
2	29735	0.371754	1
2	29745	0.371879	1
2	29755	0.372004	1
2	29765	0.372129	1
2	29775	0.372254	1
2	29785	0.372379	1
2	29795	0.372504	1
2	29805	0.372629	1
2	29815	0.372754	1
2	29825	0.372879	1
2	29835	0.373004	1
2	29845	0.373129	1
2	29855	0.373254	1
2	29865	0.373379	1
2	29875	0.373504	1
2	29885	0.373629	1
2	29895	0.373754	1
2	29905	0.373879	1
2	29915	0.374004	1
2	29925	0.374129	1
2	29935	0.374254	1
2	29945	0.374379	1
2	29955	0.374504	1
2	29965	0.374629	1
2	29975	0.374754	1
2	29985	0.374879	1
2	29995	0.375004	1
2	30005	0.375129	1
2	30015	0.375254	1
2	30025	0.375379	1
2	30035	0.375504	1
2	30045	0.375629	1
2	30055	0.375754	1
2	30065	0.375879	1
2	30075	0.376004	1
2	30085	0.376129	1
2	30095	0.376254	1
2	30105	0.376379	1
2	30115	0.376504	1
2	30125	0.376629	1
2	30135	0.376754	1
2	30145	0.376879	1
2	30155	0.377004	1
2	30165	0.377129	1
2	30175	0.377254	1
2	30185	0.377379	1
2	30195	0.377504	1
2	30205	0.377629	1
2	30215	0.377754	1
2	30225	0.377879	1
2	30235	0.378004	1
2	30245	0.378129	1
2	30255	0.378254	1
2	30265	0.378379	1
2	30275	0.378504	1
2	30285	0.378629	1
2	30295	0.378754	1
2	30305	0.378879	1
2	30315	0.379004	1
2	30325	0.379129	1
2	30335	0.379254	1
2	30345	0.379379	1
2	30355	0.379504	1
2	30365	0.379629	1
2	30375	0.379754	1
2	30385	0.379879	1
2	30395	0.380004	1
2	30405	0.380129	1
2	30415	0.380254	1
2	30425	0.380379	1
2	30435	0.380504	1
2	30445	0.380629	1
2	30455	0.380754	1
2	30465	0.380879	1
2	30475	0.381004	1
2	30485	0.381129	1
2	30495	0.381254	1
2	30505	0.381379	1
2	30515	0.381504	1
2	30525	0.381629	1
2	30535	0.381754	1
2	30545	0.381879	1
2	30555	0.382004	1
2	30565	0.382129	1
2	30575	0.382254	1
2	30585	0.382379	1
2	30595	0.382504	1
2	30605	0.382629	1
2	30615	0.382754	1
2	30625	0.382879	1
2	30635	0.383004	1
2	30645	0.383129	1
2	30655	0.383254	1
2	30665	0.383379	1
2	30675	0.383504	1
2	30685	0.383629	1
2	30695	0.383754	1
2	30705	0.383879	1
2	30715	0.384004	1
2	30725	0.384129	1
2	30735	0.384254	1
2	30745	0.384379	1
2	30755	0.384504	1
2	30765	0.384629	1
2	30775	0.384754	1
2	30785	0.384879	1
2	30795	0.385004	1
2	30805	0.385129	1
2	30815	0.385254	1
2	30825	0.385379	1
2	30835	0.385504	1
2	30845	0.385629	1
2	30855	0.385754	1
2	30865	0.385879	1
2	30875	0.386004	1
2	30885	0.386129	1
2	30895	0.386254	1
2	30905	0.386379	1
2	30915	0.386504	1
2	30925	0.386629	1
2	30935	0.386754	1
2	30945	0.386879	1
2	30955	0.387004	1
2	30965	0.387129	1
2	30975	0.387254	1
2	30985	0.387379	1
2	30995	0.387504	1
2	31005	0.387629	1
2	31015	0.387754	1
2	31025	0.387879	1
2	31035	0.388004	1
2	31045	0.388129	1
2	31055	0.388254	1
2	31065	0.388379	1
2	31075	0.388504	1
2	31085	0.388629	1
2	31095	0.388754	1
2	31105	0.388879	1
2	31115	0.389004	1
2	31125	0.389129	1
2	31135	0.389254	1
2	31145	0.389379	1
2	31155	0.389504	1
2	31165	0.389629	1
2	31175	0.389754	1
2	31185	0.389879	1
2	31195	0.390004	1
2	31205	0.390129	1
2	31215	0.390254	1
2	31225	0.390379	1
2	31235	0.390504	1
2	31245	0.390629	1
2	31255	0.390754	1
2	31265	0.390879	1
2	31275	0.391004	1
2	31285	0.391129	1
2	31295	0.391254	1
2	31305	0.391379	1
2	31315	0.391504	1
2	31325	0.391629	1
2	31335	0.391754	1
2	31345	0.391879	1
2	31355	0.392004	1
2	31365	0.392129	1
2	31375	0.392254	1
2	31385	0.392379	1
2	31395	0.392504	1
2	31405	0.392629	1
2	31415	0.392754	1
2	31425	0.392879	1
2	31435	0.393004	1
2	31445	0.393129	1
2	31455	0.393254	1
2	31465	0.393379	1
2	31475	0.393504	1
2	31485	0.393629	1
2	31495	0.393754	1
2	31505	0.393879	1
2	31515	0.394004	1
2	31525	0.394129	1
2	31535	0.394254	1
2	31545	0.394379	1
2	31555	0.394504	1
2	31565	0.394629	1
2	31575	0.394754	1
2	31585	0.394879	1
2	31595	0.395004	1
2	31605	0.395129	1
2	31615	0.395254	1
2	31625	0.395379	1
2	31635	0.395504	1
2	31645	0.395629	1
2	31655	0.395754	1
2	31665	0.395879	1
2	31675	0.396004	1
2	31685	0.396129	1
2	31695	0.396254	1
2	31705	0.396379	1
2	31715	0.396504	1
2	31725	0.396629	1
2	31735	0.396754	1
2	31745	0.396879	1
2	31755	0.397004	1
2	31765	0.397129	1
2	31775	0.397254	1
2	31785	0.397379	1
2	31795	0.397504	1
2	31805	0.397629	1
2	31815	0.397754	1
2	31825	0.397879	1
2	31835	0.398004	1
2	31845	0.398129	1
2	31855	0.398254	1
2	31865	0.398379	1
2	31875	0.398504	1
2	31885	0.398629	1
2	31895	0.398754	1
2	31905	0.398879	1
2	31915	0.399004	1
2	31925	0.399129	1
2	31935	0.399254	1
2	31945	0.399379	1
2	31955	0.399504	1
2	31965	0.399629	1
2	31975	0.399754	1
2	31985	0.399879	1
2	31995	0.400004	1
2	32005	0.400129	1
2	32015	0.400254	1
2	32025	0.400379	1
2	32035	0.400504	1
2	32045	0.400629	1
2	32055	0.400754	1
2	32065	0.400879	1
2	32075	0.401004	1
2	32085	0.401129	1
2	32095	0.401254	1
2	32105	0.401379	1
2	32115	0.401504	1
2	32125	0.401629	1
2	32135	0.401754	1
2	32145	0.401879	1
2	32155	0.402004	1
2	32165	0.402129	1
2	32175	0.402254	1
2	32185	0.402379	1
2	32195	0.402504	1
2	32205	0.402629	1
2	32215	0.402754	1
2	32225	0.402879	1
2	32235	0.403004	1
2	32245	0.403129	1
2	32255	0.403254	1
2	32265	0.403379	1
2	32275	0.403504	1
2	32285	0.403629	1
2	32295	0.403754	1
2	32305	0.403879	1
2	32315	0.404004	1
2	32325	0.404129	1
2	32335	0.404254	1
2	32345	0.404379	1
2	32355	0.404504	1
2	32365	0.404629	1
2	32375	0.404754	1
2	32385	0.404879	1
2	32395	0.405004	1
2	32405	0.405129	1
2	32415	0.405254	1
2	32425	0.405379	1
2	32435	0.405504	1
2	32445	0.405629	1
2	32455	0.405754	1
2	32465	0.405879	1
2	32475	0.406004	1
2	32485	0.406129	1
2	32495	0.406254	1
2	32505	0.406379	1
2	32515	0.406504	1
2	32525	0.406629	1
2	32535	0.406754	1
2	32545	0.406879	1
2	32555	0.407004	1
2	32565	0.407129	1
2	32575	0.407254	1
2	32585	0.407379	1
2	32595	0.407504	1
2	32605	0.407629	1
2	32615	0.407754	1
2	32625	0.407879	1
2	32635	0.408004	1
2	32645	0.408129	1
2	32655	0.408254	1
2	32665	0.408379	1
2	32675	0.408504	1
2	32685	0.408629	1
2	32695	0.408754	1
2	32705	0.408879	1
2	32715	0.409004	1
2	32725	0.409129	1
2	32735	0.409254	1
2	32745	0.409379	1
2	32755	0.409504	1
2	32765	0.409629	1
2	32775	0.409754	1
2	32785	0.409879	1
2	32795	0.410004	1
2	32805	0.410129	1
2	32815	0.410254	1
2	32825	0.410379	1
2	32835	0.410504	1
2	32845	0.410629	1
2	32855	0.410754	1
2	32865	0.410879	1
2	32875	0.411004	1
2	32885	0.411129	1
2	32895	0.411254	1
2	32905	0.411379	1
2	32915	0.411504	1
2	32925	0.411629	1
2	32935	0.411754	1
2	32945	0.411879	1
2	32955	0.412004	1
2	32965	0.412129	1
2	32975	0.412254	1
2	32985	0.412379	1
2	32995	0.412504	1
2	33005	0.412629	1
2	33015	0.412754	1
2	33025	0.412879	1
2	33035	0.413004	1
2	33045	0.413129	1
2	33055	0.413254	1
2	33065	0.413379	1
2	33075	0.413504	1
2	33085	0.413629	1
2	33095	0.413754	1
2	33105	0.413879	1
2	33115	0.414004	1
2	33125	0.414129	1
2	33135	0.414254	1
2	33145	0.414379	1
2	33155	0.414504	1
2	33165	0.414629	1
2	33175	0.414754	1
2	33185	0.414879	1
2	33195	0.415004	1
2	33205	0.415129	1
2	33215	0.415254	1
2	33225	0.415379	1
2	33235	0.415504	1
2	33245	0.415629	1
2	33255	0.415754	1
2	33265	0.415879	1
2	33275	0.416004	1
2	33285	0.416129	1
2	33295	0.416254	1
2	33305	0.416379	1
2	33315	0.416504	1
2	33325	0.416629	1
2	33335	0.416754	1
2	33345	0.416879	1
2	33355	0.417004	1
2	33365	0.417129	1
2	33375	0.417254	1
2	33385	0.417379	1
2	33395	0.417504	1
2	33405	0.417629	1
2	33415	0.417754	1
2	33425	0.417879	1
2	33435	0.418004	1
2	33445	0.418129	1
2	33455	0.418254	1
2	33465	0.418379	1
2	33475	0.418504	1
2	33485	0.418629	1
2	33495	0.418754	1
2	33505	0.418879	1
2	33515	0.419004	1
2	33525	0.419129	1
2	33535	0.419254	1
2	33545	0.419379	1
2	33555	0.419504	1
2	33565	0.419629	1
2	33575	0.419754	1
2	33585	0.419879	1
2	33595	0.420004	1
2	33605	0.420129	1
2	33615	0.420254	1
2	33625	0.420379	1
2	33635	0.420504	1
2	33645	0.420629	1
2	33655	0.420754	1
2	33665	0.420879	1
2	33675	0.421004	1
2	33685	0.421129	1
2	33695	0.421254	1
2	33705	0.421379	1
2	33715	0.421504	1
2	33725	0.421629	1
2	33735	0.421754	1
2	33745	0.421879	1
2	33755	0.422004	1
2	33765	0.422129	1
2	33775	0.422254	1
2	33785	0.422379	1
2	33795	0.422504	1
2	33805	0.422629	1
2	33815	0.422754	1
2	33825	0.422879	1
2	33835	0.423004	1
2	33845	0.423129	1
2	33855	0.423254	1
2	33865	0.423379	1
2	33875	0.423504	1
2	33885	0.423629	1
2	33895	0.423754	1
2	33905	0.423879	1
2	33915	0.424004	1
2	33925	0.424129	1
2	33935	0.424254	1
2	33945	0.424379	1
2	33955	0.424504	1
2	33965	0.424629	1
2	33975	0.424754	1
2	33985	0.424879	1
2	33995	0.425004	1
2	34005	0.425129	1
2	34015	0.425254	1
2	34025	0.425379	1
2	34035	0.425504	1
2	34045	0.425629	1
2	34055	0.425754	1
2	34065	0.425879	1
2	34075	0.426004	1
2	34085	0.426129	1
2	34095	0.426254	1
2	34105	0.426379	1
2	34115	0.426504	1
2	34125	0.426629	1
2	34135	0.426754	1
2	34145	0.426879	1
2	34155	0.427004	1
2	34165	0.427129	1
2	34175	0.427254	1
2	34185	0.427379	1
2	34195	0.427504	1
2	34205	0.427629	1
2	34215	0.427754	1
2	34225	0.427879	1
2	34235	0.428004	1
2	34245	0.428129	1
2	34255	0.428254	1
2	34265	0.428379	1
2	34275	0.428504	1
2	34285	0.428629	1
2	34295	0.428754	1
2	34305	0.428879	1
2	34315	0.429004	1
2	34325	0.429129	1
2	34335	0.429254	1
2	34345	0.429379	1
2	34355	0.429504	1
2	34365	0.429629	1
2	34375	0.429754	1
2	34385	0.429879	1
2	34395	0.430004	1
2	34405	0.430129	1
2	34415	0.430254	1
2	34425	0.430379	1
2	34435	0.430504	1
2	34445	0.430629	1
2	34455	0.430754	1
2	34465	0.430879	1
2	34475	0.431004	1
2	34485	0.431129	1
2	34495	0.431254	1
2	34505	0.431379	1
2	34515	0.431504	1
2	34525	0.431629	1
2	34535	0.431754	1
2	34545	0.431879	1
2	34555	0.432004	1
2	34565	0.432129	1
2	34575	0.432254	1
2	34585	0.432379	1
2	34595	0.432504	1
2	34605	0.432629	1
2	34615	0.432754	1
2	34625	0.432879	1
2	34635	0.433004	1
2	34645	0.433129	1
2	34655	0.433254	1
2	34665	0.433379	1
2	34675	0.433504	1
2	34685	0.433629	1
2	34695	0.433754	1
2	34705	0.433879	1
2	34715	0.434004	1
2	34725	0.434129	1
2	34735	0.434254	1
2	34745	0.434379	1
2	34755	0.434504	1
2	34765	0.434629	1
2	34775	0.434754	1
2	34785	0.434879	1
2	34795	0.435004	1
2	34805	0.435129	1
2	34815	0.435254	1
2	34825	0.435379	1
2	34835	0.435504	1
2	34845	0.435629	1
2	34855	0.435754	1
2	34865	0.435879	1
2	34875	0.436004	1
2	34885	0.436129	1
2	34895	0.436254	1
2	34905	0.436379	1
2	34915	0.436504	1
2	34925	0.436629	1
2	34935	0.436754	1
2	34945	0.436879	1
2	34955	0.437004	1
2	34965	0.437129	1
2	34975	0.437254	1
2	34985	0.437379	1
2	34995	0.437504	1
2	35005	0.437629	1
2	35015	0.437754	1
2	35025	0.437879	1
2	35035	0.438004	1
2	35045	0.438129	1
2	35055	0.438254	1
2	35065	0.438379	1
2	35075	0.438504	1
2	35085	0.438629	1
2	35095	0.438754	1
2	35105	0.438879	1
2	35115	0.439004	1
2	35125	0.439129	1
2	35135	0.439254	1
2	35145	0.439379	1
2	35155	0.439504	1
2	35165	0.439629	1
2	35175	0.439754	1
2	35185	0.439879	1
2	35195	0.440004	1
2	35205	0.440129	1
2	35215	0.440254	1
2	35225	0.440379	1
2	35235	0.440504	1
2	35245	0.440629	1
2	35255	0.440754	1
2	35265	0.440879	1
2	35275	0.441004	1
2	35285	0.441129	1
2	35295	0.441254	1
2	35305	0.441379	1
2	35315	0.441504	1
2	35325	0.441629	1
2	35335	0.441754	1
2	35345	0.441879	1
2	35355	0.442004	1
2	35365	0.442129	1
2	35375	0.442254	1
2	35385	0.442379	1
2	35395	0.442504	1
2	35405	0.442629	1
2	35415	0.442754	1
2	35425	0.442879	1
2	35435	0.443004	1
2	35445	0.443129	1
2	35455	0.443254	1
2	35465	0.443379	1
2	35475	0.443504	1
2	35485	0.443629	1
2	35495	0.443754	1
2	35505	0.443879	1
2	35515	0.444004	1
2	35525	0.444129	1
2	35535	0.444254	1
2	35545	0.444379	1
2	35555	0.444504	1
2	35565	0.444629	1
2	35575	0.444754	1
2	35585	0.444879	1
2	35595	0.445004	1
2	35605	0.445129	1
2	35615	0.445254	1
2	35625	0.445379	1
2	35635	0.445504	1
2	35645	0.445629	1
2	35655	0.445754	1
2	35665	0.445879	1
2	35675	0.446004	1
2	35685	0.446129	1
2	35695	0.446254	1
2	35705	0.446379	1
2	35715	0.446504	1
2	35725	0.446629	1
2	35735	0.446754	1
2	35745	0.446879	1
2	35755	0.447004	1
2	35765	0.447129	1
2	35775	0.447254	1
2	35785	0.447379	1
2	35795	0.447504	1
2	35805	0.447629	1
2	35815	0.447754	1
2	35825	0.447879	1
2	35835	0.448004	1
2	35845	0.448129	1
2	35855	0.448254	1
2	35865	0.448379	1
2	35875	0.448504	1
2	35885	0.448629	1
2	35895	0.448754	1
2	35905	0.448879	1
2	35915	0.449004	1
2	35925	0.449129	1
2	35935	0.449254	1
2	35945	0.449379	1
2	35955	0.449504	1
2	35965	0.449629	1
2	35975	0.449754	1
2	35985	0.449879	1
2	35995	0.450004	1
2	36005	0.450129	1
2	36015	0.450254	1
2	36025	0.450379	1
2	36035	0.450504	1
2	36045	0.450629	1
2	36055	0.450754	1
2	36065	0.450879	1
2	36075	0.451004	1
2	36085	0.451129	1
2	36095	0.451254	1
2	36105	0.451379	1
2	36115	0.451504	1
2	36125	0.451629	1
2	36135	0.451754	1
2	36145	0.451879	1
2	36155	0.452004	1
2	36165	0.452129	1
2	36175	0.452254	1
2	36185	0.452379	1
2	36195	0.452504	1
2	36205	0.452629	1
2	36215	0.452754	1
2	36225	0.452879	1
2	36235	0.453004	1
2	36245	0.453129	1
2	36255	0.453254	1
2	36265	0.453379	1
2	36275	0.453504	1
2	36285	0.453629	1
2	36295	0.453754	1
2	36305	0.453879	1
2	36315	0.454004	1
2	36325	0.454129	1
2	36335	0.454254	1
2	36345	0.454379	1
2	36355	0.454504	1
2	36365	0.454629	1
2	36375	0.454754	1
2	36385	0.454879	1
2	36395	0.455004	1
2	36405	0.455129	1
2	36415	0.455254	1
2	36425	0.455379	1
2	36435	0.455504	1
2	36445	0.455629	1
2	36455	0.455754	1
2	36465	0.455879	1
2	36475	0.456004	1
2	36485	0.456129	1
2	36495	0.456254	1
2	36505	0.456379	1
2	36515	0.456504	1
2	36525	0.456629	1
2	36535	0.456754	1
2	36545	0.456879	1
2	36555	0.457004	1
2	36565	0.457129	1
2	36575	0.457254	1
2	36585	0.457379	1
2	36595	0.457504	1
2	36605	0.457629	1
2	36615	0.457754	1
2	36625	0.457879	1
2	36635	0.458004	1
2	36645	0.458129	1
2	36655	0.458254	1
2	36665	0.458379	1
2	36675	0.458504	1
2	36685	0.458629	1
2	36695	0.458754	1
2	36705	0.458879	1
2	36715	0.459004	1
2	36725	0.459129	1
2	36735	0.459254	1
2	36745	0.459379	1
2	36755	0.459504	1
2	36765	0.459629	1
2	36775	0.459754	1
2	36785	0.459879	1
2	36795	0.460004	1
2	36805	0.460129	1
2	36815	0.460254	1
2	36825	0.460379	1
2	36835	0.460504	1
2	36845	0.460629	1
2	36855	0.460754	1
2	36865	0.460879	1
2	36875	0.461004	1
2	36885	0.461129	1
2	36895	0.461254	1
2	36905	0.461379	1
2	36915	0.461504	1
2	36925	0.461629	1
2	36935	0.461754	1
2	36945	0.461879	1
2	36955	0.462004	1
2	36965	0.462129	1
2	36975	0.462254	1
2	36985	0.462379	1
2	36995	0.462504	1
2	37005	0.462629	1
2	37015	0.462754	1
2	37025	0.462879	1
2	37035	0.463004	1
2	37045	0.463129	1
2	37055	0.463254	1
2	37065	0.463379	1
2	37075	0.463504	1
2	37085	0.463629	1
2	37095	0.463754	1
2	37105	0.463879	1
2	37115	0.464004	1
2	37125	0.464129	1
2	37135	0.464254	1
2	37145	0.464379	1
2	37155	0.464504	1
2	37165	0.464629	1
2	37175	0.464754	1
2	37185	0.464879	1
2	37195	0.465004	1
2	37205	0.465129	1
2	37215	0.465254	1
2	37225	0.465379	1
2	37235	0.465504	1
2	37245	0.465629	1
2	37255	0.465754	1
2	37265	0.465879	1
2	37275	0.466004	1
2	37285	0.466129	1
2	37295	0.466254	1
2	37305	0.466379	1
2	37315	0.466504	1
2	37325	0.466629	1
2	37335	0.466754	1
2	37345	0.466879	1
2	37355	0.467004	1
2	37365	0.467129	1
2	37375	0.467254	1
2	37385	0.467379	1
2	37395	0.467504	1
2	37405	0.467629	1
2	37415	0.467754	1
2	37425	0.467879	1
2	37435	0.468004	1
2	37445	0.468129	1
2	37455	0.468254	1
2	37465	0.468379	1
2	37475	0.468504	1
2	37485	0.468629	1
2	37495	0.468754	1
2	37505	0.468879	1
2	37515	0.469004	1
2	37525	0.469129	1
2	37535	0.469254	1
2	37545	0.469379	1
2	37555	0.469504	1
2	37565	0.469629	1
2	37575	0.469754	1
2	37585	0.469879	1
2	37595	0.470004	1
2	37605	0.470129	1
2	37615	0.470254	1
2	37625	0.470379	1
2	37635	0.470504	1
2	37645	0.470629	1
2	37655	0.470754	1
2	37665	0.470879	1
2	37675	0.471004	1
2	37685	0.471129	1
2	37695	0.471254	1
2	37705	0.471379	1
2	37715	0.471504	1
2	37725	0.471629	1
2	37735	0.471754	1
2	37745	0.471879	1
2	37755	0.472004	1
2	37765	0.472129	1
2	37775	0.472254	1
2	37785	0.472379	1
2	37795	0.472504	1
2	37805	0.472629	1
2	37815	0.472754	1
2	37825	0.472879	1
2	37835	0.473004	1
2	37845	0.473129	1
2	37855	0.473254	1
2	37865	0.473379	1
2	37875	0.473504	1
2	37885	0.473629	1
2	37895	0.473754	1
2	37905	0.473879	1
2	37915	0.474004	1
2	37925	0.474129	1
2	37935	0.474254	1
2	37945	0.474379	1
2	37955	0.474504	1
2	37965	0.474629	1
2	37975	0.474754	1
2	37985	0.474879	1
2	37995	0.475004	1
2	38005	0.475129	1
2	38015	0.475254	1
2	38025	0.475379	1
2	38035	0.475504	1
2	38045	0.475629	1
2	38055	0.475754	1
2	38065	0.475879	1
2	38075	0.476004	1
2	38085	0.476129	1
2	38095	0.476254	1
2	38105	0.476379	1
2	38115	0.476504	1
2	38125	0.476629	1
2	38135	0.476754	1
2	38145	0.476879	1
2	38155	0.477004	1
2	38165	0.477129	1
2	38175	0.477254	1
2	38185	0.477379	1
2	38195	0.477504	1
2	38205	0.477629	1
2	38215	0.477754	1
2	38225	0.477879	1
2	38235	0.478004	1
2	38245	0.478129	1
2	38255	0.478254	1
2	38265	0.478379	1
2	38275	0.478504	1
2	38285	0.478629	1
2	38295	0.478754	1
2	38305	0.478879	1
2	38315	0.479004	1
2	38325	0.479129	1
2	38335	0.479254	1
2	38345	0.479379	1
2	38355	0.479504	1
2	38365	0.479629	1
2	38375	0.479754	1
2	38385	0.479879	1
2	38395	0.480004	1
2	38405	0.480129	1
2	38415	0.480254	1
2	38425	0.480379	1
2	38435	0.480504	1
2	38445	0.480629	1
2	38455	0.480754	1
2	38465	0.480879	1
2	38475	0.481004	1
2	38485	0.481129	1
2	38495	0.481254	1
2	38505	0.481379	1
2	38515	0.481504	1
2	38525	0.481629	1
2	38535	0.481754	1
2	38545	0.481879	1
2	38555	0.482004	1
2	38565	0.482129	1
2	38575	0.482254	1
2	38585	0.482379	1
2	38595	0.482504	1
2	38605	0.482629	1
2	38615	0.482754	1
2	38625	0.482879	1
2	38635	0.483004	1
2	38645	0.483129	1
2	38655	0.483254	1
2	38665	0.483379	1
2	38675	0.483504	1
2	38685	0.483629	1
2	38695	0.483754	1
2	38705	0.483879	1
2	38715	0.484004	1
2	38725	0.484129	1
2	38735	0.484254	1
2	38745	0.484379	1
2	38755	0.484504	1
2	38765	0.484629	1
2	38775	0.484754	1
2	38785	0.484879	1
2	38795	0.485004	1
2	38805	0.485129	1
2	38815	0.485254	1
2	38825	0.485379	1
2	38835	0.485504	1
2	38845	0.485629	1
2	38855	0.485754	1
2	38865	0.485879	1
2	38875	0.486004	1
2	38885	0.486129	1
2	38895	0.486254	1
2	38905	0.486379	1
2	38915	0.486504	1
2	38925	0.486629	1
2	38935	0.486754	1
2	38945	0.486879	1
2	38955	0.487004	1
2	38965	0.487129	1
2	38975	0.487254	1
2	38985	0.487379	1
2	38995	0.487504	1
2	39005	0.487629	1
2	39015	0.487754	1
2	39025	0.487879	1
2	39035	0.488004	1
2	39045	0.488129	1
2	39055	0.488254	1
2	39065	0.488379	1
2	39075	0.488504	1
2	39085	0.488629	1
2	39095	0.488754	1
2	39105	0.488879	1
2	39115	0.489004	1
2	39125	0.489129	1
2	39135	0.489254	1
2	39145	0.489379	1
2	39155	0.489504	1
2	39165	0.489629	1
2	39175	0.489754	1
2	39185	0.489879	1
2	39195	0.490004	1
2	39205	0.490129	1
2	39215	0.490254	1
2	39225	0.490379	1
2	39235	0.490504	1
2	39245	0.490629	1
2	39255	0.490754	1
2	39265	0.490879	1
2	39275	0.491004	1
2	39285	0.491129	1
2	39295	0.491254	1
2	39305	0.491379	1
2	39315	0.491504	1
2	39325	0.491629	1
2	39335	0.491754	1
2	39345	0.491879	1
2	39355	0.492004	1
2	39365	0.492129	1
2	39375	0.492254	1
2	39385	0.492379	1
2	39395	0.492504	1
2	39405	0.492629	1
2	39415	0.492754	1
2	39425	0.492879	1
2	39435	0.493004	1
2	39445	0.493129	1
2	39455	0.493254	1
2	39465	0.493379	1
2	39475	0.493504	1
2	39485	0.493629	1
2	39495	0.493754	1
2	39505	0.493879	1
2	39515	0.494004	1
2	39525	0.494129	1
2	39535	0.494254	1
2	39545	0.494379	1
2	39555	0.494504	1
2	39565	0.494629	1
2	39575	0.494754	1
2	39585	0.494879	1
2	39595	0.495004	1
2	39605	0.495129	1
2	39615	0.495254	1
2	39625	0.495379	1
2	39635	0.495504	1
2	39645	0.495629	1
2	39655	0.495754	1
2	39665	0.495879	1
2	39675	0.496004	1
2	39685	0.496129	1
2	39695	0.496254	1
2	39705	0.496379	1
2	39715	0.496504	1
2	39725	0.496629	1
2	39735	0.496754	1
2	39745	0.496879	1
2	39755	0.497004	1
2	39765	0.497129	1
2	39775	0.497254	1
2	39785	0.497379	1
2	39795	0.497504	1
2	39805	0.497629	1
2	39815	0.497754	1
2	39825	0.497879	1
2	39835	0.498004	1
2	39845	0.498129	1
2	39855	0.498254	1
2	39865	0.498379	1
2	39875	0.498504	1
2	39885	0.498629	1
2	39895	0.498754	1
2	39905	0.498879	1
2	39915	0.499004	1
2	39925	0.499129	1
2	39935	0.499254	1
2	39945	0.499379	1
2	39955	0.499504	1
2	39965	0.499629	1
2	39975	0.499754	1
2	39985	0.499879	1
2	39995	0.500004	1
2	40005	0.500129	1
2	40015	0.500254	1
2	40025	0.500379	1
2	40035	0.500504	1
2	40045	0.500629	1
2	40055	0.500754	1
2	40065	0.500879	1
2	40075	0.501004	1
2	40085	0.501129	1
2	40095	0.501254	1
2	40105	0.501379	1
2	40115	0.501504	1
2	40125	0.501629	1
2	40135	0.501754	1
2	40145	0.501879	1
2	40155	0.502004	1
2	40165	0.502129	1
2	40175	0.502254	1
2	40185	0.502379	1
2	40195	0.502504	1
2	40205	0.502629	1
2	40215	0.502754	1
2	40225	0.502879	1
2	40235	0.503004	1
2	40245	0.503129	1
2	40255	0.503254	1
2	40265	0.503379	1
2	40275	0.503504	1
2	40285	0.503629	1
2	40295	0.503754	1
2	40305	0.503879	1
2	40315	0.504004	1
2	40325	0.504129	1
2	40335	0.504254	1
2	40345	0.504379	1
2	40355	0.504504	1
2	40365	0.504629	1
2	40375	0.504754	1
2	40385	0.504879	1
2	40395	0.505004	1
2	40405	0.505129	1
2	40415	0.505254	1
2	40425	0.505379	1
2	40435	0.505504	1
2	40445	0.505629	1
2	40455	0.505754	1
2	40465	0.505879	1
2	40475	0.506004	1
2	40485	0.506129	1
2	40495	0.506254	1
2	40505	0.506379	1
2	40515	0.506504	1
2	40525	0.506629	1
2	40535	0.506754	1
2	40545	0.506879	1
2	40555	0.507004	1
2	40565	0.507129	1
2	40575	0.507254	1
2	40585	0.507379	1
2	40595	0.507504	1
2	40605	0.507629	1
2	40615	0.507754	1
2	40625	0.507879	1
2	40635	0.508004	1
2	40645	0.508129	1
2	40655	0.508254	1
2	40665	0.508379	1
2	40675	0.508504	1
2	40685	0.508629	1
2	40695	0.508754	1
2	40705	0.508879	1
2	40715	0.509004	1
2	40725	0.509129	1
2	40735	0.509254	1
2	40745	0.509379	1
2	40755	0.509504	1
2	40765	0.509629	1
2	40775	0.509754	1
2	40785	0.509879	1
2	40795	0.510004	1
2	40805	0.510129	1
2	40815	0.510254	1
2	40825	0.510379	1
2	40835	0.510504	1
2	40845	0.510629	1
2	40855	0.510754	1
2	40865	0.510879	1
2	40875	0.511004	1
2	40885	0.511129	1
2	40895	0.511254	1
2	40905	0.511379	1
2	40915	0.511504	1
2	40925	0.511629	1
2	40935	0.511754	1
2	40945	0.511879	1
2	40955	0.512004	1
2	40965	0.512129	1
2	40975	0.512254	1
2	40985	0.512379	1
2	40995	0.512504	1
2	41005	0.512629	1
2	41015	0.512754	1
2	41025	0.512879	1
2	41035	0.513004	1
2	41045	0.513129	1
2	41055	0.513254	1
2	41065	0.513379	1
2	41075	0.513504	1
2	41085	0.513629	1
2	41095	0.513754	1
2	41105	0.513879	1
2	41115	0.514004	1
2	41125	0.514129	1
2	41135	0.514254	1
2	41145	0.514379	1
2	41155	0.514504	1
2	41165	0.514629	1
2	41175	0.514754	1
2	41185	0.514879	1
2	41195	0.515004	1
2	41205	0.515129	1
2	41215	0.515254	1
2	41225	0.515379	1
2	41235	0.515504	1
2	41245	0.515629	1
2	41255	0.515754	1
2	41265	0.515879	1
2	41275	0.516004	1
2	41285	0.516129	1
2	41295	0.516254	1
2	41305	0.516379	1
2	41315	0.516504	1
2	41325	0.516629	1
2	41335	0.516754	1
2	41345	0.516879	1
2	41355	0.517004	1
2	41365	0.517129	1
2	41375	0.517254	1
2	41385	0.517379	1
2	41395	0.517504	1
2	41405	0.517629	1
2	41415	0.517754	1
2	41425	0.517879	1
2	41435	0.518004	1
2	41445	0.518129	1
2	41455	0.518254	1
2	41465	0.518379	1
2	41475	0.518504	1
2	41485	0.518629	1
2	41495	0.518754	1
2	41505	0.518879	1
2	41515	0.519004	1
2	41525	0.519129	1
2	41535	0.519254	1
2	41545	0.519379	1
2	41555	0.519504	1
2	41565	0.519629	1
2	41575	0.519754	1
2	41585	0.519879	1
2	41595	0.520004	1
2	41605	0.520129	1
2	41615	0.520254	1
2	41625	0.520379	1
2	41635	0.520504	1
2	41645	0.520629	1
2	41655	0.520754	1
2	41665	0.520879	1
2	41675	0.521004	1
2	41685	0.521129	1
2	41695	0.521254	1
2	41705	0.521379	1
2	41715	0.521504	1
2	41725	0.521629	1
2	41735	0.521754	1
2	41745	0.521879	1
2	41755	0.522004	1
2	41765	0.522129	1
2	41775	0.522254	1
2	41785	0.522379	1
2	41795	0.522504	1
2	41805	0.522629	1
2	41815	0.522754	1
2	41825	0.522879	1
2	41835	0.523004	1
2	41845	0.523129	1
2	41855	0.523254	1
2	41865	0.523379	1
2	41875	0.523504	1
2	41885	0.523629	1
2	41895	0.523754	1
2	41905	0.523879	1
2	41915	0.524004	1
2	41925	0.524129	1
2	41935	0.524254	1
2	41945	0.524379	1
2	41955	0.524504	1
2	41965	0.524629	1
2	41975	0.524754	1
2	41985	0.524879	1
2	41995	0.525004	1
2	42005	0.525129	1
2	42015	0.525254	1
2	42025	0.525379	1
2	42035	0.525504	1
2	42045	0.525629	1
2	42055	0.525754	1
2	42065	0.525879	1
2	42075	0.526004	1
2	42085	0.526129	1
2	42095	0.526254	1
2	42105	0.526379	1
2	42115	0.526504	1
2	42125	0.526629	1
2	42135	0.526754	1
2	42145	0.526879	1
2	42155	0.527004	1
2	42165	0.527129	1
2	42175	0.527254	1
2	42185	0.527379	1
2	42195	0.527504	1
2	42205	0.527629	1
2	42215	0.527754	1
2	42225	0.527879	1
2	42235	0.528004	1
2	42245	0.528129	1
2	42255	0.528254	1
2	42265	0.528379	1
2	42275	0.528504	1
2	42285	0.528629	1
2	42295	0.528754	1
2	42305	0.528879	1
2	42315	0.529004	1
2	42325	0.529129	1
2	42335	0.529254	1
2	42345	0.529379	1
2	42355	0.529504	1
2	42365	0.529629	1
2	42375	0.529754	1
2	42385	0.529879	1
2	42395	0.530004	1
2	42405	0.530129	1
2	42415	0.530254	1
2	42425	0.530379	1
2	42435	0.530504	1
2	42445	0.530629	1
2	42455	0.530754	1
2	42465	0.530879	1
2	42475	0.531004	1
2	42485	0.531129	1
2	42495	0.531254	1
2	42505	0.531379	1
2	42515	0.531504	1
2	42525	0.531629	1
2	42535	0.531754	1
2	42545	0.531879	1
2	42555	0.532004	1
2	42565	0.532129	1
2	42575	0.532254	1
2	42585	0.532379	1
2	42595	0.532504	1
2	42605	0.532629	1
2	42615	0.532754	1
2	42625	0.532879	1
2	42635	0.533004	1
2	42645	0.533129	1
2	42655	0.533254	1
2	42665	0.533379	1
2	42675	0.533504	1
2	42685	0.533629	1
2	42695	0.533754	1
2	42705	0.533879	1
2	42715	0.534004	1
2	42725	0.534129	1
2	42735	0.534254	1
2	42745	0.534379	1
2	42755	0.534504	1
2	42765	0.534629	1
2	42775	0.534754	1
2	42785	0.534879	1
2	42795	0.535004	1
2	42805	0.535129	1
2	42815	0.535254	1
2	42825	0.535379	1
2	42835	0.535504	1
2	42845	0.535629	1
2	42855	0.535754	1
2	42865	0.535879	1
2	42875	0.536004	1
2	42885	0.536129	1
2	42895	0.536254	1
2	42905	0.536379	1
2	42915	0.536504	1
2	42925	0.536629	1
2	42935	0.536754	1
2	42945	0.536879	1
2	42955	0.537004	1
2	42965	0.537129	1
2	42975	0.537254	1
2	42985	0.537379	1
2	42995	0.537504	1
2	43005	0.537629	1
2	43015	0.537754	1
2	43025	0.537879	1
2	43035	0.538004	1
2	43045	0.538129	1
2	43055	0.538254	1
2	43065	0.538379	1
2	43075	0.538504	1
2	43085	0.538629	1
2	43095	0.538754	1
2	43105	0.538879	1
2	43115	0.539004	1
2	43125	0.539129	1
2	43135	0.539254	1
2	43145	0.539379	1
2	43155	0.539504	1
2	43165	0.539629	1
2	43175	0.539754	1
2	43185	0.539879	1
2	43195	0.540004	1
2	43205	0.540129	1
2	43215	0.540254	1
2	43225	0.540379	1
2	43235	0.540504	1
2	43245	0.540629	1
2	43255	0.540754	1
2	43265	0.540879	1
2	43275	0.541004	1
2	43285	0.541129	1
2	43295	0.541254	1
2	43305	0.541379	1
2	43315	0.541504	1
2	43325	0.541629	1
2	43335	0.541754	1
2	43345	0.541879	1
2	43355	0.542004	1
2	43365	0.542129	1
2	43375	0.542254	1
2	43385	0.542379	1
2	43395	0.542504	1
2	43405	0.542629	1
2	43415	0.542754	1
2	43425	0.542879	1
2	43435	0.543004	1
2	43445	0.543129	1
2	43455	0.543254	1
2	43465	0.543379	1
2	43475	0.543504	1
2	43485	0.543629	1
2	43495	0.543754	1
2	43505	0.543879	1
2	43515	0.544004	1
2	43525	0.544129	1
2	43535	0.544254	1
2	43545	0.544379	1
2	43555	0.544504	1
2	43565	0.544629	1
2	43575	0.544754	1
2	43585	0.544879	1
2	43595	0.545004	1
2	43605	0.545129	1
2	43615	0.545254	1
2	43625	0.545379	1
2	43635	0.545504	1
2	43645	0.545629	1
2	43655	0.545754	1
2	43665	0.545879	1
2	43675	0.546004	1
2	43685	0.546129	1
2	43695	0.546254	1
2	43705	0.546379	1
2	43715	0.546504	1
2	43725	0.546629	1
2	43735	0.546754	1
2	43745	0.546879	1
2	43755	0.547004	1
2	43765	0.547129	1
2	43775	0.547254	1
2	43785	0.547379	1
2	43795	0.547504	1
2	43805	0.547629	1
2	43815	0.547754	1
2	43825	0.547879	1
2	43835	0.548004	1
2	43845	0.548129	1
2	43855	0.548254	1
2	43865	0.548379	1
2	43875	0.548504	1
2	43885	0.548629	1
2	43895	0.548754	1
2	43905	0.548879	1
2	43915	0.549004	1
2	43925	0.549129	1
2	43935	0.549254	1
2	43945	0.549379	1
2	43955	0.549504	1
2	43965	0.549629	1
2	43975	0.549754	1
2	43985	0.549879	1
2	43995	0.550004	1
2	44005	0.550129	1
2	44015	0.550254	1
2	44025	0.550379	1
2	44035	0.550504	1
2	44045	0.550629	1
2	44055	0.550754	1
2	44065	0.550879	1
2	44075	0.551004	1
2	44085	0.551129	1
2	44095	0.551254	1
2	44105	0.551379	1
2	44115	0.551504	1
2	44125	0.551629	1
2	44135	0.551754	1
2	44145	0.551879	1
2	44155	0.552004	1
2	44165	0.552129	1
2	44175	0.552254	1
2	44185	0.552379	1
2	44195	0.552504	1
2	44205	0.552629	1
2	44215	0.552754	1
2	44225	0.552879	1
2	44235	0.553004	1
2	44245	0.553129	1
2	44255	0.553254	1
2	44265	0.553379	1
2	44275	0.553504	1
2	44285	0.553629	1
2	44295	0.553754	1
2	44305	0.553879	1
2	44315	0.554004	1
2	44325	0.554129	1
2	44335	0.554254	1
2	44345	0.554379	1
2	44355	0.554504	1
2	44365	0.554629	1
2	44375	0.554754	1
2	44385	0.554879	1
2	44395	0.555004	1
2	44405	0.555129	1
2	44415	0.555254	1
2	44425	0.555379	1
2	44435	0.555504	1
2	44445	0.555629	1
2	44455	0.555754	1
2	44465	0.555879	1
2	44475	0.556004	1
2	44485	0.556129	1
2	44495	0.556254	1
2	44505	0.556379	1
2	44515	0.556504	1
2	44525	0.556629	1
2	44535	0.556754	1
2	44545	0.556879	1
2	44555	0.557004	1
2	44565	0.557129	1
2	44575	0.557254	1
2	44585	0.557379	1
2	44595	0.557504	1
2	44605	0.557629	1
2	44615	0.557754	1
2	44625	0.557879	1
2	44635	0.558004	1
2	44645	0.558129	1
2	44655	0.558254	1
2	44665	0.558379	1
2	44675	0.558504	1
2	44685	0.558629	1
2	44695	0.558754	1
2	44705	0.558879	1
2	44715	0.559004	1
2	44725	0.559129	1
2	44735	0.559254	1
2	44745	0.559379	1
2	44755	0.559504	1
2	44765	0.559629	1
2	44775	0.559754	1
2	44785	0.559879	1
2	44795	0.560004	1
2	44805	0.560129	1
2	44815	0.560254	1
2	44825	0.560379	1
2	44835	0.560504	1
2	44845	0.560629	1
2	44855	0.560754	1
2	44865	0.560879	1
2	44875	0.561004	1
2	44885	0.561129	1
2	44895	0.561254	1
2	44905	0.561379	1
2	44915	0.561504	1
2	44925	0.561629	1
2	44935	0.561754	1
2	44945	0.561879	1
2	44955	0.562004	1
2	44965	0.562129	1
2	44975	0.562254	1
2	44985	0.562379	1
2	44995	0.562504	1
2	45005	0.562629	1
2	45015	0.562754	1
2	45025	0.562879	1
2	45035	0.563004	1
2	45045	0.563129	1
2	45055	0.563254	1
2	45065	0.563379	1
2	45075	0.563504	1
2	45085	0.563629	1
2	45095	0.563754	1
2	45105	0.563879	1
2	45115	0.564004	1
2	45125	0.564129	1
2	45135	0.564254	1
2	45145	0.564379	1
2	45155	0.564504	1
2	45165	0.564629	1
2	45175	0.564754	1
2	45185	0.564879	1
2	45195	0.565004	1
2	45205	0.565129	1
2	45215	0.565254	1
2	45225	0.565379	1
2	45235	0.565504	1
2	45245	0.565629	1
2	45255	0.565754	1
2	45265	0.565879	1
2	45275	0.566004	1
2	45285	0.566129	1
2	45295	0.566254	1
2	45305	0.566379	1
2	45315	0.566504	1
2	45325	0.566629	1
2	45335	0.566754	1
2	45345	0.566879	1
2	45355	0.567004	1
2	45365	0.567129	1
2	45375	0.567254	1
2	45385	0.567379	1
2	45395	0.567504	1
2	45405	0.567629	1
2	45415	0.567754	1
2	45425	0.567879	1
2	45435	0.568004	1
2	45445	0.568129	1
2	45455	0.568254	1
2	45465	0.568379	1
2	45475	0.568504	1
2	45485	0.568629	1
2	45495	0.568754	1
2	45505	0.568879	1
2	45515	0.569004	1
2	45525	0.569129	1
2	45535	0.569254	1
2	45545	0.569379	1
2	45555	0.569504	1
2	45565	0.569629	1
2	45575	0.569754	1
2	45585	0.569879	1
2	45595	0.570004	1
2	45605	0.570129	1
2	45615	0.570254	1
2	45625	0.570379	1
2	45635	0.570504	1
2	45645	0.570629	1
2	45655	0.570754	1
2	45665	0.570879	1
2	45675	0.571004	1
2	45685	0.571129	1
2	45695	0.571254	1
2	45705	0.571379	1
2	45715	0.571504	1
2	45725	0.571629	1
2	45735	0.571754	1
2	45745	0.571879	1
2	45755	0.572004	1
2	45765	0.572129	1
2	45775	0.572254	1
2	45785	0.572379	1
2	45795	0.572504	1
2	45805	0.572629	1
2	45815	0.572754	1
2	45825	0.572879	1
2	45835	0.573004	1
2	45845	0.573129	1
2	45855	0.573254	1
2	45865	0.573379	1
2	45875	0.573504	1
2	45885	0.573629	1
2	45895	0.573754	1
2	45905	0.573879	1
2	45915	0.574004	1
2	45925	0.574129	1
2	45935	0.574254	1
2	45945	0.574379	1
2	45955	0.574504	1
2	45965	0.574629	1
2	45975	0.574754	1
2	45985	0.574879	1
2	45995	0.575004	1
2	46005	0.575129	1
2	46015	0.575254	1
2	46025	0.575379	1
2	46035	0.575504	1
2	46045	0.575629	1
2	46055	0.575754	1
2	46065	0.575879	1
2	46075	0.576004	1
2	46085	0.576129	1
2	46095	0.576254	1
2	46105	0.576379	1
2	46115	0.576504	1
2	46125	0.576629	1
2	46135	0.576754	1
2	46145	0.576879	1
2	46155	0.577004	1
2	46165	0.577129	1
2	46175	0.577254	1
2	46185	0.577379	1
2	46195	0.577504	1
2	46205	0.577629	1
2	46215	0.577754	1
2	46225	0.577879	1
2	46235	0.578004	1
2	46245	0.578129	1
2	46255	0.578254	1
2	46265	0.578379	1
2	46275	0.578504	1
2	46285	0.578629	1
2	46295	0.578754	1
2	46305	0.578879	1
2	46315	0.579004	1
2	46325	0.579129	1
2	46335	0.579254	1
2	46345	0.579379	1
2	46355	0.579504	1
2	46365	0.579629	1
2	46375	0.579754	1
2	46385	0.579879	1
2	46395	0.580004	1
2	46405	0.580129	1
2	46415	0.580254	1
2	46425	0.580379	1
2	46435	0.580504	1
2	46445	0.580629	1
2	46455	0.580754	1
2	46465	0.580879	1
2	46475	0.581004	1
2	46485	0.581129	1
2	46495	0.581254	1
2	46505	0.581379	1
2	46515	0.581504	1
2	46525	0.581629	1
2	46535	0.581754	1
2	46545	0.581879	1
2	46555	0.582004	1
2	46565	0.582129	1
2	46575	0.582254	1
2	46585	0.582379	1
2	46595	0.582504	1
2	46605	0.582629	1
2	46615	0.582754	1
2	46625	0.582879	1
2	46635	0.583004	1
2	46645	0.583129	1
2	46655	0.583254	1
2	46665	0.583379	1
2	46675	0.583504	1
2	46685	0.583629	1
2	46695	0.583754	1
2	46705	0.583879	1
2	46715	0.584004	1
2	46725	0.584129	1
2	46735	0.584254	1
2	46745	0.584379	1
2	46755	0.584504	1
2	46765	0.584629	1
2	46775	0.584754	1
2	46785	0.584879	1
2	46795	0.585004	1
2	46805	0.585129	1
2	46815	0.585254	1
2	46825	0.585379	1
2	46835	0.585504	1
2	46845	0.585629	1
2	46855	0.585754	1
2	46865	0.585879	1
2	46875	0.586004	1
2	46885	0.586129	1
2	46895	0.586254	1
2	46905	0.586379	1
2	46915	0.586504	1
2	46925	0.586629	1
2	46935	0.586754	1
2	46945	0.586879	1
2	46955	0.587004	1
2	46965	0.587129	1
2	46975	0.587254	1
2	46985	0.587379	1
2	46995	0.587504	1
2	47005	0.587629	1
2	47015	0.587754	1
2	47025	0.587879	1
2	47035	0.588004	1
2	47045	0.588129	1
2	47055	0.588254	1
2	47065	0.588379	1
2	47075	0.588504	1
2	47085	0.588629	1
2	47095	0.588754	1
2	47105	0.588879	1
2	47115	0.589004	1
2	47125	0.589129	1
2	47135	0.589254	1
2	47145	0.589379	1
2	47155	0.589504	1
2	47165	0.589629	1
2	47175	0.589754	1
2	47185	0.589879	1
2	47195	0.590004	1
2	47205	0.590129	1
2	47215	0.590254	1
2	47225	0.590379	1
2	47235	0.590504	1
2	47245	0.590629	1
2	47255	0.590754	1
2	47265	0.590879	1
2	47275	0.591004	1
2	47285	0.591129	1
2	47295	0.591254	1
2	47305	0.591379	1
2	47315	0.591504	1
2	47325	0.591629	1
2	47335	0.591754	1
2	47345	0.591879	1
2	47355	0.592004	1
2	47365	0.592129	1
2	47375	0.592254	1
2	47385	0.592379	1
2	47395	0.592504	1
2	47405	0.592629	1
2	47415	0.592754	1
2	47425	0.592879	1
2	47435	0.593004	1
2	47445	0.593129	1
2	47455	0.593254	1
2	47465	0.593379	1
2	47475	0.593504	1
2	47485	0.593629	1
2	47495	0.593754	1
2	47505	0.593879	1
2	47515	0.594004	1
2	47525	0.594129	1
2	47535	0.594254	1
2	47545	0.594379	1
2	47555	0.594504	1
2	47565	0.594629	1
2	47575	0.594754	1
2	47585	0.594879	1
2	47595	0.595004	1
2	47605	0.595129	1
2	47615	0.595254	1
2	47625	0.595379	1
2	47635	0.595504	1
2	47645	0.595629	1
2	47655	0.595754	1
2	47665	0.595879	1
2	47675	0.596004	1
2	47685	0.596129	1
2	47695	0.596254	1
2	47705	0.596379	1
2	47715	0.596504	1
2	47725	0.596629	1
2	47735	0.596754	1
2	47745	0.596879	1
2	47755	0.597004	1
2	47765	0.597129	1
2	47775	0.597254	1
2	47785	0.597379	1
2	47795	0.597504	1
2	47805	0.597629	1
2	47815	0.597754	1
2	47825	0.597879	1
2	47835	0.598004	1
2	47845	0.598129	1
2	47855	0.598254	1
2	47865	0.598379	1
2	47875	0.598504	1
2	47885	0.598629	1
2	47895	0.598754	1
2	47905	0.598879	1
2	47915	0.599004	1
2	47925	0.599129	1
2	47935	0.599254	1
2	47945	0.599379	1
2	47955	0.599504	1
2	47965	0.599629	1
2	47975	0.599754	1
2	47985	0.599879	1
2	47995	0.600004	1
2	48005	0.600129	1
2	48015	0.600254	1
2	48025	0.600379	1
2	48035	0.600504	1
2	48045	0.600629	1
2	48055	0.600754	1
2	48065	0.600879	1
2	48075	0.601004	1
2	48085	0.601129	1
2	48095	0.601254	1
2	48105	0.601379	1
2	48115	0.601504	1
2	48125	0.601629	1
2	48135	0.601754	1
2	48145	0.601879	1
2	48155	0.602004	1
2	48165	0.602129	1
2	48175	0.602254	1
2	48185	0.602379	1
2	48195	0.602504	1
2	48205	0.602629	1
2	48215	0.602754	1
2	48225	0.602879	1
2	48235	0.603004	1
2	48245	0.603129	1
2	48255	0.603254	1
2	48265	0.603379	1
2	48275	0.603504	1
2	48285	0.603629	1
2	48295	0.603754	1
2	48305	0.603879	1
2	48315	0.604004	1
2	48325	0.604129	1
2	48335	0.604254	1
2	48345	0.604379	1
2	48355	0.604504	1
2	48365	0.604629	1
2	48375	0.604754	1
2	48385	0.604879	1
2	48395	0.605004	1
2	48405	0.605129	1
2	48415	0.605254	1
2	48425	0.605379	1
2	48435	0.605504	1
2	48445	0.605629	1
2	48455	0.605754	1
2	48465	0.605879	1
2	48475	0.606004	1
2	48485	0.606129	1
2	48495	0.606254	1
2	48505	0.606379	1
2	48515	0.606504	1
2	48525	0.606629	1
2	48535	0.606754	1
2	48545	0.606879	1
2	48555	0.607004	1
2	48565	0.607129	1
2	48575	0.607254	1
2	48585	0.607379	1
2	48595	0.607504	1
2	48605	0.607629	1
2	48615	0.607754	1
2	48625	0.607879	1
2	48635	0.608004	1
2	48645	0.608129	1
2	48655	0.608254	1
2	48665	0.608379	1
2	48675	0.608504	1
2	48685	0.608629	1
2	48695	0.608754	1
2	48705	0.608879	1
2	48715	0.609004	1
2	48725	0.609129	1
2	48735	0.609254	1
2	48745	0.609379	1
2	48755	0.609504	1
2	48765	0.609629	1
2	48775	0.609754	1
2	48785	0.609879	1
2	48795	0.610004	1
2	48805	0.610129	1
2	48815	0.610254	1
2	48825	0.610379	1
2	48835	0.610504	1
2	48845	0.610629	1
2	48855	0.610754	1
2	48865	0.610879	1
2	48875	0.611004	1
2	48885	0.611129	1
2	48895	0.611254	1
2	48905	0.611379	1
2	48915	0.611504	1
2	48925	0.611629	1
2	48935	0.611754	1
2	48945	0.611879	1
2	48955	0.612004	1
2	48965	0.612129	1
2	48975	0.612254	1
2	48985	0.612379	1
2	48995	0.612504	1
2	49005	0.612629	1
2	49015	0.612754	1
2	49025	0.612879	1
2	49035	0.613004	1
2	49045	0.613129	1
2	49055	0.613254	1
2	49065	0.613379	1
2	49075	0.613504	1
2	49085	0.613629	1
2	49095	0.613754	1
2	49105	0.613879	1
2	49115	0.614004	1
2	49125	0.614129	1
2	49135	0.614254	1
2	49145	0.614379	1
2	49155	0.614504	1
2	49165	0.614629	1
2	49175	0.614754	1
2	49185	0.614879	1
2	49195	0.615004	1
2	49205	0.615129	1
2	49215	0.615254	1
2	49225	0.615379	1
2	49235	0.615504	1
2	49245	0.615629	1
2	49255	0.615754	1
2	49265	0.615879	1
2	49275	0.616004	1
2	49285	0.616129	1
2	49295	0.616254	1
2	49305	0.616379	1
2	49315	0.616504	1
2	49325	0.616629	1
2	49335	0.616754	1
2	49345	0.616879	1
2	49355	0.617004	1
2	49365	0.617129	1
2	49375	0.617254	1
2	49385	0.617379	1
2	49395	0.617504	1
2	49405	0.617629	1
2	49415	0.617754	1
2	49425	0.617879	1
2	49435	0.618004	1
2	49445	0.618129	1
2	49455	0.618254	1
2	49465	0.618379	1
2	49475	0.618504	1
2	49485	0.618629	1
2	49495	0.618754	1
2	49505	0.618879	1
2	49515	0.619004	1
2	49525	0.619129	1
2	49535	0.619254	1
2	49545	0.619379	1
2	49555	0.619504	1
2	49565	0.619629	1
2	49575	0.619754	1
2	49585	0.619879	1
2	49595	0.620004	1
2	49605	0.620129	1
2	49615	0.620254	1
2	49625	0.620379	1
2	49635	0.620504	1
2	49645	0.620629	1
2	49655	0.620754	1
2	49665	0.620879	1
2	49675	0.621004	1
2	49685	0.621129	1
2	49695	0.621254	1
2	49705	0.621379	1
2	49715	0.621504	1
2	49725	0.621629	1
2	49735	0.621754	1
2	49745	0.621879	1
2	49755	0.622004	1
2	49765	0.622129	1
2	49775	0.622254	1
2	49785	0.622379	1
2	49795	0.622504	1
2	49805	0.622629	1
2	49815	0.622754	1
2	49825	0.622879	1
2	49835	0.623004	1
2	49845	0.623129	1
2	49855	0.623254	1
2	49865	0.623379	1
2	49875	0.623504	1
2	49885	0.623629	1
2	49895	0.623754	1
2	49905	0.623879	1
2	49915	0.624004	1
2	49925	0.624129	1
2	49935	0.624254	1
2	49945	0.624379	1
2	49955	0.624504	1
2	49965	0.624629	1
2	49975	0.624754	1
2	49985	0.624879	1
2	49995	0.625004	1
2	50005	0.625129	1
2	50015	0.625254	1
2	50025	0.625379	1
2	50035	0.625504	1
2	50045	0.625629	1
2	50055	0.625754	1
2	50065	0.625879	1
2	50075	0.626004	1
2	50085	0.626129	1
2	50095	0.626254	1
2	50105	0.626379	1
2	50115	0.626504	1
2	50125	0.626629	1
2	50135	0.626754	1
2	50145	0.626879	1
2	50155	0.627004	1
2	50165	0.627129	1
2	50175	0.627254	1
2	50185	0.627379	1
2	50195	0.627504	1
2	50205	0.627629	1
2	50215	0.627754	1
2	50225	0.627879	1
2	50235	0.628004	1
2	50245	0.628129	1
2	50255	0.628254	1
2	50265	0.628379	1
2	50275	0.628504	1
2	50285	0.628629	1
2	50295	0.628754	1
2	50305	0.628879	1
2	50315	0.629004	1
2	50325	0.629129	1
2	50335	0.629254	1
2	50345	0.629379	1
2	50355	0.629504	1
2	50365	0.629629	1
2	50375	0.629754	1
2	50385	0.629879	1
2	50395	0.630004	1
2	50405	0.630129	1
2	50415	0.630254	1
2	50425	0.630379	1
2	50435	0.630504	1
2	50445	0.630629	1
2	50455	0.630754	1
2	50465	0.630879	1
2	50475	0.631004	1
2	50485	0.631129	1
2	50495	0.631254	1
2	50505	0.631379	1
2	50515	0.631504	1
2	50525	0.631629	1
2	50535	0.631754	1
2	50545	0.631879	1
2	50555	0.632004	1
2	50565	0.632129	1
2	50575	0.632254	1
2	50585	0.632379	1
2	50595	0.632504	1
2	50605	0.632629	1
2	50615	0.632754	1
2	50625	0.632879	1
2	50635	0.633004	1
2	50645	0.633129	1
2	50655	0.633254	1
2	50665	0.633379	1
2	50675	0.633504	1
2	50685	0.633629	1
2	50695	0.633754	1
2	50705	0.633879	1
2	50715	0.634004	1
2	50725	0.634129	1
2	50735	0.634254	1
2	50745	0.634379	1
2	50755	0.634504	1
2	50765	0.634629	1
2	50775	0.634754	1
2	50785	0.634879	1
2	50795	0.635004	1
2	50805	0.635129	1
2	50815	0.635254	1
2	50825	0.635379	1
2	50835	0.635504	1
2	50845	0.635629	1
2	50855	0.635754	1
2	50865	0.635879	1
2	50875	0.636004	1
2	50885	0.636129	1
2	50895	0.636254	1
2	50905	0.636379	1
2	50915	0.636504	1
2	50925	0.636629	1
2	50935	0.636754	1
2	50945	0.636879	1
2	50955	0.637004	1
2	50965	0.637129	1
2	50975	0.637254	1
2	50985	0.637379	1
2	50995	0.637504	1
2	51005	0.637629	1
2	51015	0.637754	1
2	51025	0.637879	1
2	51035	0.638004	1
2	51045	0.638129	1
2	51055	0.638254	1
2	51065	0.638379	1
2	51075	0.638504	1
2	51085	0.638629	1
2	51095	0.638754	1
2	51105	0.638879	1
2	51115	0.639004	1
2	51125	0.639129	1
2	51135	0.639254	1
2	51145	0.639379	1
2	51155	0.639504	1
2	51165	0.639629	1
2	51175	0.639754	1
2	51185	0.639879	1
2	51195	0.640004	1
2	51205	0.640129	1
2	51215	0.640254	1
2	51225	0.640379	1
2	51235	0.640504	1
2	51245	0.640629	1
2	51255	0.640754	1
2	51265	0.640879	1
2	51275	0.641004	1
2	51285	0.641129	1
2	51295	0.641254	1
2	51305	0.641379	1
2	51315	0.641504	1
2	51325	0.641629	1
2	51335	0.641754	1
2	51345	0.641879	1
2	51355	0.642004	1
2	51365	0.642129	1
2	51375	0.642254	1
2	51385	0.642379	1
2	51395	0.642504	1
2	51405	0.642629	1
2	51415	0.642754	1
2	51425	0.642879	1
2	51435	0.643004	1
2	51445	0.643129	1
2	51455	0.643254	1
2	51465	0.643379	1
2	51475	0.643504	1
2	51485	0.643629	1
2	51495	0.643754	1
2	51505	0.643879	1
2	51515	0.644004	1
2	51525	0.644129	1
2	51535	0.644254	1
2	51545	0.644379	1
2	51555	0.644504	1
2	51565	0.644629	1
2	51575	0.644754	1
2	51585	0.644879	1
2	51595	0.645004	1
2	51605	0.645129	1
2	51615	0.645254	1
2	51625	0.645379	1
2	51635	0.645504	1
2	51645	0.645629	1
2	51655	0.645754	1
2	51665	0.645879	1
2	51675	0.646004	1
2	51685	0.646129	1
2	51695	0.646254	1
2	51705	0.646379	1
2	51715	0.646504	1
2	51725	0.646629	1
2	51735	0.646754	1
2	51745	0.646879	1
2	51755	0.647004	1
2	51765	0.647129	1
2	51775	0.647254	1
2	51785	0.647379	1
2	51795	0.647504	1
2	51805	0.647629	1
2	51815	0.647754	1
2	51825	0.647879	1
2	51835	0.648004	1
2	51845	0.648129	1
2	51855	0.648254	1
2	51865	0.648379	1
2	51875	0.648504	1
2	51885	0.648629	1
2	51895	0.648754	1
2	51905	0.648879	1
2	51915	0.649004	1
2	51925	0.649129	1
2	51935	0.649254	1
2	51945	0.649379	1
2	51955	0.649504	1
2	51965	0.649629	1
2	51975	0.649754	1
2	51985	0.649879	1
2	51995	0.650004	1
2	52005	0.650129	1
2	52015	0.650254	1
2	52025	0.650379	1
2	52035	0.650504	1
2	52045	0.650629	1
2	52055	0.650754	1
2	52065	0.650879	1
2	52075	0.651004	1
2	52085	0.651129	1
2	52095	0.651254	1
2	52105	0.651379	1
2	52115	0.651504	1
2	52125	0.651629	1
2	52135	0.651754	1
2	52145	0.651879	1
2	52155	0.652004	1
2	52165	0.652129	1
2	52175	0.652254	1
2	52185	0.652379	1
2	52195	0.652504	1
2	52205	0.652629	1
2	52215	0.652754	1
2	52225	0.652879	1
2	52235	0.653004	1
2	52245	0.653129	1
2	52255	0.653254	1
2	52265	0.653379	1
2	52275	0.653504	1
2	52285	0.653629	1
2	52295	0.653754	1
2	52305	0.653879	1
2	52315	0.654004	1
2	52325	0.654129	1
2	52335	0.654254	1
2	52345	0.654379	1
2	52355	0.654504	1
2	52365	0.654629	1
2	52375	0.654754	1
2	52385	0.654879	1
2	52395	0.655004	1
2	52405	0.655129	1
2	52415	0.655254	1
2	52425	0.655379	1
2	52435	0.655504	1
2	52445	0.655629	1
2	52455	0.655754	1
2	52465	0.655879	1
2	52475	0.656004	1
2	52485	0.656129	1
2	52495	0.656254	1
2	52505	0.656379	1
2	52515	0.656504	1
2	52525	0.656629	1
2	52535	0.656754	1
2	52545	0.656879	1
2	52555	0.657004	1
2	52565	0.657129	1
2	52575	0.657254	1
2	52585	0.657379	1
2	52595	0.657504	1
2	52605	0.657629	1
2	52615	0.657754	1
2	52625	0.657879	1
2	52635	0.658004	1
2	52645	0.658129	1
2	52655	0.658254	1
2	52665	0.658379	1
2	52675	0.658504	1
2	52685	0.658629	1
2	52695	0.658754	1
2	52705	0.658879	1
2	52715	0.659004	1
2	52725	0.659129	1
2	52735	0.659254	1
2	52745	0.659379	1
2	52755	0.659504	1
2	52765	0.659629	1
2	52775	0.659754	1
2	52785	0.659879	1
2	52795	0.660004	1
2	52805	0.660129	1
2	52815	0.660254	1
2	52825	0.660379	1
2	52835	0.660504	1
2	52845	0.660629	1
2	52855	0.660754	1
2	52865	0.660879	1
2	52875	0.661004	1
2	52885	0.661129	1
2	52895	0.661254	1
2	52905	0.661379	1
2	52915	0.661504	1
2	52925	0.661629	1
2	52935	0.661754	1
2	52945	0.661879	1
2	52955	0.662004	1
2	52965	0.662129	1
2	52975	0.662254	1
2	52985	0.662379	1
2	52995	0.662504	1
2	53005	0.662629	1
2	53015	0.662754	1
2	53025	0.662879	1
2	53035	0.663004	1
2	53045	0.663129	1
2	53055	0.663254	1
2	53065	0.663379	1
2	53075	0.663504	1
2	53085	0.663629	1
2	53095	0.663754	1
2	53105	0.663879	1
2	53115	0.664004	1
2	53125	0.664129	1
2	53135	0.664254	1
2	53145	0.664379	1
2	53155	0.664504	1
2	53165	0.664629	1
2	53175	0.664754	1
2	53185	0.664879	1
2	53195	0.665004	1
2	53205	0.665129	1
2	53215	0.665254	1
2	53225	0.665379	1
2	53235	0.665504	1
2	53245	0.665629	1
2	53255	0.665754	1
2	53265	0.665879	1
2	53275	0.666004	1
2	53285	0.666129	1
2	53295	0.666254	1
2	53305	0.666379	1
2	53315	0.666504	1
2	53325	0.666629	1
2	53335	0.666754	1
2	53345	0.666879	1
2	53355	0.667004	1
2	53365	0.667129	1
2	53375	0.667254	1
2	53385	0.667379	1
2	53395	0.667504	1
2	53405	0.667629	1
2	53415	0.667754	1
2	53425	0.667879	1
2	53435	0.668004	1
2	53445	0.668129	1
2	53455	0.668254	1
2	53465	0.668379	1
2	53475	0.668504	1
2	53485	0.668629	1
2	53495	0.668754	1
2	53505	0.668879	1
2	53515	0.669004	1
2	53525	0.669129	1
2	53535	0.669254	1
2	53545	0.669379	1
2	53555	0.669504	1
2	53565	0.669629	1
2	53575	0.669754	1
2	53585	0.669879	1
2	53595	0.670004	1
2	53605	0.670129	1
2	53615	0.670254	1
2	53625	0.670379	1
2	53635	0.670504	1
2	53645	0.670629	1
2	53655	0.670754	1
2	53665	0.670879	1
2	53675	0.671004	1
2	53685	0.671129	1
2	53695	0.671254	1
2	53705	0.671379	1
2	53715	0.671504	1
2	53725	0.671629	1
2	53735	0.671754	1
2	53745	0.671879	1
2	53755	0.672004	1
2	53765	0.672129	1
2	53775	0.672254	1
2	53785	0.672379	1
2	53795	0.672504	1
2	53805	0.672629	1
2	53815	0.672754	1
2	53825	0.672879	1
2	53835	0.673004	1
2	53845	0.673129	1
2	53855	0.673254	1
2	53865	0.673379	1
2	53875	0.673504	1
2	53885	0.673629	1
2	53895	0.673754	1
2	53905	0.673879	1
2	53915	0.674004	1
2	53925	0.674129	1
2	53935	0.674254	1
2	53945	0.674379	1
2	53955	0.674504	1
2	53965	0.674629	1
2	53975	0.674754	1
2	53985	0.674879	1
2	53995	0.675004	1
2	54005	0.675129	1
2	54015	0.675254	1
2	54025	0.675379	1
2	54035	0.675504	1
2	54045	0.675629	1
2	54055	0.675754	1
2	54065	0.675879	1
2	54075	0.676004	1
2	54085	0.676129	1
2	54095	0.676254	1
2	54105	0.676379	1
2	54115	0.676504	1
2	54125	0.676629	1
2	54135	0.676754	1
2	54145	0.676879	1
2	54155	0.677004	1
2	54165	0.677129	1
2	54175	0.677254	1
2	54185	0.677379	1
2	54195	0.677504	1
2	54205	0.677629	1
2	54215	0.677754	1
2	54225	0.677879	1
2	54235	0.678004	1
2	54245	0.678129	1
2	54255	0.678254	1
2	54265	0.678379	1
2	54275	0.678504	1
2	54285	0.678629	1
2	54295	0.678754	1
2	54305	0.678879	1
2	54315	0.679004	1
2	54325	0.679129	1
2	54335	0.679254	1
2	54345	0.679379	1
2	54355	0.679504	1
2	54365	0.679629	1
2	54375	0.679754	1
2	54385	0.679879	1
2	54395	0.680004	1
2	54405	0.680129	1
2	54415	0.680254	1
2	54425	0.680379	1
2	54435	0.680504	1
2	54445	0.680629	1
2	54455	0.680754	1
2	54465	0.680879	1
2	54475	0.681004	1
2	54485	0.681129	1
2	54495	0.681254	1
2	54505	0.681379	1
2	54515	0.681504	1
2	54525	0.681629	1
2	54535	0.681754	1
2	54545	0.681879	1
2	54555	0.682004	1
2	54565	0.682129	1
2	54575	0.682254	1
2	54585	0.682379	1
2	54595	0.682504	1
2	54605	0.682629	1
2	54615	0.682754	1
2	54625	0.682879	1
2	54635	0.683004	1
2	54645	0.683129	1
2	54655	0.683254	1
2	54665	0.683379	1
2	54675	0.683504	1
2	54685	0.683629	1
2	54695	0.683754	1
2	54705	0.683879	1
2	54715	0.684004	1
2	54725	0.684129	1
2	54735	0.684254	1
2	54745	0.684379	1
2	54755	0.684504	1
2	54765	0.684629	1
2	54775	0.684754	1
2	54785	0.684879	1
2	54795	0.685004	1
2	54805	0.685129	1
2	54815	0.685254	1
2	54825	0.685379	1
2	54835	0.685504	1
2	54845	0.685629	1
2	54855	0.685754	1
2	54865	0.685879	1
2	54875	0.686004	1
2	54885	0.686129	1
2	54895	0.686254	1
2	54905	0.686379	1
2	54915	0.686504	1
2	54925	0.686629	1
2	54935	0.686754	1
2	54945	0.686879	1
2	54955	0.687004	1
2	54965	0.687129	1
2	54975	0.687254	1
2	54985	0.687379	1
2	54995	0.687504	1
2	55005	0.687629	1
2	55015	0.687754	1
2	55025	0.687879	1
2	55035	0.688004	1
2	55045	0.688129	1
2	55055	0.688254	1
2	55065	0.688379	1
2	55075	0.688504	1
2	55085	0.688629	1
2	55095	0.688754	1
2	55105	0.688879	1
2	55115	0.689004	1
2	55125	0.689129	1
2	55135	0.689254	1
2	55145	0.689379	1
2	55155	0.689504	1
2	55165	0.689629	1
2	55175	0.689754	1
2	55185	0.689879	1
2	55195	0.690004	1
2	55205	0.690129	1
2	55215	0.690254	1
2	55225	0.690379	1
2	55235	0.690504	1
2	55245	0.690629	1
2	55255	0.690754	1
2	55265	0.690879	1
2	55275	0.691004	1
2	55285	0.691129	1
2	55295	0.691254	1
2	55305	0.691379	1
2	55315	0.691504	1
2	55325	0.691629	1
2	55335	0.691754	1
2	55345	0.691879	1
2	55355	0.692004	1
2	55365	0.692129	1
2	55375	0.692254	1
2	55385	0.692379	1
2	55395	0.692504	1
2	55405	0.692629	1
2	55415	0.692754	1
2	55425	0.692879	1
2	55435	0.693004	1
2	55445	0.693129	1
2	55455	0.693254	1
2	55465	0.693379	1
2	55475	0.693504	1
2	55485	0.693629	1
2	55495	0.693754	1
2	55505	0.693879	1
2	55515	0.694004	1
2	55525	0.694129	1
2	55535	0.694254	1
2	55545	0.694379	1
2	55555	0.694504	1
2	55565	0.694629	1
2	55575	0.694754	1
2	55585	0.694879	1
2	55595	0.695004	1
2	55605	0.695129	1
2	55615	0.695254	1
2	55625	0.695379	1
2	55635	0.695504	1
2	55645	0.695629	1
2	55655	0.695754	1
2	55665	0.695879	1
2	55675	0.696004	1
2	55685	0.696129	1
2	55695	0.696254	1
2	55705	0.696379	1
2	55715	0.696504	1
2	55725	0.696629	1
2	55735	0.696754	1
2	55745	0.696879	1
2	55755	0.697004	1
2	55765	0.697129	1
2	55775	0.697254	1
2	55785	0.697379	1
2	55795	0.697504	1
2	55805	0.697629	1
2	55815	0.697754	1
2	55825	0.697879	1
2	55835	0.698004	1
2	55845	0.698129	1
2	55855	0.698254	1
2	55865	0.698379	1
2	55875	0.698504	1
2	55885	0.698629	1
2	55895	0.698754	1
2	55905	0.698879	1
2	55915	0.699004	1
2	55925	0.699129	1
2	55935	0.699254	1
2	55945	0.699379	1
2	55955	0.699504	1
2	55965	0.699629	1
2	55975	0.699754	1
2	55985	0.699879	1
2	55995	0.700004	1
2	56005	0.700129	1
2	56015	0.700254	1
2	56025	0.700379	1
2	56035	0.700504	1
2	56045	0.700629	1
2	56055	0.700754	1
2	56065	0.700879	1
2	56075	0.701004	1
2	56085	0.701129	1
2	56095	0.701254	1
2	56105	0.701379	1
2	56115	0.701504	1
2	56125	0.701629	1
2	56135	0.701754	1
2	56145	0.701879	1
2	56155	0.702004	1
2	56165	0.702129	1
2	56175	0.702254	1
2	56185	0.702379	1
2	56195	0.702504	1
2	56205	0.702629	1
2	56215	0.702754	1
2	56225	0.702879	1
2	56235	0.703004	1
2	56245	0.703129	1
2	56255	0.703254	1
2	56265	0.703379	1
2	56275	0.703504	1
2	56285	0.703629	1
2	56295	0.703754	1
2	56305	0.703879	1
2	56315	0.704004	1
2	56325	0.704129	1
2	56335	0.704254	1
2	56345	0.704379	1
2	56355	0.704504	1
2	56365	0.704629	1
2	56375	0.704754	1
2	56385	0.704879	1
2	56395	0.705004	1
2	56405	0.705129	1
2	56415	0.705254	1
2	56425	0.705379	1
2	56435	0.705504	1
2	56445	0.705629	1
2	56455	0.705754	1
2	56465	0.705879	1
2	56475	0.706004	1
2	56485	0.706129	1
2	56495	0.706254	1
2	56505	0.706379	1
2	56515	0.706504	1
2	56525	0.706629	1
2	56535	0.706754	1
2	56545	0.706879	1
2	56555	0.707004	1
2	56565	0.707129	1
2	56575	0.707254	1
2	56585	0.707379	1
2	56595	0.707504	1
2	56605	0.707629	1
2	56615	0.707754	1
2	56625	0.707879	1
2	56635	0.708004	1
2	56645	0.708129	1
2	56655	0.708254	1
2	56665	0.708379	1
2	56675	0.708504	1
2	56685	0.708629	1
2	56695	0.708754	1
2	56705	0.708879	1
2	56715	0.709004	1
2	56725	0.709129	1
2	56735	0.709254	1
2	56745	0.709379	1
2	56755	0.709504	1
2	56765	0.709629	1
2	56775	0.709754	1
2	56785	0.709879	1
2	56795	0.710004	1
2	56805	0.710129	1
2	56815	0.710254	1
2	56825	0.710379	1
2	56835	0.710504	1
2	56845	0.710629	1
2	56855	0.710754	1
2	56865	0.710879	1
2	56875	0.711004	1
2	56885	0.711129	1
2	56895	0.711254	1
2	56905	0.711379	1
2	56915	0.711504	1
2	56925	0.711629	1
2	56935	0.711754	1
2	56945	0.711879	1
2	56955	0.712004	1
2	56965	0.712129	1
2	56975	0.712254	1
2	56985	0.712379	1
2	56995	0.712504	1
2	57005	0.712629	1
2	57015	0.712754	1
2	57025	0.712879	1
2	57035	0.713004	1
2	57045	0.713129	1
2	57055	0.713254	1
2	57065	0.713379	1
2	57075	0.713504	1
2	57085	0.713629	1
2	57095	0.713754	1
2	57105	0.713879	1
2	57115	0.714004	1
2	57125	0.714129	1
2	57135	0.714254	1
2	57145	0.714379	1
2	57155	0.714504	1
2	57165	0.714629	1
2	57175	0.714754	1
2	57185	0.714879	1
2	57195	0.715004	1
2	57205	0.715129	1
2	57215	0.715254	1
2	57225	0.715379	1
2	57235	0.715504	1
2	57245	0.715629	1
2	57255	0.715754	1
2	57265	0.715879	1
2	57275	0.716004	1
2	57285	0.716129	1
2	57295	0.716254	1
2	57305	0.716379	1
2	57315	0.716504	1
2	57325	0.716629	1
2	57335	0.716754	1
2	57345	0.716879	1
2	57355	0.717004	1
2	57365	0.717129	1
2	57375	0.717254	1
2	57385	0.717379	1
2	57395	0.717504	1
2	57405	0.717629	1
2	57415	0.717754	1
2	57425	0.717879	1
2	57435	0.718004	1
2	57445	0.718129	1
2	57455	0.718254	1
2	57465	0.718379	1
2	57475	0.718504	1
2	57485	0.718629	1
2	57495	0.718754	1
2	57505	0.718879	1
2	57515	0.719004	1
2	57525	0.719129	1
2	57535	0.719254	1
2	57545	0.719379	1
2	57555	0.719504	1
2	57565	0.719629	1
2	57575	0.719754	1
2	57585	0.719879	1
2	57595	0.720004	1
2	57605	0.720129	1
2	57615	0.720254	1
2	57625	0.720379	1
2	57635	0.720504	1
2	57645	0.720629	1
2	57655	0.720754	1
2	57665	0.720879	1
2	57675	0.721004	1
2	57685	0.721129	1
2	57695	0.721254	1
2	57705	0.721379	1
2	57715	0.721504	1
2	57725	0.721629	1
2	57735	0.721754	1
2	57745	0.721879	1
2	57755	0.722004	1
2	57765	0.722129	1
2	57775	0.722254	1
2	57785	0.722379	1
2	57795	0.722504	1
2	57805	0.722629	1
2	57815	0.722754	1
2	57825	0.722879	1
2	57835	0.723004	1
2	57845	0.723129	1
2	57855	0.723254	1
2	57865	0.723379	1
2	57875	0.723504	1
2	57885	0.723629	1
2	57895	0.723754	1
2	57905	0.723879	1
2	57915	0.724004	1
2	57925	0.724129	1
2	57935	0.724254	1
2	57945	0.724379	1
2	57955	0.724504	1
2	57965	0.724629	1
2	57975	0.724754	1
2	57985	0.724879	1
2	57995	0.725004	1
2	58005	0.725129	1
2	58015	0.725254	1
2	58025	0.725379	1
2	58035	0.725504	1
2	58045	0.725629	1
2	58055	0.725754	1
2	58065	0.725879	1
2	58075	0.726004	1
2	58085	0.726129	1
2	58095	0.726254	1
2	58105	0.726379	1
2	58115	0.726504	1
2	58125	0.726629	1
2	58135	0.726754	1
2	58145	0.726879	1
2	58155	0.727004	1
2	58165	0.727129	1
2	58175	0.727254	1
2	58185	0.727379	1
2	58195	0.727504	1
2	58205	0.727629	1
2	58215	0.727754	1
2	58225	0.727879	1
2	58235	0.728004	1
2	58245	0.728129	1
2	58255	0.728254	1
2	58265	0.728379	1
2	58275	0.728504	1
2	58285	0.728629	1
2	58295	0.728754	1
2	58305	0.728879	1
2	58315	0.729004	1
2	58325	0.729129	1
2	58335	0.729254	1
2	58345	0.729379	1
2	58355	0.729504	1
2	58365	0.729629	1
2	58375	0.729754	1
2	58385	0.729879	1
2	58395	0.730004	1
2	58405	0.730129	1
2	58415	0.730254	1
2	58425	0.730379	1
2	58435	0.730504	1
2	58445	0.730629	1
2	58455	0.730754	1
2	58465	0.730879	1
2	58475	0.731004	1
2	58485	0.731129	1
2	58495	0.731254	1
2	58505	0.731379	1
2	58515	0.731504	1
2	58525	0.731629	1
2	58535	0.731754	1
2	58545	0.731879	1
2	58555	0.732004	1
2	58565	0.732129	1
2	58575	0.732254	1
2	58585	0.732379	1
2	58595	0.732504	1
2	58605	0.732629	1
2	58615	0.732754	1
2	58625	0.732879	1
2	58635	0.733004	1
2	58645	0.733129	1
2	58655	0.733254	1
2	58665	0.733379	1
2	58675	0.733504	1
2	58685	0.733629	1
2	58695	0.733754	1
2	58705	0.733879	1
2	58715	0.734004	1
2	58725	0.734129	1
2	58735	0.734254	1
2	58745	0.734379	1
2	58755	0.734504	1
2	58765	0.734629	1
2	58775	0.734754	1
2	58785	0.734879	1
2	58795	0.735004	1
2	58805	0.735129	1
2	58815	0.735254	1
2	58825	0.735379	1
2	58835	0.735504	1
2	58845	0.735629	1
2	58855	0.735754	1
2	58865	0.735879	1
2	58875	0.736004	1
2	58885	0.736129	1
2	58895	0.736254	1
2	58905	0.736379	1
2	58915	0.736504	1
2	58925	0.736629	1
2	58935	0.736754	1
2	58945	0.736879	1
2	58955	0.737004	1
2	58965	0.737129	1
2	58975	0.737254	1
2	58985	0.737379	1
2	58995	0.737504	1
2	59005	0.737629	1
2	59015	0.737754	1
2	59025	0.737879	1
2	59035	0.738004	1
2	59045	0.738129	1
2	59055	0.738254	1
2	59065	0.738379	1
2	59075	0.738504	1
2	59085	0.738629	1
2	59095	0.738754	1
2	59105	0.738879	1
2	59115	0.739004	1
2	59125	0.739129	1
2	59135	0.739254	1
2	59145	0.739379	1
2	59155	0.739504	1
2	59165	0.739629	1
2	59175	0.739754	1
2	59185	0.739879	1
2	59195	0.740004	1
2	59205	0.740129	1
2	59215	0.740254	1
2	59225	0.740379	1
2	59235	0.740504	1
2	59245	0.740629	1
2	59255	0.740754	1
2	59265	0.740879	1
2	59275	0.741004	1
2	59285	0.741129	1
2	59295	0.741254	1
2	59305	0.741379	1
2	59315	0.741504	1
2	59325	0.741629	1
2	59335	0.741754	1
2	59345	0.741879	1
2	59355	0.742004	1
2	59365	0.742129	1
2	59375	0.742254	1
2	59385	0.742379	1
2	59395	0.742504	1
2	59405	0.742629	1
2	59415	0.742754	1
2	59425	0.742879	1
2	59435	0.743004	1
2	59445	0.743129	1
2	59455	0.743254	1
2	59465	0.743379	1
2	59475	0.743504	1
2	59485	0.743629	1
2	59495	0.743754	1
2	59505	0.743879	1
2	59515	0.744004	1
2	59525	0.744129	1
2	59535	0.744254	1
2	59545	0.744379	1
2	59555	0.744504	1
2	59565	0.744629	1
2	59575	0.744754	1
2	59585	0.744879	1
2	59595	0.745004	1
2	59605	0.745129	1
2	59615	0.745254	1
2	59625	0.745379	1
2	59635	0.745504	1
2	59645	0.745629	1
2	59655	0.745754	1
2	59665	0.745879	1
2	59675	0.746004	1
2	59685	0.746129	1
2	59695	0.746254	1
2	59705	0.746379	1
2	59715	0.746504	1
2	59725	0.746629	1
2	59735	0.746754	1
2	59745	0.746879	1
2	59755	0.747004	1
2	59765	0.747129	1
2	59775	0.747254	1
2	59785	0.747379	1
2	59795	0.747504	1
2	59805	0.747629	1
2	59815	0.747754	1
2	59825	0.747879	1
2	59835	0.748004	1
2	59845	0.748129	1
2	59855	0.748254	1
2	59865	0.748379	1
2	59875	0.748504	1
2	59885	0.748629	1
2	59895	0.748754	1
2	59905	0.748879	1
2	59915	0.749004	1
2	59925	0.749129	1
2	59935	0.749254	1
2	59945	0.749379	1
2	59955	0.749504	1
2	59965	0.749629	1
2	59975	0.749754	1
2	59985	0.749879	1
2	59995	0.750004	1
2	60005	0.750129	1
2	60015	0.750254	1
2	60025	0.750379	1
2	60035	0.750504	1
2	60045	0.750629	1
2	60055	0.750754	1
2	60065	0.750879	1
2	60075	0.751004	1
2	60085	0.751129	1
2	60095	0.751254	1
2	60105	0.751379	1
2	60115	0.751504	1
2	60125	0.751629	1
2	60135	0.751754	1
2	60145	0.751879	1
2	60155	0.752004	1
2	60165	0.752129	1
2	60175	0.752254	1
2	60185	0.752379	1
2	60195	0.752504	1
2	60205	0.752629	1
2	60215	0.752754	1
2	60225	0.752879	1
2	60235	0.753004	1
2	60245	0.753129	1
2	60255	0.753254	1
2	60265	0.753379	1
2	60275	0.753504	1
2	60285	0.753629	1
2	60295	0.753754	1
2	60305	0.753879	1
2	60315	0.754004	1
2	60325	0.754129	1
2	60335	0.754254	1
2	60345	0.754379	1
2	60355	0.754504	1
2	60365	0.754629	1
2	60375	0.754754	1
2	60385	0.754879	1
2	60395	0.755004	1
2	60405	0.755129	1
2	60415	0.755254	1
2	60425	0.755379	1
2	60435	0.755504	1
2	60445	0.755629	1
2	60455	0.755754	1
2	60465	0.755879	1
2	60475	0.756004	1
2	60485	0.756129	1
2	60495	0.756254	1
2	60505	0.756379	1
2	60515	0.756504	1
2	60525	0.756629	1
2	60535	0.756754	1
2	60545	0.756879	1
2	60555	0.757004	1
2	60565	0.757129	1
2	60575	0.757254	1
2	60585	0.757379	1
2	60595	0.757504	1
2	60605	0.757629	1
2	60615	0.757754	1
2	60625	0.757879	1
2	60635	0.758004	1
2	60645	0.758129	1
2	60655	0.758254	1
2	60665	0.758379	1
2	60675	0.758504	1
2	60685	0.758629	1
2	60695	0.758754	1
2	60705	0.758879	1
2	60715	0.759004	1
2	60725	0.759129	1
2	60735	0.759254	1
2	60745	0.759379	1
2	60755	0.759504	1
2	60765	0.759629	1
2	60775	0.759754	1
2	60785	0.759879	1
2	60795	0.760004	1
2	60805	0.760129	1
2	60815	0.760254	1
2	60825	0.760379	1
2	60835	0.760504	1
2	60845	0.760629	1
2	60855	0.760754	1
2	60865	0.760879	1
2	60875	0.761004	1
2	60885	0.761129	1
2	60895	0.761254	1
2	60905	0.761379	1
2	60915	0.761504	1
2	60925	0.761629	1
2	60935	0.761754	1
2	60945	0.761879	1
2	60955	0.762004	1
2	60965	0.762129	1
2	60975	0.762254	1
2	60985	0.762379	1
2	60995	0.762504	1
2	61005	0.762629	1
2	61015	0.762754	1
2	61025	0.762879	1
2	61035	0.763004	1
2	61045	0.763129	1
2	61055	0.763254	1
2	61065	0.763379	1
2	61075	0.763504	1
2	61085	0.763629	1
2	61095	0.763754	1
2	61105	0.763879	1
2	61115	0.764004	1
2	61125	0.764129	1
2	61135	0.764254	1
2	61145	0.764379	1
2	61155	0.764504	1
2	61165	0.764629	1
2	61175	0.764754	1
2	61185	0.764879	1
2	61195	0.765004	1
2	61205	0.765129	1
2	61215	0.765254	1
2	61225	0.765379	1
2	61235	0.765504	1
2	61245	0.765629	1
2	61255	0.765754	1
2	61265	0.765879	1
2	61275	0.766004	1
2	61285	0.766129	1
2	61295	0.766254	1
2	61305	0.766379	1
2	61315	0.766504	1
2	61325	0.766629	1
2	61335	0.766754	1
2	61345	0.766879	1
2	61355	0.767004	1
2	61365	0.767129	1
2	61375	0.767254	1
2	61385	0.767379	1
2	61395	0.767504	1
2	61405	0.767629	1
2	61415	0.767754	1
2	61425	0.767879	1
2	61435	0.768004	1
2	61445	0.768129	1
2	61455	0.768254	1
2	61465	0.768379	1
2	61475	0.768504	1
2	61485	0.768629	1
2	61495	0.768754	1
2	61505	0.768879	1
2	61515	0.769004	1
2	61525	0.769129	1
2	61535	0.769254	1
2	61545	0.769379	1
2	61555	0.769504	1
2	61565	0.769629	1
2	61575	0.769754	1
2	61585	0.769879	1
2	61595	0.770004	1
2	61605	0.770129	1
2	61615	0.770254	1
2	61625	0.770379	1
2	61635	0.770504	1
2	61645	0.770629	1
2	61655	0.770754	1
2	61665	0.770879	1
2	61675	0.771004	1
2	61685	0.771129	1
2	61695	0.771254	1
2	61705	0.771379	1
2	61715	0.771504	1
2	61725	0.771629	1
2	61735	0.771754	1
2	61745	0.771879	1
2	61755	0.772004	1
2	61765	0.772129	1
2	61775	0.772254	1
2	61785	0.772379	1
2	61795	0.772504	1
2	61805	0.772629	1
2	61815	0.772754	1
2	61825	0.772879	1
2	61835	0.773004	1
2	61845	0.773129	1
2	61855	0.773254	1
2	61865	0.773379	1
2	61875	0.773504	1
2	61885	0.773629	1
2	61895	0.773754	1
2	61905	0.773879	1
2	61915	0.774004	1
2	61925	0.774129	1
2	61935	0.774254	1
2	61945	0.774379	1
2	61955	0.774504	1
2	61965	0.774629	1
2	61975	0.774754	1
2	61985	0.774879	1
2	61995	0.775004	1
2	62005	0.775129	1
2	62015	0.775254	1
2	62025	0.775379	1
2	62035	0.775504	1
2	62045	0.775629	1
2	62055	0.775754	1
2	62065	0.775879	1
2	62075	0.776004	1
2	62085	0.776129	1
2	62095	0.776254	1
2	62105	0.776379	1
2	62115	0.776504	1
2	62125	0.776629	1
2	62135	0.776754	1
2	62145	0.776879	1
2	62155	0.777004	1
2	62165	0.777129	1
2	62175	0.777254	1
2	62185	0.777379	1
2	62195	0.777504	1
2	62205	0.777629	1
2	62215	0.777754	1
2	62225	0.777879	1
2	62235	0.778004	1
2	62245	0.778129	1
2	62255	0.778254	1
2	62265	0.778379	1
2	62275	0.778504	1
2	62285	0.778629	1
2	62295	0.778754	1
2	62305	0.778879	1
2	62315	0.779004	1
2	62325	0.779129	1
2	62335	0.779254	1
2	62345	0.779379	1
2	62355	0.779504	1
2	62365	0.779629	1
2	62375	0.779754	1
2	62385	0.779879	1
2	62395	0.780004	1
2	62405	0.780129	1
2	62415	0.780254	1
2	62425	0.780379	1
2	62435	0.780504	1
2	62445	0.780629	1
2	62455	0.780754	1
2	62465	0.780879	1
2	62475	0.781004	1
2	62485	0.781129	1
2	62495	0.781254	1
2	62505	0.781379	1
2	62515	0.781504	1
2	62525	0.781629	1
2	62535	0.781754	1
2	62545	0.781879	1
2	62555	0.782004	1
2	62565	0.782129	1
2	62575	0.782254	1
2	62585	0.782379	1
2	62595	0.782504	1
2	62605	0.782629	1
2	62615	0.782754	1
2	62625	0.782879	1
2	62635	0.783004	1
2	62645	0.783129	1
2	62655	0.783254	1
2	62665	0.783379	1
2	62675	0.783504	1
2	62685	0.783629	1
2	62695	0.783754	1
2	62705	0.783879	1
2	62715	0.784004	1
2	62725	0.784129	1
2	62735	0.784254	1
2	62745	0.784379	1
2	62755	0.784504	1
2	62765	0.784629	1
2	62775	0.784754	1
2	62785	0.784879	1
2	62795	0.785004	1
2	62805	0.785129	1
2	62815	0.785254	1
2	62825	0.785379	1
2	62835	0.785504	1
2	62845	0.785629	1
2	62855	0.785754	1
2	62865	0.785879	1
2	62875	0.786004	1
2	62885	0.786129	1
2	62895	0.786254	1
2	62905	0.786379	1
2	62915	0.786504	1
2	62925	0.786629	1
2	62935	0.786754	1
2	62945	0.786879	1
2	62955	0.787004	1
2	62965	0.787129	1
2	62975	0.787254	1
2	62985	0.787379	1
2	62995	0.787504	1
2	63005	0.787629	1
2	63015	0.787754	1
2	63025	0.787879	1
2	63035	0.788004	1
2	63045	0.788129	1
2	63055	0.788254	1
2	63065	0.788379	1
2	63075	0.788504	1
2	63085	0.788629	1
2	63095	0.788754	1
2	63105	0.788879	1
2	63115	0.789004	1
2	63125	0.789129	1
2	63135	0.789254	1
2	63145	0.789379	1
2	63155	0.789504	1
2	63165	0.789629	1
2	63175	0.789754	1
2	63185	0.789879	1
2	63195	0.790004	1
2	63205	0.790129	1
2	63215	0.790254	1
2	63225	0.790379	1
2	63235	0.790504	1
2	63245	0.790629	1
2	63255	0.790754	1
2	63265	0.790879	1
2	63275	0.791004	1
2	63285	0.791129	1
2	63295	0.791254	1
2	63305	0.791379	1
2	63315	0.791504	1
2	63325	0.791629	1
2	63335	0.791754	1
2	63345	0.791879	1
2	63355	0.792004	1
2	63365	0.792129	1
2	63375	0.792254	1
2	63385	0.792379	1
2	63395	0.792504	1
2	63405	0.792629	1
2	63415	0.792754	1
2	63425	0.792879	1
2	63435	0.793004	1
2	63445	0.793129	1
2	63455	0.793254	1
2	63465	0.793379	1
2	63475	0.793504	1
2	63485	0.793629	1
2	63495	0.793754	1
2	63505	0.793879	1
2	63515	0.794004	1
2	63525	0.794129	1
2	63535	0.794254	1
2	63545	0.794379	1
2	63555	0.794504	1
2	63565	0.794629	1
2	63575	0.794754	1
2	63585	0.794879	1
2	63595	0.795004	1
2	63605	0.795129	1
2	63615	0.795254	1
2	63625	0.795379	1
2	63635	0.795504	1
2	63645	0.795629	1
2	63655	0.795754	1
2	63665	0.795879	1
2	63675	0.796004	1
2	63685	0.796129	1
2	63695	0.796254	1
2	63705	0.796379	1
2	63715	0.796504	1
2	63725	0.796629	1
2	63735	0.796754	1
2	63745	0.796879	1
2	63755	0.797004	1
2	63765	0.797129	1
2	63775	0.797254	1
2	63785	0.797379	1
2	63795	0.797504	1
2	63805	0.797629	1
2	63815	0.797754	1
2	63825	0.797879	1
2	63835	0.798004	1
2	63845	0.798129	1
2	63855	0.798254	1
2	63865	0.798379	1
2	63875	0.798504	1
2	63885	0.798629	1
2	63895	0.798754	1
2	63905	0.798879	1
2	63915	0.799004	1
2	63925	0.799129	1
2	63935	0.799254	1
2	63945	0.799379	1
2	63955	0.799504	1
2	63965	0.799629	1
2	63975	0.799754	1
2	63985	0.799879	1
2	63995	0.800004	1
2	64005	0.800129	1
2	64015	0.800254	1
2	64025	0.800379	1
2	64035	0.800504	1
2	64045	0.800629	1
2	64055	0.800754	1
2	64065	0.800879	1
2	64075	0.801004	1
2	64085	0.801129	1
2	64095	0.801254	1
2	64105	0.801379	1
2	64115	0.801504	1
2	64125	0.801629	1
2	64135	0.801754	1
2	64145	0.801879	1
2	64155	0.802004	1
2	64165	0.802129	1
2	64175	0.802254	1
2	64185	0.802379	1
2	64195	0.802504	1
2	64205	0.802629	1
2	64215	0.802754	1
2	64225	0.802879	1
2	64235	0.803004	1
2	64245	0.803129	1
2	64255	0.803254	1
2	64265	0.803379	1
2	64275	0.803504	1
2	64285	0.803629	1
2	64295	0.803754	1
2	64305	0.803879	1
2	64315	0.804004	1
2	64325	0.804129	1
2	64335	0.804254	1
2	64345	0.804379	1
2	64355	0.804504	1
2	64365	0.804629	1
2	64375	0.804754	1
2	64385	0.804879	1
2	64395	0.805004	1
2	64405	0.805129	1
2	64415	0.805254	1
2	64425	0.805379	1
2	64435	0.805504	1
2	64445	0.805629	1
2	64455	0.805754	1
2	64465	0.805879	1
2	64475	0.806004	1
2	64485	0.806129	1
2	64495	0.806254	1
2	64505	0.806379	1
2	64515	0.806504	1
2	64525	0.806629	1
2	64535	0.806754	1
2	64545	0.806879	1
2	64555	0.807004	1
2	64565	0.807129	1
2	64575	0.807254	1
2	64585	0.807379	1
2	64595	0.807504	1
2	64605	0.807629	1
2	64615	0.807754	1
2	64625	0.807879	1
2	64635	0.808004	1
2	64645	0.808129	1
2	64655	0.808254	1
2	64665	0.808379	1
2	64675	0.808504	1
2	64685	0.808629	1
2	64695	0.808754	1
2	64705	0.808879	1
2	64715	0.809004	1
2	64725	0.809129	1
2	64735	0.809254	1
2	64745	0.809379	1
2	64755	0.809504	1
2	64765	0.809629	1
2	64775	0.809754	1
2	64785	0.809879	1
2	64795	0.810004	1
2	64805	0.810129	1
2	64815	0.810254	1
2	64825	0.810379	1
2	64835	0.810504	1
2	64845	0.810629	1
2	64855	0.810754	1
2	64865	0.810879	1
2	64875	0.811004	1
2	64885	0.811129	1
2	64895	0.811254	1
2	64905	0.811379	1
2	64915	0.811504	1
2	64925	0.811629	1
2	64935	0.811754	1
2	64945	0.811879	1
2	64955	0.812004	1
2	64965	0.812129	1
2	64975	0.812254	1
2	64985	0.812379	1
2	64995	0.812504	1
2	65005	0.812629	1
2	65015	0.812754	1
2	65025	0.812879	1
2	65035	0.813004	1
2	65045	0.813129	1
2	65055	0.813254	1
2	65065	0.813379	1
2	65075	0.813504	1
2	65085	0.813629	1
2	65095	0.813754	1
2	65105	0.813879	1
2	65115	0.814004	1
2	65125	0.814129	1
2	65135	0.814254	1
2	65145	0.814379	1
2	65155	0.814504	1
2	65165	0.814629	1
2	65175	0.814754	1
2	65185	0.814879	1
2	65195	0.815004	1
2	65205	0.815129	1
2	65215	0.815254	1
2	65225	0.815379	1
2	65235	0.815504	1
2	65245	0.815629	1
2	65255	0.815754	1
2	65265	0.815879	1
2	65275	0.816004	1
2	65285	0.816129	1
2	65295	0.816254	1
2	65305	0.816379	1
2	65315	0.816504	1
2	65325	0.816629	1
2	65335	0.816754	1
2	65345	0.816879	1
2	65355	0.817004	1
2	65365	0.817129	1
2	65375	0.817254	1
2	65385	0.817379	1
2	65395	0.817504	1
2	65405	0.817629	1
2	65415	0.817754	1
2	65425	0.817879	1
2	65435	0.818004	1
2	65445	0.818129	1
2	65455	0.818254	1
2	65465	0.818379	1
2	65475	0.818504	1
2	65485	0.818629	1
2	65495	0.818754	1
2	65505	0.818879	1
2	65515	0.819004	1
2	65525	0.819129	1
2	65535	0.819254	1
2	65545	0.819379	1
2	65555	0.819504	1
2	65565	0.819629	1
2	65575	0.819754	1
2	65585	0.819879	1
2	65595	0.820004	1
2	65605	0.820129	1
2	65615	0.820254	1
2	65625	0.820379	1
2	65635	0.820504	1
2	65645	0.820629	1
2	65655	0.820754	1
2	65665	0.820879	1
2	65675	0.821004	1
2	65685	0.821129	1
2	65695	0.821254	1
2	65705	0.821379	1
2	65715	0.821504	1
2	65725	0.821629	1
2	65735	0.821754	1
2	65745	0.821879	1
2	65755	0.822004	1
2	65765	0.822129	1
2	65775	0.822254	1
2	65785	0.822379	1
2	65795	0.822504	1
2	65805	0.822629	1
2	65815	0.822754	1
2	65825	0.822879	1
2	65835	0.823004	1
2	65845	0.823129	1
2	65855	0.823254	1
2	65865	0.823379	1
2	65875	0.823504	1
2	65885	0.823629	1
2	65895	0.823754	1
2	65905	0.823879	1
2	65915	0.824004	1
2	65925	0.824129	1
2	65935	0.824254	1
2	65945	0.824379	1
2	65955	0.824504	1
2	65965	0.824629	1
2	65975	0.824754	1
2	65985	0.824879	1
2	65995	0.825004	1
2	66005	0.825129	1
2	66015	0.825254	1
2	66025	0.825379	1
2	66035	0.825504	1
2	66045	0.825629	1
2	66055	0.825754	1
2	66065	0.825879	1
2	66075	0.826004	1
2	66085	0.826129	1
2	66095	0.826254	1
2	66105	0.826379	1
2	66115	0.826504	1
2	66125	0.826629	1
2	66135	0.826754	1
2	66145	0.826879	1
2	66155	0.827004	1
2	66165	0.827129	1
2	66175	0.827254	1
2	66185	0.827379	1
2	66195	0.827504	1
2	66205	0.827629	1
2	66215	0.827754	1
2	66225	0.827879	1
2	66235	0.828004	1
2	66245	0.828129	1
2	66255	0.828254	1
2	66265	0.828379	1
2	66275	0.828504	1
2	66285	0.828629	1
2	66295	0.828754	1
2	66305	0.828879	1
2	66315	0.829004	1
2	66325	0.829129	1
2	66335	0.829254	1
2	66345	0.829379	1
2	66355	0.829504	1
2	66365	0.829629	1
2	66375	0.829754	1
2	66385	0.829879	1
2	66395	0.830004	1
2	66405	0.830129	1
2	66415	0.830254	1
2	66425	0.830379	1
2	66435	0.830504	1
2	66445	0.830629	1
2	66455	0.830754	1
2	66465	0.830879	1
2	66475	0.831004	1
2	66485	0.831129	1
2	66495	0.831254	1
2	66505	0.831379	1
2	66515	0.831504	1
2	66525	0.831629	1
2	66535	0.831754	1
2	66545	0.831879	1
2	66555	0.832004	1
2	66565	0.832129	1
2	66575	0.832254	1
2	66585	0.832379	1
2	66595	0.832504	1
2	66605	0.832629	1
2	66615	0.832754	1
2	66625	0.832879	1
2	66635	0.833004	1
2	66645	0.833129	1
2	66655	0.833254	1
2	66665	0.833379	1
2	66675	0.833504	1
2	66685	0.833629	1
2	66695	0.833754	1
2	66705	0.833879	1
2	66715	0.834004	1
2	66725	0.834129	1
2	66735	0.834254	1
2	66745	0.834379	1
2	66755	0.834504	1
2	66765	0.834629	1
2	66775	0.834754	1
2	66785	0.834879	1
2	66795	0.835004	1
2	66805	0.835129	1
2	66815	0.835254	1
2	66825	0.835379	1
2	66835	0.835504	1
2	66845	0.835629	1
2	66855	0.835754	1
2	66865	0.835879	1
2	66875	0.836004	1
2	66885	0.836129	1
2	66895	0.836254	1
2	66905	0.836379	1
2	66915	0.836504	1
2	66925	0.836629	1
2	66935	0.836754	1
2	66945	0.836879	1
2	66955	0.837004	1
2	66965	0.837129	1
2	66975	0.837254	1
2	66985	0.837379	1
2	66995	0.837504	1
2	67005	0.837629	1
2	67015	0.837754	1
2	67025	0.837879	1
2	67035	0.838004	1
2	67045	0.838129	1
2	67055	0.838254	1
2	67065	0.838379	1
2	67075	0.838504	1
2	67085	0.838629	1
2	67095	0.838754	1
2	67105	0.838879	1
2	67115	0.839004	1
2	67125	0.839129	1
2	67135	0.839254	1
2	67145	0.839379	1
2	67155	0.839504	1
2	67165	0.839629	1
2	67175	0.839754	1
2	67185	0.839879	1
2	67195	0.840004	1
2	67205	0.840129	1
2	67215	0.840254	1
2	67225	0.840379	1
2	67235	0.840504	1
2	67245	0.840629	1
2	67255	0.840754	1
2	67265	0.840879	1
2	67275	0.841004	1
2	67285	0.841129	1
2	67295	0.841254	1
2	67305	0.841379	1
2	67315	0.841504	1
2	67325	0.841629	1
2	67335	0.841754	1
2	67345	0.841879	1
2	67355	0.842004	1
2	67365	0.842129	1
2	67375	0.842254	1
2	67385	0.842379	1
2	67395	0.842504	1
2	67405	0.842629	1
2	67415	0.842754	1
2	67425	0.842879	1
2	67435	0.843004	1
2	67445	0.843129	1
2	67455	0.843254	1
2	67465	0.843379	1
2	67475	0.843504	1
2	67485	0.843629	1
2	67495	0.843754	1
2	67505	0.843879	1
2	67515	0.844004	1
2	67525	0.844129	1
2	67535	0.844254	1
2	67545	0.844379	1
2	67555	0.844504	1
2	67565	0.844629	1
2	67575	0.844754	1
2	67585	0.844879	1
2	67595	0.845004	1
2	67605	0.845129	1
2	67615	0.845254	1
2	67625	0.845379	1
2	67635	0.845504	1
2	67645	0.845629	1
2	67655	0.845754	1
2	67665	0.845879	1
2	67675	0.846004	1
2	67685	0.846129	1
2	67695	0.846254	1
2	67705	0.846379	1
2	67715	0.846504	1
2	67725	0.846629	1
2	67735	0.846754	1
2	67745	0.846879	1
2	67755	0.847004	1
2	67765	0.847129	1
2	67775	0.847254	1
2	67785	0.847379	1
2	67795	0.847504	1
2	67805	0.847629	1
2	67815	0.847754	1
2	67825	0.847879	1
2	67835	0.848004	1
2	67845	0.848129	1
2	67855	0.848254	1
2	67865	0.848379	1
2	67875	0.848504	1
2	67885	0.848629	1
2	67895	0.848754	1
2	67905	0.848879	1
2	67915	0.849004	1
2	67925	0.849129	1
2	67935	0.849254	1
2	67945	0.849379	1
2	67955	0.849504	1
2	67965	0.849629	1
2	67975	0.849754	1
2	67985	0.849879	1
2	67995	0.850004	1
2	68005	0.850129	1
2	68015	0.850254	1
2	68025	0.850379	1
2	68035	0.850504	1
2	68045	0.850629	1
2	68055	0.850754	1
2	68065	0.850879	1
2	68075	0.851004	1
2	68085	0.851129	1
2	68095	0.851254	1
2	68105	0.851379	1
2	68115	0.851504	1
2	68125	0.851629	1
2	68135	0.851754	1
2	68145	0.851879	1
2	68155	0.852004	1
2	68165	0.852129	1
2	68175	0.852254	1
2	68185	0.852379	1
2	68195	0.852504	1
2	68205	0.852629	1
2	68215	0.852754	1
2	68225	0.852879	1
2	68235	0.853004	1
2	68245	0.853129	1
2	68255	0.853254	1
2	68265	0.853379	1
2	68275	0.853504	1
2	68285	0.853629	1
2	68295	0.853754	1
2	68305	0.853879	1
2	68315	0.854004	1
2	68325	0.854129	1
2	68335	0.854254	1
2	68345	0.854379	1
2	68355	0.854504	1
2	68365	0.854629	1
2	68375	0.854754	1
2	68385	0.854879	1
2	68395	0.855004	1
2	68405	0.855129	1
2	68415	0.855254	1
2	68425	0.855379	1
2	68435	0.855504	1
2	68445	0.855629	1
2	68455	0.855754	1
2	68465	0.855879	1
2	68475	0.856004	1
2	68485	0.856129	1
2	68495	0.856254	1
2	68505	0.856379	1
2	68515	0.856504	1
2	68525	0.856629	1
2	68535	0.856754	1
2	68545	0.856879	1
2	68555	0.857004	1
2	68565	0.857129	1
2	68575	0.857254	1
2	68585	0.857379	1
2	68595	0.857504	1
2	68605	0.857629	1
2	68615	0.857754	1
2	68625	0.857879	1
2	68635	0.858004	1
2	68645	0.858129	1
2	68655	0.858254	1
2	68665	0.858379	1
2	68675	0.858504	1
2	68685	0.858629	1
2	68695	0.858754	1
2	68705	0.858879	1
2	68715	0.859004	1
2	68725	0.859129	1
2	68735	0.859254	1
2	68745	0.859379	1
2	68755	0.859504	1
2	68765	0.859629	1
2	68775	0.859754	1
2	68785	0.859879	1
2	68795	0.860004	1
2	68805	0.860129	1
2	68815	0.860254	1
2	68825	0.860379	1
2	68835	0.860504	1
2	68845	0.860629	1
2	68855	0.860754	1
2	68865	0.860879	1
2	68875	0.861004	1
2	68885	0.861129	1
2	68895	0.861254	1
2	68905	0.861379	1
2	68915	0.861504	1
2	68925	0.861629	1
2	68935	0.861754	1
2	68945	0.861879	1
2	68955	0.862004	1
2	68965	0.862129	1
2	68975	0.862254	1
2	68985	0.862379	1
2	68995	0.862504	1
2	69005	0.862629	1
2	69015	0.862754	1
2	69025	0.862879	1
2	69035	0.863004	1
2	69045	0.863129	1
2	69055	0.863254	1
2	69065	0.863379	1
2	69075	0.863504	1
2	69085	0.863629	1
2	69095	0.863754	1
2	69105	0.863879	1
2	69115	0.864004	1
2	69125	0.864129	1
2	69135	0.864254	1
2	69145	0.864379	1
2	69155	0.864504	1
2	69165	0.864629	1
2	69175	0.864754	1
2	69185	0.864879	1
2	69195	0.865004	1
2	69205	0.865129	1
2	69215	0.865254	1
2	69225	0.865379	1
2	69235	0.865504	1
2	69245	0.865629	1
2	69255	0.865754	1
2	69265	0.865879	1
2	69275	0.866004	1
2	69285	0.866129	1
2	69295	0.866254	1
2	69305	0.866379	1
2	69315	0.866504	1
2	69325	0.866629	1
2	69335	0.866754	1
2	69345	0.866879	1
2	69355	0.867004	1
2	69365	0.867129	1
2	69375	0.867254	1
2	69385	0.867379	1
2	69395	0.867504	1
2	69405	0.867629	1
2	69415	0.867754	1
2	69425	0.867879	1
2	69435	0.868004	1
2	69445	0.868129	1
2	69455	0.868254	1
2	69465	0.868379	1
2	69475	0.868504	1
2	69485	0.868629	1
2	69495	0.868754	1
2	69505	0.868879	1
2	69515	0.869004	1
2	69525	0.869129	1
2	69535	0.869254	1
2	69545	0.869379	1
2	69555	0.869504	1
2	69565	0.869629	1
2	69575	0.869754	1
2	69585	0.869879	1
2	69595	0.870004	1
2	69605	0.870129	1
2	69615	0.870254	1
2	69625	0.870379	1
2	69635	0.870504	1
2	69645	0.870629	1
2	69655	0.870754	1
2	69665	0.870879	1
2	69675	0.871004	1
2	69685	0.871129	1
2	69695	0.871254	1
2	69705	0.871379	1
2	69715	0.871504	1
2	69725	0.871629	1
2	69735	0.871754	1
2	69745	0.871879	1
2	69755	0.872004	1
2	69765	0.872129	1
2	69775	0.872254	1
2	69785	0.872379	1
2	69795	0.872504	1
2	69805	0.872629	1
2	69815	0.872754	1
2	69825	0.872879	1
2	69835	0.873004	1
2	69845	0.873129	1
2	69855	0.873254	1
2	69865	0.873379	1
2	69875	0.873504	1
2	69885	0.873629	1
2	69895	0.873754	1
2	69905	0.873879	1
2	69915	0.874004	1
2	69925	0.874129	1
2	69935	0.874254	1
2	69945	0.874379	1
2	69955	0.874504	1
2	69965	0.874629	1
2	69975	0.874754	1
2	69985	0.874879	1
2	69995	0.875004	1
2	70005	0.875129	1
2	70015	0.875254	1
2	70025	0.875379	1
2	70035	0.875504	1
2	70045	0.875629	1
2	70055	0.875754	1
2	70065	0.875879	1
2	70075	0.876004	1
2	70085	0.876129	1
2	70095	0.876254	1
2	70105	0.876379	1
2	70115	0.876504	1
2	70125	0.876629	1
2	70135	0.876754	1
2	70145	0.876879	1
2	70155	0.877004	1
2	70165	0.877129	1
2	70175	0.877254	1
2	70185	0.877379	1
2	70195	0.877504	1
2	70205	0.877629	1
2	70215	0.877754	1
2	70225	0.877879	1
2	70235	0.878004	1
2	70245	0.878129	1
2	70255	0.878254	1
2	70265	0.878379	1
2	70275	0.878504	1
2	70285	0.878629	1
2	70295	0.878754	1
2	70305	0.878879	1
2	70315	0.879004	1
2	70325	0.879129	1
2	70335	0.879254	1
2	70345	0.879379	1
2	70355	0.879504	1
2	70365	0.879629	1
2	70375	0.879754	1
2	70385	0.879879	1
2	70395	0.880004	1
2	70405	0.880129	1
2	70415	0.880254	1
2	70425	0.880379	1
2	70435	0.880504	1
2	70445	0.880629	1
2	70455	0.880754	1
2	70465	0.880879	1
2	70475	0.881004	1
2	70485	0.881129	1
2	70495	0.881254	1
2	70505	0.881379	1
2	70515	0.881504	1
2	70525	0.881629	1
2	70535	0.881754	1
2	70545	0.881879	1
2	70555	0.882004	1
2	70565	0.882129	1
2	70575	0.882254	1
2	70585	0.882379	1
2	70595	0.882504	1
2	70605	0.882629	1
2	70615	0.882754	1
2	70625	0.882879	1
2	70635	0.883004	1
2	70645	0.883129	1
2	70655	0.883254	1
2	70665	0.883379	1
2	70675	0.883504	1
2	70685	0.883629	1
2	70695	0.883754	1
2	70705	0.883879	1
2	70715	0.884004	1
2	70725	0.884129	1
2	70735	0.884254	1
2	70745	0.884379	1
2	70755	0.884504	1
2	70765	0.884629	1
2	70775	0.884754	1
2	70785	0.884879	1
2	70795	0.885004	1
2	70805	0.885129	1
2	70815	0.885254	1
2	70825	0.885379	1
2	70835	0.885504	1
2	70845	0.885629	1
2	70855	0.885754	1
2	70865	0.885879	1
2	70875	0.886004	1
2	70885	0.886129	1
2	70895	0.886254	1
2	70905	0.886379	1
2	70915	0.886504	1
2	70925	0.886629	1
2	70935	0.886754	1
2	70945	0.886879	1
2	70955	0.887004	1
2	70965	0.887129	1
2	70975	0.887254	1
2	70985	0.887379	1
2	70995	0.887504	1
2	71005	0.887629	1
2	71015	0.887754	1
2	71025	0.887879	1
2	71035	0.888004	1
2	71045	0.888129	1
2	71055	0.888254	1
2	71065	0.888379	1
2	71075	0.888504	1
2	71085	0.888629	1
2	71095	0.888754	1
2	71105	0.888879	1
2	71115	0.889004	1
2	71125	0.889129	1
2	71135	0.889254	1
2	71145	0.889379	1
2	71155	0.889504	1
2	71165	0.889629	1
2	71175	0.889754	1
2	71185	0.889879	1
2	71195	0.890004	1
2	71205	0.890129	1
2	71215	0.890254	1
2	71225	0.890379	1
2	71235	0.890504	1
2	71245	0.890629	1
2	71255	0.890754	1
2	71265	0.890879	1
2	71275	0.891004	1
2	71285	0.891129	1
2	71295	0.891254	1
2	71305	0.891379	1
2	71315	0.891504	1
2	71325	0.891629	1
2	71335	0.891754	1
2	71345	0.891879	1
2	71355	0.892004	1
2	71365	0.892129	1
2	71375	0.892254	1
2	71385	0.892379	1
2	71395	0.892504	1
2	71405	0.892629	1
2	71415	0.892754	1
2	71425	0.892879	1
2	71435	0.893004	1
2	71445	0.893129	1
2	71455	0.893254	1
2	71465	0.893379	1
2	71475	0.893504	1
2	71485	0.893629	1
2	71495	0.893754	1
2	71505	0.893879	1
2	71515	0.894004	1
2	71525	0.894129	1
2	71535	0.894254	1
2	71545	0.894379	1
2	71555	0.894504	1
2	71565	0.894629	1
2	71575	0.894754	1
2	71585	0.894879	1
2	71595	0.895004	1
2	71605	0.895129	1
2	71615	0.895254	1
2	71625	0.895379	1
2	71635	0.895504	1
2	71645	0.895629	1
2	71655	0.895754	1
2	71665	0.895879	1
2	71675	0.896004	1
2	71685	0.896129	1
2	71695	0.896254	1
2	71705	0.896379	1
2	71715	0.896504	1
2	71725	0.896629	1
2	71735	0.896754	1
2	71745	0.896879	1
2	71755	0.897004	1
2	71765	0.897129	1
2	71775	0.897254	1
2	71785	0.897379	1
2	71795	0.897504	1
2	71805	0.897629	1
2	71815	0.897754	1
2	71825	0.897879	1
2	71835	0.898004	1
2	71845	0.898129	1
2	71855	0.898254	1
2	71865	0.898379	1
2	71875	0.898504	1
2	71885	0.898629	1
2	71895	0.898754	1
2	71905	0.898879	1
2	71915	0.899004	1
2	71925	0.899129	1
2	71935	0.899254	1
2	71945	0.899379	1
2	71955	0.899504	1
2	71965	0.899629	1
2	71975	0.899754	1
2	71985	0.899879	1
2	71995	0.900004	1
2	72005	0.900129	1
2	72015	0.900254	1
2	72025	0.900379	1
2	72035	0.900504	1
2	72045	0.900629	1
2	72055	0.900754	1
2	72065	0.900879	1
2	72075	0.901004	1
2	72085	0.901129	1
2	72095	0.901254	1
2	72105	0.901379	1
2	72115	0.901504	1
2	72125	0.901629	1
2	72135	0.901754	1
2	72145	0.901879	1
2	72155	0.902004	1
2	72165	0.902129	1
2	72175	0.902254	1
2	72185	0.902379	1
2	72195	0.902504	1
2	72205	0.902629	1
2	72215	0.902754	1
2	72225	0.902879	1
2	72235	0.903004	1
2	72245	0.903129	1
2	72255	0.903254	1
2	72265	0.903379	1
2	72275	0.903504	1
2	72285	0.903629	1
2	72295	0.903754	1
2	72305	0.903879	1
2	72315	0.904004	1
2	72325	0.904129	1
2	72335	0.904254	1
2	72345	0.904379	1
2	72355	0.904504	1
2	72365	0.904629	1
2	72375	0.904754	1
2	72385	0.904879	1
2	72395	0.905004	1
2	72405	0.905129	1
2	72415	0.905254	1
2	72425	0.905379	1
2	72435	0.905504	1
2	72445	0.905629	1
2	72455	0.905754	1
2	72465	0.905879	1
2	72475	0.906004	1
2	72485	0.906129	1
2	72495	0.906254	1
2	72505	0.906379	1
2	72515	0.906504	1
2	72525	0.906629	1
2	72535	0.906754	1
2	72545	0.906879	1
2	72555	0.907004	1
2	72565	0.907129	1
2	72575	0.907254	1
2	72585	0.907379	1
2	72595	0.907504	1
2	72605	0.907629	1
2	72615	0.907754	1
2	72625	0.907879	1
2	72635	0.908004	1
2	72645	0.908129	1
2	72655	0.908254	1
2	72665	0.908379	1
2	72675	0.908504	1
2	72685	0.908629	1
2	72695	0.908754	1
2	72705	0.908879	1
2	72715	0.909004	1
2	72725	0.909129	1
2	72735	0.909254	1
2	72745	0.909379	1
2	72755	0.909504	1
2	72765	0.909629	1
2	72775	0.909754	1
2	72785	0.909879	1
2	72795	0.910004	1
2	72805	0.910129	1
2	72815	0.910254	1
2	72825	0.910379	1
2	72835	0.910504	1
2	72845	0.910629	1
2	72855	0.910754	1
2	72865	0.910879	1
2	72875	0.911004	1
2	72885	0.911129	1
2	72895	0.911254	1
2	72905	0.911379	1
2	72915	0.911504	1
2	72925	0.911629	1
2	72935	0.911754	1
2	72945	0.911879	1
2	72955	0.912004	1
2	72965	0.912129	1
2	72975	0.912254	1
2	72985	0.912379	1
2	72995	0.912504	1
2	73005	0.912629	1
2	73015	0.912754	1
2	73025	0.912879	1
2	73035	0.913004	1
2	73045	0.913129	1
2	73055	0.913254	1
2	73065	0.913379	1
2	73075	0.913504	1
2	73085	0.913629	1
2	73095	0.913754	1
2	73105	0.913879	1
2	73115	0.914004	1
2	73125	0.914129	1
2	73135	0.914254	1
2	73145	0.914379	1
2	73155	0.914504	1
2	73165	0.914629	1
2	73175	0.914754	1
2	73185	0.914879	1
2	73195	0.915004	1
2	73205	0.915129	1
2	73215	0.915254	1
2	73225	0.915379	1
2	73235	0.915504	1
2	73245	0.915629	1
2	73255	0.915754	1
2	73265	0.915879	1
2	73275	0.916004	1
2	73285	0.916129	1
2	73295	0.916254	1
2	73305	0.916379	1
2	73315	0.916504	1
2	73325	0.916629	1
2	73335	0.916754	1
2	73345	0.916879	1
2	73355	0.917004	1
2	73365	0.917129	1
2	73375	0.917254	1
2	73385	0.917379	1
2	73395	0.917504	1
2	73405	0.917629	1
2	73415	0.917754	1
2	73425	0.917879	1
2	73435	0.918004	1
2	73445	0.918129	1
2	73455	0.918254	1
2	73465	0.918379	1
2	73475	0.918504	1
2	73485	0.918629	1
2	73495	0.918754	1
2	73505	0.918879	1
2	73515	0.919004	1
2	73525	0.919129	1
2	73535	0.919254	1
2	73545	0.919379	1
2	73555	0.919504	1
2	73565	0.919629	1
2	73575	0.919754	1
2	73585	0.919879	1
2	73595	0.920004	1
2	73605	0.920129	1
2	73615	0.920254	1
2	73625	0.920379	1
2	73635	0.920504	1
2	73645	0.920629	1
2	73655	0.920754	1
2	73665	0.920879	1
2	73675	0.921004	1
2	73685	0.921129	1
2	73695	0.921254	1
2	73705	0.921379	1
2	73715	0.921504	1
2	73725	0.921629	1
2	73735	0.921754	1
2	73745	0.921879	1
2	73755	0.922004	1
2	73765	0.922129	1
2	73775	0.922254	1
2	73785	0.922379	1
2	73795	0.922504	1
2	73805	0.922629	1
2	73815	0.922754	1
2	73825	0.922879	1
2	73835	0.923004	1
2	73845	0.923129	1
2	73855	0.923254	1
2	73865	0.923379	1
2	73875	0.923504	1
2	73885	0.923629	1
2	73895	0.923754	1
2	73905	0.923879	1
2	73915	0.924004	1
2	73925	0.924129	1
2	73935	0.924254	1
2	73945	0.924379	1
2	73955	0.924504	1
2	73965	0.924629	1
2	73975	0.924754	1
2	73985	0.924879	1
2	73995	0.925004	1
2	74005	0.925129	1
2	74015	0.925254	1
2	74025	0.925379	1
2	74035	0.925504	1
2	74045	0.925629	1
2	74055	0.925754	1
2	74065	0.925879	1
2	74075	0.926004	1
2	74085	0.926129	1
2	74095	0.926254	1
2	74105	0.926379	1
2	74115	0.926504	1
2	74125	0.926629	1
2	74135	0.926754	1
2	74145	0.926879	1
2	74155	0.927004	1
2	74165	0.927129	1
2	74175	0.927254	1
2	74185	0.927379	1
2	74195	0.927504	1
2	74205	0.927629	1
2	74215	0.927754	1
2	74225	0.927879	1
2	74235	0.928004	1
2	74245	0.928129	1
2	74255	0.928254	1
2	74265	0.928379	1
2	74275	0.928504	1
2	74285	0.928629	1
2	74295	0.928754	1
2	74305	0.928879	1
2	74315	0.929004	1
2	74325	0.929129	1
2	74335	0.929254	1
2	74345	0.929379	1
2	74355	0.929504	1
2	74365	0.929629	1
2	74375	0.929754	1
2	74385	0.929879	1
2	74395	0.930004	1
2	74405	0.930129	1
2	74415	0.930254	1
2	74425	0.930379	1
2	74435	0.930504	1
2	74445	0.930629	1
2	74455	0.930754	1
2	74465	0.930879	1
2	74475	0.931004	1
2	74485	0.931129	1
2	74495	0.931254	1
2	74505	0.931379	1
2	74515	0.931504	1
2	74525	0.931629	1
2	74535	0.931754	1
2	74545	0.931879	1
2	74555	0.932004	1
2	74565	0.932129	1
2	74575	0.932254	1
2	74585	0.932379	1
2	74595	0.932504	1
2	74605	0.932629	1
2	74615	0.932754	1
2	74625	0.932879	1
2	74635	0.933004	1
2	74645	0.933129	1
2	74655	0.933254	1
2	74665	0.933379	1
2	74675	0.933504	1
2	74685	0.933629	1
2	74695	0.933754	1
2	74705	0.933879	1
2	74715	0.934004	1
2	74725	0.934129	1
2	74735	0.934254	1
2	74745	0.934379	1
2	74755	0.934504	1
2	74765	0.934629	1
2	74775	0.934754	1
2	74785	0.934879	1
2	74795	0.935004	1
2	74805	0.935129	1
2	74815	0.935254	1
2	74825	0.935379	1
2	74835	0.935504	1
2	74845	0.935629	1
2	74855	0.935754	1
2	74865	0.935879	1
2	74875	0.936004	1
2	74885	0.936129	1
2	74895	0.936254	1
2	74905	0.936379	1
2	74915	0.936504	1
2	74925	0.936629	1
2	74935	0.936754	1
2	74945	0.936879	1
2	74955	0.937004	1
2	74965	0.937129	1
2	74975	0.937254	1
2	74985	0.937379	1
2	74995	0.937504	1
2	75005	0.937629	1
2	75015	0.937754	1
2	75025	0.937879	1
2	75035	0.938004	1
2	75045	0.938129	1
2	75055	0.938254	1
2	75065	0.938379	1
2	75075	0.938504	1
2	75085	0.938629	1
2	75095	0.938754	1
2	75105	0.938879	1
2	75115	0.939004	1
2	75125	0.939129	1
2	75135	0.939254	1
2	75145	0.939379	1
2	75155	0.939504	1
2	75165	0.939629	1
2	75175	0.939754	1
2	75185	0.939879	1
2	75195	0.940004	1
2	75205	0.940129	1
2	75215	0.940254	1
2	75225	0.940379	1
2	75235	0.940504	1
2	75245	0.940629	1
2	75255	0.940754	1
2	75265	0.940879	1
2	75275	0.941004	1
2	75285	0.941129	1
2	75295	0.941254	1
2	75305	0.941379	1
2	75315	0.941504	1
2	75325	0.941629	1
2	75335	0.941754	1
2	75345	0.941879	1
2	75355	0.942004	1
2	75365	0.942129	1
2	75375	0.942254	1
2	75385	0.942379	1
2	75395	0.942504	1
2	75405	0.942629	1
2	75415	0.942754	1
2	75425	0.942879	1
2	75435	0.943004	1
2	75445	0.943129	1
2	75455	0.943254	1
2	75465	0.943379	1
2	75475	0.943504	1
2	75485	0.943629	1
2	75495	0.943754	1
2	75505	0.943879	1
2	75515	0.944004	1
2	75525	0.944129	1
2	75535	0.944254	1
2	75545	0.944379	1
2	75555	0.944504	1
2	75565	0.944629	1
2	75575	0.944754	1
2	75585	0.944879	1
2	75595	0.945004	1
2	75605	0.945129	1
2	75615	0.945254	1
2	75625	0.945379	1
2	75635	0.945504	1
2	75645	0.945629	1
2	75655	0.945754	1
2	75665	0.945879	1
2	75675	0.946004	1
2	75685	0.946129	1
2	75695	0.946254	1
2	75705	0.946379	1
2	75715	0.946504	1
2	75725	0.946629	1
2	75735	0.946754	1
2	75745	0.946879	1
2	75755	0.947004	1
2	75765	0.947129	1
2	75775	0.947254	1
2	75785	0.947379	1
2	75795	0.947504	1
2	75805	0.947629	1
2	75815	0.947754	1
2	75825	0.947879	1
2	75835	0.948004	1
2	75845	0.948129	1
2	75855	0.948254	1
2	75865	0.948379	1
2	75875	0.948504	1
2	75885	0.948629	1
2	75895	0.948754	1
2	75905	0.948879	1
2	75915	0.949004	1
2	75925	0.949129	1
2	75935	0.949254	1
2	75945	0.949379	1
2	75955	0.949504	1
2	75965	0.949629	1
2	75975	0.949754	1
2	75985	0.949879	1
2	75995	0.950004	1
2	76005	0.950129	1
2	76015	0.950254	1
2	76025	0.950379	1
2	76035	0.950504	1
2	76045	0.950629	1
2	76055	0.950754	1
2	76065	0.950879	1
2	76075	0.951004	1
2	76085	0.951129	1
2	76095	0.951254	1
2	76105	0.951379	1
2	76115	0.951504	1
2	76125	0.951629	1
2	76135	0.951754	1
2	76145	0.951879	1
2	76155	0.952004	1
2	76165	0.952129	1
2	76175	0.952254	1
2	76185	0.952379	1
2	76195	0.952504	1
2	76205	0.952629	1
2	76215	0.952754	1
2	76225	0.952879	1
2	76235	0.953004	1
2	76245	0.953129	1
2	76255	0.953254	1
2	76265	0.953379	1
2	76275	0.953504	1
2	76285	0.953629	1
2	76295	0.953754	1
2	76305	0.953879	1
2	76315	0.954004	1
2	76325	0.954129	1
2	76335	0.954254	1
2	76345	0.954379	1
2	76355	0.954504	1
2	76365	0.954629	1
2	76375	0.954754	1
2	76385	0.954879	1
2	76395	0.955004	1
2	76405	0.955129	1
2	76415	0.955254	1
2	76425	0.955379	1
2	76435	0.955504	1
2	76445	0.955629	1
2	76455	0.955754	1
2	76465	0.955879	1
2	76475	0.956004	1
2	76485	0.956129	1
2	76495	0.956254	1
2	76505	0.956379	1
2	76515	0.956504	1
2	76525	0.956629	1
2	76535	0.956754	1
2	76545	0.956879	1
2	76555	0.957004	1
2	76565	0.957129	1
2	76575	0.957254	1
2	76585	0.957379	1
2	76595	0.957504	1
2	76605	0.957629	1
2	76615	0.957754	1
2	76625	0.957879	1
2	76635	0.958004	1
2	76645	0.958129	1
2	76655	0.958254	1
2	76665	0.958379	1
2	76675	0.958504	1
2	76685	0.958629	1
2	76695	0.958754	1
2	76705	0.958879	1
2	76715	0.959004	1
2	76725	0.959129	1
2	76735	0.959254	1
2	76745	0.959379	1
2	76755	0.959504	1
2	76765	0.959629	1
2	76775	0.959754	1
2	76785	0.959879	1
2	76795	0.960004	1
2	76805	0.960129	1
2	76815	0.960254	1
2	76825	0.960379	1
2	76835	0.960504	1
2	76845	0.960629	1
2	76855	0.960754	1
2	76865	0.960879	1
2	76875	0.961004	1
2	76885	0.961129	1
2	76895	0.961254	1
2	76905	0.961379	1
2	76915	0.961504	1
2	76925	0.961629	1
2	76935	0.961754	1
2	76945	0.961879	1
2	76955	0.962004	1
2	76965	0.962129	1
2	76975	0.962254	1
2	76985	0.962379	1
2	76995	0.962504	1
2	77005	0.962629	1
2	77015	0.962754	1
2	77025	0.962879	1
2	77035	0.963004	1
2	77045	0.963129	1
2	77055	0.963254	1
2	77065	0.963379	1
2	77075	0.963504	1
2	77085	0.963629	1
2	77095	0.963754	1
2	77105	0.963879	1
2	77115	0.964004	1
2	77125	0.964129	1
2	77135	0.964254	1
2	77145	0.964379	1
2	77155	0.964504	1
2	77165	0.964629	1
2	77175	0.964754	1
2	77185	0.964879	1
2	77195	0.965004	1
2	77205	0.965129	1
2	77215	0.965254	1
2	77225	0.965379	1
2	77235	0.965504	1
2	77245	0.965629	1
2	77255	0.965754	1
2	77265	0.965879	1
2	77275	0.966004	1
2	77285	0.966129	1
2	77295	0.966254	1
2	77305	0.966379	1
2	77315	0.966504	1
2	77325	0.966629	1
2	77335	0.966754	1
2	77345	0.966879	1
2	77355	0.967004	1
2	77365	0.967129	1
2	77375	0.967254	1
2	77385	0.967379	1
2	77395	0.967504	1
2	77405	0.967629	1
2	77415	0.967754	1
2	77425	0.967879	1
2	77435	0.968004	1
2	77445	0.968129	1
2	77455	0.968254	1
2	77465	0.968379	1
2	77475	0.968504	1
2	77485	0.968629	1
2	77495	0.968754	1
2	77505	0.968879	1
2	77515	0.969004	1
2	77525	0.969129	1
2	77535	0.969254	1
2	77545	0.969379	1
2	77555	0.969504	1
2	77565	0.969629	1
2	77575	0.969754	1
2	77585	0.969879	1
2	77595	0.970004	1
2	77605	0.970129	1
2	77615	0.970254	1
2	77625	0.970379	1
2	77635	0.970504	1
2	77645	0.970629	1
2	77655	0.970754	1
2	77665	0.970879	1
2	77675	0.971004	1
2	77685	0.971129	1
2	77695	0.971254	1
2	77705	0.971379	1
2	77715	0.971504	1
2	77725	0.971629	1
2	77735	0.971754	1
2	77745	0.971879	1
2	77755	0.972004	1
2	77765	0.972129	1
2	77775	0.972254	1
2	77785	0.972379	1
2	77795	0.972504	1
2	77805	0.972629	1
2	77815	0.972754	1
2	77825	0.972879	1
2	77835	0.973004	1
2	77845	0.973129	1
2	77855	0.973254	1
2	77865	0.973379	1
2	77875	0.973504	1
2	77885	0.973629	1
2	77895	0.973754	1
2	77905	0.973879	1
2	77915	0.974004	1
2	77925	0.974129	1
2	77935	0.974254	1
2	77945	0.974379	1
2	77955	0.974504	1
2	77965	0.974629	1
2	77975	0.974754	1
2	77985	0.974879	1
2	77995	0.975004	1
2	78005	0.975129	1
2	78015	0.975254	1
2	78025	0.975379	1
2	78035	0.975504	1
2	78045	0.975629	1
2	78055	0.975754	1
2	78065	0.975879	1
2	78075	0.976004	1
2	78085	0.976129	1
2	78095	0.976254	1
2	78105	0.976379	1
2	78115	0.976504	1
2	78125	0.976629	1
2	78135	0.976754	1
2	78145	0.976879	1
2	78155	0.977004	1
2	78165	0.977129	1
2	78175	0.977254	1
2	78185	0.977379	1
2	78195	0.977504	1
2	78205	0.977629	1
2	78215	0.977754	1
2	78225	0.977879	1
2	78235	0.978004	1
2	78245	0.978129	1
2	78255	0.978254	1
2	78265	0.978379	1
2	78275	0.978504	1
2	78285	0.978629	1
2	78295	0.978754	1
2	78305	0.978879	1
2	78315	0.979004	1
2	78325	0.979129	1
2	78335	0.979254	1
2	78345	0.979379	1
2	78355	0.979504	1
2	78365	0.979629	1
2	78375	0.979754	1
2	78385	0.979879	1
2	78395	0.980004	1
2	78405	0.980129	1
2	78415	0.980254	1
2	78425	0.980379	1
2	78435	0.980504	1
2	78445	0.980629	1
2	78455	0.980754	1
2	78465	0.980879	1
2	78475	0.981004	1
2	78485	0.981129	1
2	78495	0.981254	1
2	78505	0.981379	1
2	78515	0.981504	1
2	78525	0.981629	1
2	78535	0.981754	1
2	78545	0.981879	1
2	78555	0.982004	1
2	78565	0.982129	1
2	78575	0.982254	1
2	78585	0.982379	1
2	78595	0.982504	1
2	78605	0.982629	1
2	78615	0.982754	1
2	78625	0.982879	1
2	78635	0.983004	1
2	78645	0.983129	1
2	78655	0.983254	1
2	78665	0.983379	1
2	78675	0.983504	1
2	78685	0.983629	1
2	78695	0.983754	1
2	78705	0.983879	1
2	78715	0.984004	1
2	78725	0.984129	1
2	78735	0.984254	1
2	78745	0.984379	1
2	78755	0.984504	1
2	78765	0.984629	1
2	78775	0.984754	1
2	78785	0.984879	1
2	78795	0.985004	1
2	78805	0.985129	1
2	78815	0.985254	1
2	78825	0.985379	1
2	78835	0.985504	1
2	78845	0.985629	1
2	78855	0.985754	1
2	78865	0.985879	1
2	78875	0.986004	1
2	78885	0.986129	1
2	78895	0.986254	1
2	78905	0.986379	1
2	78915	0.986504	1
2	78925	0.986629	1
2	78935	0.986754	1
2	78945	0.986879	1
2	78955	0.987004	1
2	78965	0.987129	1
2	78975	0.987254	1
2	78985	0.987379	1
2	78995	0.987504	1
2	79005	0.987629	1
2	79015	0.987754	1
2	79025	0.987879	1
2	79035	0.988004	1
2	79045	0.988129	1
2	79055	0.988254	1
2	79065	0.988379	1
2	79075	0.988504	1
2	79085	0.988629	1
2	79095	0.988754	1
2	79105	0.988879	1
2	79115	0.989004	1
2	79125	0.989129	1
2	79135	0.989254	1
2	79145	0.989379	1
2	79155	0.989504	1
2	79165	0.989629	1
2	79175	0.989754	1
2	79185	0.989879	1
2	79195	0.990004	1
2	79205	0.990129	1
2	79215	0.990254	1
2	79225	0.990379	1
2	79235	0.990504	1
2	79245	0.990629	1
2	79255	0.990754	1
2	79265	0.990879	1
2	79275	0.991004	1
2	79285	0.991129	1
2	79295	0.991254	1
2	79305	0.991379	1
2	79315	0.991504	1
2	79325	0.991629	1
2	79335	0.991754	1
2	79345	0.991879	1
2	79355	0.992004	1
2	79365	0.992129	1
2	79375	0.992254	1
2	79385	0.992379	1
2	79395	0.992504	1
2	79405	0.992629	1
2	79415	0.992754	1
2	79425	0.992879	1
2	79435	0.993004	1
2	79445	0.993129	1
2	79455	0.993254	1
2	79465	0.993379	1
2	79475	0.993504	1
2	79485	0.993629	1
2	79495	0.993754	1
2	79505	0.993879	1
2	79515	0.994004	1
2	79525	0.994129	1
2	79535	0.994254	1
2	79545	0.994379	1
2	79555	0.994504	1
2	79565	0.994629	1
2	79575	0.994754	1
2	79585	0.994879	1
2	79595	0.995004	1
2	79605	0.995129	1
2	79615	0.995254	1
2	79625	0.995379	1
2	79635	0.995504	1
2	79645	0.995629	1
2	79655	0.995754	1
2	79665	0.995879	1
2	79675	0.996004	1
2	79685	0.996129	1
2	79695	0.996254	1
2	79705	0.996379	1
2	79715	0.996504	1
2	79725	0.996629	1
2	79735	0.996754	1
2	79745	0.996879	1
2	79755	0.997004	1
2	79765	0.997129	1
2	79775	0.997254	1
2	79785	0.997379	1
2	79795	0.997504	1
2	79805	0.997629	1
2	79815	0.997754	1
2	79825	0.997879	1
2	79835	0.998004	1
2	79845	0.998129	1
2	79855	0.998254	1
2	79865	0.998379	1
2	79875	0.998504	1
2	79885	0.998629	1
2	79895	0.998754	1
2	79905	0.998879	1
2	79915	0.999004	1
2	79925	0.999129	1
2	79935	0.999254	1
2	79945	0.999379	1
2	79955	0.999504	1
2	79965	0.999629	1
2	79975	0.999754	1
2	79985	0.999879	1

