version 3
run STM1A-0-20260514-11:31:30-25824
attr configname STM1A
attr datetime 20260514-11:31:30
attr datetimef 20260514-113130
attr experiment STM1A
attr inifile omnetpp.ini
attr iterationvars ""
attr iterationvarsd ""
attr iterationvarsf ""
attr measurement ""
attr network p2pNetwork
attr processid 25824
attr repetition 0
attr replication #0
attr resultdir results
attr runnumber 0
attr seedset 0
config image-path ../../../../../images
config *.sourceA.packetInterval 120.4us
config *.sourceA.packetSize 2340
config *.sourceB.packetInterval 120.4us
config *.sourceB.packetSize 2430
config *.lteA.stmLevel 1
config *.lteB.stmLevel 1
config *.lteA.numTributaries 1
config *.lteB.numTributaries 1
config network p2pNetwork
config sim-time-limit 1s
config *.visualizer.*.enabled true
config *.visualizer.*.animationSpeed 20
config *.visualizer.*.displayRoutes false
config *.visualizer.*.displayPacketDrops true
config *.visualizer.*.displayLabels true
config **.scalar-recording true
config **.vector-recording true
config *.lteA.stmLevel 1
config *.lteB.stmLevel 1
config *.lteA.numTributaries 1
config *.lteB.numTributaries 1
config *.sourceA.packetInterval 50us
config *.sourceA.packetSize 3000

vector 0 p2pNetwork.lteA loadSTM:vector ETV
attr recordingmode vector
attr source loadSTM
attr title "Carga utilizada en cada trama STM"
vector 1 p2pNetwork.lteA stmWorkingSent:vector ETV
attr recordingmode vector
attr source stmWorkingSent
attr title "STM sent on working line"
vector 2 p2pNetwork.lteB loadSTM:vector ETV
attr recordingmode vector
attr source loadSTM
attr title "Carga utilizada en cada trama STM"
vector 3 p2pNetwork.lteB stmWorkingSent:vector ETV
attr recordingmode vector
attr source stmWorkingSent
attr title "STM sent on working line"
vector 4 p2pNetwork.lteB stmWorkingReceived:vector ETV
attr recordingmode vector
attr source stmWorkingReceived
attr title "STM received on working line"
vector 5 p2pNetwork.lteA stmWorkingReceived:vector ETV
attr recordingmode vector
attr source stmWorkingReceived
attr title "STM received on working line"
0	5	0.000125	1
0	14	0.00025	1
0	23	0.000375	1
0	32	0.0005	1
0	41	0.000625	1
0	50	0.00075	1
0	59	0.000875	1
0	68	0.001	1
0	77	0.001125	1
0	86	0.00125	1
0	95	0.001375	1
0	104	0.0015	1
0	113	0.001625	1
0	122	0.00175	1
0	131	0.001875	1
0	140	0.002	1
0	149	0.002125	1
0	158	0.00225	1
0	167	0.002375	1
0	176	0.0025	1
0	185	0.002625	1
0	194	0.00275	1
0	203	0.002875	1
0	212	0.003	1
0	221	0.003125	1
0	230	0.00325	1
0	243	0.003375	1
0	252	0.0035	1
0	261	0.003625	1
0	270	0.00375	1
0	279	0.003875	1
0	288	0.004	1
0	297	0.004125	1
0	306	0.00425	1
0	315	0.004375	1
0	324	0.0045	1
0	333	0.004625	1
0	342	0.00475	1
0	351	0.004875	1
0	360	0.005	1
0	369	0.005125	1
0	378	0.00525	1
0	387	0.005375	1
0	396	0.0055	1
0	405	0.005625	1
0	414	0.00575	1
0	423	0.005875	1
0	432	0.006	1
0	441	0.006125	1
0	450	0.00625	1
0	459	0.006375	1
0	468	0.0065	1
0	481	0.006625	1
0	490	0.00675	1
0	499	0.006875	1
0	508	0.007	1
0	517	0.007125	1
0	526	0.00725	1
0	535	0.007375	1
0	544	0.0075	1
0	553	0.007625	1
0	562	0.00775	1
0	571	0.007875	1
0	580	0.008	1
0	589	0.008125	1
0	598	0.00825	1
0	607	0.008375	1
0	616	0.0085	1
0	625	0.008625	1
0	634	0.00875	1
0	643	0.008875	1
0	652	0.009	1
0	661	0.009125	1
0	670	0.00925	1
0	679	0.009375	1
0	688	0.0095	1
0	697	0.009625	1
0	706	0.00975	1
0	719	0.009875	1
0	728	0.01	1
0	737	0.010125	1
0	746	0.01025	1
0	755	0.010375	1
0	764	0.0105	1
0	773	0.010625	1
0	782	0.01075	1
0	791	0.010875	1
0	800	0.011	1
0	809	0.011125	1
0	818	0.01125	1
0	827	0.011375	1
0	836	0.0115	1
0	845	0.011625	1
0	854	0.01175	1
0	863	0.011875	1
0	872	0.012	1
0	881	0.012125	1
0	890	0.01225	1
0	899	0.012375	1
0	908	0.0125	1
0	917	0.012625	1
0	926	0.01275	1
0	935	0.012875	1
0	944	0.013	1
0	957	0.013125	1
0	966	0.01325	1
0	975	0.013375	1
0	984	0.0135	1
0	993	0.013625	1
0	1002	0.01375	1
0	1011	0.013875	1
0	1020	0.014	1
0	1029	0.014125	1
0	1038	0.01425	1
0	1047	0.014375	1
0	1056	0.0145	1
0	1065	0.014625	1
0	1074	0.01475	1
0	1083	0.014875	1
0	1092	0.015	1
0	1101	0.015125	1
0	1110	0.01525	1
0	1119	0.015375	1
0	1128	0.0155	1
0	1137	0.015625	1
0	1146	0.01575	1
0	1155	0.015875	1
0	1164	0.016	1
0	1173	0.016125	1
0	1182	0.01625	1
0	1195	0.016375	1
0	1204	0.0165	1
0	1213	0.016625	1
0	1222	0.01675	1
0	1231	0.016875	1
0	1240	0.017	1
0	1249	0.017125	1
0	1258	0.01725	1
0	1267	0.017375	1
0	1276	0.0175	1
0	1285	0.017625	1
0	1294	0.01775	1
0	1303	0.017875	1
0	1312	0.018	1
0	1321	0.018125	1
0	1330	0.01825	1
0	1339	0.018375	1
0	1348	0.0185	1
0	1357	0.018625	1
0	1366	0.01875	1
0	1375	0.018875	1
0	1384	0.019	1
0	1393	0.019125	1
0	1402	0.01925	1
0	1411	0.019375	1
0	1420	0.0195	1
0	1429	0.019625	1
0	1442	0.01975	1
0	1451	0.019875	1
0	1460	0.02	1
0	1469	0.020125	1
0	1478	0.02025	1
0	1487	0.020375	1
0	1496	0.0205	1
0	1505	0.020625	1
0	1514	0.02075	1
0	1523	0.020875	1
0	1532	0.021	1
0	1541	0.021125	1
0	1550	0.02125	1
0	1559	0.021375	1
0	1568	0.0215	1
0	1577	0.021625	1
0	1586	0.02175	1
0	1595	0.021875	1
0	1604	0.022	1
0	1613	0.022125	1
0	1622	0.02225	1
0	1631	0.022375	1
0	1640	0.0225	1
0	1649	0.022625	1
0	1658	0.02275	1
0	1667	0.022875	1
0	1680	0.023	1
0	1689	0.023125	1
0	1698	0.02325	1
0	1707	0.023375	1
0	1716	0.0235	1
0	1725	0.023625	1
0	1734	0.02375	1
0	1743	0.023875	1
0	1752	0.024	1
0	1761	0.024125	1
0	1770	0.02425	1
0	1779	0.024375	1
0	1788	0.0245	1
0	1797	0.024625	1
0	1806	0.02475	1
0	1815	0.024875	1
0	1824	0.025	1
0	1833	0.025125	1
0	1842	0.02525	1
0	1851	0.025375	1
0	1860	0.0255	1
0	1869	0.025625	1
0	1878	0.02575	1
0	1887	0.025875	1
0	1896	0.026	1
0	1905	0.026125	1
0	1918	0.02625	1
0	1927	0.026375	1
0	1936	0.0265	1
0	1945	0.026625	1
0	1954	0.02675	1
0	1963	0.026875	1
0	1972	0.027	1
0	1981	0.027125	1
0	1990	0.02725	1
0	1999	0.027375	1
0	2008	0.0275	1
0	2017	0.027625	1
0	2026	0.02775	1
0	2035	0.027875	1
0	2044	0.028	1
0	2053	0.028125	1
0	2062	0.02825	1
0	2071	0.028375	1
0	2080	0.0285	1
0	2089	0.028625	1
0	2098	0.02875	1
0	2107	0.028875	1
0	2116	0.029	1
0	2125	0.029125	1
0	2134	0.02925	1
0	2143	0.029375	1
0	2156	0.0295	1
0	2165	0.029625	1
0	2174	0.02975	1
0	2183	0.029875	1
0	2192	0.03	1
0	2201	0.030125	1
0	2210	0.03025	1
0	2219	0.030375	1
0	2228	0.0305	1
0	2237	0.030625	1
0	2246	0.03075	1
0	2255	0.030875	1
0	2264	0.031	1
0	2273	0.031125	1
0	2282	0.03125	1
0	2291	0.031375	1
0	2300	0.0315	1
0	2309	0.031625	1
0	2318	0.03175	1
0	2327	0.031875	1
0	2336	0.032	1
0	2345	0.032125	1
0	2354	0.03225	1
0	2363	0.032375	1
0	2372	0.0325	1
0	2381	0.032625	1
0	2394	0.03275	1
0	2403	0.032875	1
0	2412	0.033	1
0	2421	0.033125	1
0	2430	0.03325	1
0	2439	0.033375	1
0	2448	0.0335	1
0	2457	0.033625	1
0	2466	0.03375	1
0	2475	0.033875	1
0	2484	0.034	1
0	2493	0.034125	1
0	2502	0.03425	1
0	2511	0.034375	1
0	2520	0.0345	1
0	2529	0.034625	1
0	2538	0.03475	1
0	2547	0.034875	1
0	2556	0.035	1
0	2565	0.035125	1
0	2574	0.03525	1
0	2583	0.035375	1
0	2592	0.0355	1
0	2601	0.035625	1
0	2610	0.03575	1
0	2619	0.035875	1
0	2632	0.036	1
0	2641	0.036125	1
0	2650	0.03625	1
0	2659	0.036375	1
0	2668	0.0365	1
0	2677	0.036625	1
0	2686	0.03675	1
0	2695	0.036875	1
0	2704	0.037	1
0	2713	0.037125	1
0	2722	0.03725	1
0	2731	0.037375	1
0	2740	0.0375	1
0	2749	0.037625	1
0	2758	0.03775	1
0	2767	0.037875	1
0	2776	0.038	1
0	2785	0.038125	1
0	2794	0.03825	1
0	2803	0.038375	1
0	2812	0.0385	1
0	2821	0.038625	1
0	2830	0.03875	1
0	2839	0.038875	1
0	2848	0.039	1
0	2857	0.039125	1
0	2866	0.03925	1
0	2879	0.039375	1
0	2888	0.0395	1
0	2897	0.039625	1
0	2906	0.03975	1
0	2915	0.039875	1
0	2924	0.04	1
0	2933	0.040125	1
0	2942	0.04025	1
0	2951	0.040375	1
0	2960	0.0405	1
0	2969	0.040625	1
0	2978	0.04075	1
0	2987	0.040875	1
0	2996	0.041	1
0	3005	0.041125	1
0	3014	0.04125	1
0	3023	0.041375	1
0	3032	0.0415	1
0	3041	0.041625	1
0	3050	0.04175	1
0	3059	0.041875	1
0	3068	0.042	1
0	3077	0.042125	1
0	3086	0.04225	1
0	3095	0.042375	1
0	3104	0.0425	1
0	3117	0.042625	1
0	3126	0.04275	1
0	3135	0.042875	1
0	3144	0.043	1
0	3153	0.043125	1
0	3162	0.04325	1
0	3171	0.043375	1
0	3180	0.0435	1
0	3189	0.043625	1
0	3198	0.04375	1
0	3207	0.043875	1
0	3216	0.044	1
0	3225	0.044125	1
0	3234	0.04425	1
0	3243	0.044375	1
0	3252	0.0445	1
0	3261	0.044625	1
0	3270	0.04475	1
0	3279	0.044875	1
0	3288	0.045	1
0	3297	0.045125	1
0	3306	0.04525	1
0	3315	0.045375	1
0	3324	0.0455	1
0	3333	0.045625	1
0	3342	0.04575	1
0	3355	0.045875	1
0	3364	0.046	1
0	3373	0.046125	1
0	3382	0.04625	1
0	3391	0.046375	1
0	3400	0.0465	1
0	3409	0.046625	1
0	3418	0.04675	1
0	3427	0.046875	1
0	3436	0.047	1
0	3445	0.047125	1
0	3454	0.04725	1
0	3463	0.047375	1
0	3472	0.0475	1
0	3481	0.047625	1
0	3490	0.04775	1
0	3499	0.047875	1
0	3508	0.048	1
0	3517	0.048125	1
0	3526	0.04825	1
0	3535	0.048375	1
0	3544	0.0485	1
0	3553	0.048625	1
0	3562	0.04875	1
0	3571	0.048875	1
0	3580	0.049	1
0	3593	0.049125	1
0	3602	0.04925	1
0	3611	0.049375	1
0	3620	0.0495	1
0	3629	0.049625	1
0	3638	0.04975	1
0	3647	0.049875	1
0	3656	0.05	1
0	3665	0.050125	1
0	3674	0.05025	1
0	3683	0.050375	1
0	3692	0.0505	1
0	3701	0.050625	1
0	3710	0.05075	1
0	3719	0.050875	1
0	3728	0.051	1
0	3737	0.051125	1
0	3746	0.05125	1
0	3755	0.051375	1
0	3764	0.0515	1
0	3773	0.051625	1
0	3782	0.05175	1
0	3791	0.051875	1
0	3800	0.052	1
0	3809	0.052125	1
0	3818	0.05225	1
0	3831	0.052375	1
0	3840	0.0525	1
0	3849	0.052625	1
0	3858	0.05275	1
0	3867	0.052875	1
0	3876	0.053	1
0	3885	0.053125	1
0	3894	0.05325	1
0	3903	0.053375	1
0	3912	0.0535	1
0	3921	0.053625	1
0	3930	0.05375	1
0	3939	0.053875	1
0	3948	0.054	1
0	3957	0.054125	1
0	3966	0.05425	1
0	3975	0.054375	1
0	3984	0.0545	1
0	3993	0.054625	1
0	4002	0.05475	1
0	4011	0.054875	1
0	4020	0.055	1
0	4029	0.055125	1
0	4038	0.05525	1
0	4047	0.055375	1
0	4056	0.0555	1
0	4069	0.055625	1
0	4078	0.05575	1
0	4087	0.055875	1
0	4096	0.056	1
0	4105	0.056125	1
0	4114	0.05625	1
0	4123	0.056375	1
0	4132	0.0565	1
0	4141	0.056625	1
0	4150	0.05675	1
0	4159	0.056875	1
0	4168	0.057	1
0	4177	0.057125	1
0	4186	0.05725	1
0	4195	0.057375	1
0	4204	0.0575	1
0	4213	0.057625	1
0	4222	0.05775	1
0	4231	0.057875	1
0	4240	0.058	1
0	4249	0.058125	1
0	4258	0.05825	1
0	4267	0.058375	1
0	4276	0.0585	1
0	4285	0.058625	1
0	4294	0.05875	1
0	4303	0.058875	1
0	4316	0.059	1
0	4325	0.059125	1
0	4334	0.05925	1
0	4343	0.059375	1
0	4352	0.0595	1
0	4361	0.059625	1
0	4370	0.05975	1
0	4379	0.059875	1
0	4388	0.06	1
0	4397	0.060125	1
0	4406	0.06025	1
0	4415	0.060375	1
0	4424	0.0605	1
0	4433	0.060625	1
0	4442	0.06075	1
0	4451	0.060875	1
0	4460	0.061	1
0	4469	0.061125	1
0	4478	0.06125	1
0	4487	0.061375	1
0	4496	0.0615	1
0	4505	0.061625	1
0	4514	0.06175	1
0	4523	0.061875	1
0	4532	0.062	1
0	4541	0.062125	1
0	4554	0.06225	1
0	4563	0.062375	1
0	4572	0.0625	1
0	4581	0.062625	1
0	4590	0.06275	1
0	4599	0.062875	1
0	4608	0.063	1
0	4617	0.063125	1
0	4626	0.06325	1
0	4635	0.063375	1
0	4644	0.0635	1
0	4653	0.063625	1
0	4662	0.06375	1
0	4671	0.063875	1
0	4680	0.064	1
0	4689	0.064125	1
0	4698	0.06425	1
0	4707	0.064375	1
0	4716	0.0645	1
0	4725	0.064625	1
0	4734	0.06475	1
0	4743	0.064875	1
0	4752	0.065	1
0	4761	0.065125	1
0	4770	0.06525	1
0	4779	0.065375	1
0	4792	0.0655	1
0	4801	0.065625	1
0	4810	0.06575	1
0	4819	0.065875	1
0	4828	0.066	1
0	4837	0.066125	1
0	4846	0.06625	1
0	4855	0.066375	1
0	4864	0.0665	1
0	4873	0.066625	1
0	4882	0.06675	1
0	4891	0.066875	1
0	4900	0.067	1
0	4909	0.067125	1
0	4918	0.06725	1
0	4927	0.067375	1
0	4936	0.0675	1
0	4945	0.067625	1
0	4954	0.06775	1
0	4963	0.067875	1
0	4972	0.068	1
0	4981	0.068125	1
0	4990	0.06825	1
0	4999	0.068375	1
0	5008	0.0685	1
0	5017	0.068625	1
0	5030	0.06875	1
0	5039	0.068875	1
0	5048	0.069	1
0	5057	0.069125	1
0	5066	0.06925	1
0	5075	0.069375	1
0	5084	0.0695	1
0	5093	0.069625	1
0	5102	0.06975	1
0	5111	0.069875	1
0	5120	0.07	1
0	5129	0.070125	1
0	5138	0.07025	1
0	5147	0.070375	1
0	5156	0.0705	1
0	5165	0.070625	1
0	5174	0.07075	1
0	5183	0.070875	1
0	5192	0.071	1
0	5201	0.071125	1
0	5210	0.07125	1
0	5219	0.071375	1
0	5228	0.0715	1
0	5237	0.071625	1
0	5246	0.07175	1
0	5255	0.071875	1
0	5268	0.072	1
0	5277	0.072125	1
0	5286	0.07225	1
0	5295	0.072375	1
0	5304	0.0725	1
0	5313	0.072625	1
0	5322	0.07275	1
0	5331	0.072875	1
0	5340	0.073	1
0	5349	0.073125	1
0	5358	0.07325	1
0	5367	0.073375	1
0	5376	0.0735	1
0	5385	0.073625	1
0	5394	0.07375	1
0	5403	0.073875	1
0	5412	0.074	1
0	5421	0.074125	1
0	5430	0.07425	1
0	5439	0.074375	1
0	5448	0.0745	1
0	5457	0.074625	1
0	5466	0.07475	1
0	5475	0.074875	1
0	5484	0.075	1
0	5493	0.075125	1
0	5502	0.07525	1
0	5515	0.075375	1
0	5524	0.0755	1
0	5533	0.075625	1
0	5542	0.07575	1
0	5551	0.075875	1
0	5560	0.076	1
0	5569	0.076125	1
0	5578	0.07625	1
0	5587	0.076375	1
0	5596	0.0765	1
0	5605	0.076625	1
0	5614	0.07675	1
0	5623	0.076875	1
0	5632	0.077	1
0	5641	0.077125	1
0	5650	0.07725	1
0	5659	0.077375	1
0	5668	0.0775	1
0	5677	0.077625	1
0	5686	0.07775	1
0	5695	0.077875	1
0	5704	0.078	1
0	5713	0.078125	1
0	5722	0.07825	1
0	5731	0.078375	1
0	5740	0.0785	1
0	5753	0.078625	1
0	5762	0.07875	1
0	5771	0.078875	1
0	5780	0.079	1
0	5789	0.079125	1
0	5798	0.07925	1
0	5807	0.079375	1
0	5816	0.0795	1
0	5825	0.079625	1
0	5834	0.07975	1
0	5843	0.079875	1
0	5852	0.08	1
0	5861	0.080125	1
0	5870	0.08025	1
0	5879	0.080375	1
0	5888	0.0805	1
0	5897	0.080625	1
0	5906	0.08075	1
0	5915	0.080875	1
0	5924	0.081	1
0	5933	0.081125	1
0	5942	0.08125	1
0	5951	0.081375	1
0	5960	0.0815	1
0	5969	0.081625	1
0	5978	0.08175	1
0	5991	0.081875	1
0	6000	0.082	1
0	6009	0.082125	1
0	6018	0.08225	1
0	6027	0.082375	1
0	6036	0.0825	1
0	6045	0.082625	1
0	6054	0.08275	1
0	6063	0.082875	1
0	6072	0.083	1
0	6081	0.083125	1
0	6090	0.08325	1
0	6099	0.083375	1
0	6108	0.0835	1
0	6117	0.083625	1
0	6126	0.08375	1
0	6135	0.083875	1
0	6144	0.084	1
0	6153	0.084125	1
0	6162	0.08425	1
0	6171	0.084375	1
0	6180	0.0845	1
0	6189	0.084625	1
0	6198	0.08475	1
0	6207	0.084875	1
0	6216	0.085	1
0	6229	0.085125	1
0	6238	0.08525	1
0	6247	0.085375	1
0	6256	0.0855	1
0	6265	0.085625	1
0	6274	0.08575	1
0	6283	0.085875	1
0	6292	0.086	1
0	6301	0.086125	1
0	6310	0.08625	1
0	6319	0.086375	1
0	6328	0.0865	1
0	6337	0.086625	1
0	6346	0.08675	1
0	6355	0.086875	1
0	6364	0.087	1
0	6373	0.087125	1
0	6382	0.08725	1
0	6391	0.087375	1
0	6400	0.0875	1
0	6409	0.087625	1
0	6418	0.08775	1
0	6427	0.087875	1
0	6436	0.088	1
0	6445	0.088125	1
0	6454	0.08825	1
0	6467	0.088375	1
0	6476	0.0885	1
0	6485	0.088625	1
0	6494	0.08875	1
0	6503	0.088875	1
0	6512	0.089	1
0	6521	0.089125	1
0	6530	0.08925	1
0	6539	0.089375	1
0	6548	0.0895	1
0	6557	0.089625	1
0	6566	0.08975	1
0	6575	0.089875	1
0	6584	0.09	1
0	6593	0.090125	1
0	6602	0.09025	1
0	6611	0.090375	1
0	6620	0.0905	1
0	6629	0.090625	1
0	6638	0.09075	1
0	6647	0.090875	1
0	6656	0.091	1
0	6665	0.091125	1
0	6674	0.09125	1
0	6683	0.091375	1
0	6692	0.0915	1
0	6705	0.091625	1
0	6714	0.09175	1
0	6723	0.091875	1
0	6732	0.092	1
0	6741	0.092125	1
0	6750	0.09225	1
0	6759	0.092375	1
0	6768	0.0925	1
0	6777	0.092625	1
0	6786	0.09275	1
0	6795	0.092875	1
0	6804	0.093	1
0	6813	0.093125	1
0	6822	0.09325	1
0	6831	0.093375	1
0	6840	0.0935	1
0	6849	0.093625	1
0	6858	0.09375	1
0	6867	0.093875	1
0	6876	0.094	1
0	6885	0.094125	1
0	6894	0.09425	1
0	6903	0.094375	1
0	6912	0.0945	1
0	6921	0.094625	1
0	6930	0.09475	1
0	6939	0.094875	1
0	6952	0.095	1
0	6961	0.095125	1
0	6970	0.09525	1
0	6979	0.095375	1
0	6988	0.0955	1
0	6997	0.095625	1
0	7006	0.09575	1
0	7015	0.095875	1
0	7024	0.096	1
0	7033	0.096125	1
0	7042	0.09625	1
0	7051	0.096375	1
0	7060	0.0965	1
0	7069	0.096625	1
0	7078	0.09675	1
0	7087	0.096875	1
0	7096	0.097	1
0	7105	0.097125	1
0	7114	0.09725	1
0	7123	0.097375	1
0	7132	0.0975	1
0	7141	0.097625	1
0	7150	0.09775	1
0	7159	0.097875	1
0	7168	0.098	1
0	7177	0.098125	1
0	7190	0.09825	1
0	7199	0.098375	1
0	7208	0.0985	1
0	7217	0.098625	1
0	7226	0.09875	1
0	7235	0.098875	1
0	7244	0.099	1
0	7253	0.099125	1
0	7262	0.09925	1
0	7271	0.099375	1
0	7280	0.0995	1
0	7289	0.099625	1
0	7298	0.09975	1
0	7307	0.099875	1
0	7316	0.1	1
0	7325	0.100125	1
0	7334	0.10025	1
0	7343	0.100375	1
0	7352	0.1005	1
0	7361	0.100625	1
0	7370	0.10075	1
0	7379	0.100875	1
0	7388	0.101	1
0	7397	0.101125	1
0	7406	0.10125	1
0	7415	0.101375	1
0	7428	0.1015	1
0	7437	0.101625	1
0	7446	0.10175	1
0	7455	0.101875	1
0	7464	0.102	1
0	7473	0.102125	1
0	7482	0.10225	1
0	7491	0.102375	1
0	7500	0.1025	1
0	7509	0.102625	1
0	7518	0.10275	1
0	7527	0.102875	1
0	7536	0.103	1
0	7545	0.103125	1
0	7554	0.10325	1
0	7563	0.103375	1
0	7572	0.1035	1
0	7581	0.103625	1
0	7590	0.10375	1
0	7599	0.103875	1
0	7608	0.104	1
0	7617	0.104125	1
0	7626	0.10425	1
0	7635	0.104375	1
0	7644	0.1045	1
0	7653	0.104625	1
0	7666	0.10475	1
0	7675	0.104875	1
0	7684	0.105	1
0	7693	0.105125	1
0	7702	0.10525	1
0	7711	0.105375	1
0	7720	0.1055	1
0	7729	0.105625	1
0	7738	0.10575	1
0	7747	0.105875	1
0	7756	0.106	1
0	7765	0.106125	1
0	7774	0.10625	1
0	7783	0.106375	1
0	7792	0.1065	1
0	7801	0.106625	1
0	7810	0.10675	1
0	7819	0.106875	1
0	7828	0.107	1
0	7837	0.107125	1
0	7846	0.10725	1
0	7855	0.107375	1
0	7864	0.1075	1
0	7873	0.107625	1
0	7882	0.10775	1
0	7891	0.107875	1
0	7904	0.108	1
0	7913	0.108125	1
0	7922	0.10825	1
0	7931	0.108375	1
0	7940	0.1085	1
0	7949	0.108625	1
0	7958	0.10875	1
0	7967	0.108875	1
0	7976	0.109	1
0	7985	0.109125	1
0	7994	0.10925	1
0	8003	0.109375	1
0	8012	0.1095	1
0	8021	0.109625	1
0	8030	0.10975	1
0	8039	0.109875	1
0	8048	0.11	1
0	8057	0.110125	1
0	8066	0.11025	1
0	8075	0.110375	1
0	8084	0.1105	1
0	8093	0.110625	1
0	8102	0.11075	1
0	8111	0.110875	1
0	8120	0.111	1
0	8129	0.111125	1
0	8142	0.11125	1
0	8151	0.111375	1
0	8160	0.1115	1
0	8169	0.111625	1
0	8178	0.11175	1
0	8187	0.111875	1
0	8196	0.112	1
0	8205	0.112125	1
0	8214	0.11225	1
0	8223	0.112375	1
0	8232	0.1125	1
0	8241	0.112625	1
0	8250	0.11275	1
0	8259	0.112875	1
0	8268	0.113	1
0	8277	0.113125	1
0	8286	0.11325	1
0	8295	0.113375	1
0	8304	0.1135	1
0	8313	0.113625	1
0	8322	0.11375	1
0	8331	0.113875	1
0	8340	0.114	1
0	8349	0.114125	1
0	8358	0.11425	1
0	8367	0.114375	1
0	8376	0.1145	1
0	8389	0.114625	1
0	8398	0.11475	1
0	8407	0.114875	1
0	8416	0.115	1
0	8425	0.115125	1
0	8434	0.11525	1
0	8443	0.115375	1
0	8452	0.1155	1
0	8461	0.115625	1
0	8470	0.11575	1
0	8479	0.115875	1
0	8488	0.116	1
0	8497	0.116125	1
0	8506	0.11625	1
0	8515	0.116375	1
0	8524	0.1165	1
0	8533	0.116625	1
0	8542	0.11675	1
0	8551	0.116875	1
0	8560	0.117	1
0	8569	0.117125	1
0	8578	0.11725	1
0	8587	0.117375	1
0	8596	0.1175	1
0	8605	0.117625	1
0	8614	0.11775	1
0	8627	0.117875	1
0	8636	0.118	1
0	8645	0.118125	1
0	8654	0.11825	1
0	8663	0.118375	1
0	8672	0.1185	1
0	8681	0.118625	1
0	8690	0.11875	1
0	8699	0.118875	1
0	8708	0.119	1
0	8717	0.119125	1
0	8726	0.11925	1
0	8735	0.119375	1
0	8744	0.1195	1
0	8753	0.119625	1
0	8762	0.11975	1
0	8771	0.119875	1
0	8780	0.12	1
0	8789	0.120125	1
0	8798	0.12025	1
0	8807	0.120375	1
0	8816	0.1205	1
0	8825	0.120625	1
0	8834	0.12075	1
0	8843	0.120875	1
0	8852	0.121	1
0	8865	0.121125	1
0	8874	0.12125	1
0	8883	0.121375	1
0	8892	0.1215	1
0	8901	0.121625	1
0	8910	0.12175	1
0	8919	0.121875	1
0	8928	0.122	1
0	8937	0.122125	1
0	8946	0.12225	1
0	8955	0.122375	1
0	8964	0.1225	1
0	8973	0.122625	1
0	8982	0.12275	1
0	8991	0.122875	1
0	9000	0.123	1
0	9009	0.123125	1
0	9018	0.12325	1
0	9027	0.123375	1
0	9036	0.1235	1
0	9045	0.123625	1
0	9054	0.12375	1
0	9063	0.123875	1
0	9072	0.124	1
0	9081	0.124125	1
0	9090	0.12425	1
0	9103	0.124375	1
0	9112	0.1245	1
0	9121	0.124625	1
0	9130	0.12475	1
0	9139	0.124875	1
0	9148	0.125	1
0	9157	0.125125	1
0	9166	0.12525	1
0	9175	0.125375	1
0	9184	0.1255	1
0	9193	0.125625	1
0	9202	0.12575	1
0	9211	0.125875	1
0	9220	0.126	1
0	9229	0.126125	1
0	9238	0.12625	1
0	9247	0.126375	1
0	9256	0.1265	1
0	9265	0.126625	1
0	9274	0.12675	1
0	9283	0.126875	1
0	9292	0.127	1
0	9301	0.127125	1
0	9310	0.12725	1
0	9319	0.127375	1
0	9328	0.1275	1
0	9341	0.127625	1
0	9350	0.12775	1
0	9359	0.127875	1
0	9368	0.128	1
0	9377	0.128125	1
0	9386	0.12825	1
0	9395	0.128375	1
0	9404	0.1285	1
0	9413	0.128625	1
0	9422	0.12875	1
0	9431	0.128875	1
0	9440	0.129	1
0	9449	0.129125	1
0	9458	0.12925	1
0	9467	0.129375	1
0	9476	0.1295	1
0	9485	0.129625	1
0	9494	0.12975	1
0	9503	0.129875	1
0	9512	0.13	1
0	9521	0.130125	1
0	9530	0.13025	1
0	9539	0.130375	1
0	9548	0.1305	1
0	9557	0.130625	1
0	9566	0.13075	1
0	9579	0.130875	1
0	9588	0.131	1
0	9597	0.131125	1
0	9606	0.13125	1
0	9615	0.131375	1
0	9624	0.1315	1
0	9633	0.131625	1
0	9642	0.13175	1
0	9651	0.131875	1
0	9660	0.132	1
0	9669	0.132125	1
0	9678	0.13225	1
0	9687	0.132375	1
0	9696	0.1325	1
0	9705	0.132625	1
0	9714	0.13275	1
0	9723	0.132875	1
0	9732	0.133	1
0	9741	0.133125	1
0	9750	0.13325	1
0	9759	0.133375	1
0	9768	0.1335	1
0	9777	0.133625	1
0	9786	0.13375	1
0	9795	0.133875	1
0	9804	0.134	1
0	9813	0.134125	1
0	9826	0.13425	1
0	9835	0.134375	1
0	9844	0.1345	1
0	9853	0.134625	1
0	9862	0.13475	1
0	9871	0.134875	1
0	9880	0.135	1
0	9889	0.135125	1
0	9898	0.13525	1
0	9907	0.135375	1
0	9916	0.1355	1
0	9925	0.135625	1
0	9934	0.13575	1
0	9943	0.135875	1
0	9952	0.136	1
0	9961	0.136125	1
0	9970	0.13625	1
0	9979	0.136375	1
0	9988	0.1365	1
0	9997	0.136625	1
0	10006	0.13675	1
0	10015	0.136875	1
0	10024	0.137	1
0	10033	0.137125	1
0	10042	0.13725	1
0	10051	0.137375	1
0	10064	0.1375	1
0	10073	0.137625	1
0	10082	0.13775	1
0	10091	0.137875	1
0	10100	0.138	1
0	10109	0.138125	1
0	10118	0.13825	1
0	10127	0.138375	1
0	10136	0.1385	1
0	10145	0.138625	1
0	10154	0.13875	1
0	10163	0.138875	1
0	10172	0.139	1
0	10181	0.139125	1
0	10190	0.13925	1
0	10199	0.139375	1
0	10208	0.1395	1
0	10217	0.139625	1
0	10226	0.13975	1
0	10235	0.139875	1
0	10244	0.14	1
0	10253	0.140125	1
0	10262	0.14025	1
0	10271	0.140375	1
0	10280	0.1405	1
0	10289	0.140625	1
0	10302	0.14075	1
0	10311	0.140875	1
0	10320	0.141	1
0	10329	0.141125	1
0	10338	0.14125	1
0	10347	0.141375	1
0	10356	0.1415	1
0	10365	0.141625	1
0	10374	0.14175	1
0	10383	0.141875	1
0	10392	0.142	1
0	10401	0.142125	1
0	10410	0.14225	1
0	10419	0.142375	1
0	10428	0.1425	1
0	10437	0.142625	1
0	10446	0.14275	1
0	10455	0.142875	1
0	10464	0.143	1
0	10473	0.143125	1
0	10482	0.14325	1
0	10491	0.143375	1
0	10500	0.1435	1
0	10509	0.143625	1
0	10518	0.14375	1
0	10527	0.143875	1
0	10540	0.144	1
0	10549	0.144125	1
0	10558	0.14425	1
0	10567	0.144375	1
0	10576	0.1445	1
0	10585	0.144625	1
0	10594	0.14475	1
0	10603	0.144875	1
0	10612	0.145	1
0	10621	0.145125	1
0	10630	0.14525	1
0	10639	0.145375	1
0	10648	0.1455	1
0	10657	0.145625	1
0	10666	0.14575	1
0	10675	0.145875	1
0	10684	0.146	1
0	10693	0.146125	1
0	10702	0.14625	1
0	10711	0.146375	1
0	10720	0.1465	1
0	10729	0.146625	1
0	10738	0.14675	1
0	10747	0.146875	1
0	10756	0.147	1
0	10765	0.147125	1
0	10778	0.14725	1
0	10787	0.147375	1
0	10796	0.1475	1
0	10805	0.147625	1
0	10814	0.14775	1
0	10823	0.147875	1
0	10832	0.148	1
0	10841	0.148125	1
0	10850	0.14825	1
0	10859	0.148375	1
0	10868	0.1485	1
0	10877	0.148625	1
0	10886	0.14875	1
0	10895	0.148875	1
0	10904	0.149	1
0	10913	0.149125	1
0	10922	0.14925	1
0	10931	0.149375	1
0	10940	0.1495	1
0	10949	0.149625	1
0	10958	0.14975	1
0	10967	0.149875	1
0	10976	0.15	1
0	10985	0.150125	1
0	10994	0.15025	1
0	11003	0.150375	1
0	11012	0.1505	1
0	11025	0.150625	1
0	11034	0.15075	1
0	11043	0.150875	1
0	11052	0.151	1
0	11061	0.151125	1
0	11070	0.15125	1
0	11079	0.151375	1
0	11088	0.1515	1
0	11097	0.151625	1
0	11106	0.15175	1
0	11115	0.151875	1
0	11124	0.152	1
0	11133	0.152125	1
0	11142	0.15225	1
0	11151	0.152375	1
0	11160	0.1525	1
0	11169	0.152625	1
0	11178	0.15275	1
0	11187	0.152875	1
0	11196	0.153	1
0	11205	0.153125	1
0	11214	0.15325	1
0	11223	0.153375	1
0	11232	0.1535	1
0	11241	0.153625	1
0	11250	0.15375	1
0	11263	0.153875	1
0	11272	0.154	1
0	11281	0.154125	1
0	11290	0.15425	1
0	11299	0.154375	1
0	11308	0.1545	1
0	11317	0.154625	1
0	11326	0.15475	1
0	11335	0.154875	1
0	11344	0.155	1
0	11353	0.155125	1
0	11362	0.15525	1
0	11371	0.155375	1
0	11380	0.1555	1
0	11389	0.155625	1
0	11398	0.15575	1
0	11407	0.155875	1
0	11416	0.156	1
0	11425	0.156125	1
0	11434	0.15625	1
0	11443	0.156375	1
0	11452	0.1565	1
0	11461	0.156625	1
0	11470	0.15675	1
0	11479	0.156875	1
0	11488	0.157	1
0	11501	0.157125	1
0	11510	0.15725	1
0	11519	0.157375	1
0	11528	0.1575	1
0	11537	0.157625	1
0	11546	0.15775	1
0	11555	0.157875	1
0	11564	0.158	1
0	11573	0.158125	1
0	11582	0.15825	1
0	11591	0.158375	1
0	11600	0.1585	1
0	11609	0.158625	1
0	11618	0.15875	1
0	11627	0.158875	1
0	11636	0.159	1
0	11645	0.159125	1
0	11654	0.15925	1
0	11663	0.159375	1
0	11672	0.1595	1
0	11681	0.159625	1
0	11690	0.15975	1
0	11699	0.159875	1
0	11708	0.16	1
0	11717	0.160125	1
0	11726	0.16025	1
0	11739	0.160375	1
0	11748	0.1605	1
0	11757	0.160625	1
0	11766	0.16075	1
0	11775	0.160875	1
0	11784	0.161	1
0	11793	0.161125	1
0	11802	0.16125	1
0	11811	0.161375	1
0	11820	0.1615	1
0	11829	0.161625	1
0	11838	0.16175	1
0	11847	0.161875	1
0	11856	0.162	1
0	11865	0.162125	1
0	11874	0.16225	1
0	11883	0.162375	1
0	11892	0.1625	1
0	11901	0.162625	1
0	11910	0.16275	1
0	11919	0.162875	1
0	11928	0.163	1
0	11937	0.163125	1
0	11946	0.16325	1
0	11955	0.163375	1
0	11964	0.1635	1
0	11977	0.163625	1
0	11986	0.16375	1
0	11995	0.163875	1
0	12004	0.164	1
0	12013	0.164125	1
0	12022	0.16425	1
0	12031	0.164375	1
0	12040	0.1645	1
0	12049	0.164625	1
0	12058	0.16475	1
0	12067	0.164875	1
0	12076	0.165	1
0	12085	0.165125	1
0	12094	0.16525	1
0	12103	0.165375	1
0	12112	0.1655	1
0	12121	0.165625	1
0	12130	0.16575	1
0	12139	0.165875	1
0	12148	0.166	1
0	12157	0.166125	1
0	12166	0.16625	1
0	12175	0.166375	1
0	12184	0.1665	1
0	12193	0.166625	1
0	12202	0.16675	1
0	12215	0.166875	1
0	12224	0.167	1
0	12233	0.167125	1
0	12242	0.16725	1
0	12251	0.167375	1
0	12260	0.1675	1
0	12269	0.167625	1
0	12278	0.16775	1
0	12287	0.167875	1
0	12296	0.168	1
0	12305	0.168125	1
0	12314	0.16825	1
0	12323	0.168375	1
0	12332	0.1685	1
0	12341	0.168625	1
0	12350	0.16875	1
0	12359	0.168875	1
0	12368	0.169	1
0	12377	0.169125	1
0	12386	0.16925	1
0	12395	0.169375	1
0	12404	0.1695	1
0	12413	0.169625	1
0	12422	0.16975	1
0	12431	0.169875	1
0	12440	0.17	1
0	12449	0.170125	1
0	12462	0.17025	1
0	12471	0.170375	1
0	12480	0.1705	1
0	12489	0.170625	1
0	12498	0.17075	1
0	12507	0.170875	1
0	12516	0.171	1
0	12525	0.171125	1
0	12534	0.17125	1
0	12543	0.171375	1
0	12552	0.1715	1
0	12561	0.171625	1
0	12570	0.17175	1
0	12579	0.171875	1
0	12588	0.172	1
0	12597	0.172125	1
0	12606	0.17225	1
0	12615	0.172375	1
0	12624	0.1725	1
0	12633	0.172625	1
0	12642	0.17275	1
0	12651	0.172875	1
0	12660	0.173	1
0	12669	0.173125	1
0	12678	0.17325	1
0	12687	0.173375	1
0	12700	0.1735	1
0	12709	0.173625	1
0	12718	0.17375	1
0	12727	0.173875	1
0	12736	0.174	1
0	12745	0.174125	1
0	12754	0.17425	1
0	12763	0.174375	1
0	12772	0.1745	1
0	12781	0.174625	1
0	12790	0.17475	1
0	12799	0.174875	1
0	12808	0.175	1
0	12817	0.175125	1
0	12826	0.17525	1
0	12835	0.175375	1
0	12844	0.1755	1
0	12853	0.175625	1
0	12862	0.17575	1
0	12871	0.175875	1
0	12880	0.176	1
0	12889	0.176125	1
0	12898	0.17625	1
0	12907	0.176375	1
0	12916	0.1765	1
0	12925	0.176625	1
0	12938	0.17675	1
0	12947	0.176875	1
0	12956	0.177	1
0	12965	0.177125	1
0	12974	0.17725	1
0	12983	0.177375	1
0	12992	0.1775	1
0	13001	0.177625	1
0	13010	0.17775	1
0	13019	0.177875	1
0	13028	0.178	1
0	13037	0.178125	1
0	13046	0.17825	1
0	13055	0.178375	1
0	13064	0.1785	1
0	13073	0.178625	1
0	13082	0.17875	1
0	13091	0.178875	1
0	13100	0.179	1
0	13109	0.179125	1
0	13118	0.17925	1
0	13127	0.179375	1
0	13136	0.1795	1
0	13145	0.179625	1
0	13154	0.17975	1
0	13163	0.179875	1
0	13176	0.18	1
0	13185	0.180125	1
0	13194	0.18025	1
0	13203	0.180375	1
0	13212	0.1805	1
0	13221	0.180625	1
0	13230	0.18075	1
0	13239	0.180875	1
0	13248	0.181	1
0	13257	0.181125	1
0	13266	0.18125	1
0	13275	0.181375	1
0	13284	0.1815	1
0	13293	0.181625	1
0	13302	0.18175	1
0	13311	0.181875	1
0	13320	0.182	1
0	13329	0.182125	1
0	13338	0.18225	1
0	13347	0.182375	1
0	13356	0.1825	1
0	13365	0.182625	1
0	13374	0.18275	1
0	13383	0.182875	1
0	13392	0.183	1
0	13401	0.183125	1
0	13414	0.18325	1
0	13423	0.183375	1
0	13432	0.1835	1
0	13441	0.183625	1
0	13450	0.18375	1
0	13459	0.183875	1
0	13468	0.184	1
0	13477	0.184125	1
0	13486	0.18425	1
0	13495	0.184375	1
0	13504	0.1845	1
0	13513	0.184625	1
0	13522	0.18475	1
0	13531	0.184875	1
0	13540	0.185	1
0	13549	0.185125	1
0	13558	0.18525	1
0	13567	0.185375	1
0	13576	0.1855	1
0	13585	0.185625	1
0	13594	0.18575	1
0	13603	0.185875	1
0	13612	0.186	1
0	13621	0.186125	1
0	13630	0.18625	1
0	13639	0.186375	1
0	13652	0.1865	1
0	13661	0.186625	1
0	13670	0.18675	1
0	13679	0.186875	1
0	13688	0.187	1
0	13697	0.187125	1
0	13706	0.18725	1
0	13715	0.187375	1
0	13724	0.1875	1
0	13733	0.187625	1
0	13742	0.18775	1
0	13751	0.187875	1
0	13760	0.188	1
0	13769	0.188125	1
0	13778	0.18825	1
0	13787	0.188375	1
0	13796	0.1885	1
0	13805	0.188625	1
0	13814	0.18875	1
0	13823	0.188875	1
0	13832	0.189	1
0	13841	0.189125	1
0	13850	0.18925	1
0	13859	0.189375	1
0	13868	0.1895	1
0	13877	0.189625	1
0	13886	0.18975	1
0	13899	0.189875	1
0	13908	0.19	1
0	13917	0.190125	1
0	13926	0.19025	1
0	13935	0.190375	1
0	13944	0.1905	1
0	13953	0.190625	1
0	13962	0.19075	1
0	13971	0.190875	1
0	13980	0.191	1
0	13989	0.191125	1
0	13998	0.19125	1
0	14007	0.191375	1
0	14016	0.1915	1
0	14025	0.191625	1
0	14034	0.19175	1
0	14043	0.191875	1
0	14052	0.192	1
0	14061	0.192125	1
0	14070	0.19225	1
0	14079	0.192375	1
0	14088	0.1925	1
0	14097	0.192625	1
0	14106	0.19275	1
0	14115	0.192875	1
0	14124	0.193	1
0	14137	0.193125	1
0	14146	0.19325	1
0	14155	0.193375	1
0	14164	0.1935	1
0	14173	0.193625	1
0	14182	0.19375	1
0	14191	0.193875	1
0	14200	0.194	1
0	14209	0.194125	1
0	14218	0.19425	1
0	14227	0.194375	1
0	14236	0.1945	1
0	14245	0.194625	1
0	14254	0.19475	1
0	14263	0.194875	1
0	14272	0.195	1
0	14281	0.195125	1
0	14290	0.19525	1
0	14299	0.195375	1
0	14308	0.1955	1
0	14317	0.195625	1
0	14326	0.19575	1
0	14335	0.195875	1
0	14344	0.196	1
0	14353	0.196125	1
0	14362	0.19625	1
0	14375	0.196375	1
0	14384	0.1965	1
0	14393	0.196625	1
0	14402	0.19675	1
0	14411	0.196875	1
0	14420	0.197	1
0	14429	0.197125	1
0	14438	0.19725	1
0	14447	0.197375	1
0	14456	0.1975	1
0	14465	0.197625	1
0	14474	0.19775	1
0	14483	0.197875	1
0	14492	0.198	1
0	14501	0.198125	1
0	14510	0.19825	1
0	14519	0.198375	1
0	14528	0.1985	1
0	14537	0.198625	1
0	14546	0.19875	1
0	14555	0.198875	1
0	14564	0.199	1
0	14573	0.199125	1
0	14582	0.19925	1
0	14591	0.199375	1
0	14600	0.1995	1
0	14613	0.199625	1
0	14622	0.19975	1
0	14631	0.199875	1
0	14640	0.2	1
0	14649	0.200125	1
0	14658	0.20025	1
0	14667	0.200375	1
0	14676	0.2005	1
0	14685	0.200625	1
0	14694	0.20075	1
0	14703	0.200875	1
0	14712	0.201	1
0	14721	0.201125	1
0	14730	0.20125	1
0	14739	0.201375	1
0	14748	0.2015	1
0	14757	0.201625	1
0	14766	0.20175	1
0	14775	0.201875	1
0	14784	0.202	1
0	14793	0.202125	1
0	14802	0.20225	1
0	14811	0.202375	1
0	14820	0.2025	1
0	14829	0.202625	1
0	14838	0.20275	1
0	14851	0.202875	1
0	14860	0.203	1
0	14869	0.203125	1
0	14878	0.20325	1
0	14887	0.203375	1
0	14896	0.2035	1
0	14905	0.203625	1
0	14914	0.20375	1
0	14923	0.203875	1
0	14932	0.204	1
0	14941	0.204125	1
0	14950	0.20425	1
0	14959	0.204375	1
0	14968	0.2045	1
0	14977	0.204625	1
0	14986	0.20475	1
0	14995	0.204875	1
0	15004	0.205	1
0	15013	0.205125	1
0	15022	0.20525	1
0	15031	0.205375	1
0	15040	0.2055	1
0	15049	0.205625	1
0	15058	0.20575	1
0	15067	0.205875	1
0	15076	0.206	1
0	15089	0.206125	1
0	15098	0.20625	1
0	15107	0.206375	1
0	15116	0.2065	1
0	15125	0.206625	1
0	15134	0.20675	1
0	15143	0.206875	1
0	15152	0.207	1
0	15161	0.207125	1
0	15170	0.20725	1
0	15179	0.207375	1
0	15188	0.2075	1
0	15197	0.207625	1
0	15206	0.20775	1
0	15215	0.207875	1
0	15224	0.208	1
0	15233	0.208125	1
0	15242	0.20825	1
0	15251	0.208375	1
0	15260	0.2085	1
0	15269	0.208625	1
0	15278	0.20875	1
0	15287	0.208875	1
0	15296	0.209	1
0	15305	0.209125	1
0	15314	0.20925	1
0	15323	0.209375	1
0	15336	0.2095	1
0	15345	0.209625	1
0	15354	0.20975	1
0	15363	0.209875	1
0	15372	0.21	1
0	15381	0.210125	1
0	15390	0.21025	1
0	15399	0.210375	1
0	15408	0.2105	1
0	15417	0.210625	1
0	15426	0.21075	1
0	15435	0.210875	1
0	15444	0.211	1
0	15453	0.211125	1
0	15462	0.21125	1
0	15471	0.211375	1
0	15480	0.2115	1
0	15489	0.211625	1
0	15498	0.21175	1
0	15507	0.211875	1
0	15516	0.212	1
0	15525	0.212125	1
0	15534	0.21225	1
0	15543	0.212375	1
0	15552	0.2125	1
0	15561	0.212625	1
0	15574	0.21275	1
0	15583	0.212875	1
0	15592	0.213	1
0	15601	0.213125	1
0	15610	0.21325	1
0	15619	0.213375	1
0	15628	0.2135	1
0	15637	0.213625	1
0	15646	0.21375	1
0	15655	0.213875	1
0	15664	0.214	1
0	15673	0.214125	1
0	15682	0.21425	1
0	15691	0.214375	1
0	15700	0.2145	1
0	15709	0.214625	1
0	15718	0.21475	1
0	15727	0.214875	1
0	15736	0.215	1
0	15745	0.215125	1
0	15754	0.21525	1
0	15763	0.215375	1
0	15772	0.2155	1
0	15781	0.215625	1
0	15790	0.21575	1
0	15799	0.215875	1
0	15812	0.216	1
0	15821	0.216125	1
0	15830	0.21625	1
0	15839	0.216375	1
0	15848	0.2165	1
0	15857	0.216625	1
0	15866	0.21675	1
0	15875	0.216875	1
0	15884	0.217	1
0	15893	0.217125	1
0	15902	0.21725	1
0	15911	0.217375	1
0	15920	0.2175	1
0	15929	0.217625	1
0	15938	0.21775	1
0	15947	0.217875	1
0	15956	0.218	1
0	15965	0.218125	1
0	15974	0.21825	1
0	15983	0.218375	1
0	15992	0.2185	1
0	16001	0.218625	1
0	16010	0.21875	1
0	16019	0.218875	1
0	16028	0.219	1
0	16037	0.219125	1
0	16050	0.21925	1
0	16059	0.219375	1
0	16068	0.2195	1
0	16077	0.219625	1
0	16086	0.21975	1
0	16095	0.219875	1
0	16104	0.22	1
0	16113	0.220125	1
0	16122	0.22025	1
0	16131	0.220375	1
0	16140	0.2205	1
0	16149	0.220625	1
0	16158	0.22075	1
0	16167	0.220875	1
0	16176	0.221	1
0	16185	0.221125	1
0	16194	0.22125	1
0	16203	0.221375	1
0	16212	0.2215	1
0	16221	0.221625	1
0	16230	0.22175	1
0	16239	0.221875	1
0	16248	0.222	1
0	16257	0.222125	1
0	16266	0.22225	1
0	16275	0.222375	1
0	16288	0.2225	1
0	16297	0.222625	1
0	16306	0.22275	1
0	16315	0.222875	1
0	16324	0.223	1
0	16333	0.223125	1
0	16342	0.22325	1
0	16351	0.223375	1
0	16360	0.2235	1
0	16369	0.223625	1
0	16378	0.22375	1
0	16387	0.223875	1
0	16396	0.224	1
0	16405	0.224125	1
0	16414	0.22425	1
0	16423	0.224375	1
0	16432	0.2245	1
0	16441	0.224625	1
0	16450	0.22475	1
0	16459	0.224875	1
0	16468	0.225	1
0	16477	0.225125	1
0	16486	0.22525	1
0	16495	0.225375	1
0	16504	0.2255	1
0	16513	0.225625	1
0	16522	0.22575	1
0	16535	0.225875	1
0	16544	0.226	1
0	16553	0.226125	1
0	16562	0.22625	1
0	16571	0.226375	1
0	16580	0.2265	1
0	16589	0.226625	1
0	16598	0.22675	1
0	16607	0.226875	1
0	16616	0.227	1
0	16625	0.227125	1
0	16634	0.22725	1
0	16643	0.227375	1
0	16652	0.2275	1
0	16661	0.227625	1
0	16670	0.22775	1
0	16679	0.227875	1
0	16688	0.228	1
0	16697	0.228125	1
0	16706	0.22825	1
0	16715	0.228375	1
0	16724	0.2285	1
0	16733	0.228625	1
0	16742	0.22875	1
0	16751	0.228875	1
0	16760	0.229	1
0	16773	0.229125	1
0	16782	0.22925	1
0	16791	0.229375	1
0	16800	0.2295	1
0	16809	0.229625	1
0	16818	0.22975	1
0	16827	0.229875	1
0	16836	0.23	1
0	16845	0.230125	1
0	16854	0.23025	1
0	16863	0.230375	1
0	16872	0.2305	1
0	16881	0.230625	1
0	16890	0.23075	1
0	16899	0.230875	1
0	16908	0.231	1
0	16917	0.231125	1
0	16926	0.23125	1
0	16935	0.231375	1
0	16944	0.2315	1
0	16953	0.231625	1
0	16962	0.23175	1
0	16971	0.231875	1
0	16980	0.232	1
0	16989	0.232125	1
0	16998	0.23225	1
0	17011	0.232375	1
0	17020	0.2325	1
0	17029	0.232625	1
0	17038	0.23275	1
0	17047	0.232875	1
0	17056	0.233	1
0	17065	0.233125	1
0	17074	0.23325	1
0	17083	0.233375	1
0	17092	0.2335	1
0	17101	0.233625	1
0	17110	0.23375	1
0	17119	0.233875	1
0	17128	0.234	1
0	17137	0.234125	1
0	17146	0.23425	1
0	17155	0.234375	1
0	17164	0.2345	1
0	17173	0.234625	1
0	17182	0.23475	1
0	17191	0.234875	1
0	17200	0.235	1
0	17209	0.235125	1
0	17218	0.23525	1
0	17227	0.235375	1
0	17236	0.2355	1
0	17249	0.235625	1
0	17258	0.23575	1
0	17267	0.235875	1
0	17276	0.236	1
0	17285	0.236125	1
0	17294	0.23625	1
0	17303	0.236375	1
0	17312	0.2365	1
0	17321	0.236625	1
0	17330	0.23675	1
0	17339	0.236875	1
0	17348	0.237	1
0	17357	0.237125	1
0	17366	0.23725	1
0	17375	0.237375	1
0	17384	0.2375	1
0	17393	0.237625	1
0	17402	0.23775	1
0	17411	0.237875	1
0	17420	0.238	1
0	17429	0.238125	1
0	17438	0.23825	1
0	17447	0.238375	1
0	17456	0.2385	1
0	17465	0.238625	1
0	17474	0.23875	1
0	17487	0.238875	1
0	17496	0.239	1
0	17505	0.239125	1
0	17514	0.23925	1
0	17523	0.239375	1
0	17532	0.2395	1
0	17541	0.239625	1
0	17550	0.23975	1
0	17559	0.239875	1
0	17568	0.24	1
0	17577	0.240125	1
0	17586	0.24025	1
0	17595	0.240375	1
0	17604	0.2405	1
0	17613	0.240625	1
0	17622	0.24075	1
0	17631	0.240875	1
0	17640	0.241	1
0	17649	0.241125	1
0	17658	0.24125	1
0	17667	0.241375	1
0	17676	0.2415	1
0	17685	0.241625	1
0	17694	0.24175	1
0	17703	0.241875	1
0	17712	0.242	1
0	17725	0.242125	1
0	17734	0.24225	1
0	17743	0.242375	1
0	17752	0.2425	1
0	17761	0.242625	1
0	17770	0.24275	1
0	17779	0.242875	1
0	17788	0.243	1
0	17797	0.243125	1
0	17806	0.24325	1
0	17815	0.243375	1
0	17824	0.2435	1
0	17833	0.243625	1
0	17842	0.24375	1
0	17851	0.243875	1
0	17860	0.244	1
0	17869	0.244125	1
0	17878	0.24425	1
0	17887	0.244375	1
0	17896	0.2445	1
0	17905	0.244625	1
0	17914	0.24475	1
0	17923	0.244875	1
0	17932	0.245	1
0	17941	0.245125	1
0	17950	0.24525	1
0	17959	0.245375	1
0	17972	0.2455	1
0	17981	0.245625	1
0	17990	0.24575	1
0	17999	0.245875	1
0	18008	0.246	1
0	18017	0.246125	1
0	18026	0.24625	1
0	18035	0.246375	1
0	18044	0.2465	1
0	18053	0.246625	1
0	18062	0.24675	1
0	18071	0.246875	1
0	18080	0.247	1
0	18089	0.247125	1
0	18098	0.24725	1
0	18107	0.247375	1
0	18116	0.2475	1
0	18125	0.247625	1
0	18134	0.24775	1
0	18143	0.247875	1
0	18152	0.248	1
0	18161	0.248125	1
0	18170	0.24825	1
0	18179	0.248375	1
0	18188	0.2485	1
0	18197	0.248625	1
0	18210	0.24875	1
0	18219	0.248875	1
0	18228	0.249	1
0	18237	0.249125	1
0	18246	0.24925	1
0	18255	0.249375	1
0	18264	0.2495	1
0	18273	0.249625	1
0	18282	0.24975	1
0	18291	0.249875	1
0	18300	0.25	1
0	18309	0.250125	1
0	18318	0.25025	1
0	18327	0.250375	1
0	18336	0.2505	1
0	18345	0.250625	1
0	18354	0.25075	1
0	18363	0.250875	1
0	18372	0.251	1
0	18381	0.251125	1
0	18390	0.25125	1
0	18399	0.251375	1
0	18408	0.2515	1
0	18417	0.251625	1
0	18426	0.25175	1
0	18435	0.251875	1
0	18448	0.252	1
0	18457	0.252125	1
0	18466	0.25225	1
0	18475	0.252375	1
0	18484	0.2525	1
0	18493	0.252625	1
0	18502	0.25275	1
0	18511	0.252875	1
0	18520	0.253	1
0	18529	0.253125	1
0	18538	0.25325	1
0	18547	0.253375	1
0	18556	0.2535	1
0	18565	0.253625	1
0	18574	0.25375	1
0	18583	0.253875	1
0	18592	0.254	1
0	18601	0.254125	1
0	18610	0.25425	1
0	18619	0.254375	1
0	18628	0.2545	1
0	18637	0.254625	1
0	18646	0.25475	1
0	18655	0.254875	1
0	18664	0.255	1
0	18673	0.255125	1
0	18686	0.25525	1
0	18695	0.255375	1
0	18704	0.2555	1
0	18713	0.255625	1
0	18722	0.25575	1
0	18731	0.255875	1
0	18740	0.256	1
0	18749	0.256125	1
0	18758	0.25625	1
0	18767	0.256375	1
0	18776	0.2565	1
0	18785	0.256625	1
0	18794	0.25675	1
0	18803	0.256875	1
0	18812	0.257	1
0	18821	0.257125	1
0	18830	0.25725	1
0	18839	0.257375	1
0	18848	0.2575	1
0	18857	0.257625	1
0	18866	0.25775	1
0	18875	0.257875	1
0	18884	0.258	1
0	18893	0.258125	1
0	18902	0.25825	1
0	18911	0.258375	1
0	18924	0.2585	1
0	18933	0.258625	1
0	18942	0.25875	1
0	18951	0.258875	1
0	18960	0.259	1
0	18969	0.259125	1
0	18978	0.25925	1
0	18987	0.259375	1
0	18996	0.2595	1
0	19005	0.259625	1
0	19014	0.25975	1
0	19023	0.259875	1
0	19032	0.26	1
0	19041	0.260125	1
0	19050	0.26025	1
0	19059	0.260375	1
0	19068	0.2605	1
0	19077	0.260625	1
0	19086	0.26075	1
0	19095	0.260875	1
0	19104	0.261	1
0	19113	0.261125	1
0	19122	0.26125	1
0	19131	0.261375	1
0	19140	0.2615	1
0	19149	0.261625	1
0	19162	0.26175	1
0	19171	0.261875	1
0	19180	0.262	1
0	19189	0.262125	1
0	19198	0.26225	1
0	19207	0.262375	1
0	19216	0.2625	1
0	19225	0.262625	1
0	19234	0.26275	1
0	19243	0.262875	1
0	19252	0.263	1
0	19261	0.263125	1
0	19270	0.26325	1
0	19279	0.263375	1
0	19288	0.2635	1
0	19297	0.263625	1
0	19306	0.26375	1
0	19315	0.263875	1
0	19324	0.264	1
0	19333	0.264125	1
0	19342	0.26425	1
0	19351	0.264375	1
0	19360	0.2645	1
0	19369	0.264625	1
0	19378	0.26475	1
0	19387	0.264875	1
0	19396	0.265	1
0	19409	0.265125	1
0	19418	0.26525	1
0	19427	0.265375	1
0	19436	0.2655	1
0	19445	0.265625	1
0	19454	0.26575	1
0	19463	0.265875	1
0	19472	0.266	1
0	19481	0.266125	1
0	19490	0.26625	1
0	19499	0.266375	1
0	19508	0.2665	1
0	19517	0.266625	1
0	19526	0.26675	1
0	19535	0.266875	1
0	19544	0.267	1
0	19553	0.267125	1
0	19562	0.26725	1
0	19571	0.267375	1
0	19580	0.2675	1
0	19589	0.267625	1
0	19598	0.26775	1
0	19607	0.267875	1
0	19616	0.268	1
0	19625	0.268125	1
0	19634	0.26825	1
0	19647	0.268375	1
0	19656	0.2685	1
0	19665	0.268625	1
0	19674	0.26875	1
0	19683	0.268875	1
0	19692	0.269	1
0	19701	0.269125	1
0	19710	0.26925	1
0	19719	0.269375	1
0	19728	0.2695	1
0	19737	0.269625	1
0	19746	0.26975	1
0	19755	0.269875	1
0	19764	0.27	1
0	19773	0.270125	1
0	19782	0.27025	1
0	19791	0.270375	1
0	19800	0.2705	1
0	19809	0.270625	1
0	19818	0.27075	1
0	19827	0.270875	1
0	19836	0.271	1
0	19845	0.271125	1
0	19854	0.27125	1
0	19863	0.271375	1
0	19872	0.2715	1
0	19885	0.271625	1
0	19894	0.27175	1
0	19903	0.271875	1
0	19912	0.272	1
0	19921	0.272125	1
0	19930	0.27225	1
0	19939	0.272375	1
0	19948	0.2725	1
0	19957	0.272625	1
0	19966	0.27275	1
0	19975	0.272875	1
0	19984	0.273	1
0	19993	0.273125	1
0	20002	0.27325	1
0	20011	0.273375	1
0	20020	0.2735	1
0	20029	0.273625	1
0	20038	0.27375	1
0	20047	0.273875	1
0	20056	0.274	1
0	20065	0.274125	1
0	20074	0.27425	1
0	20083	0.274375	1
0	20092	0.2745	1
0	20101	0.274625	1
0	20110	0.27475	1
0	20123	0.274875	1
0	20132	0.275	1
0	20141	0.275125	1
0	20150	0.27525	1
0	20159	0.275375	1
0	20168	0.2755	1
0	20177	0.275625	1
0	20186	0.27575	1
0	20195	0.275875	1
0	20204	0.276	1
0	20213	0.276125	1
0	20222	0.27625	1
0	20231	0.276375	1
0	20240	0.2765	1
0	20249	0.276625	1
0	20258	0.27675	1
0	20267	0.276875	1
0	20276	0.277	1
0	20285	0.277125	1
0	20294	0.27725	1
0	20303	0.277375	1
0	20312	0.2775	1
0	20321	0.277625	1
0	20330	0.27775	1
0	20339	0.277875	1
0	20348	0.278	1
0	20361	0.278125	1
0	20370	0.27825	1
0	20379	0.278375	1
0	20388	0.2785	1
0	20397	0.278625	1
0	20406	0.27875	1
0	20415	0.278875	1
0	20424	0.279	1
0	20433	0.279125	1
0	20442	0.27925	1
0	20451	0.279375	1
0	20460	0.2795	1
0	20469	0.279625	1
0	20478	0.27975	1
0	20487	0.279875	1
0	20496	0.28	1
0	20505	0.280125	1
0	20514	0.28025	1
0	20523	0.280375	1
0	20532	0.2805	1
0	20541	0.280625	1
0	20550	0.28075	1
0	20559	0.280875	1
0	20568	0.281	1
0	20577	0.281125	1
0	20586	0.28125	1
0	20599	0.281375	1
0	20608	0.2815	1
0	20617	0.281625	1
0	20626	0.28175	1
0	20635	0.281875	1
0	20644	0.282	1
0	20653	0.282125	1
0	20662	0.28225	1
0	20671	0.282375	1
0	20680	0.2825	1
0	20689	0.282625	1
0	20698	0.28275	1
0	20707	0.282875	1
0	20716	0.283	1
0	20725	0.283125	1
0	20734	0.28325	1
0	20743	0.283375	1
0	20752	0.2835	1
0	20761	0.283625	1
0	20770	0.28375	1
0	20779	0.283875	1
0	20788	0.284	1
0	20797	0.284125	1
0	20806	0.28425	1
0	20815	0.284375	1
0	20824	0.2845	1
0	20833	0.284625	1
0	20846	0.28475	1
0	20855	0.284875	1
0	20864	0.285	1
0	20873	0.285125	1
0	20882	0.28525	1
0	20891	0.285375	1
0	20900	0.2855	1
0	20909	0.285625	1
0	20918	0.28575	1
0	20927	0.285875	1
0	20936	0.286	1
0	20945	0.286125	1
0	20954	0.28625	1
0	20963	0.286375	1
0	20972	0.2865	1
0	20981	0.286625	1
0	20990	0.28675	1
0	20999	0.286875	1
0	21008	0.287	1
0	21017	0.287125	1
0	21026	0.28725	1
0	21035	0.287375	1
0	21044	0.2875	1
0	21053	0.287625	1
0	21062	0.28775	1
0	21071	0.287875	1
0	21084	0.288	1
0	21093	0.288125	1
0	21102	0.28825	1
0	21111	0.288375	1
0	21120	0.2885	1
0	21129	0.288625	1
0	21138	0.28875	1
0	21147	0.288875	1
0	21156	0.289	1
0	21165	0.289125	1
0	21174	0.28925	1
0	21183	0.289375	1
0	21192	0.2895	1
0	21201	0.289625	1
0	21210	0.28975	1
0	21219	0.289875	1
0	21228	0.29	1
0	21237	0.290125	1
0	21246	0.29025	1
0	21255	0.290375	1
0	21264	0.2905	1
0	21273	0.290625	1
0	21282	0.29075	1
0	21291	0.290875	1
0	21300	0.291	1
0	21309	0.291125	1
0	21322	0.29125	1
0	21331	0.291375	1
0	21340	0.2915	1
0	21349	0.291625	1
0	21358	0.29175	1
0	21367	0.291875	1
0	21376	0.292	1
0	21385	0.292125	1
0	21394	0.29225	1
0	21403	0.292375	1
0	21412	0.2925	1
0	21421	0.292625	1
0	21430	0.29275	1
0	21439	0.292875	1
0	21448	0.293	1
0	21457	0.293125	1
0	21466	0.29325	1
0	21475	0.293375	1
0	21484	0.2935	1
0	21493	0.293625	1
0	21502	0.29375	1
0	21511	0.293875	1
0	21520	0.294	1
0	21529	0.294125	1
0	21538	0.29425	1
0	21547	0.294375	1
0	21560	0.2945	1
0	21569	0.294625	1
0	21578	0.29475	1
0	21587	0.294875	1
0	21596	0.295	1
0	21605	0.295125	1
0	21614	0.29525	1
0	21623	0.295375	1
0	21632	0.2955	1
0	21641	0.295625	1
0	21650	0.29575	1
0	21659	0.295875	1
0	21668	0.296	1
0	21677	0.296125	1
0	21686	0.29625	1
0	21695	0.296375	1
0	21704	0.2965	1
0	21713	0.296625	1
0	21722	0.29675	1
0	21731	0.296875	1
0	21740	0.297	1
0	21749	0.297125	1
0	21758	0.29725	1
0	21767	0.297375	1
0	21776	0.2975	1
0	21785	0.297625	1
0	21798	0.29775	1
0	21807	0.297875	1
0	21816	0.298	1
0	21825	0.298125	1
0	21834	0.29825	1
0	21843	0.298375	1
0	21852	0.2985	1
0	21861	0.298625	1
0	21870	0.29875	1
0	21879	0.298875	1
0	21888	0.299	1
0	21897	0.299125	1
0	21906	0.29925	1
0	21915	0.299375	1
0	21924	0.2995	1
0	21933	0.299625	1
0	21942	0.29975	1
0	21951	0.299875	1
0	21960	0.3	1
0	21969	0.300125	1
0	21978	0.30025	1
0	21987	0.300375	1
0	21996	0.3005	1
0	22005	0.300625	1
0	22014	0.30075	1
0	22023	0.300875	1
0	22032	0.301	1
0	22045	0.301125	1
0	22054	0.30125	1
0	22063	0.301375	1
0	22072	0.3015	1
0	22081	0.301625	1
0	22090	0.30175	1
0	22099	0.301875	1
0	22108	0.302	1
0	22117	0.302125	1
0	22126	0.30225	1
0	22135	0.302375	1
0	22144	0.3025	1
0	22153	0.302625	1
0	22162	0.30275	1
0	22171	0.302875	1
0	22180	0.303	1
0	22189	0.303125	1
0	22198	0.30325	1
0	22207	0.303375	1
0	22216	0.3035	1
0	22225	0.303625	1
0	22234	0.30375	1
0	22243	0.303875	1
0	22252	0.304	1
0	22261	0.304125	1
0	22270	0.30425	1
0	22283	0.304375	1
0	22292	0.3045	1
0	22301	0.304625	1
0	22310	0.30475	1
0	22319	0.304875	1
0	22328	0.305	1
0	22337	0.305125	1
0	22346	0.30525	1
0	22355	0.305375	1
0	22364	0.3055	1
0	22373	0.305625	1
0	22382	0.30575	1
0	22391	0.305875	1
0	22400	0.306	1
0	22409	0.306125	1
0	22418	0.30625	1
0	22427	0.306375	1
0	22436	0.3065	1
0	22445	0.306625	1
0	22454	0.30675	1
0	22463	0.306875	1
0	22472	0.307	1
0	22481	0.307125	1
0	22490	0.30725	1
0	22499	0.307375	1
0	22508	0.3075	1
0	22521	0.307625	1
0	22530	0.30775	1
0	22539	0.307875	1
0	22548	0.308	1
0	22557	0.308125	1
0	22566	0.30825	1
0	22575	0.308375	1
0	22584	0.3085	1
0	22593	0.308625	1
0	22602	0.30875	1
0	22611	0.308875	1
0	22620	0.309	1
0	22629	0.309125	1
0	22638	0.30925	1
0	22647	0.309375	1
0	22656	0.3095	1
0	22665	0.309625	1
0	22674	0.30975	1
0	22683	0.309875	1
0	22692	0.31	1
0	22701	0.310125	1
0	22710	0.31025	1
0	22719	0.310375	1
0	22728	0.3105	1
0	22737	0.310625	1
0	22746	0.31075	1
0	22759	0.310875	1
0	22768	0.311	1
0	22777	0.311125	1
0	22786	0.31125	1
0	22795	0.311375	1
0	22804	0.3115	1
0	22813	0.311625	1
0	22822	0.31175	1
0	22831	0.311875	1
0	22840	0.312	1
0	22849	0.312125	1
0	22858	0.31225	1
0	22867	0.312375	1
0	22876	0.3125	1
0	22885	0.312625	1
0	22894	0.31275	1
0	22903	0.312875	1
0	22912	0.313	1
0	22921	0.313125	1
0	22930	0.31325	1
0	22939	0.313375	1
0	22948	0.3135	1
0	22957	0.313625	1
0	22966	0.31375	1
0	22975	0.313875	1
0	22984	0.314	1
0	22997	0.314125	1
0	23006	0.31425	1
0	23015	0.314375	1
0	23024	0.3145	1
0	23033	0.314625	1
0	23042	0.31475	1
0	23051	0.314875	1
0	23060	0.315	1
0	23069	0.315125	1
0	23078	0.31525	1
0	23087	0.315375	1
0	23096	0.3155	1
0	23105	0.315625	1
0	23114	0.31575	1
0	23123	0.315875	1
0	23132	0.316	1
0	23141	0.316125	1
0	23150	0.31625	1
0	23159	0.316375	1
0	23168	0.3165	1
0	23177	0.316625	1
0	23186	0.31675	1
0	23195	0.316875	1
0	23204	0.317	1
0	23213	0.317125	1
0	23222	0.31725	1
0	23235	0.317375	1
0	23244	0.3175	1
0	23253	0.317625	1
0	23262	0.31775	1
0	23271	0.317875	1
0	23280	0.318	1
0	23289	0.318125	1
0	23298	0.31825	1
0	23307	0.318375	1
0	23316	0.3185	1
0	23325	0.318625	1
0	23334	0.31875	1
0	23343	0.318875	1
0	23352	0.319	1
0	23361	0.319125	1
0	23370	0.31925	1
0	23379	0.319375	1
0	23388	0.3195	1
0	23397	0.319625	1
0	23406	0.31975	1
0	23415	0.319875	1
0	23424	0.32	1
0	23433	0.320125	1
0	23442	0.32025	1
0	23451	0.320375	1
0	23460	0.3205	1
0	23469	0.320625	1
0	23482	0.32075	1
0	23491	0.320875	1
0	23500	0.321	1
0	23509	0.321125	1
0	23518	0.32125	1
0	23527	0.321375	1
0	23536	0.3215	1
0	23545	0.321625	1
0	23554	0.32175	1
0	23563	0.321875	1
0	23572	0.322	1
0	23581	0.322125	1
0	23590	0.32225	1
0	23599	0.322375	1
0	23608	0.3225	1
0	23617	0.322625	1
0	23626	0.32275	1
0	23635	0.322875	1
0	23644	0.323	1
0	23653	0.323125	1
0	23662	0.32325	1
0	23671	0.323375	1
0	23680	0.3235	1
0	23689	0.323625	1
0	23698	0.32375	1
0	23707	0.323875	1
0	23720	0.324	1
0	23729	0.324125	1
0	23738	0.32425	1
0	23747	0.324375	1
0	23756	0.3245	1
0	23765	0.324625	1
0	23774	0.32475	1
0	23783	0.324875	1
0	23792	0.325	1
0	23801	0.325125	1
0	23810	0.32525	1
0	23819	0.325375	1
0	23828	0.3255	1
0	23837	0.325625	1
0	23846	0.32575	1
0	23855	0.325875	1
0	23864	0.326	1
0	23873	0.326125	1
0	23882	0.32625	1
0	23891	0.326375	1
0	23900	0.3265	1
0	23909	0.326625	1
0	23918	0.32675	1
0	23927	0.326875	1
0	23936	0.327	1
0	23945	0.327125	1
0	23958	0.32725	1
0	23967	0.327375	1
0	23976	0.3275	1
0	23985	0.327625	1
0	23994	0.32775	1
0	24003	0.327875	1
0	24012	0.328	1
0	24021	0.328125	1
0	24030	0.32825	1
0	24039	0.328375	1
0	24048	0.3285	1
0	24057	0.328625	1
0	24066	0.32875	1
0	24075	0.328875	1
0	24084	0.329	1
0	24093	0.329125	1
0	24102	0.32925	1
0	24111	0.329375	1
0	24120	0.3295	1
0	24129	0.329625	1
0	24138	0.32975	1
0	24147	0.329875	1
0	24156	0.33	1
0	24165	0.330125	1
0	24174	0.33025	1
0	24183	0.330375	1
0	24196	0.3305	1
0	24205	0.330625	1
0	24214	0.33075	1
0	24223	0.330875	1
0	24232	0.331	1
0	24241	0.331125	1
0	24250	0.33125	1
0	24259	0.331375	1
0	24268	0.3315	1
0	24277	0.331625	1
0	24286	0.33175	1
0	24295	0.331875	1
0	24304	0.332	1
0	24313	0.332125	1
0	24322	0.33225	1
0	24331	0.332375	1
0	24340	0.3325	1
0	24349	0.332625	1
0	24358	0.33275	1
0	24367	0.332875	1
0	24376	0.333	1
0	24385	0.333125	1
0	24394	0.33325	1
0	24403	0.333375	1
0	24412	0.3335	1
0	24421	0.333625	1
0	24434	0.33375	1
0	24443	0.333875	1
0	24452	0.334	1
0	24461	0.334125	1
0	24470	0.33425	1
0	24479	0.334375	1
0	24488	0.3345	1
0	24497	0.334625	1
0	24506	0.33475	1
0	24515	0.334875	1
0	24524	0.335	1
0	24533	0.335125	1
0	24542	0.33525	1
0	24551	0.335375	1
0	24560	0.3355	1
0	24569	0.335625	1
0	24578	0.33575	1
0	24587	0.335875	1
0	24596	0.336	1
0	24605	0.336125	1
0	24614	0.33625	1
0	24623	0.336375	1
0	24632	0.3365	1
0	24641	0.336625	1
0	24650	0.33675	1
0	24659	0.336875	1
0	24672	0.337	1
0	24681	0.337125	1
0	24690	0.33725	1
0	24699	0.337375	1
0	24708	0.3375	1
0	24717	0.337625	1
0	24726	0.33775	1
0	24735	0.337875	1
0	24744	0.338	1
0	24753	0.338125	1
0	24762	0.33825	1
0	24771	0.338375	1
0	24780	0.3385	1
0	24789	0.338625	1
0	24798	0.33875	1
0	24807	0.338875	1
0	24816	0.339	1
0	24825	0.339125	1
0	24834	0.33925	1
0	24843	0.339375	1
0	24852	0.3395	1
0	24861	0.339625	1
0	24870	0.33975	1
0	24879	0.339875	1
0	24888	0.34	1
0	24897	0.340125	1
0	24906	0.34025	1
0	24919	0.340375	1
0	24928	0.3405	1
0	24937	0.340625	1
0	24946	0.34075	1
0	24955	0.340875	1
0	24964	0.341	1
0	24973	0.341125	1
0	24982	0.34125	1
0	24991	0.341375	1
0	25000	0.3415	1
0	25009	0.341625	1
0	25018	0.34175	1
0	25027	0.341875	1
0	25036	0.342	1
0	25045	0.342125	1
0	25054	0.34225	1
0	25063	0.342375	1
0	25072	0.3425	1
0	25081	0.342625	1
0	25090	0.34275	1
0	25099	0.342875	1
0	25108	0.343	1
0	25117	0.343125	1
0	25126	0.34325	1
0	25135	0.343375	1
0	25144	0.3435	1
0	25157	0.343625	1
0	25166	0.34375	1
0	25175	0.343875	1
0	25184	0.344	1
0	25193	0.344125	1
0	25202	0.34425	1
0	25211	0.344375	1
0	25220	0.3445	1
0	25229	0.344625	1
0	25238	0.34475	1
0	25247	0.344875	1
0	25256	0.345	1
0	25265	0.345125	1
0	25274	0.34525	1
0	25283	0.345375	1
0	25292	0.3455	1
0	25301	0.345625	1
0	25310	0.34575	1
0	25319	0.345875	1
0	25328	0.346	1
0	25337	0.346125	1
0	25346	0.34625	1
0	25355	0.346375	1
0	25364	0.3465	1
0	25373	0.346625	1
0	25382	0.34675	1
0	25395	0.346875	1
0	25404	0.347	1
0	25413	0.347125	1
0	25422	0.34725	1
0	25431	0.347375	1
0	25440	0.3475	1
0	25449	0.347625	1
0	25458	0.34775	1
0	25467	0.347875	1
0	25476	0.348	1
0	25485	0.348125	1
0	25494	0.34825	1
0	25503	0.348375	1
0	25512	0.3485	1
0	25521	0.348625	1
0	25530	0.34875	1
0	25539	0.348875	1
0	25548	0.349	1
0	25557	0.349125	1
0	25566	0.34925	1
0	25575	0.349375	1
0	25584	0.3495	1
0	25593	0.349625	1
0	25602	0.34975	1
0	25611	0.349875	1
0	25620	0.35	1
0	25633	0.350125	1
0	25642	0.35025	1
0	25651	0.350375	1
0	25660	0.3505	1
0	25669	0.350625	1
0	25678	0.35075	1
0	25687	0.350875	1
0	25696	0.351	1
0	25705	0.351125	1
0	25714	0.35125	1
0	25723	0.351375	1
0	25732	0.3515	1
0	25741	0.351625	1
0	25750	0.35175	1
0	25759	0.351875	1
0	25768	0.352	1
0	25777	0.352125	1
0	25786	0.35225	1
0	25795	0.352375	1
0	25804	0.3525	1
0	25813	0.352625	1
0	25822	0.35275	1
0	25831	0.352875	1
0	25840	0.353	1
0	25849	0.353125	1
0	25858	0.35325	1
0	25871	0.353375	1
0	25880	0.3535	1
0	25889	0.353625	1
0	25898	0.35375	1
0	25907	0.353875	1
0	25916	0.354	1
0	25925	0.354125	1
0	25934	0.35425	1
0	25943	0.354375	1
0	25952	0.3545	1
0	25961	0.354625	1
0	25970	0.35475	1
0	25979	0.354875	1
0	25988	0.355	1
0	25997	0.355125	1
0	26006	0.35525	1
0	26015	0.355375	1
0	26024	0.3555	1
0	26033	0.355625	1
0	26042	0.35575	1
0	26051	0.355875	1
0	26060	0.356	1
0	26069	0.356125	1
0	26078	0.35625	1
0	26087	0.356375	1
0	26096	0.3565	1
0	26109	0.356625	1
0	26118	0.35675	1
0	26127	0.356875	1
0	26136	0.357	1
0	26145	0.357125	1
0	26154	0.35725	1
0	26163	0.357375	1
0	26172	0.3575	1
0	26181	0.357625	1
0	26190	0.35775	1
0	26199	0.357875	1
0	26208	0.358	1
0	26217	0.358125	1
0	26226	0.35825	1
0	26235	0.358375	1
0	26244	0.3585	1
0	26253	0.358625	1
0	26262	0.35875	1
0	26271	0.358875	1
0	26280	0.359	1
0	26289	0.359125	1
0	26298	0.35925	1
0	26307	0.359375	1
0	26316	0.3595	1
0	26325	0.359625	1
0	26334	0.35975	1
0	26343	0.359875	1
0	26356	0.36	1
0	26365	0.360125	1
0	26374	0.36025	1
0	26383	0.360375	1
0	26392	0.3605	1
0	26401	0.360625	1
0	26410	0.36075	1
0	26419	0.360875	1
0	26428	0.361	1
0	26437	0.361125	1
0	26446	0.36125	1
0	26455	0.361375	1
0	26464	0.3615	1
0	26473	0.361625	1
0	26482	0.36175	1
0	26491	0.361875	1
0	26500	0.362	1
0	26509	0.362125	1
0	26518	0.36225	1
0	26527	0.362375	1
0	26536	0.3625	1
0	26545	0.362625	1
0	26554	0.36275	1
0	26563	0.362875	1
0	26572	0.363	1
0	26581	0.363125	1
0	26594	0.36325	1
0	26603	0.363375	1
0	26612	0.3635	1
0	26621	0.363625	1
0	26630	0.36375	1
0	26639	0.363875	1
0	26648	0.364	1
0	26657	0.364125	1
0	26666	0.36425	1
0	26675	0.364375	1
0	26684	0.3645	1
0	26693	0.364625	1
0	26702	0.36475	1
0	26711	0.364875	1
0	26720	0.365	1
0	26729	0.365125	1
0	26738	0.36525	1
0	26747	0.365375	1
0	26756	0.3655	1
0	26765	0.365625	1
0	26774	0.36575	1
0	26783	0.365875	1
0	26792	0.366	1
0	26801	0.366125	1
0	26810	0.36625	1
0	26819	0.366375	1
0	26832	0.3665	1
0	26841	0.366625	1
0	26850	0.36675	1
0	26859	0.366875	1
0	26868	0.367	1
0	26877	0.367125	1
0	26886	0.36725	1
0	26895	0.367375	1
0	26904	0.3675	1
0	26913	0.367625	1
0	26922	0.36775	1
0	26931	0.367875	1
0	26940	0.368	1
0	26949	0.368125	1
0	26958	0.36825	1
0	26967	0.368375	1
0	26976	0.3685	1
0	26985	0.368625	1
0	26994	0.36875	1
0	27003	0.368875	1
0	27012	0.369	1
0	27021	0.369125	1
0	27030	0.36925	1
0	27039	0.369375	1
0	27048	0.3695	1
0	27057	0.369625	1
0	27070	0.36975	1
0	27079	0.369875	1
0	27088	0.37	1
0	27097	0.370125	1
0	27106	0.37025	1
0	27115	0.370375	1
0	27124	0.3705	1
0	27133	0.370625	1
0	27142	0.37075	1
0	27151	0.370875	1
0	27160	0.371	1
0	27169	0.371125	1
0	27178	0.37125	1
0	27187	0.371375	1
0	27196	0.3715	1
0	27205	0.371625	1
0	27214	0.37175	1
0	27223	0.371875	1
0	27232	0.372	1
0	27241	0.372125	1
0	27250	0.37225	1
0	27259	0.372375	1
0	27268	0.3725	1
0	27277	0.372625	1
0	27286	0.37275	1
0	27295	0.372875	1
0	27308	0.373	1
0	27317	0.373125	1
0	27326	0.37325	1
0	27335	0.373375	1
0	27344	0.3735	1
0	27353	0.373625	1
0	27362	0.37375	1
0	27371	0.373875	1
0	27380	0.374	1
0	27389	0.374125	1
0	27398	0.37425	1
0	27407	0.374375	1
0	27416	0.3745	1
0	27425	0.374625	1
0	27434	0.37475	1
0	27443	0.374875	1
0	27452	0.375	1
0	27461	0.375125	1
0	27470	0.37525	1
0	27479	0.375375	1
0	27488	0.3755	1
0	27497	0.375625	1
0	27506	0.37575	1
0	27515	0.375875	1
0	27524	0.376	1
0	27533	0.376125	1
0	27542	0.37625	1
0	27555	0.376375	1
0	27564	0.3765	1
0	27573	0.376625	1
0	27582	0.37675	1
0	27591	0.376875	1
0	27600	0.377	1
0	27609	0.377125	1
0	27618	0.37725	1
0	27627	0.377375	1
0	27636	0.3775	1
0	27645	0.377625	1
0	27654	0.37775	1
0	27663	0.377875	1
0	27672	0.378	1
0	27681	0.378125	1
0	27690	0.37825	1
0	27699	0.378375	1
0	27708	0.3785	1
0	27717	0.378625	1
0	27726	0.37875	1
0	27735	0.378875	1
0	27744	0.379	1
0	27753	0.379125	1
0	27762	0.37925	1
0	27771	0.379375	1
0	27780	0.3795	1
0	27793	0.379625	1
0	27802	0.37975	1
0	27811	0.379875	1
0	27820	0.38	1
0	27829	0.380125	1
0	27838	0.38025	1
0	27847	0.380375	1
0	27856	0.3805	1
0	27865	0.380625	1
0	27874	0.38075	1
0	27883	0.380875	1
0	27892	0.381	1
0	27901	0.381125	1
0	27910	0.38125	1
0	27919	0.381375	1
0	27928	0.3815	1
0	27937	0.381625	1
0	27946	0.38175	1
0	27955	0.381875	1
0	27964	0.382	1
0	27973	0.382125	1
0	27982	0.38225	1
0	27991	0.382375	1
0	28000	0.3825	1
0	28009	0.382625	1
0	28018	0.38275	1
0	28031	0.382875	1
0	28040	0.383	1
0	28049	0.383125	1
0	28058	0.38325	1
0	28067	0.383375	1
0	28076	0.3835	1
0	28085	0.383625	1
0	28094	0.38375	1
0	28103	0.383875	1
0	28112	0.384	1
0	28121	0.384125	1
0	28130	0.38425	1
0	28139	0.384375	1
0	28148	0.3845	1
0	28157	0.384625	1
0	28166	0.38475	1
0	28175	0.384875	1
0	28184	0.385	1
0	28193	0.385125	1
0	28202	0.38525	1
0	28211	0.385375	1
0	28220	0.3855	1
0	28229	0.385625	1
0	28238	0.38575	1
0	28247	0.385875	1
0	28256	0.386	1
0	28269	0.386125	1
0	28278	0.38625	1
0	28287	0.386375	1
0	28296	0.3865	1
0	28305	0.386625	1
0	28314	0.38675	1
0	28323	0.386875	1
0	28332	0.387	1
0	28341	0.387125	1
0	28350	0.38725	1
0	28359	0.387375	1
0	28368	0.3875	1
0	28377	0.387625	1
0	28386	0.38775	1
0	28395	0.387875	1
0	28404	0.388	1
0	28413	0.388125	1
0	28422	0.38825	1
0	28431	0.388375	1
0	28440	0.3885	1
0	28449	0.388625	1
0	28458	0.38875	1
0	28467	0.388875	1
0	28476	0.389	1
0	28485	0.389125	1
0	28494	0.38925	1
0	28507	0.389375	1
0	28516	0.3895	1
0	28525	0.389625	1
0	28534	0.38975	1
0	28543	0.389875	1
0	28552	0.39	1
0	28561	0.390125	1
0	28570	0.39025	1
0	28579	0.390375	1
0	28588	0.3905	1
0	28597	0.390625	1
0	28606	0.39075	1
0	28615	0.390875	1
0	28624	0.391	1
0	28633	0.391125	1
0	28642	0.39125	1
0	28651	0.391375	1
0	28660	0.3915	1
0	28669	0.391625	1
0	28678	0.39175	1
0	28687	0.391875	1
0	28696	0.392	1
0	28705	0.392125	1
0	28714	0.39225	1
0	28723	0.392375	1
0	28732	0.3925	1
0	28745	0.392625	1
0	28754	0.39275	1
0	28763	0.392875	1
0	28772	0.393	1
0	28781	0.393125	1
0	28790	0.39325	1
0	28799	0.393375	1
0	28808	0.3935	1
0	28817	0.393625	1
0	28826	0.39375	1
0	28835	0.393875	1
0	28844	0.394	1
0	28853	0.394125	1
0	28862	0.39425	1
0	28871	0.394375	1
0	28880	0.3945	1
0	28889	0.394625	1
0	28898	0.39475	1
0	28907	0.394875	1
0	28916	0.395	1
0	28925	0.395125	1
0	28934	0.39525	1
0	28943	0.395375	1
0	28952	0.3955	1
0	28961	0.395625	1
0	28970	0.39575	1
0	28979	0.395875	1
0	28992	0.396	1
0	29001	0.396125	1
0	29010	0.39625	1
0	29019	0.396375	1
0	29028	0.3965	1
0	29037	0.396625	1
0	29046	0.39675	1
0	29055	0.396875	1
0	29064	0.397	1
0	29073	0.397125	1
0	29082	0.39725	1
0	29091	0.397375	1
0	29100	0.3975	1
0	29109	0.397625	1
0	29118	0.39775	1
0	29127	0.397875	1
0	29136	0.398	1
0	29145	0.398125	1
0	29154	0.39825	1
0	29163	0.398375	1
0	29172	0.3985	1
0	29181	0.398625	1
0	29190	0.39875	1
0	29199	0.398875	1
0	29208	0.399	1
0	29217	0.399125	1
0	29230	0.39925	1
0	29239	0.399375	1
0	29248	0.3995	1
0	29257	0.399625	1
0	29266	0.39975	1
0	29275	0.399875	1
0	29284	0.4	1
0	29293	0.400125	1
0	29302	0.40025	1
0	29311	0.400375	1
0	29320	0.4005	1
0	29329	0.400625	1
0	29338	0.40075	1
0	29347	0.400875	1
0	29356	0.401	1
0	29365	0.401125	1
0	29374	0.40125	1
0	29383	0.401375	1
0	29392	0.4015	1
0	29401	0.401625	1
0	29410	0.40175	1
0	29419	0.401875	1
0	29428	0.402	1
0	29437	0.402125	1
0	29446	0.40225	1
0	29455	0.402375	1
0	29468	0.4025	1
0	29477	0.402625	1
0	29486	0.40275	1
0	29495	0.402875	1
0	29504	0.403	1
0	29513	0.403125	1
0	29522	0.40325	1
0	29531	0.403375	1
0	29540	0.4035	1
0	29549	0.403625	1
0	29558	0.40375	1
0	29567	0.403875	1
0	29576	0.404	1
0	29585	0.404125	1
0	29594	0.40425	1
0	29603	0.404375	1
0	29612	0.4045	1
0	29621	0.404625	1
0	29630	0.40475	1
0	29639	0.404875	1
0	29648	0.405	1
0	29657	0.405125	1
0	29666	0.40525	1
0	29675	0.405375	1
0	29684	0.4055	1
0	29693	0.405625	1
0	29706	0.40575	1
0	29715	0.405875	1
0	29724	0.406	1
0	29733	0.406125	1
0	29742	0.40625	1
0	29751	0.406375	1
0	29760	0.4065	1
0	29769	0.406625	1
0	29778	0.40675	1
0	29787	0.406875	1
0	29796	0.407	1
0	29805	0.407125	1
0	29814	0.40725	1
0	29823	0.407375	1
0	29832	0.4075	1
0	29841	0.407625	1
0	29850	0.40775	1
0	29859	0.407875	1
0	29868	0.408	1
0	29877	0.408125	1
0	29886	0.40825	1
0	29895	0.408375	1
0	29904	0.4085	1
0	29913	0.408625	1
0	29922	0.40875	1
0	29931	0.408875	1
0	29944	0.409	1
0	29953	0.409125	1
0	29962	0.40925	1
0	29971	0.409375	1
0	29980	0.4095	1
0	29989	0.409625	1
0	29998	0.40975	1
0	30007	0.409875	1
0	30016	0.41	1
0	30025	0.410125	1
0	30034	0.41025	1
0	30043	0.410375	1
0	30052	0.4105	1
0	30061	0.410625	1
0	30070	0.41075	1
0	30079	0.410875	1
0	30088	0.411	1
0	30097	0.411125	1
0	30106	0.41125	1
0	30115	0.411375	1
0	30124	0.4115	1
0	30133	0.411625	1
0	30142	0.41175	1
0	30151	0.411875	1
0	30160	0.412	1
0	30169	0.412125	1
0	30182	0.41225	1
0	30191	0.412375	1
0	30200	0.4125	1
0	30209	0.412625	1
0	30218	0.41275	1
0	30227	0.412875	1
0	30236	0.413	1
0	30245	0.413125	1
0	30254	0.41325	1
0	30263	0.413375	1
0	30272	0.4135	1
0	30281	0.413625	1
0	30290	0.41375	1
0	30299	0.413875	1
0	30308	0.414	1
0	30317	0.414125	1
0	30326	0.41425	1
0	30335	0.414375	1
0	30344	0.4145	1
0	30353	0.414625	1
0	30362	0.41475	1
0	30371	0.414875	1
0	30380	0.415	1
0	30389	0.415125	1
0	30398	0.41525	1
0	30407	0.415375	1
0	30416	0.4155	1
0	30429	0.415625	1
0	30438	0.41575	1
0	30447	0.415875	1
0	30456	0.416	1
0	30465	0.416125	1
0	30474	0.41625	1
0	30483	0.416375	1
0	30492	0.4165	1
0	30501	0.416625	1
0	30510	0.41675	1
0	30519	0.416875	1
0	30528	0.417	1
0	30537	0.417125	1
0	30546	0.41725	1
0	30555	0.417375	1
0	30564	0.4175	1
0	30573	0.417625	1
0	30582	0.41775	1
0	30591	0.417875	1
0	30600	0.418	1
0	30609	0.418125	1
0	30618	0.41825	1
0	30627	0.418375	1
0	30636	0.4185	1
0	30645	0.418625	1
0	30654	0.41875	1
0	30667	0.418875	1
0	30676	0.419	1
0	30685	0.419125	1
0	30694	0.41925	1
0	30703	0.419375	1
0	30712	0.4195	1
0	30721	0.419625	1
0	30730	0.41975	1
0	30739	0.419875	1
0	30748	0.42	1
0	30757	0.420125	1
0	30766	0.42025	1
0	30775	0.420375	1
0	30784	0.4205	1
0	30793	0.420625	1
0	30802	0.42075	1
0	30811	0.420875	1
0	30820	0.421	1
0	30829	0.421125	1
0	30838	0.42125	1
0	30847	0.421375	1
0	30856	0.4215	1
0	30865	0.421625	1
0	30874	0.42175	1
0	30883	0.421875	1
0	30892	0.422	1
0	30905	0.422125	1
0	30914	0.42225	1
0	30923	0.422375	1
0	30932	0.4225	1
0	30941	0.422625	1
0	30950	0.42275	1
0	30959	0.422875	1
0	30968	0.423	1
0	30977	0.423125	1
0	30986	0.42325	1
0	30995	0.423375	1
0	31004	0.4235	1
0	31013	0.423625	1
0	31022	0.42375	1
0	31031	0.423875	1
0	31040	0.424	1
0	31049	0.424125	1
0	31058	0.42425	1
0	31067	0.424375	1
0	31076	0.4245	1
0	31085	0.424625	1
0	31094	0.42475	1
0	31103	0.424875	1
0	31112	0.425	1
0	31121	0.425125	1
0	31130	0.42525	1
0	31143	0.425375	1
0	31152	0.4255	1
0	31161	0.425625	1
0	31170	0.42575	1
0	31179	0.425875	1
0	31188	0.426	1
0	31197	0.426125	1
0	31206	0.42625	1
0	31215	0.426375	1
0	31224	0.4265	1
0	31233	0.426625	1
0	31242	0.42675	1
0	31251	0.426875	1
0	31260	0.427	1
0	31269	0.427125	1
0	31278	0.42725	1
0	31287	0.427375	1
0	31296	0.4275	1
0	31305	0.427625	1
0	31314	0.42775	1
0	31323	0.427875	1
0	31332	0.428	1
0	31341	0.428125	1
0	31350	0.42825	1
0	31359	0.428375	1
0	31368	0.4285	1
0	31381	0.428625	1
0	31390	0.42875	1
0	31399	0.428875	1
0	31408	0.429	1
0	31417	0.429125	1
0	31426	0.42925	1
0	31435	0.429375	1
0	31444	0.4295	1
0	31453	0.429625	1
0	31462	0.42975	1
0	31471	0.429875	1
0	31480	0.43	1
0	31489	0.430125	1
0	31498	0.43025	1
0	31507	0.430375	1
0	31516	0.4305	1
0	31525	0.430625	1
0	31534	0.43075	1
0	31543	0.430875	1
0	31552	0.431	1
0	31561	0.431125	1
0	31570	0.43125	1
0	31579	0.431375	1
0	31588	0.4315	1
0	31597	0.431625	1
0	31606	0.43175	1
0	31619	0.431875	1
0	31628	0.432	1
0	31637	0.432125	1
0	31646	0.43225	1
0	31655	0.432375	1
0	31664	0.4325	1
0	31673	0.432625	1
0	31682	0.43275	1
0	31691	0.432875	1
0	31700	0.433	1
0	31709	0.433125	1
0	31718	0.43325	1
0	31727	0.433375	1
0	31736	0.4335	1
0	31745	0.433625	1
0	31754	0.43375	1
0	31763	0.433875	1
0	31772	0.434	1
0	31781	0.434125	1
0	31790	0.43425	1
0	31799	0.434375	1
0	31808	0.4345	1
0	31817	0.434625	1
0	31826	0.43475	1
0	31835	0.434875	1
0	31844	0.435	1
0	31853	0.435125	1
0	31866	0.43525	1
0	31875	0.435375	1
0	31884	0.4355	1
0	31893	0.435625	1
0	31902	0.43575	1
0	31911	0.435875	1
0	31920	0.436	1
0	31929	0.436125	1
0	31938	0.43625	1
0	31947	0.436375	1
0	31956	0.4365	1
0	31965	0.436625	1
0	31974	0.43675	1
0	31983	0.436875	1
0	31992	0.437	1
0	32001	0.437125	1
0	32010	0.43725	1
0	32019	0.437375	1
0	32028	0.4375	1
0	32037	0.437625	1
0	32046	0.43775	1
0	32055	0.437875	1
0	32064	0.438	1
0	32073	0.438125	1
0	32082	0.43825	1
0	32091	0.438375	1
0	32104	0.4385	1
0	32113	0.438625	1
0	32122	0.43875	1
0	32131	0.438875	1
0	32140	0.439	1
0	32149	0.439125	1
0	32158	0.43925	1
0	32167	0.439375	1
0	32176	0.4395	1
0	32185	0.439625	1
0	32194	0.43975	1
0	32203	0.439875	1
0	32212	0.44	1
0	32221	0.440125	1
0	32230	0.44025	1
0	32239	0.440375	1
0	32248	0.4405	1
0	32257	0.440625	1
0	32266	0.44075	1
0	32275	0.440875	1
0	32284	0.441	1
0	32293	0.441125	1
0	32302	0.44125	1
0	32311	0.441375	1
0	32320	0.4415	1
0	32329	0.441625	1
0	32342	0.44175	1
0	32351	0.441875	1
0	32360	0.442	1
0	32369	0.442125	1
0	32378	0.44225	1
0	32387	0.442375	1
0	32396	0.4425	1
0	32405	0.442625	1
0	32414	0.44275	1
0	32423	0.442875	1
0	32432	0.443	1
0	32441	0.443125	1
0	32450	0.44325	1
0	32459	0.443375	1
0	32468	0.4435	1
0	32477	0.443625	1
0	32486	0.44375	1
0	32495	0.443875	1
0	32504	0.444	1
0	32513	0.444125	1
0	32522	0.44425	1
0	32531	0.444375	1
0	32540	0.4445	1
0	32549	0.444625	1
0	32558	0.44475	1
0	32567	0.444875	1
0	32580	0.445	1
0	32589	0.445125	1
0	32598	0.44525	1
0	32607	0.445375	1
0	32616	0.4455	1
0	32625	0.445625	1
0	32634	0.44575	1
0	32643	0.445875	1
0	32652	0.446	1
0	32661	0.446125	1
0	32670	0.44625	1
0	32679	0.446375	1
0	32688	0.4465	1
0	32697	0.446625	1
0	32706	0.44675	1
0	32715	0.446875	1
0	32724	0.447	1
0	32733	0.447125	1
0	32742	0.44725	1
0	32751	0.447375	1
0	32760	0.4475	1
0	32769	0.447625	1
0	32778	0.44775	1
0	32787	0.447875	1
0	32796	0.448	1
0	32805	0.448125	1
0	32818	0.44825	1
0	32827	0.448375	1
0	32836	0.4485	1
0	32845	0.448625	1
0	32854	0.44875	1
0	32863	0.448875	1
0	32872	0.449	1
0	32881	0.449125	1
0	32890	0.44925	1
0	32899	0.449375	1
0	32908	0.4495	1
0	32917	0.449625	1
0	32926	0.44975	1
0	32935	0.449875	1
0	32944	0.45	1
0	32953	0.450125	1
0	32962	0.45025	1
0	32971	0.450375	1
0	32980	0.4505	1
0	32989	0.450625	1
0	32998	0.45075	1
0	33007	0.450875	1
0	33016	0.451	1
0	33025	0.451125	1
0	33034	0.45125	1
0	33043	0.451375	1
0	33052	0.4515	1
0	33065	0.451625	1
0	33074	0.45175	1
0	33083	0.451875	1
0	33092	0.452	1
0	33101	0.452125	1
0	33110	0.45225	1
0	33119	0.452375	1
0	33128	0.4525	1
0	33137	0.452625	1
0	33146	0.45275	1
0	33155	0.452875	1
0	33164	0.453	1
0	33173	0.453125	1
0	33182	0.45325	1
0	33191	0.453375	1
0	33200	0.4535	1
0	33209	0.453625	1
0	33218	0.45375	1
0	33227	0.453875	1
0	33236	0.454	1
0	33245	0.454125	1
0	33254	0.45425	1
0	33263	0.454375	1
0	33272	0.4545	1
0	33281	0.454625	1
0	33290	0.45475	1
0	33303	0.454875	1
0	33312	0.455	1
0	33321	0.455125	1
0	33330	0.45525	1
0	33339	0.455375	1
0	33348	0.4555	1
0	33357	0.455625	1
0	33366	0.45575	1
0	33375	0.455875	1
0	33384	0.456	1
0	33393	0.456125	1
0	33402	0.45625	1
0	33411	0.456375	1
0	33420	0.4565	1
0	33429	0.456625	1
0	33438	0.45675	1
0	33447	0.456875	1
0	33456	0.457	1
0	33465	0.457125	1
0	33474	0.45725	1
0	33483	0.457375	1
0	33492	0.4575	1
0	33501	0.457625	1
0	33510	0.45775	1
0	33519	0.457875	1
0	33528	0.458	1
0	33541	0.458125	1
0	33550	0.45825	1
0	33559	0.458375	1
0	33568	0.4585	1
0	33577	0.458625	1
0	33586	0.45875	1
0	33595	0.458875	1
0	33604	0.459	1
0	33613	0.459125	1
0	33622	0.45925	1
0	33631	0.459375	1
0	33640	0.4595	1
0	33649	0.459625	1
0	33658	0.45975	1
0	33667	0.459875	1
0	33676	0.46	1
0	33685	0.460125	1
0	33694	0.46025	1
0	33703	0.460375	1
0	33712	0.4605	1
0	33721	0.460625	1
0	33730	0.46075	1
0	33739	0.460875	1
0	33748	0.461	1
0	33757	0.461125	1
0	33766	0.46125	1
0	33779	0.461375	1
0	33788	0.4615	1
0	33797	0.461625	1
0	33806	0.46175	1
0	33815	0.461875	1
0	33824	0.462	1
0	33833	0.462125	1
0	33842	0.46225	1
0	33851	0.462375	1
0	33860	0.4625	1
0	33869	0.462625	1
0	33878	0.46275	1
0	33887	0.462875	1
0	33896	0.463	1
0	33905	0.463125	1
0	33914	0.46325	1
0	33923	0.463375	1
0	33932	0.4635	1
0	33941	0.463625	1
0	33950	0.46375	1
0	33959	0.463875	1
0	33968	0.464	1
0	33977	0.464125	1
0	33986	0.46425	1
0	33995	0.464375	1
0	34004	0.4645	1
0	34017	0.464625	1
0	34026	0.46475	1
0	34035	0.464875	1
0	34044	0.465	1
0	34053	0.465125	1
0	34062	0.46525	1
0	34071	0.465375	1
0	34080	0.4655	1
0	34089	0.465625	1
0	34098	0.46575	1
0	34107	0.465875	1
0	34116	0.466	1
0	34125	0.466125	1
0	34134	0.46625	1
0	34143	0.466375	1
0	34152	0.4665	1
0	34161	0.466625	1
0	34170	0.46675	1
0	34179	0.466875	1
0	34188	0.467	1
0	34197	0.467125	1
0	34206	0.46725	1
0	34215	0.467375	1
0	34224	0.4675	1
0	34233	0.467625	1
0	34242	0.46775	1
0	34255	0.467875	1
0	34264	0.468	1
0	34273	0.468125	1
0	34282	0.46825	1
0	34291	0.468375	1
0	34300	0.4685	1
0	34309	0.468625	1
0	34318	0.46875	1
0	34327	0.468875	1
0	34336	0.469	1
0	34345	0.469125	1
0	34354	0.46925	1
0	34363	0.469375	1
0	34372	0.4695	1
0	34381	0.469625	1
0	34390	0.46975	1
0	34399	0.469875	1
0	34408	0.47	1
0	34417	0.470125	1
0	34426	0.47025	1
0	34435	0.470375	1
0	34444	0.4705	1
0	34453	0.470625	1
0	34462	0.47075	1
0	34471	0.470875	1
0	34480	0.471	1
0	34489	0.471125	1
0	34502	0.47125	1
0	34511	0.471375	1
0	34520	0.4715	1
0	34529	0.471625	1
0	34538	0.47175	1
0	34547	0.471875	1
0	34556	0.472	1
0	34565	0.472125	1
0	34574	0.47225	1
0	34583	0.472375	1
0	34592	0.4725	1
0	34601	0.472625	1
0	34610	0.47275	1
0	34619	0.472875	1
0	34628	0.473	1
0	34637	0.473125	1
0	34646	0.47325	1
0	34655	0.473375	1
0	34664	0.4735	1
0	34673	0.473625	1
0	34682	0.47375	1
0	34691	0.473875	1
0	34700	0.474	1
0	34709	0.474125	1
0	34718	0.47425	1
0	34727	0.474375	1
0	34740	0.4745	1
0	34749	0.474625	1
0	34758	0.47475	1
0	34767	0.474875	1
0	34776	0.475	1
0	34785	0.475125	1
0	34794	0.47525	1
0	34803	0.475375	1
0	34812	0.4755	1
0	34821	0.475625	1
0	34830	0.47575	1
0	34839	0.475875	1
0	34848	0.476	1
0	34857	0.476125	1
0	34866	0.47625	1
0	34875	0.476375	1
0	34884	0.4765	1
0	34893	0.476625	1
0	34902	0.47675	1
0	34911	0.476875	1
0	34920	0.477	1
0	34929	0.477125	1
0	34938	0.47725	1
0	34947	0.477375	1
0	34956	0.4775	1
0	34965	0.477625	1
0	34978	0.47775	1
0	34987	0.477875	1
0	34996	0.478	1
0	35005	0.478125	1
0	35014	0.47825	1
0	35023	0.478375	1
0	35032	0.4785	1
0	35041	0.478625	1
0	35050	0.47875	1
0	35059	0.478875	1
0	35068	0.479	1
0	35077	0.479125	1
0	35086	0.47925	1
0	35095	0.479375	1
0	35104	0.4795	1
0	35113	0.479625	1
0	35122	0.47975	1
0	35131	0.479875	1
0	35140	0.48	1
0	35149	0.480125	1
0	35158	0.48025	1
0	35167	0.480375	1
0	35176	0.4805	1
0	35185	0.480625	1
0	35194	0.48075	1
0	35203	0.480875	1
0	35216	0.481	1
0	35225	0.481125	1
0	35234	0.48125	1
0	35243	0.481375	1
0	35252	0.4815	1
0	35261	0.481625	1
0	35270	0.48175	1
0	35279	0.481875	1
0	35288	0.482	1
0	35297	0.482125	1
0	35306	0.48225	1
0	35315	0.482375	1
0	35324	0.4825	1
0	35333	0.482625	1
0	35342	0.48275	1
0	35351	0.482875	1
0	35360	0.483	1
0	35369	0.483125	1
0	35378	0.48325	1
0	35387	0.483375	1
0	35396	0.4835	1
0	35405	0.483625	1
0	35414	0.48375	1
0	35423	0.483875	1
0	35432	0.484	1
0	35441	0.484125	1
0	35454	0.48425	1
0	35463	0.484375	1
0	35472	0.4845	1
0	35481	0.484625	1
0	35490	0.48475	1
0	35499	0.484875	1
0	35508	0.485	1
0	35517	0.485125	1
0	35526	0.48525	1
0	35535	0.485375	1
0	35544	0.4855	1
0	35553	0.485625	1
0	35562	0.48575	1
0	35571	0.485875	1
0	35580	0.486	1
0	35589	0.486125	1
0	35598	0.48625	1
0	35607	0.486375	1
0	35616	0.4865	1
0	35625	0.486625	1
0	35634	0.48675	1
0	35643	0.486875	1
0	35652	0.487	1
0	35661	0.487125	1
0	35670	0.48725	1
0	35679	0.487375	1
0	35692	0.4875	1
0	35701	0.487625	1
0	35710	0.48775	1
0	35719	0.487875	1
0	35728	0.488	1
0	35737	0.488125	1
0	35746	0.48825	1
0	35755	0.488375	1
0	35764	0.4885	1
0	35773	0.488625	1
0	35782	0.48875	1
0	35791	0.488875	1
0	35800	0.489	1
0	35809	0.489125	1
0	35818	0.48925	1
0	35827	0.489375	1
0	35836	0.4895	1
0	35845	0.489625	1
0	35854	0.48975	1
0	35863	0.489875	1
0	35872	0.49	1
0	35881	0.490125	1
0	35890	0.49025	1
0	35899	0.490375	1
0	35908	0.4905	1
0	35917	0.490625	1
0	35926	0.49075	1
0	35939	0.490875	1
0	35948	0.491	1
0	35957	0.491125	1
0	35966	0.49125	1
0	35975	0.491375	1
0	35984	0.4915	1
0	35993	0.491625	1
0	36002	0.49175	1
0	36011	0.491875	1
0	36020	0.492	1
0	36029	0.492125	1
0	36038	0.49225	1
0	36047	0.492375	1
0	36056	0.4925	1
0	36065	0.492625	1
0	36074	0.49275	1
0	36083	0.492875	1
0	36092	0.493	1
0	36101	0.493125	1
0	36110	0.49325	1
0	36119	0.493375	1
0	36128	0.4935	1
0	36137	0.493625	1
0	36146	0.49375	1
0	36155	0.493875	1
0	36164	0.494	1
0	36177	0.494125	1
0	36186	0.49425	1
0	36195	0.494375	1
0	36204	0.4945	1
0	36213	0.494625	1
0	36222	0.49475	1
0	36231	0.494875	1
0	36240	0.495	1
0	36249	0.495125	1
0	36258	0.49525	1
0	36267	0.495375	1
0	36276	0.4955	1
0	36285	0.495625	1
0	36294	0.49575	1
0	36303	0.495875	1
0	36312	0.496	1
0	36321	0.496125	1
0	36330	0.49625	1
0	36339	0.496375	1
0	36348	0.4965	1
0	36357	0.496625	1
0	36366	0.49675	1
0	36375	0.496875	1
0	36384	0.497	1
0	36393	0.497125	1
0	36402	0.49725	1
0	36415	0.497375	1
0	36424	0.4975	1
0	36433	0.497625	1
0	36442	0.49775	1
0	36451	0.497875	1
0	36460	0.498	1
0	36469	0.498125	1
0	36478	0.49825	1
0	36487	0.498375	1
0	36496	0.4985	1
0	36505	0.498625	1
0	36514	0.49875	1
0	36523	0.498875	1
0	36532	0.499	1
0	36541	0.499125	1
0	36550	0.49925	1
0	36559	0.499375	1
0	36568	0.4995	1
0	36577	0.499625	1
0	36586	0.49975	1
0	36595	0.499875	1
0	36604	0.5	1
0	36613	0.500125	1
0	36622	0.50025	1
0	36631	0.500375	1
0	36640	0.5005	1
0	36653	0.500625	1
0	36662	0.50075	1
0	36671	0.500875	1
0	36680	0.501	1
0	36689	0.501125	1
0	36698	0.50125	1
0	36707	0.501375	1
0	36716	0.5015	1
0	36725	0.501625	1
0	36734	0.50175	1
0	36743	0.501875	1
0	36752	0.502	1
0	36761	0.502125	1
0	36770	0.50225	1
0	36779	0.502375	1
0	36788	0.5025	1
0	36797	0.502625	1
0	36806	0.50275	1
0	36815	0.502875	1
0	36824	0.503	1
0	36833	0.503125	1
0	36842	0.50325	1
0	36851	0.503375	1
0	36860	0.5035	1
0	36869	0.503625	1
0	36878	0.50375	1
0	36891	0.503875	1
0	36900	0.504	1
0	36909	0.504125	1
0	36918	0.50425	1
0	36927	0.504375	1
0	36936	0.5045	1
0	36945	0.504625	1
0	36954	0.50475	1
0	36963	0.504875	1
0	36972	0.505	1
0	36981	0.505125	1
0	36990	0.50525	1
0	36999	0.505375	1
0	37008	0.5055	1
0	37017	0.505625	1
0	37026	0.50575	1
0	37035	0.505875	1
0	37044	0.506	1
0	37053	0.506125	1
0	37062	0.50625	1
0	37071	0.506375	1
0	37080	0.5065	1
0	37089	0.506625	1
0	37098	0.50675	1
0	37107	0.506875	1
0	37116	0.507	1
0	37129	0.507125	1
0	37138	0.50725	1
0	37147	0.507375	1
0	37156	0.5075	1
0	37165	0.507625	1
0	37174	0.50775	1
0	37183	0.507875	1
0	37192	0.508	1
0	37201	0.508125	1
0	37210	0.50825	1
0	37219	0.508375	1
0	37228	0.5085	1
0	37237	0.508625	1
0	37246	0.50875	1
0	37255	0.508875	1
0	37264	0.509	1
0	37273	0.509125	1
0	37282	0.50925	1
0	37291	0.509375	1
0	37300	0.5095	1
0	37309	0.509625	1
0	37318	0.50975	1
0	37327	0.509875	1
0	37336	0.51	1
0	37345	0.510125	1
0	37354	0.51025	1
0	37363	0.510375	1
0	37376	0.5105	1
0	37385	0.510625	1
0	37394	0.51075	1
0	37403	0.510875	1
0	37412	0.511	1
0	37421	0.511125	1
0	37430	0.51125	1
0	37439	0.511375	1
0	37448	0.5115	1
0	37457	0.511625	1
0	37466	0.51175	1
0	37475	0.511875	1
0	37484	0.512	1
0	37493	0.512125	1
0	37502	0.51225	1
0	37511	0.512375	1
0	37520	0.5125	1
0	37529	0.512625	1
0	37538	0.51275	1
0	37547	0.512875	1
0	37556	0.513	1
0	37565	0.513125	1
0	37574	0.51325	1
0	37583	0.513375	1
0	37592	0.5135	1
0	37601	0.513625	1
0	37614	0.51375	1
0	37623	0.513875	1
0	37632	0.514	1
0	37641	0.514125	1
0	37650	0.51425	1
0	37659	0.514375	1
0	37668	0.5145	1
0	37677	0.514625	1
0	37686	0.51475	1
0	37695	0.514875	1
0	37704	0.515	1
0	37713	0.515125	1
0	37722	0.51525	1
0	37731	0.515375	1
0	37740	0.5155	1
0	37749	0.515625	1
0	37758	0.51575	1
0	37767	0.515875	1
0	37776	0.516	1
0	37785	0.516125	1
0	37794	0.51625	1
0	37803	0.516375	1
0	37812	0.5165	1
0	37821	0.516625	1
0	37830	0.51675	1
0	37839	0.516875	1
0	37852	0.517	1
0	37861	0.517125	1
0	37870	0.51725	1
0	37879	0.517375	1
0	37888	0.5175	1
0	37897	0.517625	1
0	37906	0.51775	1
0	37915	0.517875	1
0	37924	0.518	1
0	37933	0.518125	1
0	37942	0.51825	1
0	37951	0.518375	1
0	37960	0.5185	1
0	37969	0.518625	1
0	37978	0.51875	1
0	37987	0.518875	1
0	37996	0.519	1
0	38005	0.519125	1
0	38014	0.51925	1
0	38023	0.519375	1
0	38032	0.5195	1
0	38041	0.519625	1
0	38050	0.51975	1
0	38059	0.519875	1
0	38068	0.52	1
0	38077	0.520125	1
0	38090	0.52025	1
0	38099	0.520375	1
0	38108	0.5205	1
0	38117	0.520625	1
0	38126	0.52075	1
0	38135	0.520875	1
0	38144	0.521	1
0	38153	0.521125	1
0	38162	0.52125	1
0	38171	0.521375	1
0	38180	0.5215	1
0	38189	0.521625	1
0	38198	0.52175	1
0	38207	0.521875	1
0	38216	0.522	1
0	38225	0.522125	1
0	38234	0.52225	1
0	38243	0.522375	1
0	38252	0.5225	1
0	38261	0.522625	1
0	38270	0.52275	1
0	38279	0.522875	1
0	38288	0.523	1
0	38297	0.523125	1
0	38306	0.52325	1
0	38315	0.523375	1
0	38328	0.5235	1
0	38337	0.523625	1
0	38346	0.52375	1
0	38355	0.523875	1
0	38364	0.524	1
0	38373	0.524125	1
0	38382	0.52425	1
0	38391	0.524375	1
0	38400	0.5245	1
0	38409	0.524625	1
0	38418	0.52475	1
0	38427	0.524875	1
0	38436	0.525	1
0	38445	0.525125	1
0	38454	0.52525	1
0	38463	0.525375	1
0	38472	0.5255	1
0	38481	0.525625	1
0	38490	0.52575	1
0	38499	0.525875	1
0	38508	0.526	1
0	38517	0.526125	1
0	38526	0.52625	1
0	38535	0.526375	1
0	38544	0.5265	1
0	38553	0.526625	1
0	38562	0.52675	1
0	38575	0.526875	1
0	38584	0.527	1
0	38593	0.527125	1
0	38602	0.52725	1
0	38611	0.527375	1
0	38620	0.5275	1
0	38629	0.527625	1
0	38638	0.52775	1
0	38647	0.527875	1
0	38656	0.528	1
0	38665	0.528125	1
0	38674	0.52825	1
0	38683	0.528375	1
0	38692	0.5285	1
0	38701	0.528625	1
0	38710	0.52875	1
0	38719	0.528875	1
0	38728	0.529	1
0	38737	0.529125	1
0	38746	0.52925	1
0	38755	0.529375	1
0	38764	0.5295	1
0	38773	0.529625	1
0	38782	0.52975	1
0	38791	0.529875	1
0	38800	0.53	1
0	38813	0.530125	1
0	38822	0.53025	1
0	38831	0.530375	1
0	38840	0.5305	1
0	38849	0.530625	1
0	38858	0.53075	1
0	38867	0.530875	1
0	38876	0.531	1
0	38885	0.531125	1
0	38894	0.53125	1
0	38903	0.531375	1
0	38912	0.5315	1
0	38921	0.531625	1
0	38930	0.53175	1
0	38939	0.531875	1
0	38948	0.532	1
0	38957	0.532125	1
0	38966	0.53225	1
0	38975	0.532375	1
0	38984	0.5325	1
0	38993	0.532625	1
0	39002	0.53275	1
0	39011	0.532875	1
0	39020	0.533	1
0	39029	0.533125	1
0	39038	0.53325	1
0	39051	0.533375	1
0	39060	0.5335	1
0	39069	0.533625	1
0	39078	0.53375	1
0	39087	0.533875	1
0	39096	0.534	1
0	39105	0.534125	1
0	39114	0.53425	1
0	39123	0.534375	1
0	39132	0.5345	1
0	39141	0.534625	1
0	39150	0.53475	1
0	39159	0.534875	1
0	39168	0.535	1
0	39177	0.535125	1
0	39186	0.53525	1
0	39195	0.535375	1
0	39204	0.5355	1
0	39213	0.535625	1
0	39222	0.53575	1
0	39231	0.535875	1
0	39240	0.536	1
0	39249	0.536125	1
0	39258	0.53625	1
0	39267	0.536375	1
0	39276	0.5365	1
0	39289	0.536625	1
0	39298	0.53675	1
0	39307	0.536875	1
0	39316	0.537	1
0	39325	0.537125	1
0	39334	0.53725	1
0	39343	0.537375	1
0	39352	0.5375	1
0	39361	0.537625	1
0	39370	0.53775	1
0	39379	0.537875	1
0	39388	0.538	1
0	39397	0.538125	1
0	39406	0.53825	1
0	39415	0.538375	1
0	39424	0.5385	1
0	39433	0.538625	1
0	39442	0.53875	1
0	39451	0.538875	1
0	39460	0.539	1
0	39469	0.539125	1
0	39478	0.53925	1
0	39487	0.539375	1
0	39496	0.5395	1
0	39505	0.539625	1
0	39514	0.53975	1
0	39527	0.539875	1
0	39536	0.54	1
0	39545	0.540125	1
0	39554	0.54025	1
0	39563	0.540375	1
0	39572	0.5405	1
0	39581	0.540625	1
0	39590	0.54075	1
0	39599	0.540875	1
0	39608	0.541	1
0	39617	0.541125	1
0	39626	0.54125	1
0	39635	0.541375	1
0	39644	0.5415	1
0	39653	0.541625	1
0	39662	0.54175	1
0	39671	0.541875	1
0	39680	0.542	1
0	39689	0.542125	1
0	39698	0.54225	1
0	39707	0.542375	1
0	39716	0.5425	1
0	39725	0.542625	1
0	39734	0.54275	1
0	39743	0.542875	1
0	39752	0.543	1
0	39765	0.543125	1
0	39774	0.54325	1
0	39783	0.543375	1
0	39792	0.5435	1
0	39801	0.543625	1
0	39810	0.54375	1
0	39819	0.543875	1
0	39828	0.544	1
0	39837	0.544125	1
0	39846	0.54425	1
0	39855	0.544375	1
0	39864	0.5445	1
0	39873	0.544625	1
0	39882	0.54475	1
0	39891	0.544875	1
0	39900	0.545	1
0	39909	0.545125	1
0	39918	0.54525	1
0	39927	0.545375	1
0	39936	0.5455	1
0	39945	0.545625	1
0	39954	0.54575	1
0	39963	0.545875	1
0	39972	0.546	1
0	39981	0.546125	1
0	39990	0.54625	1
0	39999	0.546375	1
0	40012	0.5465	1
0	40021	0.546625	1
0	40030	0.54675	1
0	40039	0.546875	1
0	40048	0.547	1
0	40057	0.547125	1
0	40066	0.54725	1
0	40075	0.547375	1
0	40084	0.5475	1
0	40093	0.547625	1
0	40102	0.54775	1
0	40111	0.547875	1
0	40120	0.548	1
0	40129	0.548125	1
0	40138	0.54825	1
0	40147	0.548375	1
0	40156	0.5485	1
0	40165	0.548625	1
0	40174	0.54875	1
0	40183	0.548875	1
0	40192	0.549	1
0	40201	0.549125	1
0	40210	0.54925	1
0	40219	0.549375	1
0	40228	0.5495	1
0	40237	0.549625	1
0	40250	0.54975	1
0	40259	0.549875	1
0	40268	0.55	1
0	40277	0.550125	1
0	40286	0.55025	1
0	40295	0.550375	1
0	40304	0.5505	1
0	40313	0.550625	1
0	40322	0.55075	1
0	40331	0.550875	1
0	40340	0.551	1
0	40349	0.551125	1
0	40358	0.55125	1
0	40367	0.551375	1
0	40376	0.5515	1
0	40385	0.551625	1
0	40394	0.55175	1
0	40403	0.551875	1
0	40412	0.552	1
0	40421	0.552125	1
0	40430	0.55225	1
0	40439	0.552375	1
0	40448	0.5525	1
0	40457	0.552625	1
0	40466	0.55275	1
0	40475	0.552875	1
0	40488	0.553	1
0	40497	0.553125	1
0	40506	0.55325	1
0	40515	0.553375	1
0	40524	0.5535	1
0	40533	0.553625	1
0	40542	0.55375	1
0	40551	0.553875	1
0	40560	0.554	1
0	40569	0.554125	1
0	40578	0.55425	1
0	40587	0.554375	1
0	40596	0.5545	1
0	40605	0.554625	1
0	40614	0.55475	1
0	40623	0.554875	1
0	40632	0.555	1
0	40641	0.555125	1
0	40650	0.55525	1
0	40659	0.555375	1
0	40668	0.5555	1
0	40677	0.555625	1
0	40686	0.55575	1
0	40695	0.555875	1
0	40704	0.556	1
0	40713	0.556125	1
0	40726	0.55625	1
0	40735	0.556375	1
0	40744	0.5565	1
0	40753	0.556625	1
0	40762	0.55675	1
0	40771	0.556875	1
0	40780	0.557	1
0	40789	0.557125	1
0	40798	0.55725	1
0	40807	0.557375	1
0	40816	0.5575	1
0	40825	0.557625	1
0	40834	0.55775	1
0	40843	0.557875	1
0	40852	0.558	1
0	40861	0.558125	1
0	40870	0.55825	1
0	40879	0.558375	1
0	40888	0.5585	1
0	40897	0.558625	1
0	40906	0.55875	1
0	40915	0.558875	1
0	40924	0.559	1
0	40933	0.559125	1
0	40942	0.55925	1
0	40951	0.559375	1
0	40964	0.5595	1
0	40973	0.559625	1
0	40982	0.55975	1
0	40991	0.559875	1
0	41000	0.56	1
0	41009	0.560125	1
0	41018	0.56025	1
0	41027	0.560375	1
0	41036	0.5605	1
0	41045	0.560625	1
0	41054	0.56075	1
0	41063	0.560875	1
0	41072	0.561	1
0	41081	0.561125	1
0	41090	0.56125	1
0	41099	0.561375	1
0	41108	0.5615	1
0	41117	0.561625	1
0	41126	0.56175	1
0	41135	0.561875	1
0	41144	0.562	1
0	41153	0.562125	1
0	41162	0.56225	1
0	41171	0.562375	1
0	41180	0.5625	1
0	41189	0.562625	1
0	41202	0.56275	1
0	41211	0.562875	1
0	41220	0.563	1
0	41229	0.563125	1
0	41238	0.56325	1
0	41247	0.563375	1
0	41256	0.5635	1
0	41265	0.563625	1
0	41274	0.56375	1
0	41283	0.563875	1
0	41292	0.564	1
0	41301	0.564125	1
0	41310	0.56425	1
0	41319	0.564375	1
0	41328	0.5645	1
0	41337	0.564625	1
0	41346	0.56475	1
0	41355	0.564875	1
0	41364	0.565	1
0	41373	0.565125	1
0	41382	0.56525	1
0	41391	0.565375	1
0	41400	0.5655	1
0	41409	0.565625	1
0	41418	0.56575	1
0	41427	0.565875	1
0	41436	0.566	1
0	41449	0.566125	1
0	41458	0.56625	1
0	41467	0.566375	1
0	41476	0.5665	1
0	41485	0.566625	1
0	41494	0.56675	1
0	41503	0.566875	1
0	41512	0.567	1
0	41521	0.567125	1
0	41530	0.56725	1
0	41539	0.567375	1
0	41548	0.5675	1
0	41557	0.567625	1
0	41566	0.56775	1
0	41575	0.567875	1
0	41584	0.568	1
0	41593	0.568125	1
0	41602	0.56825	1
0	41611	0.568375	1
0	41620	0.5685	1
0	41629	0.568625	1
0	41638	0.56875	1
0	41647	0.568875	1
0	41656	0.569	1
0	41665	0.569125	1
0	41674	0.56925	1
0	41687	0.569375	1
0	41696	0.5695	1
0	41705	0.569625	1
0	41714	0.56975	1
0	41723	0.569875	1
0	41732	0.57	1
0	41741	0.570125	1
0	41750	0.57025	1
0	41759	0.570375	1
0	41768	0.5705	1
0	41777	0.570625	1
0	41786	0.57075	1
0	41795	0.570875	1
0	41804	0.571	1
0	41813	0.571125	1
0	41822	0.57125	1
0	41831	0.571375	1
0	41840	0.5715	1
0	41849	0.571625	1
0	41858	0.57175	1
0	41867	0.571875	1
0	41876	0.572	1
0	41885	0.572125	1
0	41894	0.57225	1
0	41903	0.572375	1
0	41912	0.5725	1
0	41925	0.572625	1
0	41934	0.57275	1
0	41943	0.572875	1
0	41952	0.573	1
0	41961	0.573125	1
0	41970	0.57325	1
0	41979	0.573375	1
0	41988	0.5735	1
0	41997	0.573625	1
0	42006	0.57375	1
0	42015	0.573875	1
0	42024	0.574	1
0	42033	0.574125	1
0	42042	0.57425	1
0	42051	0.574375	1
0	42060	0.5745	1
0	42069	0.574625	1
0	42078	0.57475	1
0	42087	0.574875	1
0	42096	0.575	1
0	42105	0.575125	1
0	42114	0.57525	1
0	42123	0.575375	1
0	42132	0.5755	1
0	42141	0.575625	1
0	42150	0.57575	1
0	42163	0.575875	1
0	42172	0.576	1
0	42181	0.576125	1
0	42190	0.57625	1
0	42199	0.576375	1
0	42208	0.5765	1
0	42217	0.576625	1
0	42226	0.57675	1
0	42235	0.576875	1
0	42244	0.577	1
0	42253	0.577125	1
0	42262	0.57725	1
0	42271	0.577375	1
0	42280	0.5775	1
0	42289	0.577625	1
0	42298	0.57775	1
0	42307	0.577875	1
0	42316	0.578	1
0	42325	0.578125	1
0	42334	0.57825	1
0	42343	0.578375	1
0	42352	0.5785	1
0	42361	0.578625	1
0	42370	0.57875	1
0	42379	0.578875	1
0	42388	0.579	1
0	42401	0.579125	1
0	42410	0.57925	1
0	42419	0.579375	1
0	42428	0.5795	1
0	42437	0.579625	1
0	42446	0.57975	1
0	42455	0.579875	1
0	42464	0.58	1
0	42473	0.580125	1
0	42482	0.58025	1
0	42491	0.580375	1
0	42500	0.5805	1
0	42509	0.580625	1
0	42518	0.58075	1
0	42527	0.580875	1
0	42536	0.581	1
0	42545	0.581125	1
0	42554	0.58125	1
0	42563	0.581375	1
0	42572	0.5815	1
0	42581	0.581625	1
0	42590	0.58175	1
0	42599	0.581875	1
0	42608	0.582	1
0	42617	0.582125	1
0	42626	0.58225	1
0	42639	0.582375	1
0	42648	0.5825	1
0	42657	0.582625	1
0	42666	0.58275	1
0	42675	0.582875	1
0	42684	0.583	1
0	42693	0.583125	1
0	42702	0.58325	1
0	42711	0.583375	1
0	42720	0.5835	1
0	42729	0.583625	1
0	42738	0.58375	1
0	42747	0.583875	1
0	42756	0.584	1
0	42765	0.584125	1
0	42774	0.58425	1
0	42783	0.584375	1
0	42792	0.5845	1
0	42801	0.584625	1
0	42810	0.58475	1
0	42819	0.584875	1
0	42828	0.585	1
0	42837	0.585125	1
0	42846	0.58525	1
0	42855	0.585375	1
0	42864	0.5855	1
0	42873	0.585625	1
0	42886	0.58575	1
0	42895	0.585875	1
0	42904	0.586	1
0	42913	0.586125	1
0	42922	0.58625	1
0	42931	0.586375	1
0	42940	0.5865	1
0	42949	0.586625	1
0	42958	0.58675	1
0	42967	0.586875	1
0	42976	0.587	1
0	42985	0.587125	1
0	42994	0.58725	1
0	43003	0.587375	1
0	43012	0.5875	1
0	43021	0.587625	1
0	43030	0.58775	1
0	43039	0.587875	1
0	43048	0.588	1
0	43057	0.588125	1
0	43066	0.58825	1
0	43075	0.588375	1
0	43084	0.5885	1
0	43093	0.588625	1
0	43102	0.58875	1
0	43111	0.588875	1
0	43124	0.589	1
0	43133	0.589125	1
0	43142	0.58925	1
0	43151	0.589375	1
0	43160	0.5895	1
0	43169	0.589625	1
0	43178	0.58975	1
0	43187	0.589875	1
0	43196	0.59	1
0	43205	0.590125	1
0	43214	0.59025	1
0	43223	0.590375	1
0	43232	0.5905	1
0	43241	0.590625	1
0	43250	0.59075	1
0	43259	0.590875	1
0	43268	0.591	1
0	43277	0.591125	1
0	43286	0.59125	1
0	43295	0.591375	1
0	43304	0.5915	1
0	43313	0.591625	1
0	43322	0.59175	1
0	43331	0.591875	1
0	43340	0.592	1
0	43349	0.592125	1
0	43362	0.59225	1
0	43371	0.592375	1
0	43380	0.5925	1
0	43389	0.592625	1
0	43398	0.59275	1
0	43407	0.592875	1
0	43416	0.593	1
0	43425	0.593125	1
0	43434	0.59325	1
0	43443	0.593375	1
0	43452	0.5935	1
0	43461	0.593625	1
0	43470	0.59375	1
0	43479	0.593875	1
0	43488	0.594	1
0	43497	0.594125	1
0	43506	0.59425	1
0	43515	0.594375	1
0	43524	0.5945	1
0	43533	0.594625	1
0	43542	0.59475	1
0	43551	0.594875	1
0	43560	0.595	1
0	43569	0.595125	1
0	43578	0.59525	1
0	43587	0.595375	1
0	43600	0.5955	1
0	43609	0.595625	1
0	43618	0.59575	1
0	43627	0.595875	1
0	43636	0.596	1
0	43645	0.596125	1
0	43654	0.59625	1
0	43663	0.596375	1
0	43672	0.5965	1
0	43681	0.596625	1
0	43690	0.59675	1
0	43699	0.596875	1
0	43708	0.597	1
0	43717	0.597125	1
0	43726	0.59725	1
0	43735	0.597375	1
0	43744	0.5975	1
0	43753	0.597625	1
0	43762	0.59775	1
0	43771	0.597875	1
0	43780	0.598	1
0	43789	0.598125	1
0	43798	0.59825	1
0	43807	0.598375	1
0	43816	0.5985	1
0	43825	0.598625	1
0	43838	0.59875	1
0	43847	0.598875	1
0	43856	0.599	1
0	43865	0.599125	1
0	43874	0.59925	1
0	43883	0.599375	1
0	43892	0.5995	1
0	43901	0.599625	1
0	43910	0.59975	1
0	43919	0.599875	1
0	43928	0.6	1
0	43937	0.600125	1
0	43946	0.60025	1
0	43955	0.600375	1
0	43964	0.6005	1
0	43973	0.600625	1
0	43982	0.60075	1
0	43991	0.600875	1
0	44000	0.601	1
0	44009	0.601125	1
0	44018	0.60125	1
0	44027	0.601375	1
0	44036	0.6015	1
0	44045	0.601625	1
0	44054	0.60175	1
0	44063	0.601875	1
0	44072	0.602	1
0	44085	0.602125	1
0	44094	0.60225	1
0	44103	0.602375	1
0	44112	0.6025	1
0	44121	0.602625	1
0	44130	0.60275	1
0	44139	0.602875	1
0	44148	0.603	1
0	44157	0.603125	1
0	44166	0.60325	1
0	44175	0.603375	1
0	44184	0.6035	1
0	44193	0.603625	1
0	44202	0.60375	1
0	44211	0.603875	1
0	44220	0.604	1
0	44229	0.604125	1
0	44238	0.60425	1
0	44247	0.604375	1
0	44256	0.6045	1
0	44265	0.604625	1
0	44274	0.60475	1
0	44283	0.604875	1
0	44292	0.605	1
0	44301	0.605125	1
0	44310	0.60525	1
0	44323	0.605375	1
0	44332	0.6055	1
0	44341	0.605625	1
0	44350	0.60575	1
0	44359	0.605875	1
0	44368	0.606	1
0	44377	0.606125	1
0	44386	0.60625	1
0	44395	0.606375	1
0	44404	0.6065	1
0	44413	0.606625	1
0	44422	0.60675	1
0	44431	0.606875	1
0	44440	0.607	1
0	44449	0.607125	1
0	44458	0.60725	1
0	44467	0.607375	1
0	44476	0.6075	1
0	44485	0.607625	1
0	44494	0.60775	1
0	44503	0.607875	1
0	44512	0.608	1
0	44521	0.608125	1
0	44530	0.60825	1
0	44539	0.608375	1
0	44548	0.6085	1
0	44561	0.608625	1
0	44570	0.60875	1
0	44579	0.608875	1
0	44588	0.609	1
0	44597	0.609125	1
0	44606	0.60925	1
0	44615	0.609375	1
0	44624	0.6095	1
0	44633	0.609625	1
0	44642	0.60975	1
0	44651	0.609875	1
0	44660	0.61	1
0	44669	0.610125	1
0	44678	0.61025	1
0	44687	0.610375	1
0	44696	0.6105	1
0	44705	0.610625	1
0	44714	0.61075	1
0	44723	0.610875	1
0	44732	0.611	1
0	44741	0.611125	1
0	44750	0.61125	1
0	44759	0.611375	1
0	44768	0.6115	1
0	44777	0.611625	1
0	44786	0.61175	1
0	44799	0.611875	1
0	44808	0.612	1
0	44817	0.612125	1
0	44826	0.61225	1
0	44835	0.612375	1
0	44844	0.6125	1
0	44853	0.612625	1
0	44862	0.61275	1
0	44871	0.612875	1
0	44880	0.613	1
0	44889	0.613125	1
0	44898	0.61325	1
0	44907	0.613375	1
0	44916	0.6135	1
0	44925	0.613625	1
0	44934	0.61375	1
0	44943	0.613875	1
0	44952	0.614	1
0	44961	0.614125	1
0	44970	0.61425	1
0	44979	0.614375	1
0	44988	0.6145	1
0	44997	0.614625	1
0	45006	0.61475	1
0	45015	0.614875	1
0	45024	0.615	1
0	45037	0.615125	1
0	45046	0.61525	1
0	45055	0.615375	1
0	45064	0.6155	1
0	45073	0.615625	1
0	45082	0.61575	1
0	45091	0.615875	1
0	45100	0.616	1
0	45109	0.616125	1
0	45118	0.61625	1
0	45127	0.616375	1
0	45136	0.6165	1
0	45145	0.616625	1
0	45154	0.61675	1
0	45163	0.616875	1
0	45172	0.617	1
0	45181	0.617125	1
0	45190	0.61725	1
0	45199	0.617375	1
0	45208	0.6175	1
0	45217	0.617625	1
0	45226	0.61775	1
0	45235	0.617875	1
0	45244	0.618	1
0	45253	0.618125	1
0	45262	0.61825	1
0	45275	0.618375	1
0	45284	0.6185	1
0	45293	0.618625	1
0	45302	0.61875	1
0	45311	0.618875	1
0	45320	0.619	1
0	45329	0.619125	1
0	45338	0.61925	1
0	45347	0.619375	1
0	45356	0.6195	1
0	45365	0.619625	1
0	45374	0.61975	1
0	45383	0.619875	1
0	45392	0.62	1
0	45401	0.620125	1
0	45410	0.62025	1
0	45419	0.620375	1
0	45428	0.6205	1
0	45437	0.620625	1
0	45446	0.62075	1
0	45455	0.620875	1
0	45464	0.621	1
0	45473	0.621125	1
0	45482	0.62125	1
0	45491	0.621375	1
0	45500	0.6215	1
0	45509	0.621625	1
0	45522	0.62175	1
0	45531	0.621875	1
0	45540	0.622	1
0	45549	0.622125	1
0	45558	0.62225	1
0	45567	0.622375	1
0	45576	0.6225	1
0	45585	0.622625	1
0	45594	0.62275	1
0	45603	0.622875	1
0	45612	0.623	1
0	45621	0.623125	1
0	45630	0.62325	1
0	45639	0.623375	1
0	45648	0.6235	1
0	45657	0.623625	1
0	45666	0.62375	1
0	45675	0.623875	1
0	45684	0.624	1
0	45693	0.624125	1
0	45702	0.62425	1
0	45711	0.624375	1
0	45720	0.6245	1
0	45729	0.624625	1
0	45738	0.62475	1
0	45747	0.624875	1
0	45760	0.625	1
0	45769	0.625125	1
0	45778	0.62525	1
0	45787	0.625375	1
0	45796	0.6255	1
0	45805	0.625625	1
0	45814	0.62575	1
0	45823	0.625875	1
0	45832	0.626	1
0	45841	0.626125	1
0	45850	0.62625	1
0	45859	0.626375	1
0	45868	0.6265	1
0	45877	0.626625	1
0	45886	0.62675	1
0	45895	0.626875	1
0	45904	0.627	1
0	45913	0.627125	1
0	45922	0.62725	1
0	45931	0.627375	1
0	45940	0.6275	1
0	45949	0.627625	1
0	45958	0.62775	1
0	45967	0.627875	1
0	45976	0.628	1
0	45985	0.628125	1
0	45998	0.62825	1
0	46007	0.628375	1
0	46016	0.6285	1
0	46025	0.628625	1
0	46034	0.62875	1
0	46043	0.628875	1
0	46052	0.629	1
0	46061	0.629125	1
0	46070	0.62925	1
0	46079	0.629375	1
0	46088	0.6295	1
0	46097	0.629625	1
0	46106	0.62975	1
0	46115	0.629875	1
0	46124	0.63	1
0	46133	0.630125	1
0	46142	0.63025	1
0	46151	0.630375	1
0	46160	0.6305	1
0	46169	0.630625	1
0	46178	0.63075	1
0	46187	0.630875	1
0	46196	0.631	1
0	46205	0.631125	1
0	46214	0.63125	1
0	46223	0.631375	1
0	46236	0.6315	1
0	46245	0.631625	1
0	46254	0.63175	1
0	46263	0.631875	1
0	46272	0.632	1
0	46281	0.632125	1
0	46290	0.63225	1
0	46299	0.632375	1
0	46308	0.6325	1
0	46317	0.632625	1
0	46326	0.63275	1
0	46335	0.632875	1
0	46344	0.633	1
0	46353	0.633125	1
0	46362	0.63325	1
0	46371	0.633375	1
0	46380	0.6335	1
0	46389	0.633625	1
0	46398	0.63375	1
0	46407	0.633875	1
0	46416	0.634	1
0	46425	0.634125	1
0	46434	0.63425	1
0	46443	0.634375	1
0	46452	0.6345	1
0	46461	0.634625	1
0	46474	0.63475	1
0	46483	0.634875	1
0	46492	0.635	1
0	46501	0.635125	1
0	46510	0.63525	1
0	46519	0.635375	1
0	46528	0.6355	1
0	46537	0.635625	1
0	46546	0.63575	1
0	46555	0.635875	1
0	46564	0.636	1
0	46573	0.636125	1
0	46582	0.63625	1
0	46591	0.636375	1
0	46600	0.6365	1
0	46609	0.636625	1
0	46618	0.63675	1
0	46627	0.636875	1
0	46636	0.637	1
0	46645	0.637125	1
0	46654	0.63725	1
0	46663	0.637375	1
0	46672	0.6375	1
0	46681	0.637625	1
0	46690	0.63775	1
0	46699	0.637875	1
0	46712	0.638	1
0	46721	0.638125	1
0	46730	0.63825	1
0	46739	0.638375	1
0	46748	0.6385	1
0	46757	0.638625	1
0	46766	0.63875	1
0	46775	0.638875	1
0	46784	0.639	1
0	46793	0.639125	1
0	46802	0.63925	1
0	46811	0.639375	1
0	46820	0.6395	1
0	46829	0.639625	1
0	46838	0.63975	1
0	46847	0.639875	1
0	46856	0.64	1
0	46865	0.640125	1
0	46874	0.64025	1
0	46883	0.640375	1
0	46892	0.6405	1
0	46901	0.640625	1
0	46910	0.64075	1
0	46919	0.640875	1
0	46928	0.641	1
0	46937	0.641125	1
0	46946	0.64125	1
0	46959	0.641375	1
0	46968	0.6415	1
0	46977	0.641625	1
0	46986	0.64175	1
0	46995	0.641875	1
0	47004	0.642	1
0	47013	0.642125	1
0	47022	0.64225	1
0	47031	0.642375	1
0	47040	0.6425	1
0	47049	0.642625	1
0	47058	0.64275	1
0	47067	0.642875	1
0	47076	0.643	1
0	47085	0.643125	1
0	47094	0.64325	1
0	47103	0.643375	1
0	47112	0.6435	1
0	47121	0.643625	1
0	47130	0.64375	1
0	47139	0.643875	1
0	47148	0.644	1
0	47157	0.644125	1
0	47166	0.64425	1
0	47175	0.644375	1
0	47184	0.6445	1
0	47197	0.644625	1
0	47206	0.64475	1
0	47215	0.644875	1
0	47224	0.645	1
0	47233	0.645125	1
0	47242	0.64525	1
0	47251	0.645375	1
0	47260	0.6455	1
0	47269	0.645625	1
0	47278	0.64575	1
0	47287	0.645875	1
0	47296	0.646	1
0	47305	0.646125	1
0	47314	0.64625	1
0	47323	0.646375	1
0	47332	0.6465	1
0	47341	0.646625	1
0	47350	0.64675	1
0	47359	0.646875	1
0	47368	0.647	1
0	47377	0.647125	1
0	47386	0.64725	1
0	47395	0.647375	1
0	47404	0.6475	1
0	47413	0.647625	1
0	47422	0.64775	1
0	47435	0.647875	1
0	47444	0.648	1
0	47453	0.648125	1
0	47462	0.64825	1
0	47471	0.648375	1
0	47480	0.6485	1
0	47489	0.648625	1
0	47498	0.64875	1
0	47507	0.648875	1
0	47516	0.649	1
0	47525	0.649125	1
0	47534	0.64925	1
0	47543	0.649375	1
0	47552	0.6495	1
0	47561	0.649625	1
0	47570	0.64975	1
0	47579	0.649875	1
0	47588	0.65	1
0	47597	0.650125	1
0	47606	0.65025	1
0	47615	0.650375	1
0	47624	0.6505	1
0	47633	0.650625	1
0	47642	0.65075	1
0	47651	0.650875	1
0	47660	0.651	1
0	47673	0.651125	1
0	47682	0.65125	1
0	47691	0.651375	1
0	47700	0.6515	1
0	47709	0.651625	1
0	47718	0.65175	1
0	47727	0.651875	1
0	47736	0.652	1
0	47745	0.652125	1
0	47754	0.65225	1
0	47763	0.652375	1
0	47772	0.6525	1
0	47781	0.652625	1
0	47790	0.65275	1
0	47799	0.652875	1
0	47808	0.653	1
0	47817	0.653125	1
0	47826	0.65325	1
0	47835	0.653375	1
0	47844	0.6535	1
0	47853	0.653625	1
0	47862	0.65375	1
0	47871	0.653875	1
0	47880	0.654	1
0	47889	0.654125	1
0	47898	0.65425	1
0	47911	0.654375	1
0	47920	0.6545	1
0	47929	0.654625	1
0	47938	0.65475	1
0	47947	0.654875	1
0	47956	0.655	1
0	47965	0.655125	1
0	47974	0.65525	1
0	47983	0.655375	1
0	47992	0.6555	1
0	48001	0.655625	1
0	48010	0.65575	1
0	48019	0.655875	1
0	48028	0.656	1
0	48037	0.656125	1
0	48046	0.65625	1
0	48055	0.656375	1
0	48064	0.6565	1
0	48073	0.656625	1
0	48082	0.65675	1
0	48091	0.656875	1
0	48100	0.657	1
0	48109	0.657125	1
0	48118	0.65725	1
0	48127	0.657375	1
0	48136	0.6575	1
0	48149	0.657625	1
0	48158	0.65775	1
0	48167	0.657875	1
0	48176	0.658	1
0	48185	0.658125	1
0	48194	0.65825	1
0	48203	0.658375	1
0	48212	0.6585	1
0	48221	0.658625	1
0	48230	0.65875	1
0	48239	0.658875	1
0	48248	0.659	1
0	48257	0.659125	1
0	48266	0.65925	1
0	48275	0.659375	1
0	48284	0.6595	1
0	48293	0.659625	1
0	48302	0.65975	1
0	48311	0.659875	1
0	48320	0.66	1
0	48329	0.660125	1
0	48338	0.66025	1
0	48347	0.660375	1
0	48356	0.6605	1
0	48365	0.660625	1
0	48374	0.66075	1
0	48383	0.660875	1
0	48396	0.661	1
0	48405	0.661125	1
0	48414	0.66125	1
0	48423	0.661375	1
0	48432	0.6615	1
0	48441	0.661625	1
0	48450	0.66175	1
0	48459	0.661875	1
0	48468	0.662	1
0	48477	0.662125	1
0	48486	0.66225	1
0	48495	0.662375	1
0	48504	0.6625	1
0	48513	0.662625	1
0	48522	0.66275	1
0	48531	0.662875	1
0	48540	0.663	1
0	48549	0.663125	1
0	48558	0.66325	1
0	48567	0.663375	1
0	48576	0.6635	1
0	48585	0.663625	1
0	48594	0.66375	1
0	48603	0.663875	1
0	48612	0.664	1
0	48621	0.664125	1
0	48634	0.66425	1
0	48643	0.664375	1
0	48652	0.6645	1
0	48661	0.664625	1
0	48670	0.66475	1
0	48679	0.664875	1
0	48688	0.665	1
0	48697	0.665125	1
0	48706	0.66525	1
0	48715	0.665375	1
0	48724	0.6655	1
0	48733	0.665625	1
0	48742	0.66575	1
0	48751	0.665875	1
0	48760	0.666	1
0	48769	0.666125	1
0	48778	0.66625	1
0	48787	0.666375	1
0	48796	0.6665	1
0	48805	0.666625	1
0	48814	0.66675	1
0	48823	0.666875	1
0	48832	0.667	1
0	48841	0.667125	1
0	48850	0.66725	1
0	48859	0.667375	1
0	48872	0.6675	1
0	48881	0.667625	1
0	48890	0.66775	1
0	48899	0.667875	1
0	48908	0.668	1
0	48917	0.668125	1
0	48926	0.66825	1
0	48935	0.668375	1
0	48944	0.6685	1
0	48953	0.668625	1
0	48962	0.66875	1
0	48971	0.668875	1
0	48980	0.669	1
0	48989	0.669125	1
0	48998	0.66925	1
0	49007	0.669375	1
0	49016	0.6695	1
0	49025	0.669625	1
0	49034	0.66975	1
0	49043	0.669875	1
0	49052	0.67	1
0	49061	0.670125	1
0	49070	0.67025	1
0	49079	0.670375	1
0	49088	0.6705	1
0	49097	0.670625	1
0	49110	0.67075	1
0	49119	0.670875	1
0	49128	0.671	1
0	49137	0.671125	1
0	49146	0.67125	1
0	49155	0.671375	1
0	49164	0.6715	1
0	49173	0.671625	1
0	49182	0.67175	1
0	49191	0.671875	1
0	49200	0.672	1
0	49209	0.672125	1
0	49218	0.67225	1
0	49227	0.672375	1
0	49236	0.6725	1
0	49245	0.672625	1
0	49254	0.67275	1
0	49263	0.672875	1
0	49272	0.673	1
0	49281	0.673125	1
0	49290	0.67325	1
0	49299	0.673375	1
0	49308	0.6735	1
0	49317	0.673625	1
0	49326	0.67375	1
0	49335	0.673875	1
0	49348	0.674	1
0	49357	0.674125	1
0	49366	0.67425	1
0	49375	0.674375	1
0	49384	0.6745	1
0	49393	0.674625	1
0	49402	0.67475	1
0	49411	0.674875	1
0	49420	0.675	1
0	49429	0.675125	1
0	49438	0.67525	1
0	49447	0.675375	1
0	49456	0.6755	1
0	49465	0.675625	1
0	49474	0.67575	1
0	49483	0.675875	1
0	49492	0.676	1
0	49501	0.676125	1
0	49510	0.67625	1
0	49519	0.676375	1
0	49528	0.6765	1
0	49537	0.676625	1
0	49546	0.67675	1
0	49555	0.676875	1
0	49564	0.677	1
0	49573	0.677125	1
0	49582	0.67725	1
0	49595	0.677375	1
0	49604	0.6775	1
0	49613	0.677625	1
0	49622	0.67775	1
0	49631	0.677875	1
0	49640	0.678	1
0	49649	0.678125	1
0	49658	0.67825	1
0	49667	0.678375	1
0	49676	0.6785	1
0	49685	0.678625	1
0	49694	0.67875	1
0	49703	0.678875	1
0	49712	0.679	1
0	49721	0.679125	1
0	49730	0.67925	1
0	49739	0.679375	1
0	49748	0.6795	1
0	49757	0.679625	1
0	49766	0.67975	1
0	49775	0.679875	1
0	49784	0.68	1
0	49793	0.680125	1
0	49802	0.68025	1
0	49811	0.680375	1
0	49820	0.6805	1
0	49833	0.680625	1
0	49842	0.68075	1
0	49851	0.680875	1
0	49860	0.681	1
0	49869	0.681125	1
0	49878	0.68125	1
0	49887	0.681375	1
0	49896	0.6815	1
0	49905	0.681625	1
0	49914	0.68175	1
0	49923	0.681875	1
0	49932	0.682	1
0	49941	0.682125	1
0	49950	0.68225	1
0	49959	0.682375	1
0	49968	0.6825	1
0	49977	0.682625	1
0	49986	0.68275	1
0	49995	0.682875	1
0	50004	0.683	1
0	50013	0.683125	1
0	50022	0.68325	1
0	50031	0.683375	1
0	50040	0.6835	1
0	50049	0.683625	1
0	50058	0.68375	1
0	50071	0.683875	1
0	50080	0.684	1
0	50089	0.684125	1
0	50098	0.68425	1
0	50107	0.684375	1
0	50116	0.6845	1
0	50125	0.684625	1
0	50134	0.68475	1
0	50143	0.684875	1
0	50152	0.685	1
0	50161	0.685125	1
0	50170	0.68525	1
0	50179	0.685375	1
0	50188	0.6855	1
0	50197	0.685625	1
0	50206	0.68575	1
0	50215	0.685875	1
0	50224	0.686	1
0	50233	0.686125	1
0	50242	0.68625	1
0	50251	0.686375	1
0	50260	0.6865	1
0	50269	0.686625	1
0	50278	0.68675	1
0	50287	0.686875	1
0	50296	0.687	1
0	50309	0.687125	1
0	50318	0.68725	1
0	50327	0.687375	1
0	50336	0.6875	1
0	50345	0.687625	1
0	50354	0.68775	1
0	50363	0.687875	1
0	50372	0.688	1
0	50381	0.688125	1
0	50390	0.68825	1
0	50399	0.688375	1
0	50408	0.6885	1
0	50417	0.688625	1
0	50426	0.68875	1
0	50435	0.688875	1
0	50444	0.689	1
0	50453	0.689125	1
0	50462	0.68925	1
0	50471	0.689375	1
0	50480	0.6895	1
0	50489	0.689625	1
0	50498	0.68975	1
0	50507	0.689875	1
0	50516	0.69	1
0	50525	0.690125	1
0	50534	0.69025	1
0	50547	0.690375	1
0	50556	0.6905	1
0	50565	0.690625	1
0	50574	0.69075	1
0	50583	0.690875	1
0	50592	0.691	1
0	50601	0.691125	1
0	50610	0.69125	1
0	50619	0.691375	1
0	50628	0.6915	1
0	50637	0.691625	1
0	50646	0.69175	1
0	50655	0.691875	1
0	50664	0.692	1
0	50673	0.692125	1
0	50682	0.69225	1
0	50691	0.692375	1
0	50700	0.6925	1
0	50709	0.692625	1
0	50718	0.69275	1
0	50727	0.692875	1
0	50736	0.693	1
0	50745	0.693125	1
0	50754	0.69325	1
0	50763	0.693375	1
0	50772	0.6935	1
0	50785	0.693625	1
0	50794	0.69375	1
0	50803	0.693875	1
0	50812	0.694	1
0	50821	0.694125	1
0	50830	0.69425	1
0	50839	0.694375	1
0	50848	0.6945	1
0	50857	0.694625	1
0	50866	0.69475	1
0	50875	0.694875	1
0	50884	0.695	1
0	50893	0.695125	1
0	50902	0.69525	1
0	50911	0.695375	1
0	50920	0.6955	1
0	50929	0.695625	1
0	50938	0.69575	1
0	50947	0.695875	1
0	50956	0.696	1
0	50965	0.696125	1
0	50974	0.69625	1
0	50983	0.696375	1
0	50992	0.6965	1
0	51001	0.696625	1
0	51010	0.69675	1
0	51019	0.696875	1
0	51032	0.697	1
0	51041	0.697125	1
0	51050	0.69725	1
0	51059	0.697375	1
0	51068	0.6975	1
0	51077	0.697625	1
0	51086	0.69775	1
0	51095	0.697875	1
0	51104	0.698	1
0	51113	0.698125	1
0	51122	0.69825	1
0	51131	0.698375	1
0	51140	0.6985	1
0	51149	0.698625	1
0	51158	0.69875	1
0	51167	0.698875	1
0	51176	0.699	1
0	51185	0.699125	1
0	51194	0.69925	1
0	51203	0.699375	1
0	51212	0.6995	1
0	51221	0.699625	1
0	51230	0.69975	1
0	51239	0.699875	1
0	51248	0.7	1
0	51257	0.700125	1
0	51270	0.70025	1
0	51279	0.700375	1
0	51288	0.7005	1
0	51297	0.700625	1
0	51306	0.70075	1
0	51315	0.700875	1
0	51324	0.701	1
0	51333	0.701125	1
0	51342	0.70125	1
0	51351	0.701375	1
0	51360	0.7015	1
0	51369	0.701625	1
0	51378	0.70175	1
0	51387	0.701875	1
0	51396	0.702	1
0	51405	0.702125	1
0	51414	0.70225	1
0	51423	0.702375	1
0	51432	0.7025	1
0	51441	0.702625	1
0	51450	0.70275	1
0	51459	0.702875	1
0	51468	0.703	1
0	51477	0.703125	1
0	51486	0.70325	1
0	51495	0.703375	1
0	51508	0.7035	1
0	51517	0.703625	1
0	51526	0.70375	1
0	51535	0.703875	1
0	51544	0.704	1
0	51553	0.704125	1
0	51562	0.70425	1
0	51571	0.704375	1
0	51580	0.7045	1
0	51589	0.704625	1
0	51598	0.70475	1
0	51607	0.704875	1
0	51616	0.705	1
0	51625	0.705125	1
0	51634	0.70525	1
0	51643	0.705375	1
0	51652	0.7055	1
0	51661	0.705625	1
0	51670	0.70575	1
0	51679	0.705875	1
0	51688	0.706	1
0	51697	0.706125	1
0	51706	0.70625	1
0	51715	0.706375	1
0	51724	0.7065	1
0	51733	0.706625	1
0	51746	0.70675	1
0	51755	0.706875	1
0	51764	0.707	1
0	51773	0.707125	1
0	51782	0.70725	1
0	51791	0.707375	1
0	51800	0.7075	1
0	51809	0.707625	1
0	51818	0.70775	1
0	51827	0.707875	1
0	51836	0.708	1
0	51845	0.708125	1
0	51854	0.70825	1
0	51863	0.708375	1
0	51872	0.7085	1
0	51881	0.708625	1
0	51890	0.70875	1
0	51899	0.708875	1
0	51908	0.709	1
0	51917	0.709125	1
0	51926	0.70925	1
0	51935	0.709375	1
0	51944	0.7095	1
0	51953	0.709625	1
0	51962	0.70975	1
0	51971	0.709875	1
0	51984	0.71	1
0	51993	0.710125	1
0	52002	0.71025	1
0	52011	0.710375	1
0	52020	0.7105	1
0	52029	0.710625	1
0	52038	0.71075	1
0	52047	0.710875	1
0	52056	0.711	1
0	52065	0.711125	1
0	52074	0.71125	1
0	52083	0.711375	1
0	52092	0.7115	1
0	52101	0.711625	1
0	52110	0.71175	1
0	52119	0.711875	1
0	52128	0.712	1
0	52137	0.712125	1
0	52146	0.71225	1
0	52155	0.712375	1
0	52164	0.7125	1
0	52173	0.712625	1
0	52182	0.71275	1
0	52191	0.712875	1
0	52200	0.713	1
0	52209	0.713125	1
0	52222	0.71325	1
0	52231	0.713375	1
0	52240	0.7135	1
0	52249	0.713625	1
0	52258	0.71375	1
0	52267	0.713875	1
0	52276	0.714	1
0	52285	0.714125	1
0	52294	0.71425	1
0	52303	0.714375	1
0	52312	0.7145	1
0	52321	0.714625	1
0	52330	0.71475	1
0	52339	0.714875	1
0	52348	0.715	1
0	52357	0.715125	1
0	52366	0.71525	1
0	52375	0.715375	1
0	52384	0.7155	1
0	52393	0.715625	1
0	52402	0.71575	1
0	52411	0.715875	1
0	52420	0.716	1
0	52429	0.716125	1
0	52438	0.71625	1
0	52447	0.716375	1
0	52456	0.7165	1
0	52469	0.716625	1
0	52478	0.71675	1
0	52487	0.716875	1
0	52496	0.717	1
0	52505	0.717125	1
0	52514	0.71725	1
0	52523	0.717375	1
0	52532	0.7175	1
0	52541	0.717625	1
0	52550	0.71775	1
0	52559	0.717875	1
0	52568	0.718	1
0	52577	0.718125	1
0	52586	0.71825	1
0	52595	0.718375	1
0	52604	0.7185	1
0	52613	0.718625	1
0	52622	0.71875	1
0	52631	0.718875	1
0	52640	0.719	1
0	52649	0.719125	1
0	52658	0.71925	1
0	52667	0.719375	1
0	52676	0.7195	1
0	52685	0.719625	1
0	52694	0.71975	1
0	52707	0.719875	1
0	52716	0.72	1
0	52725	0.720125	1
0	52734	0.72025	1
0	52743	0.720375	1
0	52752	0.7205	1
0	52761	0.720625	1
0	52770	0.72075	1
0	52779	0.720875	1
0	52788	0.721	1
0	52797	0.721125	1
0	52806	0.72125	1
0	52815	0.721375	1
0	52824	0.7215	1
0	52833	0.721625	1
0	52842	0.72175	1
0	52851	0.721875	1
0	52860	0.722	1
0	52869	0.722125	1
0	52878	0.72225	1
0	52887	0.722375	1
0	52896	0.7225	1
0	52905	0.722625	1
0	52914	0.72275	1
0	52923	0.722875	1
0	52932	0.723	1
0	52945	0.723125	1
0	52954	0.72325	1
0	52963	0.723375	1
0	52972	0.7235	1
0	52981	0.723625	1
0	52990	0.72375	1
0	52999	0.723875	1
0	53008	0.724	1
0	53017	0.724125	1
0	53026	0.72425	1
0	53035	0.724375	1
0	53044	0.7245	1
0	53053	0.724625	1
0	53062	0.72475	1
0	53071	0.724875	1
0	53080	0.725	1
0	53089	0.725125	1
0	53098	0.72525	1
0	53107	0.725375	1
0	53116	0.7255	1
0	53125	0.725625	1
0	53134	0.72575	1
0	53143	0.725875	1
0	53152	0.726	1
0	53161	0.726125	1
0	53170	0.72625	1
0	53183	0.726375	1
0	53192	0.7265	1
0	53201	0.726625	1
0	53210	0.72675	1
0	53219	0.726875	1
0	53228	0.727	1
0	53237	0.727125	1
0	53246	0.72725	1
0	53255	0.727375	1
0	53264	0.7275	1
0	53273	0.727625	1
0	53282	0.72775	1
0	53291	0.727875	1
0	53300	0.728	1
0	53309	0.728125	1
0	53318	0.72825	1
0	53327	0.728375	1
0	53336	0.7285	1
0	53345	0.728625	1
0	53354	0.72875	1
0	53363	0.728875	1
0	53372	0.729	1
0	53381	0.729125	1
0	53390	0.72925	1
0	53399	0.729375	1
0	53408	0.7295	1
0	53421	0.729625	1
0	53430	0.72975	1
0	53439	0.729875	1
0	53448	0.73	1
0	53457	0.730125	1
0	53466	0.73025	1
0	53475	0.730375	1
0	53484	0.7305	1
0	53493	0.730625	1
0	53502	0.73075	1
0	53511	0.730875	1
0	53520	0.731	1
0	53529	0.731125	1
0	53538	0.73125	1
0	53547	0.731375	1
0	53556	0.7315	1
0	53565	0.731625	1
0	53574	0.73175	1
0	53583	0.731875	1
0	53592	0.732	1
0	53601	0.732125	1
0	53610	0.73225	1
0	53619	0.732375	1
0	53628	0.7325	1
0	53637	0.732625	1
0	53646	0.73275	1
0	53659	0.732875	1
0	53668	0.733	1
0	53677	0.733125	1
0	53686	0.73325	1
0	53695	0.733375	1
0	53704	0.7335	1
0	53713	0.733625	1
0	53722	0.73375	1
0	53731	0.733875	1
0	53740	0.734	1
0	53749	0.734125	1
0	53758	0.73425	1
0	53767	0.734375	1
0	53776	0.7345	1
0	53785	0.734625	1
0	53794	0.73475	1
0	53803	0.734875	1
0	53812	0.735	1
0	53821	0.735125	1
0	53830	0.73525	1
0	53839	0.735375	1
0	53848	0.7355	1
0	53857	0.735625	1
0	53866	0.73575	1
0	53875	0.735875	1
0	53884	0.736	1
0	53893	0.736125	1
0	53906	0.73625	1
0	53915	0.736375	1
0	53924	0.7365	1
0	53933	0.736625	1
0	53942	0.73675	1
0	53951	0.736875	1
0	53960	0.737	1
0	53969	0.737125	1
0	53978	0.73725	1
0	53987	0.737375	1
0	53996	0.7375	1
0	54005	0.737625	1
0	54014	0.73775	1
0	54023	0.737875	1
0	54032	0.738	1
0	54041	0.738125	1
0	54050	0.73825	1
0	54059	0.738375	1
0	54068	0.7385	1
0	54077	0.738625	1
0	54086	0.73875	1
0	54095	0.738875	1
0	54104	0.739	1
0	54113	0.739125	1
0	54122	0.73925	1
0	54131	0.739375	1
0	54144	0.7395	1
0	54153	0.739625	1
0	54162	0.73975	1
0	54171	0.739875	1
0	54180	0.74	1
0	54189	0.740125	1
0	54198	0.74025	1
0	54207	0.740375	1
0	54216	0.7405	1
0	54225	0.740625	1
0	54234	0.74075	1
0	54243	0.740875	1
0	54252	0.741	1
0	54261	0.741125	1
0	54270	0.74125	1
0	54279	0.741375	1
0	54288	0.7415	1
0	54297	0.741625	1
0	54306	0.74175	1
0	54315	0.741875	1
0	54324	0.742	1
0	54333	0.742125	1
0	54342	0.74225	1
0	54351	0.742375	1
0	54360	0.7425	1
0	54369	0.742625	1
0	54382	0.74275	1
0	54391	0.742875	1
0	54400	0.743	1
0	54409	0.743125	1
0	54418	0.74325	1
0	54427	0.743375	1
0	54436	0.7435	1
0	54445	0.743625	1
0	54454	0.74375	1
0	54463	0.743875	1
0	54472	0.744	1
0	54481	0.744125	1
0	54490	0.74425	1
0	54499	0.744375	1
0	54508	0.7445	1
0	54517	0.744625	1
0	54526	0.74475	1
0	54535	0.744875	1
0	54544	0.745	1
0	54553	0.745125	1
0	54562	0.74525	1
0	54571	0.745375	1
0	54580	0.7455	1
0	54589	0.745625	1
0	54598	0.74575	1
0	54607	0.745875	1
0	54620	0.746	1
0	54629	0.746125	1
0	54638	0.74625	1
0	54647	0.746375	1
0	54656	0.7465	1
0	54665	0.746625	1
0	54674	0.74675	1
0	54683	0.746875	1
0	54692	0.747	1
0	54701	0.747125	1
0	54710	0.74725	1
0	54719	0.747375	1
0	54728	0.7475	1
0	54737	0.747625	1
0	54746	0.74775	1
0	54755	0.747875	1
0	54764	0.748	1
0	54773	0.748125	1
0	54782	0.74825	1
0	54791	0.748375	1
0	54800	0.7485	1
0	54809	0.748625	1
0	54818	0.74875	1
0	54827	0.748875	1
0	54836	0.749	1
0	54845	0.749125	1
0	54858	0.74925	1
0	54867	0.749375	1
0	54876	0.7495	1
0	54885	0.749625	1
0	54894	0.74975	1
0	54903	0.749875	1
0	54912	0.75	1
0	54921	0.750125	1
0	54930	0.75025	1
0	54939	0.750375	1
0	54948	0.7505	1
0	54957	0.750625	1
0	54966	0.75075	1
0	54975	0.750875	1
0	54984	0.751	1
0	54993	0.751125	1
0	55002	0.75125	1
0	55011	0.751375	1
0	55020	0.7515	1
0	55029	0.751625	1
0	55038	0.75175	1
0	55047	0.751875	1
0	55056	0.752	1
0	55065	0.752125	1
0	55074	0.75225	1
0	55083	0.752375	1
0	55092	0.7525	1
0	55105	0.752625	1
0	55114	0.75275	1
0	55123	0.752875	1
0	55132	0.753	1
0	55141	0.753125	1
0	55150	0.75325	1
0	55159	0.753375	1
0	55168	0.7535	1
0	55177	0.753625	1
0	55186	0.75375	1
0	55195	0.753875	1
0	55204	0.754	1
0	55213	0.754125	1
0	55222	0.75425	1
0	55231	0.754375	1
0	55240	0.7545	1
0	55249	0.754625	1
0	55258	0.75475	1
0	55267	0.754875	1
0	55276	0.755	1
0	55285	0.755125	1
0	55294	0.75525	1
0	55303	0.755375	1
0	55312	0.7555	1
0	55321	0.755625	1
0	55330	0.75575	1
0	55343	0.755875	1
0	55352	0.756	1
0	55361	0.756125	1
0	55370	0.75625	1
0	55379	0.756375	1
0	55388	0.7565	1
0	55397	0.756625	1
0	55406	0.75675	1
0	55415	0.756875	1
0	55424	0.757	1
0	55433	0.757125	1
0	55442	0.75725	1
0	55451	0.757375	1
0	55460	0.7575	1
0	55469	0.757625	1
0	55478	0.75775	1
0	55487	0.757875	1
0	55496	0.758	1
0	55505	0.758125	1
0	55514	0.75825	1
0	55523	0.758375	1
0	55532	0.7585	1
0	55541	0.758625	1
0	55550	0.75875	1
0	55559	0.758875	1
0	55568	0.759	1
0	55581	0.759125	1
0	55590	0.75925	1
0	55599	0.759375	1
0	55608	0.7595	1
0	55617	0.759625	1
0	55626	0.75975	1
0	55635	0.759875	1
0	55644	0.76	1
0	55653	0.760125	1
0	55662	0.76025	1
0	55671	0.760375	1
0	55680	0.7605	1
0	55689	0.760625	1
0	55698	0.76075	1
0	55707	0.760875	1
0	55716	0.761	1
0	55725	0.761125	1
0	55734	0.76125	1
0	55743	0.761375	1
0	55752	0.7615	1
0	55761	0.761625	1
0	55770	0.76175	1
0	55779	0.761875	1
0	55788	0.762	1
0	55797	0.762125	1
0	55806	0.76225	1
0	55819	0.762375	1
0	55828	0.7625	1
0	55837	0.762625	1
0	55846	0.76275	1
0	55855	0.762875	1
0	55864	0.763	1
0	55873	0.763125	1
0	55882	0.76325	1
0	55891	0.763375	1
0	55900	0.7635	1
0	55909	0.763625	1
0	55918	0.76375	1
0	55927	0.763875	1
0	55936	0.764	1
0	55945	0.764125	1
0	55954	0.76425	1
0	55963	0.764375	1
0	55972	0.7645	1
0	55981	0.764625	1
0	55990	0.76475	1
0	55999	0.764875	1
0	56008	0.765	1
0	56017	0.765125	1
0	56026	0.76525	1
0	56035	0.765375	1
0	56044	0.7655	1
0	56057	0.765625	1
0	56066	0.76575	1
0	56075	0.765875	1
0	56084	0.766	1
0	56093	0.766125	1
0	56102	0.76625	1
0	56111	0.766375	1
0	56120	0.7665	1
0	56129	0.766625	1
0	56138	0.76675	1
0	56147	0.766875	1
0	56156	0.767	1
0	56165	0.767125	1
0	56174	0.76725	1
0	56183	0.767375	1
0	56192	0.7675	1
0	56201	0.767625	1
0	56210	0.76775	1
0	56219	0.767875	1
0	56228	0.768	1
0	56237	0.768125	1
0	56246	0.76825	1
0	56255	0.768375	1
0	56264	0.7685	1
0	56273	0.768625	1
0	56282	0.76875	1
0	56295	0.768875	1
0	56304	0.769	1
0	56313	0.769125	1
0	56322	0.76925	1
0	56331	0.769375	1
0	56340	0.7695	1
0	56349	0.769625	1
0	56358	0.76975	1
0	56367	0.769875	1
0	56376	0.77	1
0	56385	0.770125	1
0	56394	0.77025	1
0	56403	0.770375	1
0	56412	0.7705	1
0	56421	0.770625	1
0	56430	0.77075	1
0	56439	0.770875	1
0	56448	0.771	1
0	56457	0.771125	1
0	56466	0.77125	1
0	56475	0.771375	1
0	56484	0.7715	1
0	56493	0.771625	1
0	56502	0.77175	1
0	56511	0.771875	1
0	56520	0.772	1
0	56529	0.772125	1
0	56542	0.77225	1
0	56551	0.772375	1
0	56560	0.7725	1
0	56569	0.772625	1
0	56578	0.77275	1
0	56587	0.772875	1
0	56596	0.773	1
0	56605	0.773125	1
0	56614	0.77325	1
0	56623	0.773375	1
0	56632	0.7735	1
0	56641	0.773625	1
0	56650	0.77375	1
0	56659	0.773875	1
0	56668	0.774	1
0	56677	0.774125	1
0	56686	0.77425	1
0	56695	0.774375	1
0	56704	0.7745	1
0	56713	0.774625	1
0	56722	0.77475	1
0	56731	0.774875	1
0	56740	0.775	1
0	56749	0.775125	1
0	56758	0.77525	1
0	56767	0.775375	1
0	56780	0.7755	1
0	56789	0.775625	1
0	56798	0.77575	1
0	56807	0.775875	1
0	56816	0.776	1
0	56825	0.776125	1
0	56834	0.77625	1
0	56843	0.776375	1
0	56852	0.7765	1
0	56861	0.776625	1
0	56870	0.77675	1
0	56879	0.776875	1
0	56888	0.777	1
0	56897	0.777125	1
0	56906	0.77725	1
0	56915	0.777375	1
0	56924	0.7775	1
0	56933	0.777625	1
0	56942	0.77775	1
0	56951	0.777875	1
0	56960	0.778	1
0	56969	0.778125	1
0	56978	0.77825	1
0	56987	0.778375	1
0	56996	0.7785	1
0	57005	0.778625	1
0	57018	0.77875	1
0	57027	0.778875	1
0	57036	0.779	1
0	57045	0.779125	1
0	57054	0.77925	1
0	57063	0.779375	1
0	57072	0.7795	1
0	57081	0.779625	1
0	57090	0.77975	1
0	57099	0.779875	1
0	57108	0.78	1
0	57117	0.780125	1
0	57126	0.78025	1
0	57135	0.780375	1
0	57144	0.7805	1
0	57153	0.780625	1
0	57162	0.78075	1
0	57171	0.780875	1
0	57180	0.781	1
0	57189	0.781125	1
0	57198	0.78125	1
0	57207	0.781375	1
0	57216	0.7815	1
0	57225	0.781625	1
0	57234	0.78175	1
0	57243	0.781875	1
0	57256	0.782	1
0	57265	0.782125	1
0	57274	0.78225	1
0	57283	0.782375	1
0	57292	0.7825	1
0	57301	0.782625	1
0	57310	0.78275	1
0	57319	0.782875	1
0	57328	0.783	1
0	57337	0.783125	1
0	57346	0.78325	1
0	57355	0.783375	1
0	57364	0.7835	1
0	57373	0.783625	1
0	57382	0.78375	1
0	57391	0.783875	1
0	57400	0.784	1
0	57409	0.784125	1
0	57418	0.78425	1
0	57427	0.784375	1
0	57436	0.7845	1
0	57445	0.784625	1
0	57454	0.78475	1
0	57463	0.784875	1
0	57472	0.785	1
0	57481	0.785125	1
0	57494	0.78525	1
0	57503	0.785375	1
0	57512	0.7855	1
0	57521	0.785625	1
0	57530	0.78575	1
0	57539	0.785875	1
0	57548	0.786	1
0	57557	0.786125	1
0	57566	0.78625	1
0	57575	0.786375	1
0	57584	0.7865	1
0	57593	0.786625	1
0	57602	0.78675	1
0	57611	0.786875	1
0	57620	0.787	1
0	57629	0.787125	1
0	57638	0.78725	1
0	57647	0.787375	1
0	57656	0.7875	1
0	57665	0.787625	1
0	57674	0.78775	1
0	57683	0.787875	1
0	57692	0.788	1
0	57701	0.788125	1
0	57710	0.78825	1
0	57719	0.788375	1
0	57732	0.7885	1
0	57741	0.788625	1
0	57750	0.78875	1
0	57759	0.788875	1
0	57768	0.789	1
0	57777	0.789125	1
0	57786	0.78925	1
0	57795	0.789375	1
0	57804	0.7895	1
0	57813	0.789625	1
0	57822	0.78975	1
0	57831	0.789875	1
0	57840	0.79	1
0	57849	0.790125	1
0	57858	0.79025	1
0	57867	0.790375	1
0	57876	0.7905	1
0	57885	0.790625	1
0	57894	0.79075	1
0	57903	0.790875	1
0	57912	0.791	1
0	57921	0.791125	1
0	57930	0.79125	1
0	57939	0.791375	1
0	57948	0.7915	1
0	57957	0.791625	1
0	57966	0.79175	1
0	57979	0.791875	1
0	57988	0.792	1
0	57997	0.792125	1
0	58006	0.79225	1
0	58015	0.792375	1
0	58024	0.7925	1
0	58033	0.792625	1
0	58042	0.79275	1
0	58051	0.792875	1
0	58060	0.793	1
0	58069	0.793125	1
0	58078	0.79325	1
0	58087	0.793375	1
0	58096	0.7935	1
0	58105	0.793625	1
0	58114	0.79375	1
0	58123	0.793875	1
0	58132	0.794	1
0	58141	0.794125	1
0	58150	0.79425	1
0	58159	0.794375	1
0	58168	0.7945	1
0	58177	0.794625	1
0	58186	0.79475	1
0	58195	0.794875	1
0	58204	0.795	1
0	58217	0.795125	1
0	58226	0.79525	1
0	58235	0.795375	1
0	58244	0.7955	1
0	58253	0.795625	1
0	58262	0.79575	1
0	58271	0.795875	1
0	58280	0.796	1
0	58289	0.796125	1
0	58298	0.79625	1
0	58307	0.796375	1
0	58316	0.7965	1
0	58325	0.796625	1
0	58334	0.79675	1
0	58343	0.796875	1
0	58352	0.797	1
0	58361	0.797125	1
0	58370	0.79725	1
0	58379	0.797375	1
0	58388	0.7975	1
0	58397	0.797625	1
0	58406	0.79775	1
0	58415	0.797875	1
0	58424	0.798	1
0	58433	0.798125	1
0	58442	0.79825	1
0	58455	0.798375	1
0	58464	0.7985	1
0	58473	0.798625	1
0	58482	0.79875	1
0	58491	0.798875	1
0	58500	0.799	1
0	58509	0.799125	1
0	58518	0.79925	1
0	58527	0.799375	1
0	58536	0.7995	1
0	58545	0.799625	1
0	58554	0.79975	1
0	58563	0.799875	1
0	58572	0.8	1
0	58581	0.800125	1
0	58590	0.80025	1
0	58599	0.800375	1
0	58608	0.8005	1
0	58617	0.800625	1
0	58626	0.80075	1
0	58635	0.800875	1
0	58644	0.801	1
0	58653	0.801125	1
0	58662	0.80125	1
0	58671	0.801375	1
0	58680	0.8015	1
0	58693	0.801625	1
0	58702	0.80175	1
0	58711	0.801875	1
0	58720	0.802	1
0	58729	0.802125	1
0	58738	0.80225	1
0	58747	0.802375	1
0	58756	0.8025	1
0	58765	0.802625	1
0	58774	0.80275	1
0	58783	0.802875	1
0	58792	0.803	1
0	58801	0.803125	1
0	58810	0.80325	1
0	58819	0.803375	1
0	58828	0.8035	1
0	58837	0.803625	1
0	58846	0.80375	1
0	58855	0.803875	1
0	58864	0.804	1
0	58873	0.804125	1
0	58882	0.80425	1
0	58891	0.804375	1
0	58900	0.8045	1
0	58909	0.804625	1
0	58918	0.80475	1
0	58931	0.804875	1
0	58940	0.805	1
0	58949	0.805125	1
0	58958	0.80525	1
0	58967	0.805375	1
0	58976	0.8055	1
0	58985	0.805625	1
0	58994	0.80575	1
0	59003	0.805875	1
0	59012	0.806	1
0	59021	0.806125	1
0	59030	0.80625	1
0	59039	0.806375	1
0	59048	0.8065	1
0	59057	0.806625	1
0	59066	0.80675	1
0	59075	0.806875	1
0	59084	0.807	1
0	59093	0.807125	1
0	59102	0.80725	1
0	59111	0.807375	1
0	59120	0.8075	1
0	59129	0.807625	1
0	59138	0.80775	1
0	59147	0.807875	1
0	59156	0.808	1
0	59169	0.808125	1
0	59178	0.80825	1
0	59187	0.808375	1
0	59196	0.8085	1
0	59205	0.808625	1
0	59214	0.80875	1
0	59223	0.808875	1
0	59232	0.809	1
0	59241	0.809125	1
0	59250	0.80925	1
0	59259	0.809375	1
0	59268	0.8095	1
0	59277	0.809625	1
0	59286	0.80975	1
0	59295	0.809875	1
0	59304	0.81	1
0	59313	0.810125	1
0	59322	0.81025	1
0	59331	0.810375	1
0	59340	0.8105	1
0	59349	0.810625	1
0	59358	0.81075	1
0	59367	0.810875	1
0	59376	0.811	1
0	59385	0.811125	1
0	59394	0.81125	1
0	59403	0.811375	1
0	59416	0.8115	1
0	59425	0.811625	1
0	59434	0.81175	1
0	59443	0.811875	1
0	59452	0.812	1
0	59461	0.812125	1
0	59470	0.81225	1
0	59479	0.812375	1
0	59488	0.8125	1
0	59497	0.812625	1
0	59506	0.81275	1
0	59515	0.812875	1
0	59524	0.813	1
0	59533	0.813125	1
0	59542	0.81325	1
0	59551	0.813375	1
0	59560	0.8135	1
0	59569	0.813625	1
0	59578	0.81375	1
0	59587	0.813875	1
0	59596	0.814	1
0	59605	0.814125	1
0	59614	0.81425	1
0	59623	0.814375	1
0	59632	0.8145	1
0	59641	0.814625	1
0	59654	0.81475	1
0	59663	0.814875	1
0	59672	0.815	1
0	59681	0.815125	1
0	59690	0.81525	1
0	59699	0.815375	1
0	59708	0.8155	1
0	59717	0.815625	1
0	59726	0.81575	1
0	59735	0.815875	1
0	59744	0.816	1
0	59753	0.816125	1
0	59762	0.81625	1
0	59771	0.816375	1
0	59780	0.8165	1
0	59789	0.816625	1
0	59798	0.81675	1
0	59807	0.816875	1
0	59816	0.817	1
0	59825	0.817125	1
0	59834	0.81725	1
0	59843	0.817375	1
0	59852	0.8175	1
0	59861	0.817625	1
0	59870	0.81775	1
0	59879	0.817875	1
0	59892	0.818	1
0	59901	0.818125	1
0	59910	0.81825	1
0	59919	0.818375	1
0	59928	0.8185	1
0	59937	0.818625	1
0	59946	0.81875	1
0	59955	0.818875	1
0	59964	0.819	1
0	59973	0.819125	1
0	59982	0.81925	1
0	59991	0.819375	1
0	60000	0.8195	1
0	60009	0.819625	1
0	60018	0.81975	1
0	60027	0.819875	1
0	60036	0.82	1
0	60045	0.820125	1
0	60054	0.82025	1
0	60063	0.820375	1
0	60072	0.8205	1
0	60081	0.820625	1
0	60090	0.82075	1
0	60099	0.820875	1
0	60108	0.821	1
0	60117	0.821125	1
0	60130	0.82125	1
0	60139	0.821375	1
0	60148	0.8215	1
0	60157	0.821625	1
0	60166	0.82175	1
0	60175	0.821875	1
0	60184	0.822	1
0	60193	0.822125	1
0	60202	0.82225	1
0	60211	0.822375	1
0	60220	0.8225	1
0	60229	0.822625	1
0	60238	0.82275	1
0	60247	0.822875	1
0	60256	0.823	1
0	60265	0.823125	1
0	60274	0.82325	1
0	60283	0.823375	1
0	60292	0.8235	1
0	60301	0.823625	1
0	60310	0.82375	1
0	60319	0.823875	1
0	60328	0.824	1
0	60337	0.824125	1
0	60346	0.82425	1
0	60355	0.824375	1
0	60368	0.8245	1
0	60377	0.824625	1
0	60386	0.82475	1
0	60395	0.824875	1
0	60404	0.825	1
0	60413	0.825125	1
0	60422	0.82525	1
0	60431	0.825375	1
0	60440	0.8255	1
0	60449	0.825625	1
0	60458	0.82575	1
0	60467	0.825875	1
0	60476	0.826	1
0	60485	0.826125	1
0	60494	0.82625	1
0	60503	0.826375	1
0	60512	0.8265	1
0	60521	0.826625	1
0	60530	0.82675	1
0	60539	0.826875	1
0	60548	0.827	1
0	60557	0.827125	1
0	60566	0.82725	1
0	60575	0.827375	1
0	60584	0.8275	1
0	60593	0.827625	1
0	60602	0.82775	1
0	60615	0.827875	1
0	60624	0.828	1
0	60633	0.828125	1
0	60642	0.82825	1
0	60651	0.828375	1
0	60660	0.8285	1
0	60669	0.828625	1
0	60678	0.82875	1
0	60687	0.828875	1
0	60696	0.829	1
0	60705	0.829125	1
0	60714	0.82925	1
0	60723	0.829375	1
0	60732	0.8295	1
0	60741	0.829625	1
0	60750	0.82975	1
0	60759	0.829875	1
0	60768	0.83	1
0	60777	0.830125	1
0	60786	0.83025	1
0	60795	0.830375	1
0	60804	0.8305	1
0	60813	0.830625	1
0	60822	0.83075	1
0	60831	0.830875	1
0	60840	0.831	1
0	60853	0.831125	1
0	60862	0.83125	1
0	60871	0.831375	1
0	60880	0.8315	1
0	60889	0.831625	1
0	60898	0.83175	1
0	60907	0.831875	1
0	60916	0.832	1
0	60925	0.832125	1
0	60934	0.83225	1
0	60943	0.832375	1
0	60952	0.8325	1
0	60961	0.832625	1
0	60970	0.83275	1
0	60979	0.832875	1
0	60988	0.833	1
0	60997	0.833125	1
0	61006	0.83325	1
0	61015	0.833375	1
0	61024	0.8335	1
0	61033	0.833625	1
0	61042	0.83375	1
0	61051	0.833875	1
0	61060	0.834	1
0	61069	0.834125	1
0	61078	0.83425	1
0	61091	0.834375	1
0	61100	0.8345	1
0	61109	0.834625	1
0	61118	0.83475	1
0	61127	0.834875	1
0	61136	0.835	1
0	61145	0.835125	1
0	61154	0.83525	1
0	61163	0.835375	1
0	61172	0.8355	1
0	61181	0.835625	1
0	61190	0.83575	1
0	61199	0.835875	1
0	61208	0.836	1
0	61217	0.836125	1
0	61226	0.83625	1
0	61235	0.836375	1
0	61244	0.8365	1
0	61253	0.836625	1
0	61262	0.83675	1
0	61271	0.836875	1
0	61280	0.837	1
0	61289	0.837125	1
0	61298	0.83725	1
0	61307	0.837375	1
0	61316	0.8375	1
0	61329	0.837625	1
0	61338	0.83775	1
0	61347	0.837875	1
0	61356	0.838	1
0	61365	0.838125	1
0	61374	0.83825	1
0	61383	0.838375	1
0	61392	0.8385	1
0	61401	0.838625	1
0	61410	0.83875	1
0	61419	0.838875	1
0	61428	0.839	1
0	61437	0.839125	1
0	61446	0.83925	1
0	61455	0.839375	1
0	61464	0.8395	1
0	61473	0.839625	1
0	61482	0.83975	1
0	61491	0.839875	1
0	61500	0.84	1
0	61509	0.840125	1
0	61518	0.84025	1
0	61527	0.840375	1
0	61536	0.8405	1
0	61545	0.840625	1
0	61554	0.84075	1
0	61567	0.840875	1
0	61576	0.841	1
0	61585	0.841125	1
0	61594	0.84125	1
0	61603	0.841375	1
0	61612	0.8415	1
0	61621	0.841625	1
0	61630	0.84175	1
0	61639	0.841875	1
0	61648	0.842	1
0	61657	0.842125	1
0	61666	0.84225	1
0	61675	0.842375	1
0	61684	0.8425	1
0	61693	0.842625	1
0	61702	0.84275	1
0	61711	0.842875	1
0	61720	0.843	1
0	61729	0.843125	1
0	61738	0.84325	1
0	61747	0.843375	1
0	61756	0.8435	1
0	61765	0.843625	1
0	61774	0.84375	1
0	61783	0.843875	1
0	61792	0.844	1
0	61805	0.844125	1
0	61814	0.84425	1
0	61823	0.844375	1
0	61832	0.8445	1
0	61841	0.844625	1
0	61850	0.84475	1
0	61859	0.844875	1
0	61868	0.845	1
0	61877	0.845125	1
0	61886	0.84525	1
0	61895	0.845375	1
0	61904	0.8455	1
0	61913	0.845625	1
0	61922	0.84575	1
0	61931	0.845875	1
0	61940	0.846	1
0	61949	0.846125	1
0	61958	0.84625	1
0	61967	0.846375	1
0	61976	0.8465	1
0	61985	0.846625	1
0	61994	0.84675	1
0	62003	0.846875	1
0	62012	0.847	1
0	62021	0.847125	1
0	62030	0.84725	1
0	62039	0.847375	1
0	62052	0.8475	1
0	62061	0.847625	1
0	62070	0.84775	1
0	62079	0.847875	1
0	62088	0.848	1
0	62097	0.848125	1
0	62106	0.84825	1
0	62115	0.848375	1
0	62124	0.8485	1
0	62133	0.848625	1
0	62142	0.84875	1
0	62151	0.848875	1
0	62160	0.849	1
0	62169	0.849125	1
0	62178	0.84925	1
0	62187	0.849375	1
0	62196	0.8495	1
0	62205	0.849625	1
0	62214	0.84975	1
0	62223	0.849875	1
0	62232	0.85	1
0	62241	0.850125	1
0	62250	0.85025	1
0	62259	0.850375	1
0	62268	0.8505	1
0	62277	0.850625	1
0	62290	0.85075	1
0	62299	0.850875	1
0	62308	0.851	1
0	62317	0.851125	1
0	62326	0.85125	1
0	62335	0.851375	1
0	62344	0.8515	1
0	62353	0.851625	1
0	62362	0.85175	1
0	62371	0.851875	1
0	62380	0.852	1
0	62389	0.852125	1
0	62398	0.85225	1
0	62407	0.852375	1
0	62416	0.8525	1
0	62425	0.852625	1
0	62434	0.85275	1
0	62443	0.852875	1
0	62452	0.853	1
0	62461	0.853125	1
0	62470	0.85325	1
0	62479	0.853375	1
0	62488	0.8535	1
0	62497	0.853625	1
0	62506	0.85375	1
0	62515	0.853875	1
0	62528	0.854	1
0	62537	0.854125	1
0	62546	0.85425	1
0	62555	0.854375	1
0	62564	0.8545	1
0	62573	0.854625	1
0	62582	0.85475	1
0	62591	0.854875	1
0	62600	0.855	1
0	62609	0.855125	1
0	62618	0.85525	1
0	62627	0.855375	1
0	62636	0.8555	1
0	62645	0.855625	1
0	62654	0.85575	1
0	62663	0.855875	1
0	62672	0.856	1
0	62681	0.856125	1
0	62690	0.85625	1
0	62699	0.856375	1
0	62708	0.8565	1
0	62717	0.856625	1
0	62726	0.85675	1
0	62735	0.856875	1
0	62744	0.857	1
0	62753	0.857125	1
0	62766	0.85725	1
0	62775	0.857375	1
0	62784	0.8575	1
0	62793	0.857625	1
0	62802	0.85775	1
0	62811	0.857875	1
0	62820	0.858	1
0	62829	0.858125	1
0	62838	0.85825	1
0	62847	0.858375	1
0	62856	0.8585	1
0	62865	0.858625	1
0	62874	0.85875	1
0	62883	0.858875	1
0	62892	0.859	1
0	62901	0.859125	1
0	62910	0.85925	1
0	62919	0.859375	1
0	62928	0.8595	1
0	62937	0.859625	1
0	62946	0.85975	1
0	62955	0.859875	1
0	62964	0.86	1
0	62973	0.860125	1
0	62982	0.86025	1
0	62991	0.860375	1
0	63004	0.8605	1
0	63013	0.860625	1
0	63022	0.86075	1
0	63031	0.860875	1
0	63040	0.861	1
0	63049	0.861125	1
0	63058	0.86125	1
0	63067	0.861375	1
0	63076	0.8615	1
0	63085	0.861625	1
0	63094	0.86175	1
0	63103	0.861875	1
0	63112	0.862	1
0	63121	0.862125	1
0	63130	0.86225	1
0	63139	0.862375	1
0	63148	0.8625	1
0	63157	0.862625	1
0	63166	0.86275	1
0	63175	0.862875	1
0	63184	0.863	1
0	63193	0.863125	1
0	63202	0.86325	1
0	63211	0.863375	1
0	63220	0.8635	1
0	63229	0.863625	1
0	63242	0.86375	1
0	63251	0.863875	1
0	63260	0.864	1
0	63269	0.864125	1
0	63278	0.86425	1
0	63287	0.864375	1
0	63296	0.8645	1
0	63305	0.864625	1
0	63314	0.86475	1
0	63323	0.864875	1
0	63332	0.865	1
0	63341	0.865125	1
0	63350	0.86525	1
0	63359	0.865375	1
0	63368	0.8655	1
0	63377	0.865625	1
0	63386	0.86575	1
0	63395	0.865875	1
0	63404	0.866	1
0	63413	0.866125	1
0	63422	0.86625	1
0	63431	0.866375	1
0	63440	0.8665	1
0	63449	0.866625	1
0	63458	0.86675	1
0	63467	0.866875	1
0	63476	0.867	1
0	63489	0.867125	1
0	63498	0.86725	1
0	63507	0.867375	1
0	63516	0.8675	1
0	63525	0.867625	1
0	63534	0.86775	1
0	63543	0.867875	1
0	63552	0.868	1
0	63561	0.868125	1
0	63570	0.86825	1
0	63579	0.868375	1
0	63588	0.8685	1
0	63597	0.868625	1
0	63606	0.86875	1
0	63615	0.868875	1
0	63624	0.869	1
0	63633	0.869125	1
0	63642	0.86925	1
0	63651	0.869375	1
0	63660	0.8695	1
0	63669	0.869625	1
0	63678	0.86975	1
0	63687	0.869875	1
0	63696	0.87	1
0	63705	0.870125	1
0	63714	0.87025	1
0	63727	0.870375	1
0	63736	0.8705	1
0	63745	0.870625	1
0	63754	0.87075	1
0	63763	0.870875	1
0	63772	0.871	1
0	63781	0.871125	1
0	63790	0.87125	1
0	63799	0.871375	1
0	63808	0.8715	1
0	63817	0.871625	1
0	63826	0.87175	1
0	63835	0.871875	1
0	63844	0.872	1
0	63853	0.872125	1
0	63862	0.87225	1
0	63871	0.872375	1
0	63880	0.8725	1
0	63889	0.872625	1
0	63898	0.87275	1
0	63907	0.872875	1
0	63916	0.873	1
0	63925	0.873125	1
0	63934	0.87325	1
0	63943	0.873375	1
0	63952	0.8735	1
0	63965	0.873625	1
0	63974	0.87375	1
0	63983	0.873875	1
0	63992	0.874	1
0	64001	0.874125	1
0	64010	0.87425	1
0	64019	0.874375	1
0	64028	0.8745	1
0	64037	0.874625	1
0	64046	0.87475	1
0	64055	0.874875	1
0	64064	0.875	1
0	64073	0.875125	1
0	64082	0.87525	1
0	64091	0.875375	1
0	64100	0.8755	1
0	64109	0.875625	1
0	64118	0.87575	1
0	64127	0.875875	1
0	64136	0.876	1
0	64145	0.876125	1
0	64154	0.87625	1
0	64163	0.876375	1
0	64172	0.8765	1
0	64181	0.876625	1
0	64190	0.87675	1
0	64203	0.876875	1
0	64212	0.877	1
0	64221	0.877125	1
0	64230	0.87725	1
0	64239	0.877375	1
0	64248	0.8775	1
0	64257	0.877625	1
0	64266	0.87775	1
0	64275	0.877875	1
0	64284	0.878	1
0	64293	0.878125	1
0	64302	0.87825	1
0	64311	0.878375	1
0	64320	0.8785	1
0	64329	0.878625	1
0	64338	0.87875	1
0	64347	0.878875	1
0	64356	0.879	1
0	64365	0.879125	1
0	64374	0.87925	1
0	64383	0.879375	1
0	64392	0.8795	1
0	64401	0.879625	1
0	64410	0.87975	1
0	64419	0.879875	1
0	64428	0.88	1
0	64441	0.880125	1
0	64450	0.88025	1
0	64459	0.880375	1
0	64468	0.8805	1
0	64477	0.880625	1
0	64486	0.88075	1
0	64495	0.880875	1
0	64504	0.881	1
0	64513	0.881125	1
0	64522	0.88125	1
0	64531	0.881375	1
0	64540	0.8815	1
0	64549	0.881625	1
0	64558	0.88175	1
0	64567	0.881875	1
0	64576	0.882	1
0	64585	0.882125	1
0	64594	0.88225	1
0	64603	0.882375	1
0	64612	0.8825	1
0	64621	0.882625	1
0	64630	0.88275	1
0	64639	0.882875	1
0	64648	0.883	1
0	64657	0.883125	1
0	64666	0.88325	1
0	64679	0.883375	1
0	64688	0.8835	1
0	64697	0.883625	1
0	64706	0.88375	1
0	64715	0.883875	1
0	64724	0.884	1
0	64733	0.884125	1
0	64742	0.88425	1
0	64751	0.884375	1
0	64760	0.8845	1
0	64769	0.884625	1
0	64778	0.88475	1
0	64787	0.884875	1
0	64796	0.885	1
0	64805	0.885125	1
0	64814	0.88525	1
0	64823	0.885375	1
0	64832	0.8855	1
0	64841	0.885625	1
0	64850	0.88575	1
0	64859	0.885875	1
0	64868	0.886	1
0	64877	0.886125	1
0	64886	0.88625	1
0	64895	0.886375	1
0	64904	0.8865	1
0	64913	0.886625	1
0	64926	0.88675	1
0	64935	0.886875	1
0	64944	0.887	1
0	64953	0.887125	1
0	64962	0.88725	1
0	64971	0.887375	1
0	64980	0.8875	1
0	64989	0.887625	1
0	64998	0.88775	1
0	65007	0.887875	1
0	65016	0.888	1
0	65025	0.888125	1
0	65034	0.88825	1
0	65043	0.888375	1
0	65052	0.8885	1
0	65061	0.888625	1
0	65070	0.88875	1
0	65079	0.888875	1
0	65088	0.889	1
0	65097	0.889125	1
0	65106	0.88925	1
0	65115	0.889375	1
0	65124	0.8895	1
0	65133	0.889625	1
0	65142	0.88975	1
0	65151	0.889875	1
0	65164	0.89	1
0	65173	0.890125	1
0	65182	0.89025	1
0	65191	0.890375	1
0	65200	0.8905	1
0	65209	0.890625	1
0	65218	0.89075	1
0	65227	0.890875	1
0	65236	0.891	1
0	65245	0.891125	1
0	65254	0.89125	1
0	65263	0.891375	1
0	65272	0.8915	1
0	65281	0.891625	1
0	65290	0.89175	1
0	65299	0.891875	1
0	65308	0.892	1
0	65317	0.892125	1
0	65326	0.89225	1
0	65335	0.892375	1
0	65344	0.8925	1
0	65353	0.892625	1
0	65362	0.89275	1
0	65371	0.892875	1
0	65380	0.893	1
0	65389	0.893125	1
0	65402	0.89325	1
0	65411	0.893375	1
0	65420	0.8935	1
0	65429	0.893625	1
0	65438	0.89375	1
0	65447	0.893875	1
0	65456	0.894	1
0	65465	0.894125	1
0	65474	0.89425	1
0	65483	0.894375	1
0	65492	0.8945	1
0	65501	0.894625	1
0	65510	0.89475	1
0	65519	0.894875	1
0	65528	0.895	1
0	65537	0.895125	1
0	65546	0.89525	1
0	65555	0.895375	1
0	65564	0.8955	1
0	65573	0.895625	1
0	65582	0.89575	1
0	65591	0.895875	1
0	65600	0.896	1
0	65609	0.896125	1
0	65618	0.89625	1
0	65627	0.896375	1
0	65640	0.8965	1
0	65649	0.896625	1
0	65658	0.89675	1
0	65667	0.896875	1
0	65676	0.897	1
0	65685	0.897125	1
0	65694	0.89725	1
0	65703	0.897375	1
0	65712	0.8975	1
0	65721	0.897625	1
0	65730	0.89775	1
0	65739	0.897875	1
0	65748	0.898	1
0	65757	0.898125	1
0	65766	0.89825	1
0	65775	0.898375	1
0	65784	0.8985	1
0	65793	0.898625	1
0	65802	0.89875	1
0	65811	0.898875	1
0	65820	0.899	1
0	65829	0.899125	1
0	65838	0.89925	1
0	65847	0.899375	1
0	65856	0.8995	1
0	65865	0.899625	1
0	65878	0.89975	1
0	65887	0.899875	1
0	65896	0.9	1
0	65905	0.900125	1
0	65914	0.90025	1
0	65923	0.900375	1
0	65932	0.9005	1
0	65941	0.900625	1
0	65950	0.90075	1
0	65959	0.900875	1
0	65968	0.901	1
0	65977	0.901125	1
0	65986	0.90125	1
0	65995	0.901375	1
0	66004	0.9015	1
0	66013	0.901625	1
0	66022	0.90175	1
0	66031	0.901875	1
0	66040	0.902	1
0	66049	0.902125	1
0	66058	0.90225	1
0	66067	0.902375	1
0	66076	0.9025	1
0	66085	0.902625	1
0	66094	0.90275	1
0	66103	0.902875	1
0	66112	0.903	1
0	66125	0.903125	1
0	66134	0.90325	1
0	66143	0.903375	1
0	66152	0.9035	1
0	66161	0.903625	1
0	66170	0.90375	1
0	66179	0.903875	1
0	66188	0.904	1
0	66197	0.904125	1
0	66206	0.90425	1
0	66215	0.904375	1
0	66224	0.9045	1
0	66233	0.904625	1
0	66242	0.90475	1
0	66251	0.904875	1
0	66260	0.905	1
0	66269	0.905125	1
0	66278	0.90525	1
0	66287	0.905375	1
0	66296	0.9055	1
0	66305	0.905625	1
0	66314	0.90575	1
0	66323	0.905875	1
0	66332	0.906	1
0	66341	0.906125	1
0	66350	0.90625	1
0	66363	0.906375	1
0	66372	0.9065	1
0	66381	0.906625	1
0	66390	0.90675	1
0	66399	0.906875	1
0	66408	0.907	1
0	66417	0.907125	1
0	66426	0.90725	1
0	66435	0.907375	1
0	66444	0.9075	1
0	66453	0.907625	1
0	66462	0.90775	1
0	66471	0.907875	1
0	66480	0.908	1
0	66489	0.908125	1
0	66498	0.90825	1
0	66507	0.908375	1
0	66516	0.9085	1
0	66525	0.908625	1
0	66534	0.90875	1
0	66543	0.908875	1
0	66552	0.909	1
0	66561	0.909125	1
0	66570	0.90925	1
0	66579	0.909375	1
0	66588	0.9095	1
0	66601	0.909625	1
0	66610	0.90975	1
0	66619	0.909875	1
0	66628	0.91	1
0	66637	0.910125	1
0	66646	0.91025	1
0	66655	0.910375	1
0	66664	0.9105	1
0	66673	0.910625	1
0	66682	0.91075	1
0	66691	0.910875	1
0	66700	0.911	1
0	66709	0.911125	1
0	66718	0.91125	1
0	66727	0.911375	1
0	66736	0.9115	1
0	66745	0.911625	1
0	66754	0.91175	1
0	66763	0.911875	1
0	66772	0.912	1
0	66781	0.912125	1
0	66790	0.91225	1
0	66799	0.912375	1
0	66808	0.9125	1
0	66817	0.912625	1
0	66826	0.91275	1
0	66839	0.912875	1
0	66848	0.913	1
0	66857	0.913125	1
0	66866	0.91325	1
0	66875	0.913375	1
0	66884	0.9135	1
0	66893	0.913625	1
0	66902	0.91375	1
0	66911	0.913875	1
0	66920	0.914	1
0	66929	0.914125	1
0	66938	0.91425	1
0	66947	0.914375	1
0	66956	0.9145	1
0	66965	0.914625	1
0	66974	0.91475	1
0	66983	0.914875	1
0	66992	0.915	1
0	67001	0.915125	1
0	67010	0.91525	1
0	67019	0.915375	1
0	67028	0.9155	1
0	67037	0.915625	1
0	67046	0.91575	1
0	67055	0.915875	1
0	67064	0.916	1
0	67077	0.916125	1
0	67086	0.91625	1
0	67095	0.916375	1
0	67104	0.9165	1
0	67113	0.916625	1
0	67122	0.91675	1
0	67131	0.916875	1
0	67140	0.917	1
0	67149	0.917125	1
0	67158	0.91725	1
0	67167	0.917375	1
0	67176	0.9175	1
0	67185	0.917625	1
0	67194	0.91775	1
0	67203	0.917875	1
0	67212	0.918	1
0	67221	0.918125	1
0	67230	0.91825	1
0	67239	0.918375	1
0	67248	0.9185	1
0	67257	0.918625	1
0	67266	0.91875	1
0	67275	0.918875	1
0	67284	0.919	1
0	67293	0.919125	1
0	67302	0.91925	1
0	67315	0.919375	1
0	67324	0.9195	1
0	67333	0.919625	1
0	67342	0.91975	1
0	67351	0.919875	1
0	67360	0.92	1
0	67369	0.920125	1
0	67378	0.92025	1
0	67387	0.920375	1
0	67396	0.9205	1
0	67405	0.920625	1
0	67414	0.92075	1
0	67423	0.920875	1
0	67432	0.921	1
0	67441	0.921125	1
0	67450	0.92125	1
0	67459	0.921375	1
0	67468	0.9215	1
0	67477	0.921625	1
0	67486	0.92175	1
0	67495	0.921875	1
0	67504	0.922	1
0	67513	0.922125	1
0	67522	0.92225	1
0	67531	0.922375	1
0	67540	0.9225	1
0	67549	0.922625	1
0	67562	0.92275	1
0	67571	0.922875	1
0	67580	0.923	1
0	67589	0.923125	1
0	67598	0.92325	1
0	67607	0.923375	1
0	67616	0.9235	1
0	67625	0.923625	1
0	67634	0.92375	1
0	67643	0.923875	1
0	67652	0.924	1
0	67661	0.924125	1
0	67670	0.92425	1
0	67679	0.924375	1
0	67688	0.9245	1
0	67697	0.924625	1
0	67706	0.92475	1
0	67715	0.924875	1
0	67724	0.925	1
0	67733	0.925125	1
0	67742	0.92525	1
0	67751	0.925375	1
0	67760	0.9255	1
0	67769	0.925625	1
0	67778	0.92575	1
0	67787	0.925875	1
0	67800	0.926	1
0	67809	0.926125	1
0	67818	0.92625	1
0	67827	0.926375	1
0	67836	0.9265	1
0	67845	0.926625	1
0	67854	0.92675	1
0	67863	0.926875	1
0	67872	0.927	1
0	67881	0.927125	1
0	67890	0.92725	1
0	67899	0.927375	1
0	67908	0.9275	1
0	67917	0.927625	1
0	67926	0.92775	1
0	67935	0.927875	1
0	67944	0.928	1
0	67953	0.928125	1
0	67962	0.92825	1
0	67971	0.928375	1
0	67980	0.9285	1
0	67989	0.928625	1
0	67998	0.92875	1
0	68007	0.928875	1
0	68016	0.929	1
0	68025	0.929125	1
0	68038	0.92925	1
0	68047	0.929375	1
0	68056	0.9295	1
0	68065	0.929625	1
0	68074	0.92975	1
0	68083	0.929875	1
0	68092	0.93	1
0	68101	0.930125	1
0	68110	0.93025	1
0	68119	0.930375	1
0	68128	0.9305	1
0	68137	0.930625	1
0	68146	0.93075	1
0	68155	0.930875	1
0	68164	0.931	1
0	68173	0.931125	1
0	68182	0.93125	1
0	68191	0.931375	1
0	68200	0.9315	1
0	68209	0.931625	1
0	68218	0.93175	1
0	68227	0.931875	1
0	68236	0.932	1
0	68245	0.932125	1
0	68254	0.93225	1
0	68263	0.932375	1
0	68276	0.9325	1
0	68285	0.932625	1
0	68294	0.93275	1
0	68303	0.932875	1
0	68312	0.933	1
0	68321	0.933125	1
0	68330	0.93325	1
0	68339	0.933375	1
0	68348	0.9335	1
0	68357	0.933625	1
0	68366	0.93375	1
0	68375	0.933875	1
0	68384	0.934	1
0	68393	0.934125	1
0	68402	0.93425	1
0	68411	0.934375	1
0	68420	0.9345	1
0	68429	0.934625	1
0	68438	0.93475	1
0	68447	0.934875	1
0	68456	0.935	1
0	68465	0.935125	1
0	68474	0.93525	1
0	68483	0.935375	1
0	68492	0.9355	1
0	68501	0.935625	1
0	68514	0.93575	1
0	68523	0.935875	1
0	68532	0.936	1
0	68541	0.936125	1
0	68550	0.93625	1
0	68559	0.936375	1
0	68568	0.9365	1
0	68577	0.936625	1
0	68586	0.93675	1
0	68595	0.936875	1
0	68604	0.937	1
0	68613	0.937125	1
0	68622	0.93725	1
0	68631	0.937375	1
0	68640	0.9375	1
0	68649	0.937625	1
0	68658	0.93775	1
0	68667	0.937875	1
0	68676	0.938	1
0	68685	0.938125	1
0	68694	0.93825	1
0	68703	0.938375	1
0	68712	0.9385	1
0	68721	0.938625	1
0	68730	0.93875	1
0	68739	0.938875	1
0	68752	0.939	1
0	68761	0.939125	1
0	68770	0.93925	1
0	68779	0.939375	1
0	68788	0.9395	1
0	68797	0.939625	1
0	68806	0.93975	1
0	68815	0.939875	1
0	68824	0.94	1
0	68833	0.940125	1
0	68842	0.94025	1
0	68851	0.940375	1
0	68860	0.9405	1
0	68869	0.940625	1
0	68878	0.94075	1
0	68887	0.940875	1
0	68896	0.941	1
0	68905	0.941125	1
0	68914	0.94125	1
0	68923	0.941375	1
0	68932	0.9415	1
0	68941	0.941625	1
0	68950	0.94175	1
0	68959	0.941875	1
0	68968	0.942	1
0	68977	0.942125	1
0	68986	0.94225	1
0	68999	0.942375	1
0	69008	0.9425	1
0	69017	0.942625	1
0	69026	0.94275	1
0	69035	0.942875	1
0	69044	0.943	1
0	69053	0.943125	1
0	69062	0.94325	1
0	69071	0.943375	1
0	69080	0.9435	1
0	69089	0.943625	1
0	69098	0.94375	1
0	69107	0.943875	1
0	69116	0.944	1
0	69125	0.944125	1
0	69134	0.94425	1
0	69143	0.944375	1
0	69152	0.9445	1
0	69161	0.944625	1
0	69170	0.94475	1
0	69179	0.944875	1
0	69188	0.945	1
0	69197	0.945125	1
0	69206	0.94525	1
0	69215	0.945375	1
0	69224	0.9455	1
0	69237	0.945625	1
0	69246	0.94575	1
0	69255	0.945875	1
0	69264	0.946	1
0	69273	0.946125	1
0	69282	0.94625	1
0	69291	0.946375	1
0	69300	0.9465	1
0	69309	0.946625	1
0	69318	0.94675	1
0	69327	0.946875	1
0	69336	0.947	1
0	69345	0.947125	1
0	69354	0.94725	1
0	69363	0.947375	1
0	69372	0.9475	1
0	69381	0.947625	1
0	69390	0.94775	1
0	69399	0.947875	1
0	69408	0.948	1
0	69417	0.948125	1
0	69426	0.94825	1
0	69435	0.948375	1
0	69444	0.9485	1
0	69453	0.948625	1
0	69462	0.94875	1
0	69475	0.948875	1
0	69484	0.949	1
0	69493	0.949125	1
0	69502	0.94925	1
0	69511	0.949375	1
0	69520	0.9495	1
0	69529	0.949625	1
0	69538	0.94975	1
0	69547	0.949875	1
0	69556	0.95	1
0	69565	0.950125	1
0	69574	0.95025	1
0	69583	0.950375	1
0	69592	0.9505	1
0	69601	0.950625	1
0	69610	0.95075	1
0	69619	0.950875	1
0	69628	0.951	1
0	69637	0.951125	1
0	69646	0.95125	1
0	69655	0.951375	1
0	69664	0.9515	1
0	69673	0.951625	1
0	69682	0.95175	1
0	69691	0.951875	1
0	69700	0.952	1
0	69713	0.952125	1
0	69722	0.95225	1
0	69731	0.952375	1
0	69740	0.9525	1
0	69749	0.952625	1
0	69758	0.95275	1
0	69767	0.952875	1
0	69776	0.953	1
0	69785	0.953125	1
0	69794	0.95325	1
0	69803	0.953375	1
0	69812	0.9535	1
0	69821	0.953625	1
0	69830	0.95375	1
0	69839	0.953875	1
0	69848	0.954	1
0	69857	0.954125	1
0	69866	0.95425	1
0	69875	0.954375	1
0	69884	0.9545	1
0	69893	0.954625	1
0	69902	0.95475	1
0	69911	0.954875	1
0	69920	0.955	1
0	69929	0.955125	1
0	69938	0.95525	1
0	69951	0.955375	1
0	69960	0.9555	1
0	69969	0.955625	1
0	69978	0.95575	1
0	69987	0.955875	1
0	69996	0.956	1
0	70005	0.956125	1
0	70014	0.95625	1
0	70023	0.956375	1
0	70032	0.9565	1
0	70041	0.956625	1
0	70050	0.95675	1
0	70059	0.956875	1
0	70068	0.957	1
0	70077	0.957125	1
0	70086	0.95725	1
0	70095	0.957375	1
0	70104	0.9575	1
0	70113	0.957625	1
0	70122	0.95775	1
0	70131	0.957875	1
0	70140	0.958	1
0	70149	0.958125	1
0	70158	0.95825	1
0	70167	0.958375	1
0	70176	0.9585	1
0	70189	0.958625	1
0	70198	0.95875	1
0	70207	0.958875	1
0	70216	0.959	1
0	70225	0.959125	1
0	70234	0.95925	1
0	70243	0.959375	1
0	70252	0.9595	1
0	70261	0.959625	1
0	70270	0.95975	1
0	70279	0.959875	1
0	70288	0.96	1
0	70297	0.960125	1
0	70306	0.96025	1
0	70315	0.960375	1
0	70324	0.9605	1
0	70333	0.960625	1
0	70342	0.96075	1
0	70351	0.960875	1
0	70360	0.961	1
0	70369	0.961125	1
0	70378	0.96125	1
0	70387	0.961375	1
0	70396	0.9615	1
0	70405	0.961625	1
0	70414	0.96175	1
0	70423	0.961875	1
0	70436	0.962	1
0	70445	0.962125	1
0	70454	0.96225	1
0	70463	0.962375	1
0	70472	0.9625	1
0	70481	0.962625	1
0	70490	0.96275	1
0	70499	0.962875	1
0	70508	0.963	1
0	70517	0.963125	1
0	70526	0.96325	1
0	70535	0.963375	1
0	70544	0.9635	1
0	70553	0.963625	1
0	70562	0.96375	1
0	70571	0.963875	1
0	70580	0.964	1
0	70589	0.964125	1
0	70598	0.96425	1
0	70607	0.964375	1
0	70616	0.9645	1
0	70625	0.964625	1
0	70634	0.96475	1
0	70643	0.964875	1
0	70652	0.965	1
0	70661	0.965125	1
0	70674	0.96525	1
0	70683	0.965375	1
0	70692	0.9655	1
0	70701	0.965625	1
0	70710	0.96575	1
0	70719	0.965875	1
0	70728	0.966	1
0	70737	0.966125	1
0	70746	0.96625	1
0	70755	0.966375	1
0	70764	0.9665	1
0	70773	0.966625	1
0	70782	0.96675	1
0	70791	0.966875	1
0	70800	0.967	1
0	70809	0.967125	1
0	70818	0.96725	1
0	70827	0.967375	1
0	70836	0.9675	1
0	70845	0.967625	1
0	70854	0.96775	1
0	70863	0.967875	1
0	70872	0.968	1
0	70881	0.968125	1
0	70890	0.96825	1
0	70899	0.968375	1
0	70912	0.9685	1
0	70921	0.968625	1
0	70930	0.96875	1
0	70939	0.968875	1
0	70948	0.969	1
0	70957	0.969125	1
0	70966	0.96925	1
0	70975	0.969375	1
0	70984	0.9695	1
0	70993	0.969625	1
0	71002	0.96975	1
0	71011	0.969875	1
0	71020	0.97	1
0	71029	0.970125	1
0	71038	0.97025	1
0	71047	0.970375	1
0	71056	0.9705	1
0	71065	0.970625	1
0	71074	0.97075	1
0	71083	0.970875	1
0	71092	0.971	1
0	71101	0.971125	1
0	71110	0.97125	1
0	71119	0.971375	1
0	71128	0.9715	1
0	71137	0.971625	1
0	71150	0.97175	1
0	71159	0.971875	1
0	71168	0.972	1
0	71177	0.972125	1
0	71186	0.97225	1
0	71195	0.972375	1
0	71204	0.9725	1
0	71213	0.972625	1
0	71222	0.97275	1
0	71231	0.972875	1
0	71240	0.973	1
0	71249	0.973125	1
0	71258	0.97325	1
0	71267	0.973375	1
0	71276	0.9735	1
0	71285	0.973625	1
0	71294	0.97375	1
0	71303	0.973875	1
0	71312	0.974	1
0	71321	0.974125	1
0	71330	0.97425	1
0	71339	0.974375	1
0	71348	0.9745	1
0	71357	0.974625	1
0	71366	0.97475	1
0	71375	0.974875	1
0	71388	0.975	1
0	71397	0.975125	1
0	71406	0.97525	1
0	71415	0.975375	1
0	71424	0.9755	1
0	71433	0.975625	1
0	71442	0.97575	1
0	71451	0.975875	1
0	71460	0.976	1
0	71469	0.976125	1
0	71478	0.97625	1
0	71487	0.976375	1
0	71496	0.9765	1
0	71505	0.976625	1
0	71514	0.97675	1
0	71523	0.976875	1
0	71532	0.977	1
0	71541	0.977125	1
0	71550	0.97725	1
0	71559	0.977375	1
0	71568	0.9775	1
0	71577	0.977625	1
0	71586	0.97775	1
0	71595	0.977875	1
0	71604	0.978	1
0	71613	0.978125	1
0	71622	0.97825	1
0	71635	0.978375	1
0	71644	0.9785	1
0	71653	0.978625	1
0	71662	0.97875	1
0	71671	0.978875	1
0	71680	0.979	1
0	71689	0.979125	1
0	71698	0.97925	1
0	71707	0.979375	1
0	71716	0.9795	1
0	71725	0.979625	1
0	71734	0.97975	1
0	71743	0.979875	1
0	71752	0.98	1
0	71761	0.980125	1
0	71770	0.98025	1
0	71779	0.980375	1
0	71788	0.9805	1
0	71797	0.980625	1
0	71806	0.98075	1
0	71815	0.980875	1
0	71824	0.981	1
0	71833	0.981125	1
0	71842	0.98125	1
0	71851	0.981375	1
0	71860	0.9815	1
0	71873	0.981625	1
0	71882	0.98175	1
0	71891	0.981875	1
0	71900	0.982	1
0	71909	0.982125	1
0	71918	0.98225	1
0	71927	0.982375	1
0	71936	0.9825	1
0	71945	0.982625	1
0	71954	0.98275	1
0	71963	0.982875	1
0	71972	0.983	1
0	71981	0.983125	1
0	71990	0.98325	1
0	71999	0.983375	1
0	72008	0.9835	1
0	72017	0.983625	1
0	72026	0.98375	1
0	72035	0.983875	1
0	72044	0.984	1
0	72053	0.984125	1
0	72062	0.98425	1
0	72071	0.984375	1
0	72080	0.9845	1
0	72089	0.984625	1
0	72098	0.98475	1
0	72111	0.984875	1
0	72120	0.985	1
0	72129	0.985125	1
0	72138	0.98525	1
0	72147	0.985375	1
0	72156	0.9855	1
0	72165	0.985625	1
0	72174	0.98575	1
0	72183	0.985875	1
0	72192	0.986	1
0	72201	0.986125	1
0	72210	0.98625	1
0	72219	0.986375	1
0	72228	0.9865	1
0	72237	0.986625	1
0	72246	0.98675	1
0	72255	0.986875	1
0	72264	0.987	1
0	72273	0.987125	1
0	72282	0.98725	1
0	72291	0.987375	1
0	72300	0.9875	1
0	72309	0.987625	1
0	72318	0.98775	1
0	72327	0.987875	1
0	72336	0.988	1
0	72349	0.988125	1
0	72358	0.98825	1
0	72367	0.988375	1
0	72376	0.9885	1
0	72385	0.988625	1
0	72394	0.98875	1
0	72403	0.988875	1
0	72412	0.989	1
0	72421	0.989125	1
0	72430	0.98925	1
0	72439	0.989375	1
0	72448	0.9895	1
0	72457	0.989625	1
0	72466	0.98975	1
0	72475	0.989875	1
0	72484	0.99	1
0	72493	0.990125	1
0	72502	0.99025	1
0	72511	0.990375	1
0	72520	0.9905	1
0	72529	0.990625	1
0	72538	0.99075	1
0	72547	0.990875	1
0	72556	0.991	1
0	72565	0.991125	1
0	72574	0.99125	1
0	72587	0.991375	1
0	72596	0.9915	1
0	72605	0.991625	1
0	72614	0.99175	1
0	72623	0.991875	1
0	72632	0.992	1
0	72641	0.992125	1
0	72650	0.99225	1
0	72659	0.992375	1
0	72668	0.9925	1
0	72677	0.992625	1
0	72686	0.99275	1
0	72695	0.992875	1
0	72704	0.993	1
0	72713	0.993125	1
0	72722	0.99325	1
0	72731	0.993375	1
0	72740	0.9935	1
0	72749	0.993625	1
0	72758	0.99375	1
0	72767	0.993875	1
0	72776	0.994	1
0	72785	0.994125	1
0	72794	0.99425	1
0	72803	0.994375	1
0	72812	0.9945	1
0	72825	0.994625	1
0	72834	0.99475	1
0	72843	0.994875	1
0	72852	0.995	1
0	72861	0.995125	1
0	72870	0.99525	1
0	72879	0.995375	1
0	72888	0.9955	1
0	72897	0.995625	1
0	72906	0.99575	1
0	72915	0.995875	1
0	72924	0.996	1
0	72933	0.996125	1
0	72942	0.99625	1
0	72951	0.996375	1
0	72960	0.9965	1
0	72969	0.996625	1
0	72978	0.99675	1
0	72987	0.996875	1
0	72996	0.997	1
0	73005	0.997125	1
0	73014	0.99725	1
0	73023	0.997375	1
0	73032	0.9975	1
0	73041	0.997625	1
0	73050	0.99775	1
0	73059	0.997875	1
0	73072	0.998	1
0	73081	0.998125	1
0	73090	0.99825	1
0	73099	0.998375	1
0	73108	0.9985	1
0	73117	0.998625	1
0	73126	0.99875	1
0	73135	0.998875	1
0	73144	0.999	1
0	73153	0.999125	1
0	73162	0.99925	1
0	73171	0.999375	1
0	73180	0.9995	1
0	73189	0.999625	1
0	73198	0.99975	1
0	73207	0.999875	1
0	73216	1	1
1	5	0.000125	1
1	14	0.00025	2
1	23	0.000375	3
1	32	0.0005	4
1	41	0.000625	5
1	50	0.00075	6
1	59	0.000875	7
1	68	0.001	8
1	77	0.001125	9
1	86	0.00125	10
1	95	0.001375	11
1	104	0.0015	12
1	113	0.001625	13
1	122	0.00175	14
1	131	0.001875	15
1	140	0.002	16
1	149	0.002125	17
1	158	0.00225	18
1	167	0.002375	19
1	176	0.0025	20
1	185	0.002625	21
1	194	0.00275	22
1	203	0.002875	23
1	212	0.003	24
1	221	0.003125	25
1	230	0.00325	26
1	243	0.003375	27
1	252	0.0035	28
1	261	0.003625	29
1	270	0.00375	30
1	279	0.003875	31
1	288	0.004	32
1	297	0.004125	33
1	306	0.00425	34
1	315	0.004375	35
1	324	0.0045	36
1	333	0.004625	37
1	342	0.00475	38
1	351	0.004875	39
1	360	0.005	40
1	369	0.005125	41
1	378	0.00525	42
1	387	0.005375	43
1	396	0.0055	44
1	405	0.005625	45
1	414	0.00575	46
1	423	0.005875	47
1	432	0.006	48
1	441	0.006125	49
1	450	0.00625	50
1	459	0.006375	51
1	468	0.0065	52
1	481	0.006625	53
1	490	0.00675	54
1	499	0.006875	55
1	508	0.007	56
1	517	0.007125	57
1	526	0.00725	58
1	535	0.007375	59
1	544	0.0075	60
1	553	0.007625	61
1	562	0.00775	62
1	571	0.007875	63
1	580	0.008	64
1	589	0.008125	65
1	598	0.00825	66
1	607	0.008375	67
1	616	0.0085	68
1	625	0.008625	69
1	634	0.00875	70
1	643	0.008875	71
1	652	0.009	72
1	661	0.009125	73
1	670	0.00925	74
1	679	0.009375	75
1	688	0.0095	76
1	697	0.009625	77
1	706	0.00975	78
1	719	0.009875	79
1	728	0.01	80
1	737	0.010125	81
1	746	0.01025	82
1	755	0.010375	83
1	764	0.0105	84
1	773	0.010625	85
1	782	0.01075	86
1	791	0.010875	87
1	800	0.011	88
1	809	0.011125	89
1	818	0.01125	90
1	827	0.011375	91
1	836	0.0115	92
1	845	0.011625	93
1	854	0.01175	94
1	863	0.011875	95
1	872	0.012	96
1	881	0.012125	97
1	890	0.01225	98
1	899	0.012375	99
1	908	0.0125	100
1	917	0.012625	101
1	926	0.01275	102
1	935	0.012875	103
1	944	0.013	104
1	957	0.013125	105
1	966	0.01325	106
1	975	0.013375	107
1	984	0.0135	108
1	993	0.013625	109
1	1002	0.01375	110
1	1011	0.013875	111
1	1020	0.014	112
1	1029	0.014125	113
1	1038	0.01425	114
1	1047	0.014375	115
1	1056	0.0145	116
1	1065	0.014625	117
1	1074	0.01475	118
1	1083	0.014875	119
1	1092	0.015	120
1	1101	0.015125	121
1	1110	0.01525	122
1	1119	0.015375	123
1	1128	0.0155	124
1	1137	0.015625	125
1	1146	0.01575	126
1	1155	0.015875	127
1	1164	0.016	128
1	1173	0.016125	129
1	1182	0.01625	130
1	1195	0.016375	131
1	1204	0.0165	132
1	1213	0.016625	133
1	1222	0.01675	134
1	1231	0.016875	135
1	1240	0.017	136
1	1249	0.017125	137
1	1258	0.01725	138
1	1267	0.017375	139
1	1276	0.0175	140
1	1285	0.017625	141
1	1294	0.01775	142
1	1303	0.017875	143
1	1312	0.018	144
1	1321	0.018125	145
1	1330	0.01825	146
1	1339	0.018375	147
1	1348	0.0185	148
1	1357	0.018625	149
1	1366	0.01875	150
1	1375	0.018875	151
1	1384	0.019	152
1	1393	0.019125	153
1	1402	0.01925	154
1	1411	0.019375	155
1	1420	0.0195	156
1	1429	0.019625	157
1	1442	0.01975	158
1	1451	0.019875	159
1	1460	0.02	160
1	1469	0.020125	161
1	1478	0.02025	162
1	1487	0.020375	163
1	1496	0.0205	164
1	1505	0.020625	165
1	1514	0.02075	166
1	1523	0.020875	167
1	1532	0.021	168
1	1541	0.021125	169
1	1550	0.02125	170
1	1559	0.021375	171
1	1568	0.0215	172
1	1577	0.021625	173
1	1586	0.02175	174
1	1595	0.021875	175
1	1604	0.022	176
1	1613	0.022125	177
1	1622	0.02225	178
1	1631	0.022375	179
1	1640	0.0225	180
1	1649	0.022625	181
1	1658	0.02275	182
1	1667	0.022875	183
1	1680	0.023	184
1	1689	0.023125	185
1	1698	0.02325	186
1	1707	0.023375	187
1	1716	0.0235	188
1	1725	0.023625	189
1	1734	0.02375	190
1	1743	0.023875	191
1	1752	0.024	192
1	1761	0.024125	193
1	1770	0.02425	194
1	1779	0.024375	195
1	1788	0.0245	196
1	1797	0.024625	197
1	1806	0.02475	198
1	1815	0.024875	199
1	1824	0.025	200
1	1833	0.025125	201
1	1842	0.02525	202
1	1851	0.025375	203
1	1860	0.0255	204
1	1869	0.025625	205
1	1878	0.02575	206
1	1887	0.025875	207
1	1896	0.026	208
1	1905	0.026125	209
1	1918	0.02625	210
1	1927	0.026375	211
1	1936	0.0265	212
1	1945	0.026625	213
1	1954	0.02675	214
1	1963	0.026875	215
1	1972	0.027	216
1	1981	0.027125	217
1	1990	0.02725	218
1	1999	0.027375	219
1	2008	0.0275	220
1	2017	0.027625	221
1	2026	0.02775	222
1	2035	0.027875	223
1	2044	0.028	224
1	2053	0.028125	225
1	2062	0.02825	226
1	2071	0.028375	227
1	2080	0.0285	228
1	2089	0.028625	229
1	2098	0.02875	230
1	2107	0.028875	231
1	2116	0.029	232
1	2125	0.029125	233
1	2134	0.02925	234
1	2143	0.029375	235
1	2156	0.0295	236
1	2165	0.029625	237
1	2174	0.02975	238
1	2183	0.029875	239
1	2192	0.03	240
1	2201	0.030125	241
1	2210	0.03025	242
1	2219	0.030375	243
1	2228	0.0305	244
1	2237	0.030625	245
1	2246	0.03075	246
1	2255	0.030875	247
1	2264	0.031	248
1	2273	0.031125	249
1	2282	0.03125	250
1	2291	0.031375	251
1	2300	0.0315	252
1	2309	0.031625	253
1	2318	0.03175	254
1	2327	0.031875	255
1	2336	0.032	256
1	2345	0.032125	257
1	2354	0.03225	258
1	2363	0.032375	259
1	2372	0.0325	260
1	2381	0.032625	261
1	2394	0.03275	262
1	2403	0.032875	263
1	2412	0.033	264
1	2421	0.033125	265
1	2430	0.03325	266
1	2439	0.033375	267
1	2448	0.0335	268
1	2457	0.033625	269
1	2466	0.03375	270
1	2475	0.033875	271
1	2484	0.034	272
1	2493	0.034125	273
1	2502	0.03425	274
1	2511	0.034375	275
1	2520	0.0345	276
1	2529	0.034625	277
1	2538	0.03475	278
1	2547	0.034875	279
1	2556	0.035	280
1	2565	0.035125	281
1	2574	0.03525	282
1	2583	0.035375	283
1	2592	0.0355	284
1	2601	0.035625	285
1	2610	0.03575	286
1	2619	0.035875	287
1	2632	0.036	288
1	2641	0.036125	289
1	2650	0.03625	290
1	2659	0.036375	291
1	2668	0.0365	292
1	2677	0.036625	293
1	2686	0.03675	294
1	2695	0.036875	295
1	2704	0.037	296
1	2713	0.037125	297
1	2722	0.03725	298
1	2731	0.037375	299
1	2740	0.0375	300
1	2749	0.037625	301
1	2758	0.03775	302
1	2767	0.037875	303
1	2776	0.038	304
1	2785	0.038125	305
1	2794	0.03825	306
1	2803	0.038375	307
1	2812	0.0385	308
1	2821	0.038625	309
1	2830	0.03875	310
1	2839	0.038875	311
1	2848	0.039	312
1	2857	0.039125	313
1	2866	0.03925	314
1	2879	0.039375	315
1	2888	0.0395	316
1	2897	0.039625	317
1	2906	0.03975	318
1	2915	0.039875	319
1	2924	0.04	320
1	2933	0.040125	321
1	2942	0.04025	322
1	2951	0.040375	323
1	2960	0.0405	324
1	2969	0.040625	325
1	2978	0.04075	326
1	2987	0.040875	327
1	2996	0.041	328
1	3005	0.041125	329
1	3014	0.04125	330
1	3023	0.041375	331
1	3032	0.0415	332
1	3041	0.041625	333
1	3050	0.04175	334
1	3059	0.041875	335
1	3068	0.042	336
1	3077	0.042125	337
1	3086	0.04225	338
1	3095	0.042375	339
1	3104	0.0425	340
1	3117	0.042625	341
1	3126	0.04275	342
1	3135	0.042875	343
1	3144	0.043	344
1	3153	0.043125	345
1	3162	0.04325	346
1	3171	0.043375	347
1	3180	0.0435	348
1	3189	0.043625	349
1	3198	0.04375	350
1	3207	0.043875	351
1	3216	0.044	352
1	3225	0.044125	353
1	3234	0.04425	354
1	3243	0.044375	355
1	3252	0.0445	356
1	3261	0.044625	357
1	3270	0.04475	358
1	3279	0.044875	359
1	3288	0.045	360
1	3297	0.045125	361
1	3306	0.04525	362
1	3315	0.045375	363
1	3324	0.0455	364
1	3333	0.045625	365
1	3342	0.04575	366
1	3355	0.045875	367
1	3364	0.046	368
1	3373	0.046125	369
1	3382	0.04625	370
1	3391	0.046375	371
1	3400	0.0465	372
1	3409	0.046625	373
1	3418	0.04675	374
1	3427	0.046875	375
1	3436	0.047	376
1	3445	0.047125	377
1	3454	0.04725	378
1	3463	0.047375	379
1	3472	0.0475	380
1	3481	0.047625	381
1	3490	0.04775	382
1	3499	0.047875	383
1	3508	0.048	384
1	3517	0.048125	385
1	3526	0.04825	386
1	3535	0.048375	387
1	3544	0.0485	388
1	3553	0.048625	389
1	3562	0.04875	390
1	3571	0.048875	391
1	3580	0.049	392
1	3593	0.049125	393
1	3602	0.04925	394
1	3611	0.049375	395
1	3620	0.0495	396
1	3629	0.049625	397
1	3638	0.04975	398
1	3647	0.049875	399
1	3656	0.05	400
1	3665	0.050125	401
1	3674	0.05025	402
1	3683	0.050375	403
1	3692	0.0505	404
1	3701	0.050625	405
1	3710	0.05075	406
1	3719	0.050875	407
1	3728	0.051	408
1	3737	0.051125	409
1	3746	0.05125	410
1	3755	0.051375	411
1	3764	0.0515	412
1	3773	0.051625	413
1	3782	0.05175	414
1	3791	0.051875	415
1	3800	0.052	416
1	3809	0.052125	417
1	3818	0.05225	418
1	3831	0.052375	419
1	3840	0.0525	420
1	3849	0.052625	421
1	3858	0.05275	422
1	3867	0.052875	423
1	3876	0.053	424
1	3885	0.053125	425
1	3894	0.05325	426
1	3903	0.053375	427
1	3912	0.0535	428
1	3921	0.053625	429
1	3930	0.05375	430
1	3939	0.053875	431
1	3948	0.054	432
1	3957	0.054125	433
1	3966	0.05425	434
1	3975	0.054375	435
1	3984	0.0545	436
1	3993	0.054625	437
1	4002	0.05475	438
1	4011	0.054875	439
1	4020	0.055	440
1	4029	0.055125	441
1	4038	0.05525	442
1	4047	0.055375	443
1	4056	0.0555	444
1	4069	0.055625	445
1	4078	0.05575	446
1	4087	0.055875	447
1	4096	0.056	448
1	4105	0.056125	449
1	4114	0.05625	450
1	4123	0.056375	451
1	4132	0.0565	452
1	4141	0.056625	453
1	4150	0.05675	454
1	4159	0.056875	455
1	4168	0.057	456
1	4177	0.057125	457
1	4186	0.05725	458
1	4195	0.057375	459
1	4204	0.0575	460
1	4213	0.057625	461
1	4222	0.05775	462
1	4231	0.057875	463
1	4240	0.058	464
1	4249	0.058125	465
1	4258	0.05825	466
1	4267	0.058375	467
1	4276	0.0585	468
1	4285	0.058625	469
1	4294	0.05875	470
1	4303	0.058875	471
1	4316	0.059	472
1	4325	0.059125	473
1	4334	0.05925	474
1	4343	0.059375	475
1	4352	0.0595	476
1	4361	0.059625	477
1	4370	0.05975	478
1	4379	0.059875	479
1	4388	0.06	480
1	4397	0.060125	481
1	4406	0.06025	482
1	4415	0.060375	483
1	4424	0.0605	484
1	4433	0.060625	485
1	4442	0.06075	486
1	4451	0.060875	487
1	4460	0.061	488
1	4469	0.061125	489
1	4478	0.06125	490
1	4487	0.061375	491
1	4496	0.0615	492
1	4505	0.061625	493
1	4514	0.06175	494
1	4523	0.061875	495
1	4532	0.062	496
1	4541	0.062125	497
1	4554	0.06225	498
1	4563	0.062375	499
1	4572	0.0625	500
1	4581	0.062625	501
1	4590	0.06275	502
1	4599	0.062875	503
1	4608	0.063	504
1	4617	0.063125	505
1	4626	0.06325	506
1	4635	0.063375	507
1	4644	0.0635	508
1	4653	0.063625	509
1	4662	0.06375	510
1	4671	0.063875	511
1	4680	0.064	512
1	4689	0.064125	513
1	4698	0.06425	514
1	4707	0.064375	515
1	4716	0.0645	516
1	4725	0.064625	517
1	4734	0.06475	518
1	4743	0.064875	519
1	4752	0.065	520
1	4761	0.065125	521
1	4770	0.06525	522
1	4779	0.065375	523
1	4792	0.0655	524
1	4801	0.065625	525
1	4810	0.06575	526
1	4819	0.065875	527
1	4828	0.066	528
1	4837	0.066125	529
1	4846	0.06625	530
1	4855	0.066375	531
1	4864	0.0665	532
1	4873	0.066625	533
1	4882	0.06675	534
1	4891	0.066875	535
1	4900	0.067	536
1	4909	0.067125	537
1	4918	0.06725	538
1	4927	0.067375	539
1	4936	0.0675	540
1	4945	0.067625	541
1	4954	0.06775	542
1	4963	0.067875	543
1	4972	0.068	544
1	4981	0.068125	545
1	4990	0.06825	546
1	4999	0.068375	547
1	5008	0.0685	548
1	5017	0.068625	549
1	5030	0.06875	550
1	5039	0.068875	551
1	5048	0.069	552
1	5057	0.069125	553
1	5066	0.06925	554
1	5075	0.069375	555
1	5084	0.0695	556
1	5093	0.069625	557
1	5102	0.06975	558
1	5111	0.069875	559
1	5120	0.07	560
1	5129	0.070125	561
1	5138	0.07025	562
1	5147	0.070375	563
1	5156	0.0705	564
1	5165	0.070625	565
1	5174	0.07075	566
1	5183	0.070875	567
1	5192	0.071	568
1	5201	0.071125	569
1	5210	0.07125	570
1	5219	0.071375	571
1	5228	0.0715	572
1	5237	0.071625	573
1	5246	0.07175	574
1	5255	0.071875	575
1	5268	0.072	576
1	5277	0.072125	577
1	5286	0.07225	578
1	5295	0.072375	579
1	5304	0.0725	580
1	5313	0.072625	581
1	5322	0.07275	582
1	5331	0.072875	583
1	5340	0.073	584
1	5349	0.073125	585
1	5358	0.07325	586
1	5367	0.073375	587
1	5376	0.0735	588
1	5385	0.073625	589
1	5394	0.07375	590
1	5403	0.073875	591
1	5412	0.074	592
1	5421	0.074125	593
1	5430	0.07425	594
1	5439	0.074375	595
1	5448	0.0745	596
1	5457	0.074625	597
1	5466	0.07475	598
1	5475	0.074875	599
1	5484	0.075	600
1	5493	0.075125	601
1	5502	0.07525	602
1	5515	0.075375	603
1	5524	0.0755	604
1	5533	0.075625	605
1	5542	0.07575	606
1	5551	0.075875	607
1	5560	0.076	608
1	5569	0.076125	609
1	5578	0.07625	610
1	5587	0.076375	611
1	5596	0.0765	612
1	5605	0.076625	613
1	5614	0.07675	614
1	5623	0.076875	615
1	5632	0.077	616
1	5641	0.077125	617
1	5650	0.07725	618
1	5659	0.077375	619
1	5668	0.0775	620
1	5677	0.077625	621
1	5686	0.07775	622
1	5695	0.077875	623
1	5704	0.078	624
1	5713	0.078125	625
1	5722	0.07825	626
1	5731	0.078375	627
1	5740	0.0785	628
1	5753	0.078625	629
1	5762	0.07875	630
1	5771	0.078875	631
1	5780	0.079	632
1	5789	0.079125	633
1	5798	0.07925	634
1	5807	0.079375	635
1	5816	0.0795	636
1	5825	0.079625	637
1	5834	0.07975	638
1	5843	0.079875	639
1	5852	0.08	640
1	5861	0.080125	641
1	5870	0.08025	642
1	5879	0.080375	643
1	5888	0.0805	644
1	5897	0.080625	645
1	5906	0.08075	646
1	5915	0.080875	647
1	5924	0.081	648
1	5933	0.081125	649
1	5942	0.08125	650
1	5951	0.081375	651
1	5960	0.0815	652
1	5969	0.081625	653
1	5978	0.08175	654
1	5991	0.081875	655
1	6000	0.082	656
1	6009	0.082125	657
1	6018	0.08225	658
1	6027	0.082375	659
1	6036	0.0825	660
1	6045	0.082625	661
1	6054	0.08275	662
1	6063	0.082875	663
1	6072	0.083	664
1	6081	0.083125	665
1	6090	0.08325	666
1	6099	0.083375	667
1	6108	0.0835	668
1	6117	0.083625	669
1	6126	0.08375	670
1	6135	0.083875	671
1	6144	0.084	672
1	6153	0.084125	673
1	6162	0.08425	674
1	6171	0.084375	675
1	6180	0.0845	676
1	6189	0.084625	677
1	6198	0.08475	678
1	6207	0.084875	679
1	6216	0.085	680
1	6229	0.085125	681
1	6238	0.08525	682
1	6247	0.085375	683
1	6256	0.0855	684
1	6265	0.085625	685
1	6274	0.08575	686
1	6283	0.085875	687
1	6292	0.086	688
1	6301	0.086125	689
1	6310	0.08625	690
1	6319	0.086375	691
1	6328	0.0865	692
1	6337	0.086625	693
1	6346	0.08675	694
1	6355	0.086875	695
1	6364	0.087	696
1	6373	0.087125	697
1	6382	0.08725	698
1	6391	0.087375	699
1	6400	0.0875	700
1	6409	0.087625	701
1	6418	0.08775	702
1	6427	0.087875	703
1	6436	0.088	704
1	6445	0.088125	705
1	6454	0.08825	706
1	6467	0.088375	707
1	6476	0.0885	708
1	6485	0.088625	709
1	6494	0.08875	710
1	6503	0.088875	711
1	6512	0.089	712
1	6521	0.089125	713
1	6530	0.08925	714
1	6539	0.089375	715
1	6548	0.0895	716
1	6557	0.089625	717
1	6566	0.08975	718
1	6575	0.089875	719
1	6584	0.09	720
1	6593	0.090125	721
1	6602	0.09025	722
1	6611	0.090375	723
1	6620	0.0905	724
1	6629	0.090625	725
1	6638	0.09075	726
1	6647	0.090875	727
1	6656	0.091	728
1	6665	0.091125	729
1	6674	0.09125	730
1	6683	0.091375	731
1	6692	0.0915	732
1	6705	0.091625	733
1	6714	0.09175	734
1	6723	0.091875	735
1	6732	0.092	736
1	6741	0.092125	737
1	6750	0.09225	738
1	6759	0.092375	739
1	6768	0.0925	740
1	6777	0.092625	741
1	6786	0.09275	742
1	6795	0.092875	743
1	6804	0.093	744
1	6813	0.093125	745
1	6822	0.09325	746
1	6831	0.093375	747
1	6840	0.0935	748
1	6849	0.093625	749
1	6858	0.09375	750
1	6867	0.093875	751
1	6876	0.094	752
1	6885	0.094125	753
1	6894	0.09425	754
1	6903	0.094375	755
1	6912	0.0945	756
1	6921	0.094625	757
1	6930	0.09475	758
1	6939	0.094875	759
1	6952	0.095	760
1	6961	0.095125	761
1	6970	0.09525	762
1	6979	0.095375	763
1	6988	0.0955	764
1	6997	0.095625	765
1	7006	0.09575	766
1	7015	0.095875	767
1	7024	0.096	768
1	7033	0.096125	769
1	7042	0.09625	770
1	7051	0.096375	771
1	7060	0.0965	772
1	7069	0.096625	773
1	7078	0.09675	774
1	7087	0.096875	775
1	7096	0.097	776
1	7105	0.097125	777
1	7114	0.09725	778
1	7123	0.097375	779
1	7132	0.0975	780
1	7141	0.097625	781
1	7150	0.09775	782
1	7159	0.097875	783
1	7168	0.098	784
1	7177	0.098125	785
1	7190	0.09825	786
1	7199	0.098375	787
1	7208	0.0985	788
1	7217	0.098625	789
1	7226	0.09875	790
1	7235	0.098875	791
1	7244	0.099	792
1	7253	0.099125	793
1	7262	0.09925	794
1	7271	0.099375	795
1	7280	0.0995	796
1	7289	0.099625	797
1	7298	0.09975	798
1	7307	0.099875	799
1	7316	0.1	800
1	7325	0.100125	801
1	7334	0.10025	802
1	7343	0.100375	803
1	7352	0.1005	804
1	7361	0.100625	805
1	7370	0.10075	806
1	7379	0.100875	807
1	7388	0.101	808
1	7397	0.101125	809
1	7406	0.10125	810
1	7415	0.101375	811
1	7428	0.1015	812
1	7437	0.101625	813
1	7446	0.10175	814
1	7455	0.101875	815
1	7464	0.102	816
1	7473	0.102125	817
1	7482	0.10225	818
1	7491	0.102375	819
1	7500	0.1025	820
1	7509	0.102625	821
1	7518	0.10275	822
1	7527	0.102875	823
1	7536	0.103	824
1	7545	0.103125	825
1	7554	0.10325	826
1	7563	0.103375	827
1	7572	0.1035	828
1	7581	0.103625	829
1	7590	0.10375	830
1	7599	0.103875	831
1	7608	0.104	832
1	7617	0.104125	833
1	7626	0.10425	834
1	7635	0.104375	835
1	7644	0.1045	836
1	7653	0.104625	837
1	7666	0.10475	838
1	7675	0.104875	839
1	7684	0.105	840
1	7693	0.105125	841
1	7702	0.10525	842
1	7711	0.105375	843
1	7720	0.1055	844
1	7729	0.105625	845
1	7738	0.10575	846
1	7747	0.105875	847
1	7756	0.106	848
1	7765	0.106125	849
1	7774	0.10625	850
1	7783	0.106375	851
1	7792	0.1065	852
1	7801	0.106625	853
1	7810	0.10675	854
1	7819	0.106875	855
1	7828	0.107	856
1	7837	0.107125	857
1	7846	0.10725	858
1	7855	0.107375	859
1	7864	0.1075	860
1	7873	0.107625	861
1	7882	0.10775	862
1	7891	0.107875	863
1	7904	0.108	864
1	7913	0.108125	865
1	7922	0.10825	866
1	7931	0.108375	867
1	7940	0.1085	868
1	7949	0.108625	869
1	7958	0.10875	870
1	7967	0.108875	871
1	7976	0.109	872
1	7985	0.109125	873
1	7994	0.10925	874
1	8003	0.109375	875
1	8012	0.1095	876
1	8021	0.109625	877
1	8030	0.10975	878
1	8039	0.109875	879
1	8048	0.11	880
1	8057	0.110125	881
1	8066	0.11025	882
1	8075	0.110375	883
1	8084	0.1105	884
1	8093	0.110625	885
1	8102	0.11075	886
1	8111	0.110875	887
1	8120	0.111	888
1	8129	0.111125	889
1	8142	0.11125	890
1	8151	0.111375	891
1	8160	0.1115	892
1	8169	0.111625	893
1	8178	0.11175	894
1	8187	0.111875	895
1	8196	0.112	896
1	8205	0.112125	897
1	8214	0.11225	898
1	8223	0.112375	899
1	8232	0.1125	900
1	8241	0.112625	901
1	8250	0.11275	902
1	8259	0.112875	903
1	8268	0.113	904
1	8277	0.113125	905
1	8286	0.11325	906
1	8295	0.113375	907
1	8304	0.1135	908
1	8313	0.113625	909
1	8322	0.11375	910
1	8331	0.113875	911
1	8340	0.114	912
1	8349	0.114125	913
1	8358	0.11425	914
1	8367	0.114375	915
1	8376	0.1145	916
1	8389	0.114625	917
1	8398	0.11475	918
1	8407	0.114875	919
1	8416	0.115	920
1	8425	0.115125	921
1	8434	0.11525	922
1	8443	0.115375	923
1	8452	0.1155	924
1	8461	0.115625	925
1	8470	0.11575	926
1	8479	0.115875	927
1	8488	0.116	928
1	8497	0.116125	929
1	8506	0.11625	930
1	8515	0.116375	931
1	8524	0.1165	932
1	8533	0.116625	933
1	8542	0.11675	934
1	8551	0.116875	935
1	8560	0.117	936
1	8569	0.117125	937
1	8578	0.11725	938
1	8587	0.117375	939
1	8596	0.1175	940
1	8605	0.117625	941
1	8614	0.11775	942
1	8627	0.117875	943
1	8636	0.118	944
1	8645	0.118125	945
1	8654	0.11825	946
1	8663	0.118375	947
1	8672	0.1185	948
1	8681	0.118625	949
1	8690	0.11875	950
1	8699	0.118875	951
1	8708	0.119	952
1	8717	0.119125	953
1	8726	0.11925	954
1	8735	0.119375	955
1	8744	0.1195	956
1	8753	0.119625	957
1	8762	0.11975	958
1	8771	0.119875	959
1	8780	0.12	960
1	8789	0.120125	961
1	8798	0.12025	962
1	8807	0.120375	963
1	8816	0.1205	964
1	8825	0.120625	965
1	8834	0.12075	966
1	8843	0.120875	967
1	8852	0.121	968
1	8865	0.121125	969
1	8874	0.12125	970
1	8883	0.121375	971
1	8892	0.1215	972
1	8901	0.121625	973
1	8910	0.12175	974
1	8919	0.121875	975
1	8928	0.122	976
1	8937	0.122125	977
1	8946	0.12225	978
1	8955	0.122375	979
1	8964	0.1225	980
1	8973	0.122625	981
1	8982	0.12275	982
1	8991	0.122875	983
1	9000	0.123	984
1	9009	0.123125	985
1	9018	0.12325	986
1	9027	0.123375	987
1	9036	0.1235	988
1	9045	0.123625	989
1	9054	0.12375	990
1	9063	0.123875	991
1	9072	0.124	992
1	9081	0.124125	993
1	9090	0.12425	994
1	9103	0.124375	995
1	9112	0.1245	996
1	9121	0.124625	997
1	9130	0.12475	998
1	9139	0.124875	999
1	9148	0.125	1000
1	9157	0.125125	1001
1	9166	0.12525	1002
1	9175	0.125375	1003
1	9184	0.1255	1004
1	9193	0.125625	1005
1	9202	0.12575	1006
1	9211	0.125875	1007
1	9220	0.126	1008
1	9229	0.126125	1009
1	9238	0.12625	1010
1	9247	0.126375	1011
1	9256	0.1265	1012
1	9265	0.126625	1013
1	9274	0.12675	1014
1	9283	0.126875	1015
1	9292	0.127	1016
1	9301	0.127125	1017
1	9310	0.12725	1018
1	9319	0.127375	1019
1	9328	0.1275	1020
1	9341	0.127625	1021
1	9350	0.12775	1022
1	9359	0.127875	1023
1	9368	0.128	1024
1	9377	0.128125	1025
1	9386	0.12825	1026
1	9395	0.128375	1027
1	9404	0.1285	1028
1	9413	0.128625	1029
1	9422	0.12875	1030
1	9431	0.128875	1031
1	9440	0.129	1032
1	9449	0.129125	1033
1	9458	0.12925	1034
1	9467	0.129375	1035
1	9476	0.1295	1036
1	9485	0.129625	1037
1	9494	0.12975	1038
1	9503	0.129875	1039
1	9512	0.13	1040
1	9521	0.130125	1041
1	9530	0.13025	1042
1	9539	0.130375	1043
1	9548	0.1305	1044
1	9557	0.130625	1045
1	9566	0.13075	1046
1	9579	0.130875	1047
1	9588	0.131	1048
1	9597	0.131125	1049
1	9606	0.13125	1050
1	9615	0.131375	1051
1	9624	0.1315	1052
1	9633	0.131625	1053
1	9642	0.13175	1054
1	9651	0.131875	1055
1	9660	0.132	1056
1	9669	0.132125	1057
1	9678	0.13225	1058
1	9687	0.132375	1059
1	9696	0.1325	1060
1	9705	0.132625	1061
1	9714	0.13275	1062
1	9723	0.132875	1063
1	9732	0.133	1064
1	9741	0.133125	1065
1	9750	0.13325	1066
1	9759	0.133375	1067
1	9768	0.1335	1068
1	9777	0.133625	1069
1	9786	0.13375	1070
1	9795	0.133875	1071
1	9804	0.134	1072
1	9813	0.134125	1073
1	9826	0.13425	1074
1	9835	0.134375	1075
1	9844	0.1345	1076
1	9853	0.134625	1077
1	9862	0.13475	1078
1	9871	0.134875	1079
1	9880	0.135	1080
1	9889	0.135125	1081
1	9898	0.13525	1082
1	9907	0.135375	1083
1	9916	0.1355	1084
1	9925	0.135625	1085
1	9934	0.13575	1086
1	9943	0.135875	1087
1	9952	0.136	1088
1	9961	0.136125	1089
1	9970	0.13625	1090
1	9979	0.136375	1091
1	9988	0.1365	1092
1	9997	0.136625	1093
1	10006	0.13675	1094
1	10015	0.136875	1095
1	10024	0.137	1096
1	10033	0.137125	1097
1	10042	0.13725	1098
1	10051	0.137375	1099
1	10064	0.1375	1100
1	10073	0.137625	1101
1	10082	0.13775	1102
1	10091	0.137875	1103
1	10100	0.138	1104
1	10109	0.138125	1105
1	10118	0.13825	1106
1	10127	0.138375	1107
1	10136	0.1385	1108
1	10145	0.138625	1109
1	10154	0.13875	1110
1	10163	0.138875	1111
1	10172	0.139	1112
1	10181	0.139125	1113
1	10190	0.13925	1114
1	10199	0.139375	1115
1	10208	0.1395	1116
1	10217	0.139625	1117
1	10226	0.13975	1118
1	10235	0.139875	1119
1	10244	0.14	1120
1	10253	0.140125	1121
1	10262	0.14025	1122
1	10271	0.140375	1123
1	10280	0.1405	1124
1	10289	0.140625	1125
1	10302	0.14075	1126
1	10311	0.140875	1127
1	10320	0.141	1128
1	10329	0.141125	1129
1	10338	0.14125	1130
1	10347	0.141375	1131
1	10356	0.1415	1132
1	10365	0.141625	1133
1	10374	0.14175	1134
1	10383	0.141875	1135
1	10392	0.142	1136
1	10401	0.142125	1137
1	10410	0.14225	1138
1	10419	0.142375	1139
1	10428	0.1425	1140
1	10437	0.142625	1141
1	10446	0.14275	1142
1	10455	0.142875	1143
1	10464	0.143	1144
1	10473	0.143125	1145
1	10482	0.14325	1146
1	10491	0.143375	1147
1	10500	0.1435	1148
1	10509	0.143625	1149
1	10518	0.14375	1150
1	10527	0.143875	1151
1	10540	0.144	1152
1	10549	0.144125	1153
1	10558	0.14425	1154
1	10567	0.144375	1155
1	10576	0.1445	1156
1	10585	0.144625	1157
1	10594	0.14475	1158
1	10603	0.144875	1159
1	10612	0.145	1160
1	10621	0.145125	1161
1	10630	0.14525	1162
1	10639	0.145375	1163
1	10648	0.1455	1164
1	10657	0.145625	1165
1	10666	0.14575	1166
1	10675	0.145875	1167
1	10684	0.146	1168
1	10693	0.146125	1169
1	10702	0.14625	1170
1	10711	0.146375	1171
1	10720	0.1465	1172
1	10729	0.146625	1173
1	10738	0.14675	1174
1	10747	0.146875	1175
1	10756	0.147	1176
1	10765	0.147125	1177
1	10778	0.14725	1178
1	10787	0.147375	1179
1	10796	0.1475	1180
1	10805	0.147625	1181
1	10814	0.14775	1182
1	10823	0.147875	1183
1	10832	0.148	1184
1	10841	0.148125	1185
1	10850	0.14825	1186
1	10859	0.148375	1187
1	10868	0.1485	1188
1	10877	0.148625	1189
1	10886	0.14875	1190
1	10895	0.148875	1191
1	10904	0.149	1192
1	10913	0.149125	1193
1	10922	0.14925	1194
1	10931	0.149375	1195
1	10940	0.1495	1196
1	10949	0.149625	1197
1	10958	0.14975	1198
1	10967	0.149875	1199
1	10976	0.15	1200
1	10985	0.150125	1201
1	10994	0.15025	1202
1	11003	0.150375	1203
1	11012	0.1505	1204
1	11025	0.150625	1205
1	11034	0.15075	1206
1	11043	0.150875	1207
1	11052	0.151	1208
1	11061	0.151125	1209
1	11070	0.15125	1210
1	11079	0.151375	1211
1	11088	0.1515	1212
1	11097	0.151625	1213
1	11106	0.15175	1214
1	11115	0.151875	1215
1	11124	0.152	1216
1	11133	0.152125	1217
1	11142	0.15225	1218
1	11151	0.152375	1219
1	11160	0.1525	1220
1	11169	0.152625	1221
1	11178	0.15275	1222
1	11187	0.152875	1223
1	11196	0.153	1224
1	11205	0.153125	1225
1	11214	0.15325	1226
1	11223	0.153375	1227
1	11232	0.1535	1228
1	11241	0.153625	1229
1	11250	0.15375	1230
1	11263	0.153875	1231
1	11272	0.154	1232
1	11281	0.154125	1233
1	11290	0.15425	1234
1	11299	0.154375	1235
1	11308	0.1545	1236
1	11317	0.154625	1237
1	11326	0.15475	1238
1	11335	0.154875	1239
1	11344	0.155	1240
1	11353	0.155125	1241
1	11362	0.15525	1242
1	11371	0.155375	1243
1	11380	0.1555	1244
1	11389	0.155625	1245
1	11398	0.15575	1246
1	11407	0.155875	1247
1	11416	0.156	1248
1	11425	0.156125	1249
1	11434	0.15625	1250
1	11443	0.156375	1251
1	11452	0.1565	1252
1	11461	0.156625	1253
1	11470	0.15675	1254
1	11479	0.156875	1255
1	11488	0.157	1256
1	11501	0.157125	1257
1	11510	0.15725	1258
1	11519	0.157375	1259
1	11528	0.1575	1260
1	11537	0.157625	1261
1	11546	0.15775	1262
1	11555	0.157875	1263
1	11564	0.158	1264
1	11573	0.158125	1265
1	11582	0.15825	1266
1	11591	0.158375	1267
1	11600	0.1585	1268
1	11609	0.158625	1269
1	11618	0.15875	1270
1	11627	0.158875	1271
1	11636	0.159	1272
1	11645	0.159125	1273
1	11654	0.15925	1274
1	11663	0.159375	1275
1	11672	0.1595	1276
1	11681	0.159625	1277
1	11690	0.15975	1278
1	11699	0.159875	1279
1	11708	0.16	1280
1	11717	0.160125	1281
1	11726	0.16025	1282
1	11739	0.160375	1283
1	11748	0.1605	1284
1	11757	0.160625	1285
1	11766	0.16075	1286
1	11775	0.160875	1287
1	11784	0.161	1288
1	11793	0.161125	1289
1	11802	0.16125	1290
1	11811	0.161375	1291
1	11820	0.1615	1292
1	11829	0.161625	1293
1	11838	0.16175	1294
1	11847	0.161875	1295
1	11856	0.162	1296
1	11865	0.162125	1297
1	11874	0.16225	1298
1	11883	0.162375	1299
1	11892	0.1625	1300
1	11901	0.162625	1301
1	11910	0.16275	1302
1	11919	0.162875	1303
1	11928	0.163	1304
1	11937	0.163125	1305
1	11946	0.16325	1306
1	11955	0.163375	1307
1	11964	0.1635	1308
1	11977	0.163625	1309
1	11986	0.16375	1310
1	11995	0.163875	1311
1	12004	0.164	1312
1	12013	0.164125	1313
1	12022	0.16425	1314
1	12031	0.164375	1315
1	12040	0.1645	1316
1	12049	0.164625	1317
1	12058	0.16475	1318
1	12067	0.164875	1319
1	12076	0.165	1320
1	12085	0.165125	1321
1	12094	0.16525	1322
1	12103	0.165375	1323
1	12112	0.1655	1324
1	12121	0.165625	1325
1	12130	0.16575	1326
1	12139	0.165875	1327
1	12148	0.166	1328
1	12157	0.166125	1329
1	12166	0.16625	1330
1	12175	0.166375	1331
1	12184	0.1665	1332
1	12193	0.166625	1333
1	12202	0.16675	1334
1	12215	0.166875	1335
1	12224	0.167	1336
1	12233	0.167125	1337
1	12242	0.16725	1338
1	12251	0.167375	1339
1	12260	0.1675	1340
1	12269	0.167625	1341
1	12278	0.16775	1342
1	12287	0.167875	1343
1	12296	0.168	1344
1	12305	0.168125	1345
1	12314	0.16825	1346
1	12323	0.168375	1347
1	12332	0.1685	1348
1	12341	0.168625	1349
1	12350	0.16875	1350
1	12359	0.168875	1351
1	12368	0.169	1352
1	12377	0.169125	1353
1	12386	0.16925	1354
1	12395	0.169375	1355
1	12404	0.1695	1356
1	12413	0.169625	1357
1	12422	0.16975	1358
1	12431	0.169875	1359
1	12440	0.17	1360
1	12449	0.170125	1361
1	12462	0.17025	1362
1	12471	0.170375	1363
1	12480	0.1705	1364
1	12489	0.170625	1365
1	12498	0.17075	1366
1	12507	0.170875	1367
1	12516	0.171	1368
1	12525	0.171125	1369
1	12534	0.17125	1370
1	12543	0.171375	1371
1	12552	0.1715	1372
1	12561	0.171625	1373
1	12570	0.17175	1374
1	12579	0.171875	1375
1	12588	0.172	1376
1	12597	0.172125	1377
1	12606	0.17225	1378
1	12615	0.172375	1379
1	12624	0.1725	1380
1	12633	0.172625	1381
1	12642	0.17275	1382
1	12651	0.172875	1383
1	12660	0.173	1384
1	12669	0.173125	1385
1	12678	0.17325	1386
1	12687	0.173375	1387
1	12700	0.1735	1388
1	12709	0.173625	1389
1	12718	0.17375	1390
1	12727	0.173875	1391
1	12736	0.174	1392
1	12745	0.174125	1393
1	12754	0.17425	1394
1	12763	0.174375	1395
1	12772	0.1745	1396
1	12781	0.174625	1397
1	12790	0.17475	1398
1	12799	0.174875	1399
1	12808	0.175	1400
1	12817	0.175125	1401
1	12826	0.17525	1402
1	12835	0.175375	1403
1	12844	0.1755	1404
1	12853	0.175625	1405
1	12862	0.17575	1406
1	12871	0.175875	1407
1	12880	0.176	1408
1	12889	0.176125	1409
1	12898	0.17625	1410
1	12907	0.176375	1411
1	12916	0.1765	1412
1	12925	0.176625	1413
1	12938	0.17675	1414
1	12947	0.176875	1415
1	12956	0.177	1416
1	12965	0.177125	1417
1	12974	0.17725	1418
1	12983	0.177375	1419
1	12992	0.1775	1420
1	13001	0.177625	1421
1	13010	0.17775	1422
1	13019	0.177875	1423
1	13028	0.178	1424
1	13037	0.178125	1425
1	13046	0.17825	1426
1	13055	0.178375	1427
1	13064	0.1785	1428
1	13073	0.178625	1429
1	13082	0.17875	1430
1	13091	0.178875	1431
1	13100	0.179	1432
1	13109	0.179125	1433
1	13118	0.17925	1434
1	13127	0.179375	1435
1	13136	0.1795	1436
1	13145	0.179625	1437
1	13154	0.17975	1438
1	13163	0.179875	1439
1	13176	0.18	1440
1	13185	0.180125	1441
1	13194	0.18025	1442
1	13203	0.180375	1443
1	13212	0.1805	1444
1	13221	0.180625	1445
1	13230	0.18075	1446
1	13239	0.180875	1447
1	13248	0.181	1448
1	13257	0.181125	1449
1	13266	0.18125	1450
1	13275	0.181375	1451
1	13284	0.1815	1452
1	13293	0.181625	1453
1	13302	0.18175	1454
1	13311	0.181875	1455
1	13320	0.182	1456
1	13329	0.182125	1457
1	13338	0.18225	1458
1	13347	0.182375	1459
1	13356	0.1825	1460
1	13365	0.182625	1461
1	13374	0.18275	1462
1	13383	0.182875	1463
1	13392	0.183	1464
1	13401	0.183125	1465
1	13414	0.18325	1466
1	13423	0.183375	1467
1	13432	0.1835	1468
1	13441	0.183625	1469
1	13450	0.18375	1470
1	13459	0.183875	1471
1	13468	0.184	1472
1	13477	0.184125	1473
1	13486	0.18425	1474
1	13495	0.184375	1475
1	13504	0.1845	1476
1	13513	0.184625	1477
1	13522	0.18475	1478
1	13531	0.184875	1479
1	13540	0.185	1480
1	13549	0.185125	1481
1	13558	0.18525	1482
1	13567	0.185375	1483
1	13576	0.1855	1484
1	13585	0.185625	1485
1	13594	0.18575	1486
1	13603	0.185875	1487
1	13612	0.186	1488
1	13621	0.186125	1489
1	13630	0.18625	1490
1	13639	0.186375	1491
1	13652	0.1865	1492
1	13661	0.186625	1493
1	13670	0.18675	1494
1	13679	0.186875	1495
1	13688	0.187	1496
1	13697	0.187125	1497
1	13706	0.18725	1498
1	13715	0.187375	1499
1	13724	0.1875	1500
1	13733	0.187625	1501
1	13742	0.18775	1502
1	13751	0.187875	1503
1	13760	0.188	1504
1	13769	0.188125	1505
1	13778	0.18825	1506
1	13787	0.188375	1507
1	13796	0.1885	1508
1	13805	0.188625	1509
1	13814	0.18875	1510
1	13823	0.188875	1511
1	13832	0.189	1512
1	13841	0.189125	1513
1	13850	0.18925	1514
1	13859	0.189375	1515
1	13868	0.1895	1516
1	13877	0.189625	1517
1	13886	0.18975	1518
1	13899	0.189875	1519
1	13908	0.19	1520
1	13917	0.190125	1521
1	13926	0.19025	1522
1	13935	0.190375	1523
1	13944	0.1905	1524
1	13953	0.190625	1525
1	13962	0.19075	1526
1	13971	0.190875	1527
1	13980	0.191	1528
1	13989	0.191125	1529
1	13998	0.19125	1530
1	14007	0.191375	1531
1	14016	0.1915	1532
1	14025	0.191625	1533
1	14034	0.19175	1534
1	14043	0.191875	1535
1	14052	0.192	1536
1	14061	0.192125	1537
1	14070	0.19225	1538
1	14079	0.192375	1539
1	14088	0.1925	1540
1	14097	0.192625	1541
1	14106	0.19275	1542
1	14115	0.192875	1543
1	14124	0.193	1544
1	14137	0.193125	1545
1	14146	0.19325	1546
1	14155	0.193375	1547
1	14164	0.1935	1548
1	14173	0.193625	1549
1	14182	0.19375	1550
1	14191	0.193875	1551
1	14200	0.194	1552
1	14209	0.194125	1553
1	14218	0.19425	1554
1	14227	0.194375	1555
1	14236	0.1945	1556
1	14245	0.194625	1557
1	14254	0.19475	1558
1	14263	0.194875	1559
1	14272	0.195	1560
1	14281	0.195125	1561
1	14290	0.19525	1562
1	14299	0.195375	1563
1	14308	0.1955	1564
1	14317	0.195625	1565
1	14326	0.19575	1566
1	14335	0.195875	1567
1	14344	0.196	1568
1	14353	0.196125	1569
1	14362	0.19625	1570
1	14375	0.196375	1571
1	14384	0.1965	1572
1	14393	0.196625	1573
1	14402	0.19675	1574
1	14411	0.196875	1575
1	14420	0.197	1576
1	14429	0.197125	1577
1	14438	0.19725	1578
1	14447	0.197375	1579
1	14456	0.1975	1580
1	14465	0.197625	1581
1	14474	0.19775	1582
1	14483	0.197875	1583
1	14492	0.198	1584
1	14501	0.198125	1585
1	14510	0.19825	1586
1	14519	0.198375	1587
1	14528	0.1985	1588
1	14537	0.198625	1589
1	14546	0.19875	1590
1	14555	0.198875	1591
1	14564	0.199	1592
1	14573	0.199125	1593
1	14582	0.19925	1594
1	14591	0.199375	1595
1	14600	0.1995	1596
1	14613	0.199625	1597
1	14622	0.19975	1598
1	14631	0.199875	1599
1	14640	0.2	1600
1	14649	0.200125	1601
1	14658	0.20025	1602
1	14667	0.200375	1603
1	14676	0.2005	1604
1	14685	0.200625	1605
1	14694	0.20075	1606
1	14703	0.200875	1607
1	14712	0.201	1608
1	14721	0.201125	1609
1	14730	0.20125	1610
1	14739	0.201375	1611
1	14748	0.2015	1612
1	14757	0.201625	1613
1	14766	0.20175	1614
1	14775	0.201875	1615
1	14784	0.202	1616
1	14793	0.202125	1617
1	14802	0.20225	1618
1	14811	0.202375	1619
1	14820	0.2025	1620
1	14829	0.202625	1621
1	14838	0.20275	1622
1	14851	0.202875	1623
1	14860	0.203	1624
1	14869	0.203125	1625
1	14878	0.20325	1626
1	14887	0.203375	1627
1	14896	0.2035	1628
1	14905	0.203625	1629
1	14914	0.20375	1630
1	14923	0.203875	1631
1	14932	0.204	1632
1	14941	0.204125	1633
1	14950	0.20425	1634
1	14959	0.204375	1635
1	14968	0.2045	1636
1	14977	0.204625	1637
1	14986	0.20475	1638
1	14995	0.204875	1639
1	15004	0.205	1640
1	15013	0.205125	1641
1	15022	0.20525	1642
1	15031	0.205375	1643
1	15040	0.2055	1644
1	15049	0.205625	1645
1	15058	0.20575	1646
1	15067	0.205875	1647
1	15076	0.206	1648
1	15089	0.206125	1649
1	15098	0.20625	1650
1	15107	0.206375	1651
1	15116	0.2065	1652
1	15125	0.206625	1653
1	15134	0.20675	1654
1	15143	0.206875	1655
1	15152	0.207	1656
1	15161	0.207125	1657
1	15170	0.20725	1658
1	15179	0.207375	1659
1	15188	0.2075	1660
1	15197	0.207625	1661
1	15206	0.20775	1662
1	15215	0.207875	1663
1	15224	0.208	1664
1	15233	0.208125	1665
1	15242	0.20825	1666
1	15251	0.208375	1667
1	15260	0.2085	1668
1	15269	0.208625	1669
1	15278	0.20875	1670
1	15287	0.208875	1671
1	15296	0.209	1672
1	15305	0.209125	1673
1	15314	0.20925	1674
1	15323	0.209375	1675
1	15336	0.2095	1676
1	15345	0.209625	1677
1	15354	0.20975	1678
1	15363	0.209875	1679
1	15372	0.21	1680
1	15381	0.210125	1681
1	15390	0.21025	1682
1	15399	0.210375	1683
1	15408	0.2105	1684
1	15417	0.210625	1685
1	15426	0.21075	1686
1	15435	0.210875	1687
1	15444	0.211	1688
1	15453	0.211125	1689
1	15462	0.21125	1690
1	15471	0.211375	1691
1	15480	0.2115	1692
1	15489	0.211625	1693
1	15498	0.21175	1694
1	15507	0.211875	1695
1	15516	0.212	1696
1	15525	0.212125	1697
1	15534	0.21225	1698
1	15543	0.212375	1699
1	15552	0.2125	1700
1	15561	0.212625	1701
1	15574	0.21275	1702
1	15583	0.212875	1703
1	15592	0.213	1704
1	15601	0.213125	1705
1	15610	0.21325	1706
1	15619	0.213375	1707
1	15628	0.2135	1708
1	15637	0.213625	1709
1	15646	0.21375	1710
1	15655	0.213875	1711
1	15664	0.214	1712
1	15673	0.214125	1713
1	15682	0.21425	1714
1	15691	0.214375	1715
1	15700	0.2145	1716
1	15709	0.214625	1717
1	15718	0.21475	1718
1	15727	0.214875	1719
1	15736	0.215	1720
1	15745	0.215125	1721
1	15754	0.21525	1722
1	15763	0.215375	1723
1	15772	0.2155	1724
1	15781	0.215625	1725
1	15790	0.21575	1726
1	15799	0.215875	1727
1	15812	0.216	1728
1	15821	0.216125	1729
1	15830	0.21625	1730
1	15839	0.216375	1731
1	15848	0.2165	1732
1	15857	0.216625	1733
1	15866	0.21675	1734
1	15875	0.216875	1735
1	15884	0.217	1736
1	15893	0.217125	1737
1	15902	0.21725	1738
1	15911	0.217375	1739
1	15920	0.2175	1740
1	15929	0.217625	1741
1	15938	0.21775	1742
1	15947	0.217875	1743
1	15956	0.218	1744
1	15965	0.218125	1745
1	15974	0.21825	1746
1	15983	0.218375	1747
1	15992	0.2185	1748
1	16001	0.218625	1749
1	16010	0.21875	1750
1	16019	0.218875	1751
1	16028	0.219	1752
1	16037	0.219125	1753
1	16050	0.21925	1754
1	16059	0.219375	1755
1	16068	0.2195	1756
1	16077	0.219625	1757
1	16086	0.21975	1758
1	16095	0.219875	1759
1	16104	0.22	1760
1	16113	0.220125	1761
1	16122	0.22025	1762
1	16131	0.220375	1763
1	16140	0.2205	1764
1	16149	0.220625	1765
1	16158	0.22075	1766
1	16167	0.220875	1767
1	16176	0.221	1768
1	16185	0.221125	1769
1	16194	0.22125	1770
1	16203	0.221375	1771
1	16212	0.2215	1772
1	16221	0.221625	1773
1	16230	0.22175	1774
1	16239	0.221875	1775
1	16248	0.222	1776
1	16257	0.222125	1777
1	16266	0.22225	1778
1	16275	0.222375	1779
1	16288	0.2225	1780
1	16297	0.222625	1781
1	16306	0.22275	1782
1	16315	0.222875	1783
1	16324	0.223	1784
1	16333	0.223125	1785
1	16342	0.22325	1786
1	16351	0.223375	1787
1	16360	0.2235	1788
1	16369	0.223625	1789
1	16378	0.22375	1790
1	16387	0.223875	1791
1	16396	0.224	1792
1	16405	0.224125	1793
1	16414	0.22425	1794
1	16423	0.224375	1795
1	16432	0.2245	1796
1	16441	0.224625	1797
1	16450	0.22475	1798
1	16459	0.224875	1799
1	16468	0.225	1800
1	16477	0.225125	1801
1	16486	0.22525	1802
1	16495	0.225375	1803
1	16504	0.2255	1804
1	16513	0.225625	1805
1	16522	0.22575	1806
1	16535	0.225875	1807
1	16544	0.226	1808
1	16553	0.226125	1809
1	16562	0.22625	1810
1	16571	0.226375	1811
1	16580	0.2265	1812
1	16589	0.226625	1813
1	16598	0.22675	1814
1	16607	0.226875	1815
1	16616	0.227	1816
1	16625	0.227125	1817
1	16634	0.22725	1818
1	16643	0.227375	1819
1	16652	0.2275	1820
1	16661	0.227625	1821
1	16670	0.22775	1822
1	16679	0.227875	1823
1	16688	0.228	1824
1	16697	0.228125	1825
1	16706	0.22825	1826
1	16715	0.228375	1827
1	16724	0.2285	1828
1	16733	0.228625	1829
1	16742	0.22875	1830
1	16751	0.228875	1831
1	16760	0.229	1832
1	16773	0.229125	1833
1	16782	0.22925	1834
1	16791	0.229375	1835
1	16800	0.2295	1836
1	16809	0.229625	1837
1	16818	0.22975	1838
1	16827	0.229875	1839
1	16836	0.23	1840
1	16845	0.230125	1841
1	16854	0.23025	1842
1	16863	0.230375	1843
1	16872	0.2305	1844
1	16881	0.230625	1845
1	16890	0.23075	1846
1	16899	0.230875	1847
1	16908	0.231	1848
1	16917	0.231125	1849
1	16926	0.23125	1850
1	16935	0.231375	1851
1	16944	0.2315	1852
1	16953	0.231625	1853
1	16962	0.23175	1854
1	16971	0.231875	1855
1	16980	0.232	1856
1	16989	0.232125	1857
1	16998	0.23225	1858
1	17011	0.232375	1859
1	17020	0.2325	1860
1	17029	0.232625	1861
1	17038	0.23275	1862
1	17047	0.232875	1863
1	17056	0.233	1864
1	17065	0.233125	1865
1	17074	0.23325	1866
1	17083	0.233375	1867
1	17092	0.2335	1868
1	17101	0.233625	1869
1	17110	0.23375	1870
1	17119	0.233875	1871
1	17128	0.234	1872
1	17137	0.234125	1873
1	17146	0.23425	1874
1	17155	0.234375	1875
1	17164	0.2345	1876
1	17173	0.234625	1877
1	17182	0.23475	1878
1	17191	0.234875	1879
1	17200	0.235	1880
1	17209	0.235125	1881
1	17218	0.23525	1882
1	17227	0.235375	1883
1	17236	0.2355	1884
1	17249	0.235625	1885
1	17258	0.23575	1886
1	17267	0.235875	1887
1	17276	0.236	1888
1	17285	0.236125	1889
1	17294	0.23625	1890
1	17303	0.236375	1891
1	17312	0.2365	1892
1	17321	0.236625	1893
1	17330	0.23675	1894
1	17339	0.236875	1895
1	17348	0.237	1896
1	17357	0.237125	1897
1	17366	0.23725	1898
1	17375	0.237375	1899
1	17384	0.2375	1900
1	17393	0.237625	1901
1	17402	0.23775	1902
1	17411	0.237875	1903
1	17420	0.238	1904
1	17429	0.238125	1905
1	17438	0.23825	1906
1	17447	0.238375	1907
1	17456	0.2385	1908
1	17465	0.238625	1909
1	17474	0.23875	1910
1	17487	0.238875	1911
1	17496	0.239	1912
1	17505	0.239125	1913
1	17514	0.23925	1914
1	17523	0.239375	1915
1	17532	0.2395	1916
1	17541	0.239625	1917
1	17550	0.23975	1918
1	17559	0.239875	1919
1	17568	0.24	1920
1	17577	0.240125	1921
1	17586	0.24025	1922
1	17595	0.240375	1923
1	17604	0.2405	1924
1	17613	0.240625	1925
1	17622	0.24075	1926
1	17631	0.240875	1927
1	17640	0.241	1928
1	17649	0.241125	1929
1	17658	0.24125	1930
1	17667	0.241375	1931
1	17676	0.2415	1932
1	17685	0.241625	1933
1	17694	0.24175	1934
1	17703	0.241875	1935
1	17712	0.242	1936
1	17725	0.242125	1937
1	17734	0.24225	1938
1	17743	0.242375	1939
1	17752	0.2425	1940
1	17761	0.242625	1941
1	17770	0.24275	1942
1	17779	0.242875	1943
1	17788	0.243	1944
1	17797	0.243125	1945
1	17806	0.24325	1946
1	17815	0.243375	1947
1	17824	0.2435	1948
1	17833	0.243625	1949
1	17842	0.24375	1950
1	17851	0.243875	1951
1	17860	0.244	1952
1	17869	0.244125	1953
1	17878	0.24425	1954
1	17887	0.244375	1955
1	17896	0.2445	1956
1	17905	0.244625	1957
1	17914	0.24475	1958
1	17923	0.244875	1959
1	17932	0.245	1960
1	17941	0.245125	1961
1	17950	0.24525	1962
1	17959	0.245375	1963
1	17972	0.2455	1964
1	17981	0.245625	1965
1	17990	0.24575	1966
1	17999	0.245875	1967
1	18008	0.246	1968
1	18017	0.246125	1969
1	18026	0.24625	1970
1	18035	0.246375	1971
1	18044	0.2465	1972
1	18053	0.246625	1973
1	18062	0.24675	1974
1	18071	0.246875	1975
1	18080	0.247	1976
1	18089	0.247125	1977
1	18098	0.24725	1978
1	18107	0.247375	1979
1	18116	0.2475	1980
1	18125	0.247625	1981
1	18134	0.24775	1982
1	18143	0.247875	1983
1	18152	0.248	1984
1	18161	0.248125	1985
1	18170	0.24825	1986
1	18179	0.248375	1987
1	18188	0.2485	1988
1	18197	0.248625	1989
1	18210	0.24875	1990
1	18219	0.248875	1991
1	18228	0.249	1992
1	18237	0.249125	1993
1	18246	0.24925	1994
1	18255	0.249375	1995
1	18264	0.2495	1996
1	18273	0.249625	1997
1	18282	0.24975	1998
1	18291	0.249875	1999
1	18300	0.25	2000
1	18309	0.250125	2001
1	18318	0.25025	2002
1	18327	0.250375	2003
1	18336	0.2505	2004
1	18345	0.250625	2005
1	18354	0.25075	2006
1	18363	0.250875	2007
1	18372	0.251	2008
1	18381	0.251125	2009
1	18390	0.25125	2010
1	18399	0.251375	2011
1	18408	0.2515	2012
1	18417	0.251625	2013
1	18426	0.25175	2014
1	18435	0.251875	2015
1	18448	0.252	2016
1	18457	0.252125	2017
1	18466	0.25225	2018
1	18475	0.252375	2019
1	18484	0.2525	2020
1	18493	0.252625	2021
1	18502	0.25275	2022
1	18511	0.252875	2023
1	18520	0.253	2024
1	18529	0.253125	2025
1	18538	0.25325	2026
1	18547	0.253375	2027
1	18556	0.2535	2028
1	18565	0.253625	2029
1	18574	0.25375	2030
1	18583	0.253875	2031
1	18592	0.254	2032
1	18601	0.254125	2033
1	18610	0.25425	2034
1	18619	0.254375	2035
1	18628	0.2545	2036
1	18637	0.254625	2037
1	18646	0.25475	2038
1	18655	0.254875	2039
1	18664	0.255	2040
1	18673	0.255125	2041
1	18686	0.25525	2042
1	18695	0.255375	2043
1	18704	0.2555	2044
1	18713	0.255625	2045
1	18722	0.25575	2046
1	18731	0.255875	2047
1	18740	0.256	2048
1	18749	0.256125	2049
1	18758	0.25625	2050
1	18767	0.256375	2051
1	18776	0.2565	2052
1	18785	0.256625	2053
1	18794	0.25675	2054
1	18803	0.256875	2055
1	18812	0.257	2056
1	18821	0.257125	2057
1	18830	0.25725	2058
1	18839	0.257375	2059
1	18848	0.2575	2060
1	18857	0.257625	2061
1	18866	0.25775	2062
1	18875	0.257875	2063
1	18884	0.258	2064
1	18893	0.258125	2065
1	18902	0.25825	2066
1	18911	0.258375	2067
1	18924	0.2585	2068
1	18933	0.258625	2069
1	18942	0.25875	2070
1	18951	0.258875	2071
1	18960	0.259	2072
1	18969	0.259125	2073
1	18978	0.25925	2074
1	18987	0.259375	2075
1	18996	0.2595	2076
1	19005	0.259625	2077
1	19014	0.25975	2078
1	19023	0.259875	2079
1	19032	0.26	2080
1	19041	0.260125	2081
1	19050	0.26025	2082
1	19059	0.260375	2083
1	19068	0.2605	2084
1	19077	0.260625	2085
1	19086	0.26075	2086
1	19095	0.260875	2087
1	19104	0.261	2088
1	19113	0.261125	2089
1	19122	0.26125	2090
1	19131	0.261375	2091
1	19140	0.2615	2092
1	19149	0.261625	2093
1	19162	0.26175	2094
1	19171	0.261875	2095
1	19180	0.262	2096
1	19189	0.262125	2097
1	19198	0.26225	2098
1	19207	0.262375	2099
1	19216	0.2625	2100
1	19225	0.262625	2101
1	19234	0.26275	2102
1	19243	0.262875	2103
1	19252	0.263	2104
1	19261	0.263125	2105
1	19270	0.26325	2106
1	19279	0.263375	2107
1	19288	0.2635	2108
1	19297	0.263625	2109
1	19306	0.26375	2110
1	19315	0.263875	2111
1	19324	0.264	2112
1	19333	0.264125	2113
1	19342	0.26425	2114
1	19351	0.264375	2115
1	19360	0.2645	2116
1	19369	0.264625	2117
1	19378	0.26475	2118
1	19387	0.264875	2119
1	19396	0.265	2120
1	19409	0.265125	2121
1	19418	0.26525	2122
1	19427	0.265375	2123
1	19436	0.2655	2124
1	19445	0.265625	2125
1	19454	0.26575	2126
1	19463	0.265875	2127
1	19472	0.266	2128
1	19481	0.266125	2129
1	19490	0.26625	2130
1	19499	0.266375	2131
1	19508	0.2665	2132
1	19517	0.266625	2133
1	19526	0.26675	2134
1	19535	0.266875	2135
1	19544	0.267	2136
1	19553	0.267125	2137
1	19562	0.26725	2138
1	19571	0.267375	2139
1	19580	0.2675	2140
1	19589	0.267625	2141
1	19598	0.26775	2142
1	19607	0.267875	2143
1	19616	0.268	2144
1	19625	0.268125	2145
1	19634	0.26825	2146
1	19647	0.268375	2147
1	19656	0.2685	2148
1	19665	0.268625	2149
1	19674	0.26875	2150
1	19683	0.268875	2151
1	19692	0.269	2152
1	19701	0.269125	2153
1	19710	0.26925	2154
1	19719	0.269375	2155
1	19728	0.2695	2156
1	19737	0.269625	2157
1	19746	0.26975	2158
1	19755	0.269875	2159
1	19764	0.27	2160
1	19773	0.270125	2161
1	19782	0.27025	2162
1	19791	0.270375	2163
1	19800	0.2705	2164
1	19809	0.270625	2165
1	19818	0.27075	2166
1	19827	0.270875	2167
1	19836	0.271	2168
1	19845	0.271125	2169
1	19854	0.27125	2170
1	19863	0.271375	2171
1	19872	0.2715	2172
1	19885	0.271625	2173
1	19894	0.27175	2174
1	19903	0.271875	2175
1	19912	0.272	2176
1	19921	0.272125	2177
1	19930	0.27225	2178
1	19939	0.272375	2179
1	19948	0.2725	2180
1	19957	0.272625	2181
1	19966	0.27275	2182
1	19975	0.272875	2183
1	19984	0.273	2184
1	19993	0.273125	2185
1	20002	0.27325	2186
1	20011	0.273375	2187
1	20020	0.2735	2188
1	20029	0.273625	2189
1	20038	0.27375	2190
1	20047	0.273875	2191
1	20056	0.274	2192
1	20065	0.274125	2193
1	20074	0.27425	2194
1	20083	0.274375	2195
1	20092	0.2745	2196
1	20101	0.274625	2197
1	20110	0.27475	2198
1	20123	0.274875	2199
1	20132	0.275	2200
1	20141	0.275125	2201
1	20150	0.27525	2202
1	20159	0.275375	2203
1	20168	0.2755	2204
1	20177	0.275625	2205
1	20186	0.27575	2206
1	20195	0.275875	2207
1	20204	0.276	2208
1	20213	0.276125	2209
1	20222	0.27625	2210
1	20231	0.276375	2211
1	20240	0.2765	2212
1	20249	0.276625	2213
1	20258	0.27675	2214
1	20267	0.276875	2215
1	20276	0.277	2216
1	20285	0.277125	2217
1	20294	0.27725	2218
1	20303	0.277375	2219
1	20312	0.2775	2220
1	20321	0.277625	2221
1	20330	0.27775	2222
1	20339	0.277875	2223
1	20348	0.278	2224
1	20361	0.278125	2225
1	20370	0.27825	2226
1	20379	0.278375	2227
1	20388	0.2785	2228
1	20397	0.278625	2229
1	20406	0.27875	2230
1	20415	0.278875	2231
1	20424	0.279	2232
1	20433	0.279125	2233
1	20442	0.27925	2234
1	20451	0.279375	2235
1	20460	0.2795	2236
1	20469	0.279625	2237
1	20478	0.27975	2238
1	20487	0.279875	2239
1	20496	0.28	2240
1	20505	0.280125	2241
1	20514	0.28025	2242
1	20523	0.280375	2243
1	20532	0.2805	2244
1	20541	0.280625	2245
1	20550	0.28075	2246
1	20559	0.280875	2247
1	20568	0.281	2248
1	20577	0.281125	2249
1	20586	0.28125	2250
1	20599	0.281375	2251
1	20608	0.2815	2252
1	20617	0.281625	2253
1	20626	0.28175	2254
1	20635	0.281875	2255
1	20644	0.282	2256
1	20653	0.282125	2257
1	20662	0.28225	2258
1	20671	0.282375	2259
1	20680	0.2825	2260
1	20689	0.282625	2261
1	20698	0.28275	2262
1	20707	0.282875	2263
1	20716	0.283	2264
1	20725	0.283125	2265
1	20734	0.28325	2266
1	20743	0.283375	2267
1	20752	0.2835	2268
1	20761	0.283625	2269
1	20770	0.28375	2270
1	20779	0.283875	2271
1	20788	0.284	2272
1	20797	0.284125	2273
1	20806	0.28425	2274
1	20815	0.284375	2275
1	20824	0.2845	2276
1	20833	0.284625	2277
1	20846	0.28475	2278
1	20855	0.284875	2279
1	20864	0.285	2280
1	20873	0.285125	2281
1	20882	0.28525	2282
1	20891	0.285375	2283
1	20900	0.2855	2284
1	20909	0.285625	2285
1	20918	0.28575	2286
1	20927	0.285875	2287
1	20936	0.286	2288
1	20945	0.286125	2289
1	20954	0.28625	2290
1	20963	0.286375	2291
1	20972	0.2865	2292
1	20981	0.286625	2293
1	20990	0.28675	2294
1	20999	0.286875	2295
1	21008	0.287	2296
1	21017	0.287125	2297
1	21026	0.28725	2298
1	21035	0.287375	2299
1	21044	0.2875	2300
1	21053	0.287625	2301
1	21062	0.28775	2302
1	21071	0.287875	2303
1	21084	0.288	2304
1	21093	0.288125	2305
1	21102	0.28825	2306
1	21111	0.288375	2307
1	21120	0.2885	2308
1	21129	0.288625	2309
1	21138	0.28875	2310
1	21147	0.288875	2311
1	21156	0.289	2312
1	21165	0.289125	2313
1	21174	0.28925	2314
1	21183	0.289375	2315
1	21192	0.2895	2316
1	21201	0.289625	2317
1	21210	0.28975	2318
1	21219	0.289875	2319
1	21228	0.29	2320
1	21237	0.290125	2321
1	21246	0.29025	2322
1	21255	0.290375	2323
1	21264	0.2905	2324
1	21273	0.290625	2325
1	21282	0.29075	2326
1	21291	0.290875	2327
1	21300	0.291	2328
1	21309	0.291125	2329
1	21322	0.29125	2330
1	21331	0.291375	2331
1	21340	0.2915	2332
1	21349	0.291625	2333
1	21358	0.29175	2334
1	21367	0.291875	2335
1	21376	0.292	2336
1	21385	0.292125	2337
1	21394	0.29225	2338
1	21403	0.292375	2339
1	21412	0.2925	2340
1	21421	0.292625	2341
1	21430	0.29275	2342
1	21439	0.292875	2343
1	21448	0.293	2344
1	21457	0.293125	2345
1	21466	0.29325	2346
1	21475	0.293375	2347
1	21484	0.2935	2348
1	21493	0.293625	2349
1	21502	0.29375	2350
1	21511	0.293875	2351
1	21520	0.294	2352
1	21529	0.294125	2353
1	21538	0.29425	2354
1	21547	0.294375	2355
1	21560	0.2945	2356
1	21569	0.294625	2357
1	21578	0.29475	2358
1	21587	0.294875	2359
1	21596	0.295	2360
1	21605	0.295125	2361
1	21614	0.29525	2362
1	21623	0.295375	2363
1	21632	0.2955	2364
1	21641	0.295625	2365
1	21650	0.29575	2366
1	21659	0.295875	2367
1	21668	0.296	2368
1	21677	0.296125	2369
1	21686	0.29625	2370
1	21695	0.296375	2371
1	21704	0.2965	2372
1	21713	0.296625	2373
1	21722	0.29675	2374
1	21731	0.296875	2375
1	21740	0.297	2376
1	21749	0.297125	2377
1	21758	0.29725	2378
1	21767	0.297375	2379
1	21776	0.2975	2380
1	21785	0.297625	2381
1	21798	0.29775	2382
1	21807	0.297875	2383
1	21816	0.298	2384
1	21825	0.298125	2385
1	21834	0.29825	2386
1	21843	0.298375	2387
1	21852	0.2985	2388
1	21861	0.298625	2389
1	21870	0.29875	2390
1	21879	0.298875	2391
1	21888	0.299	2392
1	21897	0.299125	2393
1	21906	0.29925	2394
1	21915	0.299375	2395
1	21924	0.2995	2396
1	21933	0.299625	2397
1	21942	0.29975	2398
1	21951	0.299875	2399
1	21960	0.3	2400
1	21969	0.300125	2401
1	21978	0.30025	2402
1	21987	0.300375	2403
1	21996	0.3005	2404
1	22005	0.300625	2405
1	22014	0.30075	2406
1	22023	0.300875	2407
1	22032	0.301	2408
1	22045	0.301125	2409
1	22054	0.30125	2410
1	22063	0.301375	2411
1	22072	0.3015	2412
1	22081	0.301625	2413
1	22090	0.30175	2414
1	22099	0.301875	2415
1	22108	0.302	2416
1	22117	0.302125	2417
1	22126	0.30225	2418
1	22135	0.302375	2419
1	22144	0.3025	2420
1	22153	0.302625	2421
1	22162	0.30275	2422
1	22171	0.302875	2423
1	22180	0.303	2424
1	22189	0.303125	2425
1	22198	0.30325	2426
1	22207	0.303375	2427
1	22216	0.3035	2428
1	22225	0.303625	2429
1	22234	0.30375	2430
1	22243	0.303875	2431
1	22252	0.304	2432
1	22261	0.304125	2433
1	22270	0.30425	2434
1	22283	0.304375	2435
1	22292	0.3045	2436
1	22301	0.304625	2437
1	22310	0.30475	2438
1	22319	0.304875	2439
1	22328	0.305	2440
1	22337	0.305125	2441
1	22346	0.30525	2442
1	22355	0.305375	2443
1	22364	0.3055	2444
1	22373	0.305625	2445
1	22382	0.30575	2446
1	22391	0.305875	2447
1	22400	0.306	2448
1	22409	0.306125	2449
1	22418	0.30625	2450
1	22427	0.306375	2451
1	22436	0.3065	2452
1	22445	0.306625	2453
1	22454	0.30675	2454
1	22463	0.306875	2455
1	22472	0.307	2456
1	22481	0.307125	2457
1	22490	0.30725	2458
1	22499	0.307375	2459
1	22508	0.3075	2460
1	22521	0.307625	2461
1	22530	0.30775	2462
1	22539	0.307875	2463
1	22548	0.308	2464
1	22557	0.308125	2465
1	22566	0.30825	2466
1	22575	0.308375	2467
1	22584	0.3085	2468
1	22593	0.308625	2469
1	22602	0.30875	2470
1	22611	0.308875	2471
1	22620	0.309	2472
1	22629	0.309125	2473
1	22638	0.30925	2474
1	22647	0.309375	2475
1	22656	0.3095	2476
1	22665	0.309625	2477
1	22674	0.30975	2478
1	22683	0.309875	2479
1	22692	0.31	2480
1	22701	0.310125	2481
1	22710	0.31025	2482
1	22719	0.310375	2483
1	22728	0.3105	2484
1	22737	0.310625	2485
1	22746	0.31075	2486
1	22759	0.310875	2487
1	22768	0.311	2488
1	22777	0.311125	2489
1	22786	0.31125	2490
1	22795	0.311375	2491
1	22804	0.3115	2492
1	22813	0.311625	2493
1	22822	0.31175	2494
1	22831	0.311875	2495
1	22840	0.312	2496
1	22849	0.312125	2497
1	22858	0.31225	2498
1	22867	0.312375	2499
1	22876	0.3125	2500
1	22885	0.312625	2501
1	22894	0.31275	2502
1	22903	0.312875	2503
1	22912	0.313	2504
1	22921	0.313125	2505
1	22930	0.31325	2506
1	22939	0.313375	2507
1	22948	0.3135	2508
1	22957	0.313625	2509
1	22966	0.31375	2510
1	22975	0.313875	2511
1	22984	0.314	2512
1	22997	0.314125	2513
1	23006	0.31425	2514
1	23015	0.314375	2515
1	23024	0.3145	2516
1	23033	0.314625	2517
1	23042	0.31475	2518
1	23051	0.314875	2519
1	23060	0.315	2520
1	23069	0.315125	2521
1	23078	0.31525	2522
1	23087	0.315375	2523
1	23096	0.3155	2524
1	23105	0.315625	2525
1	23114	0.31575	2526
1	23123	0.315875	2527
1	23132	0.316	2528
1	23141	0.316125	2529
1	23150	0.31625	2530
1	23159	0.316375	2531
1	23168	0.3165	2532
1	23177	0.316625	2533
1	23186	0.31675	2534
1	23195	0.316875	2535
1	23204	0.317	2536
1	23213	0.317125	2537
1	23222	0.31725	2538
1	23235	0.317375	2539
1	23244	0.3175	2540
1	23253	0.317625	2541
1	23262	0.31775	2542
1	23271	0.317875	2543
1	23280	0.318	2544
1	23289	0.318125	2545
1	23298	0.31825	2546
1	23307	0.318375	2547
1	23316	0.3185	2548
1	23325	0.318625	2549
1	23334	0.31875	2550
1	23343	0.318875	2551
1	23352	0.319	2552
1	23361	0.319125	2553
1	23370	0.31925	2554
1	23379	0.319375	2555
1	23388	0.3195	2556
1	23397	0.319625	2557
1	23406	0.31975	2558
1	23415	0.319875	2559
1	23424	0.32	2560
1	23433	0.320125	2561
1	23442	0.32025	2562
1	23451	0.320375	2563
1	23460	0.3205	2564
1	23469	0.320625	2565
1	23482	0.32075	2566
1	23491	0.320875	2567
1	23500	0.321	2568
1	23509	0.321125	2569
1	23518	0.32125	2570
1	23527	0.321375	2571
1	23536	0.3215	2572
1	23545	0.321625	2573
1	23554	0.32175	2574
1	23563	0.321875	2575
1	23572	0.322	2576
1	23581	0.322125	2577
1	23590	0.32225	2578
1	23599	0.322375	2579
1	23608	0.3225	2580
1	23617	0.322625	2581
1	23626	0.32275	2582
1	23635	0.322875	2583
1	23644	0.323	2584
1	23653	0.323125	2585
1	23662	0.32325	2586
1	23671	0.323375	2587
1	23680	0.3235	2588
1	23689	0.323625	2589
1	23698	0.32375	2590
1	23707	0.323875	2591
1	23720	0.324	2592
1	23729	0.324125	2593
1	23738	0.32425	2594
1	23747	0.324375	2595
1	23756	0.3245	2596
1	23765	0.324625	2597
1	23774	0.32475	2598
1	23783	0.324875	2599
1	23792	0.325	2600
1	23801	0.325125	2601
1	23810	0.32525	2602
1	23819	0.325375	2603
1	23828	0.3255	2604
1	23837	0.325625	2605
1	23846	0.32575	2606
1	23855	0.325875	2607
1	23864	0.326	2608
1	23873	0.326125	2609
1	23882	0.32625	2610
1	23891	0.326375	2611
1	23900	0.3265	2612
1	23909	0.326625	2613
1	23918	0.32675	2614
1	23927	0.326875	2615
1	23936	0.327	2616
1	23945	0.327125	2617
1	23958	0.32725	2618
1	23967	0.327375	2619
1	23976	0.3275	2620
1	23985	0.327625	2621
1	23994	0.32775	2622
1	24003	0.327875	2623
1	24012	0.328	2624
1	24021	0.328125	2625
1	24030	0.32825	2626
1	24039	0.328375	2627
1	24048	0.3285	2628
1	24057	0.328625	2629
1	24066	0.32875	2630
1	24075	0.328875	2631
1	24084	0.329	2632
1	24093	0.329125	2633
1	24102	0.32925	2634
1	24111	0.329375	2635
1	24120	0.3295	2636
1	24129	0.329625	2637
1	24138	0.32975	2638
1	24147	0.329875	2639
1	24156	0.33	2640
1	24165	0.330125	2641
1	24174	0.33025	2642
1	24183	0.330375	2643
1	24196	0.3305	2644
1	24205	0.330625	2645
1	24214	0.33075	2646
1	24223	0.330875	2647
1	24232	0.331	2648
1	24241	0.331125	2649
1	24250	0.33125	2650
1	24259	0.331375	2651
1	24268	0.3315	2652
1	24277	0.331625	2653
1	24286	0.33175	2654
1	24295	0.331875	2655
1	24304	0.332	2656
1	24313	0.332125	2657
1	24322	0.33225	2658
1	24331	0.332375	2659
1	24340	0.3325	2660
1	24349	0.332625	2661
1	24358	0.33275	2662
1	24367	0.332875	2663
1	24376	0.333	2664
1	24385	0.333125	2665
1	24394	0.33325	2666
1	24403	0.333375	2667
1	24412	0.3335	2668
1	24421	0.333625	2669
1	24434	0.33375	2670
1	24443	0.333875	2671
1	24452	0.334	2672
1	24461	0.334125	2673
1	24470	0.33425	2674
1	24479	0.334375	2675
1	24488	0.3345	2676
1	24497	0.334625	2677
1	24506	0.33475	2678
1	24515	0.334875	2679
1	24524	0.335	2680
1	24533	0.335125	2681
1	24542	0.33525	2682
1	24551	0.335375	2683
1	24560	0.3355	2684
1	24569	0.335625	2685
1	24578	0.33575	2686
1	24587	0.335875	2687
1	24596	0.336	2688
1	24605	0.336125	2689
1	24614	0.33625	2690
1	24623	0.336375	2691
1	24632	0.3365	2692
1	24641	0.336625	2693
1	24650	0.33675	2694
1	24659	0.336875	2695
1	24672	0.337	2696
1	24681	0.337125	2697
1	24690	0.33725	2698
1	24699	0.337375	2699
1	24708	0.3375	2700
1	24717	0.337625	2701
1	24726	0.33775	2702
1	24735	0.337875	2703
1	24744	0.338	2704
1	24753	0.338125	2705
1	24762	0.33825	2706
1	24771	0.338375	2707
1	24780	0.3385	2708
1	24789	0.338625	2709
1	24798	0.33875	2710
1	24807	0.338875	2711
1	24816	0.339	2712
1	24825	0.339125	2713
1	24834	0.33925	2714
1	24843	0.339375	2715
1	24852	0.3395	2716
1	24861	0.339625	2717
1	24870	0.33975	2718
1	24879	0.339875	2719
1	24888	0.34	2720
1	24897	0.340125	2721
1	24906	0.34025	2722
1	24919	0.340375	2723
1	24928	0.3405	2724
1	24937	0.340625	2725
1	24946	0.34075	2726
1	24955	0.340875	2727
1	24964	0.341	2728
1	24973	0.341125	2729
1	24982	0.34125	2730
1	24991	0.341375	2731
1	25000	0.3415	2732
1	25009	0.341625	2733
1	25018	0.34175	2734
1	25027	0.341875	2735
1	25036	0.342	2736
1	25045	0.342125	2737
1	25054	0.34225	2738
1	25063	0.342375	2739
1	25072	0.3425	2740
1	25081	0.342625	2741
1	25090	0.34275	2742
1	25099	0.342875	2743
1	25108	0.343	2744
1	25117	0.343125	2745
1	25126	0.34325	2746
1	25135	0.343375	2747
1	25144	0.3435	2748
1	25157	0.343625	2749
1	25166	0.34375	2750
1	25175	0.343875	2751
1	25184	0.344	2752
1	25193	0.344125	2753
1	25202	0.34425	2754
1	25211	0.344375	2755
1	25220	0.3445	2756
1	25229	0.344625	2757
1	25238	0.34475	2758
1	25247	0.344875	2759
1	25256	0.345	2760
1	25265	0.345125	2761
1	25274	0.34525	2762
1	25283	0.345375	2763
1	25292	0.3455	2764
1	25301	0.345625	2765
1	25310	0.34575	2766
1	25319	0.345875	2767
1	25328	0.346	2768
1	25337	0.346125	2769
1	25346	0.34625	2770
1	25355	0.346375	2771
1	25364	0.3465	2772
1	25373	0.346625	2773
1	25382	0.34675	2774
1	25395	0.346875	2775
1	25404	0.347	2776
1	25413	0.347125	2777
1	25422	0.34725	2778
1	25431	0.347375	2779
1	25440	0.3475	2780
1	25449	0.347625	2781
1	25458	0.34775	2782
1	25467	0.347875	2783
1	25476	0.348	2784
1	25485	0.348125	2785
1	25494	0.34825	2786
1	25503	0.348375	2787
1	25512	0.3485	2788
1	25521	0.348625	2789
1	25530	0.34875	2790
1	25539	0.348875	2791
1	25548	0.349	2792
1	25557	0.349125	2793
1	25566	0.34925	2794
1	25575	0.349375	2795
1	25584	0.3495	2796
1	25593	0.349625	2797
1	25602	0.34975	2798
1	25611	0.349875	2799
1	25620	0.35	2800
1	25633	0.350125	2801
1	25642	0.35025	2802
1	25651	0.350375	2803
1	25660	0.3505	2804
1	25669	0.350625	2805
1	25678	0.35075	2806
1	25687	0.350875	2807
1	25696	0.351	2808
1	25705	0.351125	2809
1	25714	0.35125	2810
1	25723	0.351375	2811
1	25732	0.3515	2812
1	25741	0.351625	2813
1	25750	0.35175	2814
1	25759	0.351875	2815
1	25768	0.352	2816
1	25777	0.352125	2817
1	25786	0.35225	2818
1	25795	0.352375	2819
1	25804	0.3525	2820
1	25813	0.352625	2821
1	25822	0.35275	2822
1	25831	0.352875	2823
1	25840	0.353	2824
1	25849	0.353125	2825
1	25858	0.35325	2826
1	25871	0.353375	2827
1	25880	0.3535	2828
1	25889	0.353625	2829
1	25898	0.35375	2830
1	25907	0.353875	2831
1	25916	0.354	2832
1	25925	0.354125	2833
1	25934	0.35425	2834
1	25943	0.354375	2835
1	25952	0.3545	2836
1	25961	0.354625	2837
1	25970	0.35475	2838
1	25979	0.354875	2839
1	25988	0.355	2840
1	25997	0.355125	2841
1	26006	0.35525	2842
1	26015	0.355375	2843
1	26024	0.3555	2844
1	26033	0.355625	2845
1	26042	0.35575	2846
1	26051	0.355875	2847
1	26060	0.356	2848
1	26069	0.356125	2849
1	26078	0.35625	2850
1	26087	0.356375	2851
1	26096	0.3565	2852
1	26109	0.356625	2853
1	26118	0.35675	2854
1	26127	0.356875	2855
1	26136	0.357	2856
1	26145	0.357125	2857
1	26154	0.35725	2858
1	26163	0.357375	2859
1	26172	0.3575	2860
1	26181	0.357625	2861
1	26190	0.35775	2862
1	26199	0.357875	2863
1	26208	0.358	2864
1	26217	0.358125	2865
1	26226	0.35825	2866
1	26235	0.358375	2867
1	26244	0.3585	2868
1	26253	0.358625	2869
1	26262	0.35875	2870
1	26271	0.358875	2871
1	26280	0.359	2872
1	26289	0.359125	2873
1	26298	0.35925	2874
1	26307	0.359375	2875
1	26316	0.3595	2876
1	26325	0.359625	2877
1	26334	0.35975	2878
1	26343	0.359875	2879
1	26356	0.36	2880
1	26365	0.360125	2881
1	26374	0.36025	2882
1	26383	0.360375	2883
1	26392	0.3605	2884
1	26401	0.360625	2885
1	26410	0.36075	2886
1	26419	0.360875	2887
1	26428	0.361	2888
1	26437	0.361125	2889
1	26446	0.36125	2890
1	26455	0.361375	2891
1	26464	0.3615	2892
1	26473	0.361625	2893
1	26482	0.36175	2894
1	26491	0.361875	2895
1	26500	0.362	2896
1	26509	0.362125	2897
1	26518	0.36225	2898
1	26527	0.362375	2899
1	26536	0.3625	2900
1	26545	0.362625	2901
1	26554	0.36275	2902
1	26563	0.362875	2903
1	26572	0.363	2904
1	26581	0.363125	2905
1	26594	0.36325	2906
1	26603	0.363375	2907
1	26612	0.3635	2908
1	26621	0.363625	2909
1	26630	0.36375	2910
1	26639	0.363875	2911
1	26648	0.364	2912
1	26657	0.364125	2913
1	26666	0.36425	2914
1	26675	0.364375	2915
1	26684	0.3645	2916
1	26693	0.364625	2917
1	26702	0.36475	2918
1	26711	0.364875	2919
1	26720	0.365	2920
1	26729	0.365125	2921
1	26738	0.36525	2922
1	26747	0.365375	2923
1	26756	0.3655	2924
1	26765	0.365625	2925
1	26774	0.36575	2926
1	26783	0.365875	2927
1	26792	0.366	2928
1	26801	0.366125	2929
1	26810	0.36625	2930
1	26819	0.366375	2931
1	26832	0.3665	2932
1	26841	0.366625	2933
1	26850	0.36675	2934
1	26859	0.366875	2935
1	26868	0.367	2936
1	26877	0.367125	2937
1	26886	0.36725	2938
1	26895	0.367375	2939
1	26904	0.3675	2940
1	26913	0.367625	2941
1	26922	0.36775	2942
1	26931	0.367875	2943
1	26940	0.368	2944
1	26949	0.368125	2945
1	26958	0.36825	2946
1	26967	0.368375	2947
1	26976	0.3685	2948
1	26985	0.368625	2949
1	26994	0.36875	2950
1	27003	0.368875	2951
1	27012	0.369	2952
1	27021	0.369125	2953
1	27030	0.36925	2954
1	27039	0.369375	2955
1	27048	0.3695	2956
1	27057	0.369625	2957
1	27070	0.36975	2958
1	27079	0.369875	2959
1	27088	0.37	2960
1	27097	0.370125	2961
1	27106	0.37025	2962
1	27115	0.370375	2963
1	27124	0.3705	2964
1	27133	0.370625	2965
1	27142	0.37075	2966
1	27151	0.370875	2967
1	27160	0.371	2968
1	27169	0.371125	2969
1	27178	0.37125	2970
1	27187	0.371375	2971
1	27196	0.3715	2972
1	27205	0.371625	2973
1	27214	0.37175	2974
1	27223	0.371875	2975
1	27232	0.372	2976
1	27241	0.372125	2977
1	27250	0.37225	2978
1	27259	0.372375	2979
1	27268	0.3725	2980
1	27277	0.372625	2981
1	27286	0.37275	2982
1	27295	0.372875	2983
1	27308	0.373	2984
1	27317	0.373125	2985
1	27326	0.37325	2986
1	27335	0.373375	2987
1	27344	0.3735	2988
1	27353	0.373625	2989
1	27362	0.37375	2990
1	27371	0.373875	2991
1	27380	0.374	2992
1	27389	0.374125	2993
1	27398	0.37425	2994
1	27407	0.374375	2995
1	27416	0.3745	2996
1	27425	0.374625	2997
1	27434	0.37475	2998
1	27443	0.374875	2999
1	27452	0.375	3000
1	27461	0.375125	3001
1	27470	0.37525	3002
1	27479	0.375375	3003
1	27488	0.3755	3004
1	27497	0.375625	3005
1	27506	0.37575	3006
1	27515	0.375875	3007
1	27524	0.376	3008
1	27533	0.376125	3009
1	27542	0.37625	3010
1	27555	0.376375	3011
1	27564	0.3765	3012
1	27573	0.376625	3013
1	27582	0.37675	3014
1	27591	0.376875	3015
1	27600	0.377	3016
1	27609	0.377125	3017
1	27618	0.37725	3018
1	27627	0.377375	3019
1	27636	0.3775	3020
1	27645	0.377625	3021
1	27654	0.37775	3022
1	27663	0.377875	3023
1	27672	0.378	3024
1	27681	0.378125	3025
1	27690	0.37825	3026
1	27699	0.378375	3027
1	27708	0.3785	3028
1	27717	0.378625	3029
1	27726	0.37875	3030
1	27735	0.378875	3031
1	27744	0.379	3032
1	27753	0.379125	3033
1	27762	0.37925	3034
1	27771	0.379375	3035
1	27780	0.3795	3036
1	27793	0.379625	3037
1	27802	0.37975	3038
1	27811	0.379875	3039
1	27820	0.38	3040
1	27829	0.380125	3041
1	27838	0.38025	3042
1	27847	0.380375	3043
1	27856	0.3805	3044
1	27865	0.380625	3045
1	27874	0.38075	3046
1	27883	0.380875	3047
1	27892	0.381	3048
1	27901	0.381125	3049
1	27910	0.38125	3050
1	27919	0.381375	3051
1	27928	0.3815	3052
1	27937	0.381625	3053
1	27946	0.38175	3054
1	27955	0.381875	3055
1	27964	0.382	3056
1	27973	0.382125	3057
1	27982	0.38225	3058
1	27991	0.382375	3059
1	28000	0.3825	3060
1	28009	0.382625	3061
1	28018	0.38275	3062
1	28031	0.382875	3063
1	28040	0.383	3064
1	28049	0.383125	3065
1	28058	0.38325	3066
1	28067	0.383375	3067
1	28076	0.3835	3068
1	28085	0.383625	3069
1	28094	0.38375	3070
1	28103	0.383875	3071
1	28112	0.384	3072
1	28121	0.384125	3073
1	28130	0.38425	3074
1	28139	0.384375	3075
1	28148	0.3845	3076
1	28157	0.384625	3077
1	28166	0.38475	3078
1	28175	0.384875	3079
1	28184	0.385	3080
1	28193	0.385125	3081
1	28202	0.38525	3082
1	28211	0.385375	3083
1	28220	0.3855	3084
1	28229	0.385625	3085
1	28238	0.38575	3086
1	28247	0.385875	3087
1	28256	0.386	3088
1	28269	0.386125	3089
1	28278	0.38625	3090
1	28287	0.386375	3091
1	28296	0.3865	3092
1	28305	0.386625	3093
1	28314	0.38675	3094
1	28323	0.386875	3095
1	28332	0.387	3096
1	28341	0.387125	3097
1	28350	0.38725	3098
1	28359	0.387375	3099
1	28368	0.3875	3100
1	28377	0.387625	3101
1	28386	0.38775	3102
1	28395	0.387875	3103
1	28404	0.388	3104
1	28413	0.388125	3105
1	28422	0.38825	3106
1	28431	0.388375	3107
1	28440	0.3885	3108
1	28449	0.388625	3109
1	28458	0.38875	3110
1	28467	0.388875	3111
1	28476	0.389	3112
1	28485	0.389125	3113
1	28494	0.38925	3114
1	28507	0.389375	3115
1	28516	0.3895	3116
1	28525	0.389625	3117
1	28534	0.38975	3118
1	28543	0.389875	3119
1	28552	0.39	3120
1	28561	0.390125	3121
1	28570	0.39025	3122
1	28579	0.390375	3123
1	28588	0.3905	3124
1	28597	0.390625	3125
1	28606	0.39075	3126
1	28615	0.390875	3127
1	28624	0.391	3128
1	28633	0.391125	3129
1	28642	0.39125	3130
1	28651	0.391375	3131
1	28660	0.3915	3132
1	28669	0.391625	3133
1	28678	0.39175	3134
1	28687	0.391875	3135
1	28696	0.392	3136
1	28705	0.392125	3137
1	28714	0.39225	3138
1	28723	0.392375	3139
1	28732	0.3925	3140
1	28745	0.392625	3141
1	28754	0.39275	3142
1	28763	0.392875	3143
1	28772	0.393	3144
1	28781	0.393125	3145
1	28790	0.39325	3146
1	28799	0.393375	3147
1	28808	0.3935	3148
1	28817	0.393625	3149
1	28826	0.39375	3150
1	28835	0.393875	3151
1	28844	0.394	3152
1	28853	0.394125	3153
1	28862	0.39425	3154
1	28871	0.394375	3155
1	28880	0.3945	3156
1	28889	0.394625	3157
1	28898	0.39475	3158
1	28907	0.394875	3159
1	28916	0.395	3160
1	28925	0.395125	3161
1	28934	0.39525	3162
1	28943	0.395375	3163
1	28952	0.3955	3164
1	28961	0.395625	3165
1	28970	0.39575	3166
1	28979	0.395875	3167
1	28992	0.396	3168
1	29001	0.396125	3169
1	29010	0.39625	3170
1	29019	0.396375	3171
1	29028	0.3965	3172
1	29037	0.396625	3173
1	29046	0.39675	3174
1	29055	0.396875	3175
1	29064	0.397	3176
1	29073	0.397125	3177
1	29082	0.39725	3178
1	29091	0.397375	3179
1	29100	0.3975	3180
1	29109	0.397625	3181
1	29118	0.39775	3182
1	29127	0.397875	3183
1	29136	0.398	3184
1	29145	0.398125	3185
1	29154	0.39825	3186
1	29163	0.398375	3187
1	29172	0.3985	3188
1	29181	0.398625	3189
1	29190	0.39875	3190
1	29199	0.398875	3191
1	29208	0.399	3192
1	29217	0.399125	3193
1	29230	0.39925	3194
1	29239	0.399375	3195
1	29248	0.3995	3196
1	29257	0.399625	3197
1	29266	0.39975	3198
1	29275	0.399875	3199
1	29284	0.4	3200
1	29293	0.400125	3201
1	29302	0.40025	3202
1	29311	0.400375	3203
1	29320	0.4005	3204
1	29329	0.400625	3205
1	29338	0.40075	3206
1	29347	0.400875	3207
1	29356	0.401	3208
1	29365	0.401125	3209
1	29374	0.40125	3210
1	29383	0.401375	3211
1	29392	0.4015	3212
1	29401	0.401625	3213
1	29410	0.40175	3214
1	29419	0.401875	3215
1	29428	0.402	3216
1	29437	0.402125	3217
1	29446	0.40225	3218
1	29455	0.402375	3219
1	29468	0.4025	3220
1	29477	0.402625	3221
1	29486	0.40275	3222
1	29495	0.402875	3223
1	29504	0.403	3224
1	29513	0.403125	3225
1	29522	0.40325	3226
1	29531	0.403375	3227
1	29540	0.4035	3228
1	29549	0.403625	3229
1	29558	0.40375	3230
1	29567	0.403875	3231
1	29576	0.404	3232
1	29585	0.404125	3233
1	29594	0.40425	3234
1	29603	0.404375	3235
1	29612	0.4045	3236
1	29621	0.404625	3237
1	29630	0.40475	3238
1	29639	0.404875	3239
1	29648	0.405	3240
1	29657	0.405125	3241
1	29666	0.40525	3242
1	29675	0.405375	3243
1	29684	0.4055	3244
1	29693	0.405625	3245
1	29706	0.40575	3246
1	29715	0.405875	3247
1	29724	0.406	3248
1	29733	0.406125	3249
1	29742	0.40625	3250
1	29751	0.406375	3251
1	29760	0.4065	3252
1	29769	0.406625	3253
1	29778	0.40675	3254
1	29787	0.406875	3255
1	29796	0.407	3256
1	29805	0.407125	3257
1	29814	0.40725	3258
1	29823	0.407375	3259
1	29832	0.4075	3260
1	29841	0.407625	3261
1	29850	0.40775	3262
1	29859	0.407875	3263
1	29868	0.408	3264
1	29877	0.408125	3265
1	29886	0.40825	3266
1	29895	0.408375	3267
1	29904	0.4085	3268
1	29913	0.408625	3269
1	29922	0.40875	3270
1	29931	0.408875	3271
1	29944	0.409	3272
1	29953	0.409125	3273
1	29962	0.40925	3274
1	29971	0.409375	3275
1	29980	0.4095	3276
1	29989	0.409625	3277
1	29998	0.40975	3278
1	30007	0.409875	3279
1	30016	0.41	3280
1	30025	0.410125	3281
1	30034	0.41025	3282
1	30043	0.410375	3283
1	30052	0.4105	3284
1	30061	0.410625	3285
1	30070	0.41075	3286
1	30079	0.410875	3287
1	30088	0.411	3288
1	30097	0.411125	3289
1	30106	0.41125	3290
1	30115	0.411375	3291
1	30124	0.4115	3292
1	30133	0.411625	3293
1	30142	0.41175	3294
1	30151	0.411875	3295
1	30160	0.412	3296
1	30169	0.412125	3297
1	30182	0.41225	3298
1	30191	0.412375	3299
1	30200	0.4125	3300
1	30209	0.412625	3301
1	30218	0.41275	3302
1	30227	0.412875	3303
1	30236	0.413	3304
1	30245	0.413125	3305
1	30254	0.41325	3306
1	30263	0.413375	3307
1	30272	0.4135	3308
1	30281	0.413625	3309
1	30290	0.41375	3310
1	30299	0.413875	3311
1	30308	0.414	3312
1	30317	0.414125	3313
1	30326	0.41425	3314
1	30335	0.414375	3315
1	30344	0.4145	3316
1	30353	0.414625	3317
1	30362	0.41475	3318
1	30371	0.414875	3319
1	30380	0.415	3320
1	30389	0.415125	3321
1	30398	0.41525	3322
1	30407	0.415375	3323
1	30416	0.4155	3324
1	30429	0.415625	3325
1	30438	0.41575	3326
1	30447	0.415875	3327
1	30456	0.416	3328
1	30465	0.416125	3329
1	30474	0.41625	3330
1	30483	0.416375	3331
1	30492	0.4165	3332
1	30501	0.416625	3333
1	30510	0.41675	3334
1	30519	0.416875	3335
1	30528	0.417	3336
1	30537	0.417125	3337
1	30546	0.41725	3338
1	30555	0.417375	3339
1	30564	0.4175	3340
1	30573	0.417625	3341
1	30582	0.41775	3342
1	30591	0.417875	3343
1	30600	0.418	3344
1	30609	0.418125	3345
1	30618	0.41825	3346
1	30627	0.418375	3347
1	30636	0.4185	3348
1	30645	0.418625	3349
1	30654	0.41875	3350
1	30667	0.418875	3351
1	30676	0.419	3352
1	30685	0.419125	3353
1	30694	0.41925	3354
1	30703	0.419375	3355
1	30712	0.4195	3356
1	30721	0.419625	3357
1	30730	0.41975	3358
1	30739	0.419875	3359
1	30748	0.42	3360
1	30757	0.420125	3361
1	30766	0.42025	3362
1	30775	0.420375	3363
1	30784	0.4205	3364
1	30793	0.420625	3365
1	30802	0.42075	3366
1	30811	0.420875	3367
1	30820	0.421	3368
1	30829	0.421125	3369
1	30838	0.42125	3370
1	30847	0.421375	3371
1	30856	0.4215	3372
1	30865	0.421625	3373
1	30874	0.42175	3374
1	30883	0.421875	3375
1	30892	0.422	3376
1	30905	0.422125	3377
1	30914	0.42225	3378
1	30923	0.422375	3379
1	30932	0.4225	3380
1	30941	0.422625	3381
1	30950	0.42275	3382
1	30959	0.422875	3383
1	30968	0.423	3384
1	30977	0.423125	3385
1	30986	0.42325	3386
1	30995	0.423375	3387
1	31004	0.4235	3388
1	31013	0.423625	3389
1	31022	0.42375	3390
1	31031	0.423875	3391
1	31040	0.424	3392
1	31049	0.424125	3393
1	31058	0.42425	3394
1	31067	0.424375	3395
1	31076	0.4245	3396
1	31085	0.424625	3397
1	31094	0.42475	3398
1	31103	0.424875	3399
1	31112	0.425	3400
1	31121	0.425125	3401
1	31130	0.42525	3402
1	31143	0.425375	3403
1	31152	0.4255	3404
1	31161	0.425625	3405
1	31170	0.42575	3406
1	31179	0.425875	3407
1	31188	0.426	3408
1	31197	0.426125	3409
1	31206	0.42625	3410
1	31215	0.426375	3411
1	31224	0.4265	3412
1	31233	0.426625	3413
1	31242	0.42675	3414
1	31251	0.426875	3415
1	31260	0.427	3416
1	31269	0.427125	3417
1	31278	0.42725	3418
1	31287	0.427375	3419
1	31296	0.4275	3420
1	31305	0.427625	3421
1	31314	0.42775	3422
1	31323	0.427875	3423
1	31332	0.428	3424
1	31341	0.428125	3425
1	31350	0.42825	3426
1	31359	0.428375	3427
1	31368	0.4285	3428
1	31381	0.428625	3429
1	31390	0.42875	3430
1	31399	0.428875	3431
1	31408	0.429	3432
1	31417	0.429125	3433
1	31426	0.42925	3434
1	31435	0.429375	3435
1	31444	0.4295	3436
1	31453	0.429625	3437
1	31462	0.42975	3438
1	31471	0.429875	3439
1	31480	0.43	3440
1	31489	0.430125	3441
1	31498	0.43025	3442
1	31507	0.430375	3443
1	31516	0.4305	3444
1	31525	0.430625	3445
1	31534	0.43075	3446
1	31543	0.430875	3447
1	31552	0.431	3448
1	31561	0.431125	3449
1	31570	0.43125	3450
1	31579	0.431375	3451
1	31588	0.4315	3452
1	31597	0.431625	3453
1	31606	0.43175	3454
1	31619	0.431875	3455
1	31628	0.432	3456
1	31637	0.432125	3457
1	31646	0.43225	3458
1	31655	0.432375	3459
1	31664	0.4325	3460
1	31673	0.432625	3461
1	31682	0.43275	3462
1	31691	0.432875	3463
1	31700	0.433	3464
1	31709	0.433125	3465
1	31718	0.43325	3466
1	31727	0.433375	3467
1	31736	0.4335	3468
1	31745	0.433625	3469
1	31754	0.43375	3470
1	31763	0.433875	3471
1	31772	0.434	3472
1	31781	0.434125	3473
1	31790	0.43425	3474
1	31799	0.434375	3475
1	31808	0.4345	3476
1	31817	0.434625	3477
1	31826	0.43475	3478
1	31835	0.434875	3479
1	31844	0.435	3480
1	31853	0.435125	3481
1	31866	0.43525	3482
1	31875	0.435375	3483
1	31884	0.4355	3484
1	31893	0.435625	3485
1	31902	0.43575	3486
1	31911	0.435875	3487
1	31920	0.436	3488
1	31929	0.436125	3489
1	31938	0.43625	3490
1	31947	0.436375	3491
1	31956	0.4365	3492
1	31965	0.436625	3493
1	31974	0.43675	3494
1	31983	0.436875	3495
1	31992	0.437	3496
1	32001	0.437125	3497
1	32010	0.43725	3498
1	32019	0.437375	3499
1	32028	0.4375	3500
1	32037	0.437625	3501
1	32046	0.43775	3502
1	32055	0.437875	3503
1	32064	0.438	3504
1	32073	0.438125	3505
1	32082	0.43825	3506
1	32091	0.438375	3507
1	32104	0.4385	3508
1	32113	0.438625	3509
1	32122	0.43875	3510
1	32131	0.438875	3511
1	32140	0.439	3512
1	32149	0.439125	3513
1	32158	0.43925	3514
1	32167	0.439375	3515
1	32176	0.4395	3516
1	32185	0.439625	3517
1	32194	0.43975	3518
1	32203	0.439875	3519
1	32212	0.44	3520
1	32221	0.440125	3521
1	32230	0.44025	3522
1	32239	0.440375	3523
1	32248	0.4405	3524
1	32257	0.440625	3525
1	32266	0.44075	3526
1	32275	0.440875	3527
1	32284	0.441	3528
1	32293	0.441125	3529
1	32302	0.44125	3530
1	32311	0.441375	3531
1	32320	0.4415	3532
1	32329	0.441625	3533
1	32342	0.44175	3534
1	32351	0.441875	3535
1	32360	0.442	3536
1	32369	0.442125	3537
1	32378	0.44225	3538
1	32387	0.442375	3539
1	32396	0.4425	3540
1	32405	0.442625	3541
1	32414	0.44275	3542
1	32423	0.442875	3543
1	32432	0.443	3544
1	32441	0.443125	3545
1	32450	0.44325	3546
1	32459	0.443375	3547
1	32468	0.4435	3548
1	32477	0.443625	3549
1	32486	0.44375	3550
1	32495	0.443875	3551
1	32504	0.444	3552
1	32513	0.444125	3553
1	32522	0.44425	3554
1	32531	0.444375	3555
1	32540	0.4445	3556
1	32549	0.444625	3557
1	32558	0.44475	3558
1	32567	0.444875	3559
1	32580	0.445	3560
1	32589	0.445125	3561
1	32598	0.44525	3562
1	32607	0.445375	3563
1	32616	0.4455	3564
1	32625	0.445625	3565
1	32634	0.44575	3566
1	32643	0.445875	3567
1	32652	0.446	3568
1	32661	0.446125	3569
1	32670	0.44625	3570
1	32679	0.446375	3571
1	32688	0.4465	3572
1	32697	0.446625	3573
1	32706	0.44675	3574
1	32715	0.446875	3575
1	32724	0.447	3576
1	32733	0.447125	3577
1	32742	0.44725	3578
1	32751	0.447375	3579
1	32760	0.4475	3580
1	32769	0.447625	3581
1	32778	0.44775	3582
1	32787	0.447875	3583
1	32796	0.448	3584
1	32805	0.448125	3585
1	32818	0.44825	3586
1	32827	0.448375	3587
1	32836	0.4485	3588
1	32845	0.448625	3589
1	32854	0.44875	3590
1	32863	0.448875	3591
1	32872	0.449	3592
1	32881	0.449125	3593
1	32890	0.44925	3594
1	32899	0.449375	3595
1	32908	0.4495	3596
1	32917	0.449625	3597
1	32926	0.44975	3598
1	32935	0.449875	3599
1	32944	0.45	3600
1	32953	0.450125	3601
1	32962	0.45025	3602
1	32971	0.450375	3603
1	32980	0.4505	3604
1	32989	0.450625	3605
1	32998	0.45075	3606
1	33007	0.450875	3607
1	33016	0.451	3608
1	33025	0.451125	3609
1	33034	0.45125	3610
1	33043	0.451375	3611
1	33052	0.4515	3612
1	33065	0.451625	3613
1	33074	0.45175	3614
1	33083	0.451875	3615
1	33092	0.452	3616
1	33101	0.452125	3617
1	33110	0.45225	3618
1	33119	0.452375	3619
1	33128	0.4525	3620
1	33137	0.452625	3621
1	33146	0.45275	3622
1	33155	0.452875	3623
1	33164	0.453	3624
1	33173	0.453125	3625
1	33182	0.45325	3626
1	33191	0.453375	3627
1	33200	0.4535	3628
1	33209	0.453625	3629
1	33218	0.45375	3630
1	33227	0.453875	3631
1	33236	0.454	3632
1	33245	0.454125	3633
1	33254	0.45425	3634
1	33263	0.454375	3635
1	33272	0.4545	3636
1	33281	0.454625	3637
1	33290	0.45475	3638
1	33303	0.454875	3639
1	33312	0.455	3640
1	33321	0.455125	3641
1	33330	0.45525	3642
1	33339	0.455375	3643
1	33348	0.4555	3644
1	33357	0.455625	3645
1	33366	0.45575	3646
1	33375	0.455875	3647
1	33384	0.456	3648
1	33393	0.456125	3649
1	33402	0.45625	3650
1	33411	0.456375	3651
1	33420	0.4565	3652
1	33429	0.456625	3653
1	33438	0.45675	3654
1	33447	0.456875	3655
1	33456	0.457	3656
1	33465	0.457125	3657
1	33474	0.45725	3658
1	33483	0.457375	3659
1	33492	0.4575	3660
1	33501	0.457625	3661
1	33510	0.45775	3662
1	33519	0.457875	3663
1	33528	0.458	3664
1	33541	0.458125	3665
1	33550	0.45825	3666
1	33559	0.458375	3667
1	33568	0.4585	3668
1	33577	0.458625	3669
1	33586	0.45875	3670
1	33595	0.458875	3671
1	33604	0.459	3672
1	33613	0.459125	3673
1	33622	0.45925	3674
1	33631	0.459375	3675
1	33640	0.4595	3676
1	33649	0.459625	3677
1	33658	0.45975	3678
1	33667	0.459875	3679
1	33676	0.46	3680
1	33685	0.460125	3681
1	33694	0.46025	3682
1	33703	0.460375	3683
1	33712	0.4605	3684
1	33721	0.460625	3685
1	33730	0.46075	3686
1	33739	0.460875	3687
1	33748	0.461	3688
1	33757	0.461125	3689
1	33766	0.46125	3690
1	33779	0.461375	3691
1	33788	0.4615	3692
1	33797	0.461625	3693
1	33806	0.46175	3694
1	33815	0.461875	3695
1	33824	0.462	3696
1	33833	0.462125	3697
1	33842	0.46225	3698
1	33851	0.462375	3699
1	33860	0.4625	3700
1	33869	0.462625	3701
1	33878	0.46275	3702
1	33887	0.462875	3703
1	33896	0.463	3704
1	33905	0.463125	3705
1	33914	0.46325	3706
1	33923	0.463375	3707
1	33932	0.4635	3708
1	33941	0.463625	3709
1	33950	0.46375	3710
1	33959	0.463875	3711
1	33968	0.464	3712
1	33977	0.464125	3713
1	33986	0.46425	3714
1	33995	0.464375	3715
1	34004	0.4645	3716
1	34017	0.464625	3717
1	34026	0.46475	3718
1	34035	0.464875	3719
1	34044	0.465	3720
1	34053	0.465125	3721
1	34062	0.46525	3722
1	34071	0.465375	3723
1	34080	0.4655	3724
1	34089	0.465625	3725
1	34098	0.46575	3726
1	34107	0.465875	3727
1	34116	0.466	3728
1	34125	0.466125	3729
1	34134	0.46625	3730
1	34143	0.466375	3731
1	34152	0.4665	3732
1	34161	0.466625	3733
1	34170	0.46675	3734
1	34179	0.466875	3735
1	34188	0.467	3736
1	34197	0.467125	3737
1	34206	0.46725	3738
1	34215	0.467375	3739
1	34224	0.4675	3740
1	34233	0.467625	3741
1	34242	0.46775	3742
1	34255	0.467875	3743
1	34264	0.468	3744
1	34273	0.468125	3745
1	34282	0.46825	3746
1	34291	0.468375	3747
1	34300	0.4685	3748
1	34309	0.468625	3749
1	34318	0.46875	3750
1	34327	0.468875	3751
1	34336	0.469	3752
1	34345	0.469125	3753
1	34354	0.46925	3754
1	34363	0.469375	3755
1	34372	0.4695	3756
1	34381	0.469625	3757
1	34390	0.46975	3758
1	34399	0.469875	3759
1	34408	0.47	3760
1	34417	0.470125	3761
1	34426	0.47025	3762
1	34435	0.470375	3763
1	34444	0.4705	3764
1	34453	0.470625	3765
1	34462	0.47075	3766
1	34471	0.470875	3767
1	34480	0.471	3768
1	34489	0.471125	3769
1	34502	0.47125	3770
1	34511	0.471375	3771
1	34520	0.4715	3772
1	34529	0.471625	3773
1	34538	0.47175	3774
1	34547	0.471875	3775
1	34556	0.472	3776
1	34565	0.472125	3777
1	34574	0.47225	3778
1	34583	0.472375	3779
1	34592	0.4725	3780
1	34601	0.472625	3781
1	34610	0.47275	3782
1	34619	0.472875	3783
1	34628	0.473	3784
1	34637	0.473125	3785
1	34646	0.47325	3786
1	34655	0.473375	3787
1	34664	0.4735	3788
1	34673	0.473625	3789
1	34682	0.47375	3790
1	34691	0.473875	3791
1	34700	0.474	3792
1	34709	0.474125	3793
1	34718	0.47425	3794
1	34727	0.474375	3795
1	34740	0.4745	3796
1	34749	0.474625	3797
1	34758	0.47475	3798
1	34767	0.474875	3799
1	34776	0.475	3800
1	34785	0.475125	3801
1	34794	0.47525	3802
1	34803	0.475375	3803
1	34812	0.4755	3804
1	34821	0.475625	3805
1	34830	0.47575	3806
1	34839	0.475875	3807
1	34848	0.476	3808
1	34857	0.476125	3809
1	34866	0.47625	3810
1	34875	0.476375	3811
1	34884	0.4765	3812
1	34893	0.476625	3813
1	34902	0.47675	3814
1	34911	0.476875	3815
1	34920	0.477	3816
1	34929	0.477125	3817
1	34938	0.47725	3818
1	34947	0.477375	3819
1	34956	0.4775	3820
1	34965	0.477625	3821
1	34978	0.47775	3822
1	34987	0.477875	3823
1	34996	0.478	3824
1	35005	0.478125	3825
1	35014	0.47825	3826
1	35023	0.478375	3827
1	35032	0.4785	3828
1	35041	0.478625	3829
1	35050	0.47875	3830
1	35059	0.478875	3831
1	35068	0.479	3832
1	35077	0.479125	3833
1	35086	0.47925	3834
1	35095	0.479375	3835
1	35104	0.4795	3836
1	35113	0.479625	3837
1	35122	0.47975	3838
1	35131	0.479875	3839
1	35140	0.48	3840
1	35149	0.480125	3841
1	35158	0.48025	3842
1	35167	0.480375	3843
1	35176	0.4805	3844
1	35185	0.480625	3845
1	35194	0.48075	3846
1	35203	0.480875	3847
1	35216	0.481	3848
1	35225	0.481125	3849
1	35234	0.48125	3850
1	35243	0.481375	3851
1	35252	0.4815	3852
1	35261	0.481625	3853
1	35270	0.48175	3854
1	35279	0.481875	3855
1	35288	0.482	3856
1	35297	0.482125	3857
1	35306	0.48225	3858
1	35315	0.482375	3859
1	35324	0.4825	3860
1	35333	0.482625	3861
1	35342	0.48275	3862
1	35351	0.482875	3863
1	35360	0.483	3864
1	35369	0.483125	3865
1	35378	0.48325	3866
1	35387	0.483375	3867
1	35396	0.4835	3868
1	35405	0.483625	3869
1	35414	0.48375	3870
1	35423	0.483875	3871
1	35432	0.484	3872
1	35441	0.484125	3873
1	35454	0.48425	3874
1	35463	0.484375	3875
1	35472	0.4845	3876
1	35481	0.484625	3877
1	35490	0.48475	3878
1	35499	0.484875	3879
1	35508	0.485	3880
1	35517	0.485125	3881
1	35526	0.48525	3882
1	35535	0.485375	3883
1	35544	0.4855	3884
1	35553	0.485625	3885
1	35562	0.48575	3886
1	35571	0.485875	3887
1	35580	0.486	3888
1	35589	0.486125	3889
1	35598	0.48625	3890
1	35607	0.486375	3891
1	35616	0.4865	3892
1	35625	0.486625	3893
1	35634	0.48675	3894
1	35643	0.486875	3895
1	35652	0.487	3896
1	35661	0.487125	3897
1	35670	0.48725	3898
1	35679	0.487375	3899
1	35692	0.4875	3900
1	35701	0.487625	3901
1	35710	0.48775	3902
1	35719	0.487875	3903
1	35728	0.488	3904
1	35737	0.488125	3905
1	35746	0.48825	3906
1	35755	0.488375	3907
1	35764	0.4885	3908
1	35773	0.488625	3909
1	35782	0.48875	3910
1	35791	0.488875	3911
1	35800	0.489	3912
1	35809	0.489125	3913
1	35818	0.48925	3914
1	35827	0.489375	3915
1	35836	0.4895	3916
1	35845	0.489625	3917
1	35854	0.48975	3918
1	35863	0.489875	3919
1	35872	0.49	3920
1	35881	0.490125	3921
1	35890	0.49025	3922
1	35899	0.490375	3923
1	35908	0.4905	3924
1	35917	0.490625	3925
1	35926	0.49075	3926
1	35939	0.490875	3927
1	35948	0.491	3928
1	35957	0.491125	3929
1	35966	0.49125	3930
1	35975	0.491375	3931
1	35984	0.4915	3932
1	35993	0.491625	3933
1	36002	0.49175	3934
1	36011	0.491875	3935
1	36020	0.492	3936
1	36029	0.492125	3937
1	36038	0.49225	3938
1	36047	0.492375	3939
1	36056	0.4925	3940
1	36065	0.492625	3941
1	36074	0.49275	3942
1	36083	0.492875	3943
1	36092	0.493	3944
1	36101	0.493125	3945
1	36110	0.49325	3946
1	36119	0.493375	3947
1	36128	0.4935	3948
1	36137	0.493625	3949
1	36146	0.49375	3950
1	36155	0.493875	3951
1	36164	0.494	3952
1	36177	0.494125	3953
1	36186	0.49425	3954
1	36195	0.494375	3955
1	36204	0.4945	3956
1	36213	0.494625	3957
1	36222	0.49475	3958
1	36231	0.494875	3959
1	36240	0.495	3960
1	36249	0.495125	3961
1	36258	0.49525	3962
1	36267	0.495375	3963
1	36276	0.4955	3964
1	36285	0.495625	3965
1	36294	0.49575	3966
1	36303	0.495875	3967
1	36312	0.496	3968
1	36321	0.496125	3969
1	36330	0.49625	3970
1	36339	0.496375	3971
1	36348	0.4965	3972
1	36357	0.496625	3973
1	36366	0.49675	3974
1	36375	0.496875	3975
1	36384	0.497	3976
1	36393	0.497125	3977
1	36402	0.49725	3978
1	36415	0.497375	3979
1	36424	0.4975	3980
1	36433	0.497625	3981
1	36442	0.49775	3982
1	36451	0.497875	3983
1	36460	0.498	3984
1	36469	0.498125	3985
1	36478	0.49825	3986
1	36487	0.498375	3987
1	36496	0.4985	3988
1	36505	0.498625	3989
1	36514	0.49875	3990
1	36523	0.498875	3991
1	36532	0.499	3992
1	36541	0.499125	3993
1	36550	0.49925	3994
1	36559	0.499375	3995
1	36568	0.4995	3996
1	36577	0.499625	3997
1	36586	0.49975	3998
1	36595	0.499875	3999
1	36604	0.5	4000
1	36613	0.500125	4001
1	36622	0.50025	4002
1	36631	0.500375	4003
1	36640	0.5005	4004
1	36653	0.500625	4005
1	36662	0.50075	4006
1	36671	0.500875	4007
1	36680	0.501	4008
1	36689	0.501125	4009
1	36698	0.50125	4010
1	36707	0.501375	4011
1	36716	0.5015	4012
1	36725	0.501625	4013
1	36734	0.50175	4014
1	36743	0.501875	4015
1	36752	0.502	4016
1	36761	0.502125	4017
1	36770	0.50225	4018
1	36779	0.502375	4019
1	36788	0.5025	4020
1	36797	0.502625	4021
1	36806	0.50275	4022
1	36815	0.502875	4023
1	36824	0.503	4024
1	36833	0.503125	4025
1	36842	0.50325	4026
1	36851	0.503375	4027
1	36860	0.5035	4028
1	36869	0.503625	4029
1	36878	0.50375	4030
1	36891	0.503875	4031
1	36900	0.504	4032
1	36909	0.504125	4033
1	36918	0.50425	4034
1	36927	0.504375	4035
1	36936	0.5045	4036
1	36945	0.504625	4037
1	36954	0.50475	4038
1	36963	0.504875	4039
1	36972	0.505	4040
1	36981	0.505125	4041
1	36990	0.50525	4042
1	36999	0.505375	4043
1	37008	0.5055	4044
1	37017	0.505625	4045
1	37026	0.50575	4046
1	37035	0.505875	4047
1	37044	0.506	4048
1	37053	0.506125	4049
1	37062	0.50625	4050
1	37071	0.506375	4051
1	37080	0.5065	4052
1	37089	0.506625	4053
1	37098	0.50675	4054
1	37107	0.506875	4055
1	37116	0.507	4056
1	37129	0.507125	4057
1	37138	0.50725	4058
1	37147	0.507375	4059
1	37156	0.5075	4060
1	37165	0.507625	4061
1	37174	0.50775	4062
1	37183	0.507875	4063
1	37192	0.508	4064
1	37201	0.508125	4065
1	37210	0.50825	4066
1	37219	0.508375	4067
1	37228	0.5085	4068
1	37237	0.508625	4069
1	37246	0.50875	4070
1	37255	0.508875	4071
1	37264	0.509	4072
1	37273	0.509125	4073
1	37282	0.50925	4074
1	37291	0.509375	4075
1	37300	0.5095	4076
1	37309	0.509625	4077
1	37318	0.50975	4078
1	37327	0.509875	4079
1	37336	0.51	4080
1	37345	0.510125	4081
1	37354	0.51025	4082
1	37363	0.510375	4083
1	37376	0.5105	4084
1	37385	0.510625	4085
1	37394	0.51075	4086
1	37403	0.510875	4087
1	37412	0.511	4088
1	37421	0.511125	4089
1	37430	0.51125	4090
1	37439	0.511375	4091
1	37448	0.5115	4092
1	37457	0.511625	4093
1	37466	0.51175	4094
1	37475	0.511875	4095
1	37484	0.512	4096
1	37493	0.512125	4097
1	37502	0.51225	4098
1	37511	0.512375	4099
1	37520	0.5125	4100
1	37529	0.512625	4101
1	37538	0.51275	4102
1	37547	0.512875	4103
1	37556	0.513	4104
1	37565	0.513125	4105
1	37574	0.51325	4106
1	37583	0.513375	4107
1	37592	0.5135	4108
1	37601	0.513625	4109
1	37614	0.51375	4110
1	37623	0.513875	4111
1	37632	0.514	4112
1	37641	0.514125	4113
1	37650	0.51425	4114
1	37659	0.514375	4115
1	37668	0.5145	4116
1	37677	0.514625	4117
1	37686	0.51475	4118
1	37695	0.514875	4119
1	37704	0.515	4120
1	37713	0.515125	4121
1	37722	0.51525	4122
1	37731	0.515375	4123
1	37740	0.5155	4124
1	37749	0.515625	4125
1	37758	0.51575	4126
1	37767	0.515875	4127
1	37776	0.516	4128
1	37785	0.516125	4129
1	37794	0.51625	4130
1	37803	0.516375	4131
1	37812	0.5165	4132
1	37821	0.516625	4133
1	37830	0.51675	4134
1	37839	0.516875	4135
1	37852	0.517	4136
1	37861	0.517125	4137
1	37870	0.51725	4138
1	37879	0.517375	4139
1	37888	0.5175	4140
1	37897	0.517625	4141
1	37906	0.51775	4142
1	37915	0.517875	4143
1	37924	0.518	4144
1	37933	0.518125	4145
1	37942	0.51825	4146
1	37951	0.518375	4147
1	37960	0.5185	4148
1	37969	0.518625	4149
1	37978	0.51875	4150
1	37987	0.518875	4151
1	37996	0.519	4152
1	38005	0.519125	4153
1	38014	0.51925	4154
1	38023	0.519375	4155
1	38032	0.5195	4156
1	38041	0.519625	4157
1	38050	0.51975	4158
1	38059	0.519875	4159
1	38068	0.52	4160
1	38077	0.520125	4161
1	38090	0.52025	4162
1	38099	0.520375	4163
1	38108	0.5205	4164
1	38117	0.520625	4165
1	38126	0.52075	4166
1	38135	0.520875	4167
1	38144	0.521	4168
1	38153	0.521125	4169
1	38162	0.52125	4170
1	38171	0.521375	4171
1	38180	0.5215	4172
1	38189	0.521625	4173
1	38198	0.52175	4174
1	38207	0.521875	4175
1	38216	0.522	4176
1	38225	0.522125	4177
1	38234	0.52225	4178
1	38243	0.522375	4179
1	38252	0.5225	4180
1	38261	0.522625	4181
1	38270	0.52275	4182
1	38279	0.522875	4183
1	38288	0.523	4184
1	38297	0.523125	4185
1	38306	0.52325	4186
1	38315	0.523375	4187
1	38328	0.5235	4188
1	38337	0.523625	4189
1	38346	0.52375	4190
1	38355	0.523875	4191
1	38364	0.524	4192
1	38373	0.524125	4193
1	38382	0.52425	4194
1	38391	0.524375	4195
1	38400	0.5245	4196
1	38409	0.524625	4197
1	38418	0.52475	4198
1	38427	0.524875	4199
1	38436	0.525	4200
1	38445	0.525125	4201
1	38454	0.52525	4202
1	38463	0.525375	4203
1	38472	0.5255	4204
1	38481	0.525625	4205
1	38490	0.52575	4206
1	38499	0.525875	4207
1	38508	0.526	4208
1	38517	0.526125	4209
1	38526	0.52625	4210
1	38535	0.526375	4211
1	38544	0.5265	4212
1	38553	0.526625	4213
1	38562	0.52675	4214
1	38575	0.526875	4215
1	38584	0.527	4216
1	38593	0.527125	4217
1	38602	0.52725	4218
1	38611	0.527375	4219
1	38620	0.5275	4220
1	38629	0.527625	4221
1	38638	0.52775	4222
1	38647	0.527875	4223
1	38656	0.528	4224
1	38665	0.528125	4225
1	38674	0.52825	4226
1	38683	0.528375	4227
1	38692	0.5285	4228
1	38701	0.528625	4229
1	38710	0.52875	4230
1	38719	0.528875	4231
1	38728	0.529	4232
1	38737	0.529125	4233
1	38746	0.52925	4234
1	38755	0.529375	4235
1	38764	0.5295	4236
1	38773	0.529625	4237
1	38782	0.52975	4238
1	38791	0.529875	4239
1	38800	0.53	4240
1	38813	0.530125	4241
1	38822	0.53025	4242
1	38831	0.530375	4243
1	38840	0.5305	4244
1	38849	0.530625	4245
1	38858	0.53075	4246
1	38867	0.530875	4247
1	38876	0.531	4248
1	38885	0.531125	4249
1	38894	0.53125	4250
1	38903	0.531375	4251
1	38912	0.5315	4252
1	38921	0.531625	4253
1	38930	0.53175	4254
1	38939	0.531875	4255
1	38948	0.532	4256
1	38957	0.532125	4257
1	38966	0.53225	4258
1	38975	0.532375	4259
1	38984	0.5325	4260
1	38993	0.532625	4261
1	39002	0.53275	4262
1	39011	0.532875	4263
1	39020	0.533	4264
1	39029	0.533125	4265
1	39038	0.53325	4266
1	39051	0.533375	4267
1	39060	0.5335	4268
1	39069	0.533625	4269
1	39078	0.53375	4270
1	39087	0.533875	4271
1	39096	0.534	4272
1	39105	0.534125	4273
1	39114	0.53425	4274
1	39123	0.534375	4275
1	39132	0.5345	4276
1	39141	0.534625	4277
1	39150	0.53475	4278
1	39159	0.534875	4279
1	39168	0.535	4280
1	39177	0.535125	4281
1	39186	0.53525	4282
1	39195	0.535375	4283
1	39204	0.5355	4284
1	39213	0.535625	4285
1	39222	0.53575	4286
1	39231	0.535875	4287
1	39240	0.536	4288
1	39249	0.536125	4289
1	39258	0.53625	4290
1	39267	0.536375	4291
1	39276	0.5365	4292
1	39289	0.536625	4293
1	39298	0.53675	4294
1	39307	0.536875	4295
1	39316	0.537	4296
1	39325	0.537125	4297
1	39334	0.53725	4298
1	39343	0.537375	4299
1	39352	0.5375	4300
1	39361	0.537625	4301
1	39370	0.53775	4302
1	39379	0.537875	4303
1	39388	0.538	4304
1	39397	0.538125	4305
1	39406	0.53825	4306
1	39415	0.538375	4307
1	39424	0.5385	4308
1	39433	0.538625	4309
1	39442	0.53875	4310
1	39451	0.538875	4311
1	39460	0.539	4312
1	39469	0.539125	4313
1	39478	0.53925	4314
1	39487	0.539375	4315
1	39496	0.5395	4316
1	39505	0.539625	4317
1	39514	0.53975	4318
1	39527	0.539875	4319
1	39536	0.54	4320
1	39545	0.540125	4321
1	39554	0.54025	4322
1	39563	0.540375	4323
1	39572	0.5405	4324
1	39581	0.540625	4325
1	39590	0.54075	4326
1	39599	0.540875	4327
1	39608	0.541	4328
1	39617	0.541125	4329
1	39626	0.54125	4330
1	39635	0.541375	4331
1	39644	0.5415	4332
1	39653	0.541625	4333
1	39662	0.54175	4334
1	39671	0.541875	4335
1	39680	0.542	4336
1	39689	0.542125	4337
1	39698	0.54225	4338
1	39707	0.542375	4339
1	39716	0.5425	4340
1	39725	0.542625	4341
1	39734	0.54275	4342
1	39743	0.542875	4343
1	39752	0.543	4344
1	39765	0.543125	4345
1	39774	0.54325	4346
1	39783	0.543375	4347
1	39792	0.5435	4348
1	39801	0.543625	4349
1	39810	0.54375	4350
1	39819	0.543875	4351
1	39828	0.544	4352
1	39837	0.544125	4353
1	39846	0.54425	4354
1	39855	0.544375	4355
1	39864	0.5445	4356
1	39873	0.544625	4357
1	39882	0.54475	4358
1	39891	0.544875	4359
1	39900	0.545	4360
1	39909	0.545125	4361
1	39918	0.54525	4362
1	39927	0.545375	4363
1	39936	0.5455	4364
1	39945	0.545625	4365
1	39954	0.54575	4366
1	39963	0.545875	4367
1	39972	0.546	4368
1	39981	0.546125	4369
1	39990	0.54625	4370
1	39999	0.546375	4371
1	40012	0.5465	4372
1	40021	0.546625	4373
1	40030	0.54675	4374
1	40039	0.546875	4375
1	40048	0.547	4376
1	40057	0.547125	4377
1	40066	0.54725	4378
1	40075	0.547375	4379
1	40084	0.5475	4380
1	40093	0.547625	4381
1	40102	0.54775	4382
1	40111	0.547875	4383
1	40120	0.548	4384
1	40129	0.548125	4385
1	40138	0.54825	4386
1	40147	0.548375	4387
1	40156	0.5485	4388
1	40165	0.548625	4389
1	40174	0.54875	4390
1	40183	0.548875	4391
1	40192	0.549	4392
1	40201	0.549125	4393
1	40210	0.54925	4394
1	40219	0.549375	4395
1	40228	0.5495	4396
1	40237	0.549625	4397
1	40250	0.54975	4398
1	40259	0.549875	4399
1	40268	0.55	4400
1	40277	0.550125	4401
1	40286	0.55025	4402
1	40295	0.550375	4403
1	40304	0.5505	4404
1	40313	0.550625	4405
1	40322	0.55075	4406
1	40331	0.550875	4407
1	40340	0.551	4408
1	40349	0.551125	4409
1	40358	0.55125	4410
1	40367	0.551375	4411
1	40376	0.5515	4412
1	40385	0.551625	4413
1	40394	0.55175	4414
1	40403	0.551875	4415
1	40412	0.552	4416
1	40421	0.552125	4417
1	40430	0.55225	4418
1	40439	0.552375	4419
1	40448	0.5525	4420
1	40457	0.552625	4421
1	40466	0.55275	4422
1	40475	0.552875	4423
1	40488	0.553	4424
1	40497	0.553125	4425
1	40506	0.55325	4426
1	40515	0.553375	4427
1	40524	0.5535	4428
1	40533	0.553625	4429
1	40542	0.55375	4430
1	40551	0.553875	4431
1	40560	0.554	4432
1	40569	0.554125	4433
1	40578	0.55425	4434
1	40587	0.554375	4435
1	40596	0.5545	4436
1	40605	0.554625	4437
1	40614	0.55475	4438
1	40623	0.554875	4439
1	40632	0.555	4440
1	40641	0.555125	4441
1	40650	0.55525	4442
1	40659	0.555375	4443
1	40668	0.5555	4444
1	40677	0.555625	4445
1	40686	0.55575	4446
1	40695	0.555875	4447
1	40704	0.556	4448
1	40713	0.556125	4449
1	40726	0.55625	4450
1	40735	0.556375	4451
1	40744	0.5565	4452
1	40753	0.556625	4453
1	40762	0.55675	4454
1	40771	0.556875	4455
1	40780	0.557	4456
1	40789	0.557125	4457
1	40798	0.55725	4458
1	40807	0.557375	4459
1	40816	0.5575	4460
1	40825	0.557625	4461
1	40834	0.55775	4462
1	40843	0.557875	4463
1	40852	0.558	4464
1	40861	0.558125	4465
1	40870	0.55825	4466
1	40879	0.558375	4467
1	40888	0.5585	4468
1	40897	0.558625	4469
1	40906	0.55875	4470
1	40915	0.558875	4471
1	40924	0.559	4472
1	40933	0.559125	4473
1	40942	0.55925	4474
1	40951	0.559375	4475
1	40964	0.5595	4476
1	40973	0.559625	4477
1	40982	0.55975	4478
1	40991	0.559875	4479
1	41000	0.56	4480
1	41009	0.560125	4481
1	41018	0.56025	4482
1	41027	0.560375	4483
1	41036	0.5605	4484
1	41045	0.560625	4485
1	41054	0.56075	4486
1	41063	0.560875	4487
1	41072	0.561	4488
1	41081	0.561125	4489
1	41090	0.56125	4490
1	41099	0.561375	4491
1	41108	0.5615	4492
1	41117	0.561625	4493
1	41126	0.56175	4494
1	41135	0.561875	4495
1	41144	0.562	4496
1	41153	0.562125	4497
1	41162	0.56225	4498
1	41171	0.562375	4499
1	41180	0.5625	4500
1	41189	0.562625	4501
1	41202	0.56275	4502
1	41211	0.562875	4503
1	41220	0.563	4504
1	41229	0.563125	4505
1	41238	0.56325	4506
1	41247	0.563375	4507
1	41256	0.5635	4508
1	41265	0.563625	4509
1	41274	0.56375	4510
1	41283	0.563875	4511
1	41292	0.564	4512
1	41301	0.564125	4513
1	41310	0.56425	4514
1	41319	0.564375	4515
1	41328	0.5645	4516
1	41337	0.564625	4517
1	41346	0.56475	4518
1	41355	0.564875	4519
1	41364	0.565	4520
1	41373	0.565125	4521
1	41382	0.56525	4522
1	41391	0.565375	4523
1	41400	0.5655	4524
1	41409	0.565625	4525
1	41418	0.56575	4526
1	41427	0.565875	4527
1	41436	0.566	4528
1	41449	0.566125	4529
1	41458	0.56625	4530
1	41467	0.566375	4531
1	41476	0.5665	4532
1	41485	0.566625	4533
1	41494	0.56675	4534
1	41503	0.566875	4535
1	41512	0.567	4536
1	41521	0.567125	4537
1	41530	0.56725	4538
1	41539	0.567375	4539
1	41548	0.5675	4540
1	41557	0.567625	4541
1	41566	0.56775	4542
1	41575	0.567875	4543
1	41584	0.568	4544
1	41593	0.568125	4545
1	41602	0.56825	4546
1	41611	0.568375	4547
1	41620	0.5685	4548
1	41629	0.568625	4549
1	41638	0.56875	4550
1	41647	0.568875	4551
1	41656	0.569	4552
1	41665	0.569125	4553
1	41674	0.56925	4554
1	41687	0.569375	4555
1	41696	0.5695	4556
1	41705	0.569625	4557
1	41714	0.56975	4558
1	41723	0.569875	4559
1	41732	0.57	4560
1	41741	0.570125	4561
1	41750	0.57025	4562
1	41759	0.570375	4563
1	41768	0.5705	4564
1	41777	0.570625	4565
1	41786	0.57075	4566
1	41795	0.570875	4567
1	41804	0.571	4568
1	41813	0.571125	4569
1	41822	0.57125	4570
1	41831	0.571375	4571
1	41840	0.5715	4572
1	41849	0.571625	4573
1	41858	0.57175	4574
1	41867	0.571875	4575
1	41876	0.572	4576
1	41885	0.572125	4577
1	41894	0.57225	4578
1	41903	0.572375	4579
1	41912	0.5725	4580
1	41925	0.572625	4581
1	41934	0.57275	4582
1	41943	0.572875	4583
1	41952	0.573	4584
1	41961	0.573125	4585
1	41970	0.57325	4586
1	41979	0.573375	4587
1	41988	0.5735	4588
1	41997	0.573625	4589
1	42006	0.57375	4590
1	42015	0.573875	4591
1	42024	0.574	4592
1	42033	0.574125	4593
1	42042	0.57425	4594
1	42051	0.574375	4595
1	42060	0.5745	4596
1	42069	0.574625	4597
1	42078	0.57475	4598
1	42087	0.574875	4599
1	42096	0.575	4600
1	42105	0.575125	4601
1	42114	0.57525	4602
1	42123	0.575375	4603
1	42132	0.5755	4604
1	42141	0.575625	4605
1	42150	0.57575	4606
1	42163	0.575875	4607
1	42172	0.576	4608
1	42181	0.576125	4609
1	42190	0.57625	4610
1	42199	0.576375	4611
1	42208	0.5765	4612
1	42217	0.576625	4613
1	42226	0.57675	4614
1	42235	0.576875	4615
1	42244	0.577	4616
1	42253	0.577125	4617
1	42262	0.57725	4618
1	42271	0.577375	4619
1	42280	0.5775	4620
1	42289	0.577625	4621
1	42298	0.57775	4622
1	42307	0.577875	4623
1	42316	0.578	4624
1	42325	0.578125	4625
1	42334	0.57825	4626
1	42343	0.578375	4627
1	42352	0.5785	4628
1	42361	0.578625	4629
1	42370	0.57875	4630
1	42379	0.578875	4631
1	42388	0.579	4632
1	42401	0.579125	4633
1	42410	0.57925	4634
1	42419	0.579375	4635
1	42428	0.5795	4636
1	42437	0.579625	4637
1	42446	0.57975	4638
1	42455	0.579875	4639
1	42464	0.58	4640
1	42473	0.580125	4641
1	42482	0.58025	4642
1	42491	0.580375	4643
1	42500	0.5805	4644
1	42509	0.580625	4645
1	42518	0.58075	4646
1	42527	0.580875	4647
1	42536	0.581	4648
1	42545	0.581125	4649
1	42554	0.58125	4650
1	42563	0.581375	4651
1	42572	0.5815	4652
1	42581	0.581625	4653
1	42590	0.58175	4654
1	42599	0.581875	4655
1	42608	0.582	4656
1	42617	0.582125	4657
1	42626	0.58225	4658
1	42639	0.582375	4659
1	42648	0.5825	4660
1	42657	0.582625	4661
1	42666	0.58275	4662
1	42675	0.582875	4663
1	42684	0.583	4664
1	42693	0.583125	4665
1	42702	0.58325	4666
1	42711	0.583375	4667
1	42720	0.5835	4668
1	42729	0.583625	4669
1	42738	0.58375	4670
1	42747	0.583875	4671
1	42756	0.584	4672
1	42765	0.584125	4673
1	42774	0.58425	4674
1	42783	0.584375	4675
1	42792	0.5845	4676
1	42801	0.584625	4677
1	42810	0.58475	4678
1	42819	0.584875	4679
1	42828	0.585	4680
1	42837	0.585125	4681
1	42846	0.58525	4682
1	42855	0.585375	4683
1	42864	0.5855	4684
1	42873	0.585625	4685
1	42886	0.58575	4686
1	42895	0.585875	4687
1	42904	0.586	4688
1	42913	0.586125	4689
1	42922	0.58625	4690
1	42931	0.586375	4691
1	42940	0.5865	4692
1	42949	0.586625	4693
1	42958	0.58675	4694
1	42967	0.586875	4695
1	42976	0.587	4696
1	42985	0.587125	4697
1	42994	0.58725	4698
1	43003	0.587375	4699
1	43012	0.5875	4700
1	43021	0.587625	4701
1	43030	0.58775	4702
1	43039	0.587875	4703
1	43048	0.588	4704
1	43057	0.588125	4705
1	43066	0.58825	4706
1	43075	0.588375	4707
1	43084	0.5885	4708
1	43093	0.588625	4709
1	43102	0.58875	4710
1	43111	0.588875	4711
1	43124	0.589	4712
1	43133	0.589125	4713
1	43142	0.58925	4714
1	43151	0.589375	4715
1	43160	0.5895	4716
1	43169	0.589625	4717
1	43178	0.58975	4718
1	43187	0.589875	4719
1	43196	0.59	4720
1	43205	0.590125	4721
1	43214	0.59025	4722
1	43223	0.590375	4723
1	43232	0.5905	4724
1	43241	0.590625	4725
1	43250	0.59075	4726
1	43259	0.590875	4727
1	43268	0.591	4728
1	43277	0.591125	4729
1	43286	0.59125	4730
1	43295	0.591375	4731
1	43304	0.5915	4732
1	43313	0.591625	4733
1	43322	0.59175	4734
1	43331	0.591875	4735
1	43340	0.592	4736
1	43349	0.592125	4737
1	43362	0.59225	4738
1	43371	0.592375	4739
1	43380	0.5925	4740
1	43389	0.592625	4741
1	43398	0.59275	4742
1	43407	0.592875	4743
1	43416	0.593	4744
1	43425	0.593125	4745
1	43434	0.59325	4746
1	43443	0.593375	4747
1	43452	0.5935	4748
1	43461	0.593625	4749
1	43470	0.59375	4750
1	43479	0.593875	4751
1	43488	0.594	4752
1	43497	0.594125	4753
1	43506	0.59425	4754
1	43515	0.594375	4755
1	43524	0.5945	4756
1	43533	0.594625	4757
1	43542	0.59475	4758
1	43551	0.594875	4759
1	43560	0.595	4760
1	43569	0.595125	4761
1	43578	0.59525	4762
1	43587	0.595375	4763
1	43600	0.5955	4764
1	43609	0.595625	4765
1	43618	0.59575	4766
1	43627	0.595875	4767
1	43636	0.596	4768
1	43645	0.596125	4769
1	43654	0.59625	4770
1	43663	0.596375	4771
1	43672	0.5965	4772
1	43681	0.596625	4773
1	43690	0.59675	4774
1	43699	0.596875	4775
1	43708	0.597	4776
1	43717	0.597125	4777
1	43726	0.59725	4778
1	43735	0.597375	4779
1	43744	0.5975	4780
1	43753	0.597625	4781
1	43762	0.59775	4782
1	43771	0.597875	4783
1	43780	0.598	4784
1	43789	0.598125	4785
1	43798	0.59825	4786
1	43807	0.598375	4787
1	43816	0.5985	4788
1	43825	0.598625	4789
1	43838	0.59875	4790
1	43847	0.598875	4791
1	43856	0.599	4792
1	43865	0.599125	4793
1	43874	0.59925	4794
1	43883	0.599375	4795
1	43892	0.5995	4796
1	43901	0.599625	4797
1	43910	0.59975	4798
1	43919	0.599875	4799
1	43928	0.6	4800
1	43937	0.600125	4801
1	43946	0.60025	4802
1	43955	0.600375	4803
1	43964	0.6005	4804
1	43973	0.600625	4805
1	43982	0.60075	4806
1	43991	0.600875	4807
1	44000	0.601	4808
1	44009	0.601125	4809
1	44018	0.60125	4810
1	44027	0.601375	4811
1	44036	0.6015	4812
1	44045	0.601625	4813
1	44054	0.60175	4814
1	44063	0.601875	4815
1	44072	0.602	4816
1	44085	0.602125	4817
1	44094	0.60225	4818
1	44103	0.602375	4819
1	44112	0.6025	4820
1	44121	0.602625	4821
1	44130	0.60275	4822
1	44139	0.602875	4823
1	44148	0.603	4824
1	44157	0.603125	4825
1	44166	0.60325	4826
1	44175	0.603375	4827
1	44184	0.6035	4828
1	44193	0.603625	4829
1	44202	0.60375	4830
1	44211	0.603875	4831
1	44220	0.604	4832
1	44229	0.604125	4833
1	44238	0.60425	4834
1	44247	0.604375	4835
1	44256	0.6045	4836
1	44265	0.604625	4837
1	44274	0.60475	4838
1	44283	0.604875	4839
1	44292	0.605	4840
1	44301	0.605125	4841
1	44310	0.60525	4842
1	44323	0.605375	4843
1	44332	0.6055	4844
1	44341	0.605625	4845
1	44350	0.60575	4846
1	44359	0.605875	4847
1	44368	0.606	4848
1	44377	0.606125	4849
1	44386	0.60625	4850
1	44395	0.606375	4851
1	44404	0.6065	4852
1	44413	0.606625	4853
1	44422	0.60675	4854
1	44431	0.606875	4855
1	44440	0.607	4856
1	44449	0.607125	4857
1	44458	0.60725	4858
1	44467	0.607375	4859
1	44476	0.6075	4860
1	44485	0.607625	4861
1	44494	0.60775	4862
1	44503	0.607875	4863
1	44512	0.608	4864
1	44521	0.608125	4865
1	44530	0.60825	4866
1	44539	0.608375	4867
1	44548	0.6085	4868
1	44561	0.608625	4869
1	44570	0.60875	4870
1	44579	0.608875	4871
1	44588	0.609	4872
1	44597	0.609125	4873
1	44606	0.60925	4874
1	44615	0.609375	4875
1	44624	0.6095	4876
1	44633	0.609625	4877
1	44642	0.60975	4878
1	44651	0.609875	4879
1	44660	0.61	4880
1	44669	0.610125	4881
1	44678	0.61025	4882
1	44687	0.610375	4883
1	44696	0.6105	4884
1	44705	0.610625	4885
1	44714	0.61075	4886
1	44723	0.610875	4887
1	44732	0.611	4888
1	44741	0.611125	4889
1	44750	0.61125	4890
1	44759	0.611375	4891
1	44768	0.6115	4892
1	44777	0.611625	4893
1	44786	0.61175	4894
1	44799	0.611875	4895
1	44808	0.612	4896
1	44817	0.612125	4897
1	44826	0.61225	4898
1	44835	0.612375	4899
1	44844	0.6125	4900
1	44853	0.612625	4901
1	44862	0.61275	4902
1	44871	0.612875	4903
1	44880	0.613	4904
1	44889	0.613125	4905
1	44898	0.61325	4906
1	44907	0.613375	4907
1	44916	0.6135	4908
1	44925	0.613625	4909
1	44934	0.61375	4910
1	44943	0.613875	4911
1	44952	0.614	4912
1	44961	0.614125	4913
1	44970	0.61425	4914
1	44979	0.614375	4915
1	44988	0.6145	4916
1	44997	0.614625	4917
1	45006	0.61475	4918
1	45015	0.614875	4919
1	45024	0.615	4920
1	45037	0.615125	4921
1	45046	0.61525	4922
1	45055	0.615375	4923
1	45064	0.6155	4924
1	45073	0.615625	4925
1	45082	0.61575	4926
1	45091	0.615875	4927
1	45100	0.616	4928
1	45109	0.616125	4929
1	45118	0.61625	4930
1	45127	0.616375	4931
1	45136	0.6165	4932
1	45145	0.616625	4933
1	45154	0.61675	4934
1	45163	0.616875	4935
1	45172	0.617	4936
1	45181	0.617125	4937
1	45190	0.61725	4938
1	45199	0.617375	4939
1	45208	0.6175	4940
1	45217	0.617625	4941
1	45226	0.61775	4942
1	45235	0.617875	4943
1	45244	0.618	4944
1	45253	0.618125	4945
1	45262	0.61825	4946
1	45275	0.618375	4947
1	45284	0.6185	4948
1	45293	0.618625	4949
1	45302	0.61875	4950
1	45311	0.618875	4951
1	45320	0.619	4952
1	45329	0.619125	4953
1	45338	0.61925	4954
1	45347	0.619375	4955
1	45356	0.6195	4956
1	45365	0.619625	4957
1	45374	0.61975	4958
1	45383	0.619875	4959
1	45392	0.62	4960
1	45401	0.620125	4961
1	45410	0.62025	4962
1	45419	0.620375	4963
1	45428	0.6205	4964
1	45437	0.620625	4965
1	45446	0.62075	4966
1	45455	0.620875	4967
1	45464	0.621	4968
1	45473	0.621125	4969
1	45482	0.62125	4970
1	45491	0.621375	4971
1	45500	0.6215	4972
1	45509	0.621625	4973
1	45522	0.62175	4974
1	45531	0.621875	4975
1	45540	0.622	4976
1	45549	0.622125	4977
1	45558	0.62225	4978
1	45567	0.622375	4979
1	45576	0.6225	4980
1	45585	0.622625	4981
1	45594	0.62275	4982
1	45603	0.622875	4983
1	45612	0.623	4984
1	45621	0.623125	4985
1	45630	0.62325	4986
1	45639	0.623375	4987
1	45648	0.6235	4988
1	45657	0.623625	4989
1	45666	0.62375	4990
1	45675	0.623875	4991
1	45684	0.624	4992
1	45693	0.624125	4993
1	45702	0.62425	4994
1	45711	0.624375	4995
1	45720	0.6245	4996
1	45729	0.624625	4997
1	45738	0.62475	4998
1	45747	0.624875	4999
1	45760	0.625	5000
1	45769	0.625125	5001
1	45778	0.62525	5002
1	45787	0.625375	5003
1	45796	0.6255	5004
1	45805	0.625625	5005
1	45814	0.62575	5006
1	45823	0.625875	5007
1	45832	0.626	5008
1	45841	0.626125	5009
1	45850	0.62625	5010
1	45859	0.626375	5011
1	45868	0.6265	5012
1	45877	0.626625	5013
1	45886	0.62675	5014
1	45895	0.626875	5015
1	45904	0.627	5016
1	45913	0.627125	5017
1	45922	0.62725	5018
1	45931	0.627375	5019
1	45940	0.6275	5020
1	45949	0.627625	5021
1	45958	0.62775	5022
1	45967	0.627875	5023
1	45976	0.628	5024
1	45985	0.628125	5025
1	45998	0.62825	5026
1	46007	0.628375	5027
1	46016	0.6285	5028
1	46025	0.628625	5029
1	46034	0.62875	5030
1	46043	0.628875	5031
1	46052	0.629	5032
1	46061	0.629125	5033
1	46070	0.62925	5034
1	46079	0.629375	5035
1	46088	0.6295	5036
1	46097	0.629625	5037
1	46106	0.62975	5038
1	46115	0.629875	5039
1	46124	0.63	5040
1	46133	0.630125	5041
1	46142	0.63025	5042
1	46151	0.630375	5043
1	46160	0.6305	5044
1	46169	0.630625	5045
1	46178	0.63075	5046
1	46187	0.630875	5047
1	46196	0.631	5048
1	46205	0.631125	5049
1	46214	0.63125	5050
1	46223	0.631375	5051
1	46236	0.6315	5052
1	46245	0.631625	5053
1	46254	0.63175	5054
1	46263	0.631875	5055
1	46272	0.632	5056
1	46281	0.632125	5057
1	46290	0.63225	5058
1	46299	0.632375	5059
1	46308	0.6325	5060
1	46317	0.632625	5061
1	46326	0.63275	5062
1	46335	0.632875	5063
1	46344	0.633	5064
1	46353	0.633125	5065
1	46362	0.63325	5066
1	46371	0.633375	5067
1	46380	0.6335	5068
1	46389	0.633625	5069
1	46398	0.63375	5070
1	46407	0.633875	5071
1	46416	0.634	5072
1	46425	0.634125	5073
1	46434	0.63425	5074
1	46443	0.634375	5075
1	46452	0.6345	5076
1	46461	0.634625	5077
1	46474	0.63475	5078
1	46483	0.634875	5079
1	46492	0.635	5080
1	46501	0.635125	5081
1	46510	0.63525	5082
1	46519	0.635375	5083
1	46528	0.6355	5084
1	46537	0.635625	5085
1	46546	0.63575	5086
1	46555	0.635875	5087
1	46564	0.636	5088
1	46573	0.636125	5089
1	46582	0.63625	5090
1	46591	0.636375	5091
1	46600	0.6365	5092
1	46609	0.636625	5093
1	46618	0.63675	5094
1	46627	0.636875	5095
1	46636	0.637	5096
1	46645	0.637125	5097
1	46654	0.63725	5098
1	46663	0.637375	5099
1	46672	0.6375	5100
1	46681	0.637625	5101
1	46690	0.63775	5102
1	46699	0.637875	5103
1	46712	0.638	5104
1	46721	0.638125	5105
1	46730	0.63825	5106
1	46739	0.638375	5107
1	46748	0.6385	5108
1	46757	0.638625	5109
1	46766	0.63875	5110
1	46775	0.638875	5111
1	46784	0.639	5112
1	46793	0.639125	5113
1	46802	0.63925	5114
1	46811	0.639375	5115
1	46820	0.6395	5116
1	46829	0.639625	5117
1	46838	0.63975	5118
1	46847	0.639875	5119
1	46856	0.64	5120
1	46865	0.640125	5121
1	46874	0.64025	5122
1	46883	0.640375	5123
1	46892	0.6405	5124
1	46901	0.640625	5125
1	46910	0.64075	5126
1	46919	0.640875	5127
1	46928	0.641	5128
1	46937	0.641125	5129
1	46946	0.64125	5130
1	46959	0.641375	5131
1	46968	0.6415	5132
1	46977	0.641625	5133
1	46986	0.64175	5134
1	46995	0.641875	5135
1	47004	0.642	5136
1	47013	0.642125	5137
1	47022	0.64225	5138
1	47031	0.642375	5139
1	47040	0.6425	5140
1	47049	0.642625	5141
1	47058	0.64275	5142
1	47067	0.642875	5143
1	47076	0.643	5144
1	47085	0.643125	5145
1	47094	0.64325	5146
1	47103	0.643375	5147
1	47112	0.6435	5148
1	47121	0.643625	5149
1	47130	0.64375	5150
1	47139	0.643875	5151
1	47148	0.644	5152
1	47157	0.644125	5153
1	47166	0.64425	5154
1	47175	0.644375	5155
1	47184	0.6445	5156
1	47197	0.644625	5157
1	47206	0.64475	5158
1	47215	0.644875	5159
1	47224	0.645	5160
1	47233	0.645125	5161
1	47242	0.64525	5162
1	47251	0.645375	5163
1	47260	0.6455	5164
1	47269	0.645625	5165
1	47278	0.64575	5166
1	47287	0.645875	5167
1	47296	0.646	5168
1	47305	0.646125	5169
1	47314	0.64625	5170
1	47323	0.646375	5171
1	47332	0.6465	5172
1	47341	0.646625	5173
1	47350	0.64675	5174
1	47359	0.646875	5175
1	47368	0.647	5176
1	47377	0.647125	5177
1	47386	0.64725	5178
1	47395	0.647375	5179
1	47404	0.6475	5180
1	47413	0.647625	5181
1	47422	0.64775	5182
1	47435	0.647875	5183
1	47444	0.648	5184
1	47453	0.648125	5185
1	47462	0.64825	5186
1	47471	0.648375	5187
1	47480	0.6485	5188
1	47489	0.648625	5189
1	47498	0.64875	5190
1	47507	0.648875	5191
1	47516	0.649	5192
1	47525	0.649125	5193
1	47534	0.64925	5194
1	47543	0.649375	5195
1	47552	0.6495	5196
1	47561	0.649625	5197
1	47570	0.64975	5198
1	47579	0.649875	5199
1	47588	0.65	5200
1	47597	0.650125	5201
1	47606	0.65025	5202
1	47615	0.650375	5203
1	47624	0.6505	5204
1	47633	0.650625	5205
1	47642	0.65075	5206
1	47651	0.650875	5207
1	47660	0.651	5208
1	47673	0.651125	5209
1	47682	0.65125	5210
1	47691	0.651375	5211
1	47700	0.6515	5212
1	47709	0.651625	5213
1	47718	0.65175	5214
1	47727	0.651875	5215
1	47736	0.652	5216
1	47745	0.652125	5217
1	47754	0.65225	5218
1	47763	0.652375	5219
1	47772	0.6525	5220
1	47781	0.652625	5221
1	47790	0.65275	5222
1	47799	0.652875	5223
1	47808	0.653	5224
1	47817	0.653125	5225
1	47826	0.65325	5226
1	47835	0.653375	5227
1	47844	0.6535	5228
1	47853	0.653625	5229
1	47862	0.65375	5230
1	47871	0.653875	5231
1	47880	0.654	5232
1	47889	0.654125	5233
1	47898	0.65425	5234
1	47911	0.654375	5235
1	47920	0.6545	5236
1	47929	0.654625	5237
1	47938	0.65475	5238
1	47947	0.654875	5239
1	47956	0.655	5240
1	47965	0.655125	5241
1	47974	0.65525	5242
1	47983	0.655375	5243
1	47992	0.6555	5244
1	48001	0.655625	5245
1	48010	0.65575	5246
1	48019	0.655875	5247
1	48028	0.656	5248
1	48037	0.656125	5249
1	48046	0.65625	5250
1	48055	0.656375	5251
1	48064	0.6565	5252
1	48073	0.656625	5253
1	48082	0.65675	5254
1	48091	0.656875	5255
1	48100	0.657	5256
1	48109	0.657125	5257
1	48118	0.65725	5258
1	48127	0.657375	5259
1	48136	0.6575	5260
1	48149	0.657625	5261
1	48158	0.65775	5262
1	48167	0.657875	5263
1	48176	0.658	5264
1	48185	0.658125	5265
1	48194	0.65825	5266
1	48203	0.658375	5267
1	48212	0.6585	5268
1	48221	0.658625	5269
1	48230	0.65875	5270
1	48239	0.658875	5271
1	48248	0.659	5272
1	48257	0.659125	5273
1	48266	0.65925	5274
1	48275	0.659375	5275
1	48284	0.6595	5276
1	48293	0.659625	5277
1	48302	0.65975	5278
1	48311	0.659875	5279
1	48320	0.66	5280
1	48329	0.660125	5281
1	48338	0.66025	5282
1	48347	0.660375	5283
1	48356	0.6605	5284
1	48365	0.660625	5285
1	48374	0.66075	5286
1	48383	0.660875	5287
1	48396	0.661	5288
1	48405	0.661125	5289
1	48414	0.66125	5290
1	48423	0.661375	5291
1	48432	0.6615	5292
1	48441	0.661625	5293
1	48450	0.66175	5294
1	48459	0.661875	5295
1	48468	0.662	5296
1	48477	0.662125	5297
1	48486	0.66225	5298
1	48495	0.662375	5299
1	48504	0.6625	5300
1	48513	0.662625	5301
1	48522	0.66275	5302
1	48531	0.662875	5303
1	48540	0.663	5304
1	48549	0.663125	5305
1	48558	0.66325	5306
1	48567	0.663375	5307
1	48576	0.6635	5308
1	48585	0.663625	5309
1	48594	0.66375	5310
1	48603	0.663875	5311
1	48612	0.664	5312
1	48621	0.664125	5313
1	48634	0.66425	5314
1	48643	0.664375	5315
1	48652	0.6645	5316
1	48661	0.664625	5317
1	48670	0.66475	5318
1	48679	0.664875	5319
1	48688	0.665	5320
1	48697	0.665125	5321
1	48706	0.66525	5322
1	48715	0.665375	5323
1	48724	0.6655	5324
1	48733	0.665625	5325
1	48742	0.66575	5326
1	48751	0.665875	5327
1	48760	0.666	5328
1	48769	0.666125	5329
1	48778	0.66625	5330
1	48787	0.666375	5331
1	48796	0.6665	5332
1	48805	0.666625	5333
1	48814	0.66675	5334
1	48823	0.666875	5335
1	48832	0.667	5336
1	48841	0.667125	5337
1	48850	0.66725	5338
1	48859	0.667375	5339
1	48872	0.6675	5340
1	48881	0.667625	5341
1	48890	0.66775	5342
1	48899	0.667875	5343
1	48908	0.668	5344
1	48917	0.668125	5345
1	48926	0.66825	5346
1	48935	0.668375	5347
1	48944	0.6685	5348
1	48953	0.668625	5349
1	48962	0.66875	5350
1	48971	0.668875	5351
1	48980	0.669	5352
1	48989	0.669125	5353
1	48998	0.66925	5354
1	49007	0.669375	5355
1	49016	0.6695	5356
1	49025	0.669625	5357
1	49034	0.66975	5358
1	49043	0.669875	5359
1	49052	0.67	5360
1	49061	0.670125	5361
1	49070	0.67025	5362
1	49079	0.670375	5363
1	49088	0.6705	5364
1	49097	0.670625	5365
1	49110	0.67075	5366
1	49119	0.670875	5367
1	49128	0.671	5368
1	49137	0.671125	5369
1	49146	0.67125	5370
1	49155	0.671375	5371
1	49164	0.6715	5372
1	49173	0.671625	5373
1	49182	0.67175	5374
1	49191	0.671875	5375
1	49200	0.672	5376
1	49209	0.672125	5377
1	49218	0.67225	5378
1	49227	0.672375	5379
1	49236	0.6725	5380
1	49245	0.672625	5381
1	49254	0.67275	5382
1	49263	0.672875	5383
1	49272	0.673	5384
1	49281	0.673125	5385
1	49290	0.67325	5386
1	49299	0.673375	5387
1	49308	0.6735	5388
1	49317	0.673625	5389
1	49326	0.67375	5390
1	49335	0.673875	5391
1	49348	0.674	5392
1	49357	0.674125	5393
1	49366	0.67425	5394
1	49375	0.674375	5395
1	49384	0.6745	5396
1	49393	0.674625	5397
1	49402	0.67475	5398
1	49411	0.674875	5399
1	49420	0.675	5400
1	49429	0.675125	5401
1	49438	0.67525	5402
1	49447	0.675375	5403
1	49456	0.6755	5404
1	49465	0.675625	5405
1	49474	0.67575	5406
1	49483	0.675875	5407
1	49492	0.676	5408
1	49501	0.676125	5409
1	49510	0.67625	5410
1	49519	0.676375	5411
1	49528	0.6765	5412
1	49537	0.676625	5413
1	49546	0.67675	5414
1	49555	0.676875	5415
1	49564	0.677	5416
1	49573	0.677125	5417
1	49582	0.67725	5418
1	49595	0.677375	5419
1	49604	0.6775	5420
1	49613	0.677625	5421
1	49622	0.67775	5422
1	49631	0.677875	5423
1	49640	0.678	5424
1	49649	0.678125	5425
1	49658	0.67825	5426
1	49667	0.678375	5427
1	49676	0.6785	5428
1	49685	0.678625	5429
1	49694	0.67875	5430
1	49703	0.678875	5431
1	49712	0.679	5432
1	49721	0.679125	5433
1	49730	0.67925	5434
1	49739	0.679375	5435
1	49748	0.6795	5436
1	49757	0.679625	5437
1	49766	0.67975	5438
1	49775	0.679875	5439
1	49784	0.68	5440
1	49793	0.680125	5441
1	49802	0.68025	5442
1	49811	0.680375	5443
1	49820	0.6805	5444
1	49833	0.680625	5445
1	49842	0.68075	5446
1	49851	0.680875	5447
1	49860	0.681	5448
1	49869	0.681125	5449
1	49878	0.68125	5450
1	49887	0.681375	5451
1	49896	0.6815	5452
1	49905	0.681625	5453
1	49914	0.68175	5454
1	49923	0.681875	5455
1	49932	0.682	5456
1	49941	0.682125	5457
1	49950	0.68225	5458
1	49959	0.682375	5459
1	49968	0.6825	5460
1	49977	0.682625	5461
1	49986	0.68275	5462
1	49995	0.682875	5463
1	50004	0.683	5464
1	50013	0.683125	5465
1	50022	0.68325	5466
1	50031	0.683375	5467
1	50040	0.6835	5468
1	50049	0.683625	5469
1	50058	0.68375	5470
1	50071	0.683875	5471
1	50080	0.684	5472
1	50089	0.684125	5473
1	50098	0.68425	5474
1	50107	0.684375	5475
1	50116	0.6845	5476
1	50125	0.684625	5477
1	50134	0.68475	5478
1	50143	0.684875	5479
1	50152	0.685	5480
1	50161	0.685125	5481
1	50170	0.68525	5482
1	50179	0.685375	5483
1	50188	0.6855	5484
1	50197	0.685625	5485
1	50206	0.68575	5486
1	50215	0.685875	5487
1	50224	0.686	5488
1	50233	0.686125	5489
1	50242	0.68625	5490
1	50251	0.686375	5491
1	50260	0.6865	5492
1	50269	0.686625	5493
1	50278	0.68675	5494
1	50287	0.686875	5495
1	50296	0.687	5496
1	50309	0.687125	5497
1	50318	0.68725	5498
1	50327	0.687375	5499
1	50336	0.6875	5500
1	50345	0.687625	5501
1	50354	0.68775	5502
1	50363	0.687875	5503
1	50372	0.688	5504
1	50381	0.688125	5505
1	50390	0.68825	5506
1	50399	0.688375	5507
1	50408	0.6885	5508
1	50417	0.688625	5509
1	50426	0.68875	5510
1	50435	0.688875	5511
1	50444	0.689	5512
1	50453	0.689125	5513
1	50462	0.68925	5514
1	50471	0.689375	5515
1	50480	0.6895	5516
1	50489	0.689625	5517
1	50498	0.68975	5518
1	50507	0.689875	5519
1	50516	0.69	5520
1	50525	0.690125	5521
1	50534	0.69025	5522
1	50547	0.690375	5523
1	50556	0.6905	5524
1	50565	0.690625	5525
1	50574	0.69075	5526
1	50583	0.690875	5527
1	50592	0.691	5528
1	50601	0.691125	5529
1	50610	0.69125	5530
1	50619	0.691375	5531
1	50628	0.6915	5532
1	50637	0.691625	5533
1	50646	0.69175	5534
1	50655	0.691875	5535
1	50664	0.692	5536
1	50673	0.692125	5537
1	50682	0.69225	5538
1	50691	0.692375	5539
1	50700	0.6925	5540
1	50709	0.692625	5541
1	50718	0.69275	5542
1	50727	0.692875	5543
1	50736	0.693	5544
1	50745	0.693125	5545
1	50754	0.69325	5546
1	50763	0.693375	5547
1	50772	0.6935	5548
1	50785	0.693625	5549
1	50794	0.69375	5550
1	50803	0.693875	5551
1	50812	0.694	5552
1	50821	0.694125	5553
1	50830	0.69425	5554
1	50839	0.694375	5555
1	50848	0.6945	5556
1	50857	0.694625	5557
1	50866	0.69475	5558
1	50875	0.694875	5559
1	50884	0.695	5560
1	50893	0.695125	5561
1	50902	0.69525	5562
1	50911	0.695375	5563
1	50920	0.6955	5564
1	50929	0.695625	5565
1	50938	0.69575	5566
1	50947	0.695875	5567
1	50956	0.696	5568
1	50965	0.696125	5569
1	50974	0.69625	5570
1	50983	0.696375	5571
1	50992	0.6965	5572
1	51001	0.696625	5573
1	51010	0.69675	5574
1	51019	0.696875	5575
1	51032	0.697	5576
1	51041	0.697125	5577
1	51050	0.69725	5578
1	51059	0.697375	5579
1	51068	0.6975	5580
1	51077	0.697625	5581
1	51086	0.69775	5582
1	51095	0.697875	5583
1	51104	0.698	5584
1	51113	0.698125	5585
1	51122	0.69825	5586
1	51131	0.698375	5587
1	51140	0.6985	5588
1	51149	0.698625	5589
1	51158	0.69875	5590
1	51167	0.698875	5591
1	51176	0.699	5592
1	51185	0.699125	5593
1	51194	0.69925	5594
1	51203	0.699375	5595
1	51212	0.6995	5596
1	51221	0.699625	5597
1	51230	0.69975	5598
1	51239	0.699875	5599
1	51248	0.7	5600
1	51257	0.700125	5601
1	51270	0.70025	5602
1	51279	0.700375	5603
1	51288	0.7005	5604
1	51297	0.700625	5605
1	51306	0.70075	5606
1	51315	0.700875	5607
1	51324	0.701	5608
1	51333	0.701125	5609
1	51342	0.70125	5610
1	51351	0.701375	5611
1	51360	0.7015	5612
1	51369	0.701625	5613
1	51378	0.70175	5614
1	51387	0.701875	5615
1	51396	0.702	5616
1	51405	0.702125	5617
1	51414	0.70225	5618
1	51423	0.702375	5619
1	51432	0.7025	5620
1	51441	0.702625	5621
1	51450	0.70275	5622
1	51459	0.702875	5623
1	51468	0.703	5624
1	51477	0.703125	5625
1	51486	0.70325	5626
1	51495	0.703375	5627
1	51508	0.7035	5628
1	51517	0.703625	5629
1	51526	0.70375	5630
1	51535	0.703875	5631
1	51544	0.704	5632
1	51553	0.704125	5633
1	51562	0.70425	5634
1	51571	0.704375	5635
1	51580	0.7045	5636
1	51589	0.704625	5637
1	51598	0.70475	5638
1	51607	0.704875	5639
1	51616	0.705	5640
1	51625	0.705125	5641
1	51634	0.70525	5642
1	51643	0.705375	5643
1	51652	0.7055	5644
1	51661	0.705625	5645
1	51670	0.70575	5646
1	51679	0.705875	5647
1	51688	0.706	5648
1	51697	0.706125	5649
1	51706	0.70625	5650
1	51715	0.706375	5651
1	51724	0.7065	5652
1	51733	0.706625	5653
1	51746	0.70675	5654
1	51755	0.706875	5655
1	51764	0.707	5656
1	51773	0.707125	5657
1	51782	0.70725	5658
1	51791	0.707375	5659
1	51800	0.7075	5660
1	51809	0.707625	5661
1	51818	0.70775	5662
1	51827	0.707875	5663
1	51836	0.708	5664
1	51845	0.708125	5665
1	51854	0.70825	5666
1	51863	0.708375	5667
1	51872	0.7085	5668
1	51881	0.708625	5669
1	51890	0.70875	5670
1	51899	0.708875	5671
1	51908	0.709	5672
1	51917	0.709125	5673
1	51926	0.70925	5674
1	51935	0.709375	5675
1	51944	0.7095	5676
1	51953	0.709625	5677
1	51962	0.70975	5678
1	51971	0.709875	5679
1	51984	0.71	5680
1	51993	0.710125	5681
1	52002	0.71025	5682
1	52011	0.710375	5683
1	52020	0.7105	5684
1	52029	0.710625	5685
1	52038	0.71075	5686
1	52047	0.710875	5687
1	52056	0.711	5688
1	52065	0.711125	5689
1	52074	0.71125	5690
1	52083	0.711375	5691
1	52092	0.7115	5692
1	52101	0.711625	5693
1	52110	0.71175	5694
1	52119	0.711875	5695
1	52128	0.712	5696
1	52137	0.712125	5697
1	52146	0.71225	5698
1	52155	0.712375	5699
1	52164	0.7125	5700
1	52173	0.712625	5701
1	52182	0.71275	5702
1	52191	0.712875	5703
1	52200	0.713	5704
1	52209	0.713125	5705
1	52222	0.71325	5706
1	52231	0.713375	5707
1	52240	0.7135	5708
1	52249	0.713625	5709
1	52258	0.71375	5710
1	52267	0.713875	5711
1	52276	0.714	5712
1	52285	0.714125	5713
1	52294	0.71425	5714
1	52303	0.714375	5715
1	52312	0.7145	5716
1	52321	0.714625	5717
1	52330	0.71475	5718
1	52339	0.714875	5719
1	52348	0.715	5720
1	52357	0.715125	5721
1	52366	0.71525	5722
1	52375	0.715375	5723
1	52384	0.7155	5724
1	52393	0.715625	5725
1	52402	0.71575	5726
1	52411	0.715875	5727
1	52420	0.716	5728
1	52429	0.716125	5729
1	52438	0.71625	5730
1	52447	0.716375	5731
1	52456	0.7165	5732
1	52469	0.716625	5733
1	52478	0.71675	5734
1	52487	0.716875	5735
1	52496	0.717	5736
1	52505	0.717125	5737
1	52514	0.71725	5738
1	52523	0.717375	5739
1	52532	0.7175	5740
1	52541	0.717625	5741
1	52550	0.71775	5742
1	52559	0.717875	5743
1	52568	0.718	5744
1	52577	0.718125	5745
1	52586	0.71825	5746
1	52595	0.718375	5747
1	52604	0.7185	5748
1	52613	0.718625	5749
1	52622	0.71875	5750
1	52631	0.718875	5751
1	52640	0.719	5752
1	52649	0.719125	5753
1	52658	0.71925	5754
1	52667	0.719375	5755
1	52676	0.7195	5756
1	52685	0.719625	5757
1	52694	0.71975	5758
1	52707	0.719875	5759
1	52716	0.72	5760
1	52725	0.720125	5761
1	52734	0.72025	5762
1	52743	0.720375	5763
1	52752	0.7205	5764
1	52761	0.720625	5765
1	52770	0.72075	5766
1	52779	0.720875	5767
1	52788	0.721	5768
1	52797	0.721125	5769
1	52806	0.72125	5770
1	52815	0.721375	5771
1	52824	0.7215	5772
1	52833	0.721625	5773
1	52842	0.72175	5774
1	52851	0.721875	5775
1	52860	0.722	5776
1	52869	0.722125	5777
1	52878	0.72225	5778
1	52887	0.722375	5779
1	52896	0.7225	5780
1	52905	0.722625	5781
1	52914	0.72275	5782
1	52923	0.722875	5783
1	52932	0.723	5784
1	52945	0.723125	5785
1	52954	0.72325	5786
1	52963	0.723375	5787
1	52972	0.7235	5788
1	52981	0.723625	5789
1	52990	0.72375	5790
1	52999	0.723875	5791
1	53008	0.724	5792
1	53017	0.724125	5793
1	53026	0.72425	5794
1	53035	0.724375	5795
1	53044	0.7245	5796
1	53053	0.724625	5797
1	53062	0.72475	5798
1	53071	0.724875	5799
1	53080	0.725	5800
1	53089	0.725125	5801
1	53098	0.72525	5802
1	53107	0.725375	5803
1	53116	0.7255	5804
1	53125	0.725625	5805
1	53134	0.72575	5806
1	53143	0.725875	5807
1	53152	0.726	5808
1	53161	0.726125	5809
1	53170	0.72625	5810
1	53183	0.726375	5811
1	53192	0.7265	5812
1	53201	0.726625	5813
1	53210	0.72675	5814
1	53219	0.726875	5815
1	53228	0.727	5816
1	53237	0.727125	5817
1	53246	0.72725	5818
1	53255	0.727375	5819
1	53264	0.7275	5820
1	53273	0.727625	5821
1	53282	0.72775	5822
1	53291	0.727875	5823
1	53300	0.728	5824
1	53309	0.728125	5825
1	53318	0.72825	5826
1	53327	0.728375	5827
1	53336	0.7285	5828
1	53345	0.728625	5829
1	53354	0.72875	5830
1	53363	0.728875	5831
1	53372	0.729	5832
1	53381	0.729125	5833
1	53390	0.72925	5834
1	53399	0.729375	5835
1	53408	0.7295	5836
1	53421	0.729625	5837
1	53430	0.72975	5838
1	53439	0.729875	5839
1	53448	0.73	5840
1	53457	0.730125	5841
1	53466	0.73025	5842
1	53475	0.730375	5843
1	53484	0.7305	5844
1	53493	0.730625	5845
1	53502	0.73075	5846
1	53511	0.730875	5847
1	53520	0.731	5848
1	53529	0.731125	5849
1	53538	0.73125	5850
1	53547	0.731375	5851
1	53556	0.7315	5852
1	53565	0.731625	5853
1	53574	0.73175	5854
1	53583	0.731875	5855
1	53592	0.732	5856
1	53601	0.732125	5857
1	53610	0.73225	5858
1	53619	0.732375	5859
1	53628	0.7325	5860
1	53637	0.732625	5861
1	53646	0.73275	5862
1	53659	0.732875	5863
1	53668	0.733	5864
1	53677	0.733125	5865
1	53686	0.73325	5866
1	53695	0.733375	5867
1	53704	0.7335	5868
1	53713	0.733625	5869
1	53722	0.73375	5870
1	53731	0.733875	5871
1	53740	0.734	5872
1	53749	0.734125	5873
1	53758	0.73425	5874
1	53767	0.734375	5875
1	53776	0.7345	5876
1	53785	0.734625	5877
1	53794	0.73475	5878
1	53803	0.734875	5879
1	53812	0.735	5880
1	53821	0.735125	5881
1	53830	0.73525	5882
1	53839	0.735375	5883
1	53848	0.7355	5884
1	53857	0.735625	5885
1	53866	0.73575	5886
1	53875	0.735875	5887
1	53884	0.736	5888
1	53893	0.736125	5889
1	53906	0.73625	5890
1	53915	0.736375	5891
1	53924	0.7365	5892
1	53933	0.736625	5893
1	53942	0.73675	5894
1	53951	0.736875	5895
1	53960	0.737	5896
1	53969	0.737125	5897
1	53978	0.73725	5898
1	53987	0.737375	5899
1	53996	0.7375	5900
1	54005	0.737625	5901
1	54014	0.73775	5902
1	54023	0.737875	5903
1	54032	0.738	5904
1	54041	0.738125	5905
1	54050	0.73825	5906
1	54059	0.738375	5907
1	54068	0.7385	5908
1	54077	0.738625	5909
1	54086	0.73875	5910
1	54095	0.738875	5911
1	54104	0.739	5912
1	54113	0.739125	5913
1	54122	0.73925	5914
1	54131	0.739375	5915
1	54144	0.7395	5916
1	54153	0.739625	5917
1	54162	0.73975	5918
1	54171	0.739875	5919
1	54180	0.74	5920
1	54189	0.740125	5921
1	54198	0.74025	5922
1	54207	0.740375	5923
1	54216	0.7405	5924
1	54225	0.740625	5925
1	54234	0.74075	5926
1	54243	0.740875	5927
1	54252	0.741	5928
1	54261	0.741125	5929
1	54270	0.74125	5930
1	54279	0.741375	5931
1	54288	0.7415	5932
1	54297	0.741625	5933
1	54306	0.74175	5934
1	54315	0.741875	5935
1	54324	0.742	5936
1	54333	0.742125	5937
1	54342	0.74225	5938
1	54351	0.742375	5939
1	54360	0.7425	5940
1	54369	0.742625	5941
1	54382	0.74275	5942
1	54391	0.742875	5943
1	54400	0.743	5944
1	54409	0.743125	5945
1	54418	0.74325	5946
1	54427	0.743375	5947
1	54436	0.7435	5948
1	54445	0.743625	5949
1	54454	0.74375	5950
1	54463	0.743875	5951
1	54472	0.744	5952
1	54481	0.744125	5953
1	54490	0.74425	5954
1	54499	0.744375	5955
1	54508	0.7445	5956
1	54517	0.744625	5957
1	54526	0.74475	5958
1	54535	0.744875	5959
1	54544	0.745	5960
1	54553	0.745125	5961
1	54562	0.74525	5962
1	54571	0.745375	5963
1	54580	0.7455	5964
1	54589	0.745625	5965
1	54598	0.74575	5966
1	54607	0.745875	5967
1	54620	0.746	5968
1	54629	0.746125	5969
1	54638	0.74625	5970
1	54647	0.746375	5971
1	54656	0.7465	5972
1	54665	0.746625	5973
1	54674	0.74675	5974
1	54683	0.746875	5975
1	54692	0.747	5976
1	54701	0.747125	5977
1	54710	0.74725	5978
1	54719	0.747375	5979
1	54728	0.7475	5980
1	54737	0.747625	5981
1	54746	0.74775	5982
1	54755	0.747875	5983
1	54764	0.748	5984
1	54773	0.748125	5985
1	54782	0.74825	5986
1	54791	0.748375	5987
1	54800	0.7485	5988
1	54809	0.748625	5989
1	54818	0.74875	5990
1	54827	0.748875	5991
1	54836	0.749	5992
1	54845	0.749125	5993
1	54858	0.74925	5994
1	54867	0.749375	5995
1	54876	0.7495	5996
1	54885	0.749625	5997
1	54894	0.74975	5998
1	54903	0.749875	5999
1	54912	0.75	6000
1	54921	0.750125	6001
1	54930	0.75025	6002
1	54939	0.750375	6003
1	54948	0.7505	6004
1	54957	0.750625	6005
1	54966	0.75075	6006
1	54975	0.750875	6007
1	54984	0.751	6008
1	54993	0.751125	6009
1	55002	0.75125	6010
1	55011	0.751375	6011
1	55020	0.7515	6012
1	55029	0.751625	6013
1	55038	0.75175	6014
1	55047	0.751875	6015
1	55056	0.752	6016
1	55065	0.752125	6017
1	55074	0.75225	6018
1	55083	0.752375	6019
1	55092	0.7525	6020
1	55105	0.752625	6021
1	55114	0.75275	6022
1	55123	0.752875	6023
1	55132	0.753	6024
1	55141	0.753125	6025
1	55150	0.75325	6026
1	55159	0.753375	6027
1	55168	0.7535	6028
1	55177	0.753625	6029
1	55186	0.75375	6030
1	55195	0.753875	6031
1	55204	0.754	6032
1	55213	0.754125	6033
1	55222	0.75425	6034
1	55231	0.754375	6035
1	55240	0.7545	6036
1	55249	0.754625	6037
1	55258	0.75475	6038
1	55267	0.754875	6039
1	55276	0.755	6040
1	55285	0.755125	6041
1	55294	0.75525	6042
1	55303	0.755375	6043
1	55312	0.7555	6044
1	55321	0.755625	6045
1	55330	0.75575	6046
1	55343	0.755875	6047
1	55352	0.756	6048
1	55361	0.756125	6049
1	55370	0.75625	6050
1	55379	0.756375	6051
1	55388	0.7565	6052
1	55397	0.756625	6053
1	55406	0.75675	6054
1	55415	0.756875	6055
1	55424	0.757	6056
1	55433	0.757125	6057
1	55442	0.75725	6058
1	55451	0.757375	6059
1	55460	0.7575	6060
1	55469	0.757625	6061
1	55478	0.75775	6062
1	55487	0.757875	6063
1	55496	0.758	6064
1	55505	0.758125	6065
1	55514	0.75825	6066
1	55523	0.758375	6067
1	55532	0.7585	6068
1	55541	0.758625	6069
1	55550	0.75875	6070
1	55559	0.758875	6071
1	55568	0.759	6072
1	55581	0.759125	6073
1	55590	0.75925	6074
1	55599	0.759375	6075
1	55608	0.7595	6076
1	55617	0.759625	6077
1	55626	0.75975	6078
1	55635	0.759875	6079
1	55644	0.76	6080
1	55653	0.760125	6081
1	55662	0.76025	6082
1	55671	0.760375	6083
1	55680	0.7605	6084
1	55689	0.760625	6085
1	55698	0.76075	6086
1	55707	0.760875	6087
1	55716	0.761	6088
1	55725	0.761125	6089
1	55734	0.76125	6090
1	55743	0.761375	6091
1	55752	0.7615	6092
1	55761	0.761625	6093
1	55770	0.76175	6094
1	55779	0.761875	6095
1	55788	0.762	6096
1	55797	0.762125	6097
1	55806	0.76225	6098
1	55819	0.762375	6099
1	55828	0.7625	6100
1	55837	0.762625	6101
1	55846	0.76275	6102
1	55855	0.762875	6103
1	55864	0.763	6104
1	55873	0.763125	6105
1	55882	0.76325	6106
1	55891	0.763375	6107
1	55900	0.7635	6108
1	55909	0.763625	6109
1	55918	0.76375	6110
1	55927	0.763875	6111
1	55936	0.764	6112
1	55945	0.764125	6113
1	55954	0.76425	6114
1	55963	0.764375	6115
1	55972	0.7645	6116
1	55981	0.764625	6117
1	55990	0.76475	6118
1	55999	0.764875	6119
1	56008	0.765	6120
1	56017	0.765125	6121
1	56026	0.76525	6122
1	56035	0.765375	6123
1	56044	0.7655	6124
1	56057	0.765625	6125
1	56066	0.76575	6126
1	56075	0.765875	6127
1	56084	0.766	6128
1	56093	0.766125	6129
1	56102	0.76625	6130
1	56111	0.766375	6131
1	56120	0.7665	6132
1	56129	0.766625	6133
1	56138	0.76675	6134
1	56147	0.766875	6135
1	56156	0.767	6136
1	56165	0.767125	6137
1	56174	0.76725	6138
1	56183	0.767375	6139
1	56192	0.7675	6140
1	56201	0.767625	6141
1	56210	0.76775	6142
1	56219	0.767875	6143
1	56228	0.768	6144
1	56237	0.768125	6145
1	56246	0.76825	6146
1	56255	0.768375	6147
1	56264	0.7685	6148
1	56273	0.768625	6149
1	56282	0.76875	6150
1	56295	0.768875	6151
1	56304	0.769	6152
1	56313	0.769125	6153
1	56322	0.76925	6154
1	56331	0.769375	6155
1	56340	0.7695	6156
1	56349	0.769625	6157
1	56358	0.76975	6158
1	56367	0.769875	6159
1	56376	0.77	6160
1	56385	0.770125	6161
1	56394	0.77025	6162
1	56403	0.770375	6163
1	56412	0.7705	6164
1	56421	0.770625	6165
1	56430	0.77075	6166
1	56439	0.770875	6167
1	56448	0.771	6168
1	56457	0.771125	6169
1	56466	0.77125	6170
1	56475	0.771375	6171
1	56484	0.7715	6172
1	56493	0.771625	6173
1	56502	0.77175	6174
1	56511	0.771875	6175
1	56520	0.772	6176
1	56529	0.772125	6177
1	56542	0.77225	6178
1	56551	0.772375	6179
1	56560	0.7725	6180
1	56569	0.772625	6181
1	56578	0.77275	6182
1	56587	0.772875	6183
1	56596	0.773	6184
1	56605	0.773125	6185
1	56614	0.77325	6186
1	56623	0.773375	6187
1	56632	0.7735	6188
1	56641	0.773625	6189
1	56650	0.77375	6190
1	56659	0.773875	6191
1	56668	0.774	6192
1	56677	0.774125	6193
1	56686	0.77425	6194
1	56695	0.774375	6195
1	56704	0.7745	6196
1	56713	0.774625	6197
1	56722	0.77475	6198
1	56731	0.774875	6199
1	56740	0.775	6200
1	56749	0.775125	6201
1	56758	0.77525	6202
1	56767	0.775375	6203
1	56780	0.7755	6204
1	56789	0.775625	6205
1	56798	0.77575	6206
1	56807	0.775875	6207
1	56816	0.776	6208
1	56825	0.776125	6209
1	56834	0.77625	6210
1	56843	0.776375	6211
1	56852	0.7765	6212
1	56861	0.776625	6213
1	56870	0.77675	6214
1	56879	0.776875	6215
1	56888	0.777	6216
1	56897	0.777125	6217
1	56906	0.77725	6218
1	56915	0.777375	6219
1	56924	0.7775	6220
1	56933	0.777625	6221
1	56942	0.77775	6222
1	56951	0.777875	6223
1	56960	0.778	6224
1	56969	0.778125	6225
1	56978	0.77825	6226
1	56987	0.778375	6227
1	56996	0.7785	6228
1	57005	0.778625	6229
1	57018	0.77875	6230
1	57027	0.778875	6231
1	57036	0.779	6232
1	57045	0.779125	6233
1	57054	0.77925	6234
1	57063	0.779375	6235
1	57072	0.7795	6236
1	57081	0.779625	6237
1	57090	0.77975	6238
1	57099	0.779875	6239
1	57108	0.78	6240
1	57117	0.780125	6241
1	57126	0.78025	6242
1	57135	0.780375	6243
1	57144	0.7805	6244
1	57153	0.780625	6245
1	57162	0.78075	6246
1	57171	0.780875	6247
1	57180	0.781	6248
1	57189	0.781125	6249
1	57198	0.78125	6250
1	57207	0.781375	6251
1	57216	0.7815	6252
1	57225	0.781625	6253
1	57234	0.78175	6254
1	57243	0.781875	6255
1	57256	0.782	6256
1	57265	0.782125	6257
1	57274	0.78225	6258
1	57283	0.782375	6259
1	57292	0.7825	6260
1	57301	0.782625	6261
1	57310	0.78275	6262
1	57319	0.782875	6263
1	57328	0.783	6264
1	57337	0.783125	6265
1	57346	0.78325	6266
1	57355	0.783375	6267
1	57364	0.7835	6268
1	57373	0.783625	6269
1	57382	0.78375	6270
1	57391	0.783875	6271
1	57400	0.784	6272
1	57409	0.784125	6273
1	57418	0.78425	6274
1	57427	0.784375	6275
1	57436	0.7845	6276
1	57445	0.784625	6277
1	57454	0.78475	6278
1	57463	0.784875	6279
1	57472	0.785	6280
1	57481	0.785125	6281
1	57494	0.78525	6282
1	57503	0.785375	6283
1	57512	0.7855	6284
1	57521	0.785625	6285
1	57530	0.78575	6286
1	57539	0.785875	6287
1	57548	0.786	6288
1	57557	0.786125	6289
1	57566	0.78625	6290
1	57575	0.786375	6291
1	57584	0.7865	6292
1	57593	0.786625	6293
1	57602	0.78675	6294
1	57611	0.786875	6295
1	57620	0.787	6296
1	57629	0.787125	6297
1	57638	0.78725	6298
1	57647	0.787375	6299
1	57656	0.7875	6300
1	57665	0.787625	6301
1	57674	0.78775	6302
1	57683	0.787875	6303
1	57692	0.788	6304
1	57701	0.788125	6305
1	57710	0.78825	6306
1	57719	0.788375	6307
1	57732	0.7885	6308
1	57741	0.788625	6309
1	57750	0.78875	6310
1	57759	0.788875	6311
1	57768	0.789	6312
1	57777	0.789125	6313
1	57786	0.78925	6314
1	57795	0.789375	6315
1	57804	0.7895	6316
1	57813	0.789625	6317
1	57822	0.78975	6318
1	57831	0.789875	6319
1	57840	0.79	6320
1	57849	0.790125	6321
1	57858	0.79025	6322
1	57867	0.790375	6323
1	57876	0.7905	6324
1	57885	0.790625	6325
1	57894	0.79075	6326
1	57903	0.790875	6327
1	57912	0.791	6328
1	57921	0.791125	6329
1	57930	0.79125	6330
1	57939	0.791375	6331
1	57948	0.7915	6332
1	57957	0.791625	6333
1	57966	0.79175	6334
1	57979	0.791875	6335
1	57988	0.792	6336
1	57997	0.792125	6337
1	58006	0.79225	6338
1	58015	0.792375	6339
1	58024	0.7925	6340
1	58033	0.792625	6341
1	58042	0.79275	6342
1	58051	0.792875	6343
1	58060	0.793	6344
1	58069	0.793125	6345
1	58078	0.79325	6346
1	58087	0.793375	6347
1	58096	0.7935	6348
1	58105	0.793625	6349
1	58114	0.79375	6350
1	58123	0.793875	6351
1	58132	0.794	6352
1	58141	0.794125	6353
1	58150	0.79425	6354
1	58159	0.794375	6355
1	58168	0.7945	6356
1	58177	0.794625	6357
1	58186	0.79475	6358
1	58195	0.794875	6359
1	58204	0.795	6360
1	58217	0.795125	6361
1	58226	0.79525	6362
1	58235	0.795375	6363
1	58244	0.7955	6364
1	58253	0.795625	6365
1	58262	0.79575	6366
1	58271	0.795875	6367
1	58280	0.796	6368
1	58289	0.796125	6369
1	58298	0.79625	6370
1	58307	0.796375	6371
1	58316	0.7965	6372
1	58325	0.796625	6373
1	58334	0.79675	6374
1	58343	0.796875	6375
1	58352	0.797	6376
1	58361	0.797125	6377
1	58370	0.79725	6378
1	58379	0.797375	6379
1	58388	0.7975	6380
1	58397	0.797625	6381
1	58406	0.79775	6382
1	58415	0.797875	6383
1	58424	0.798	6384
1	58433	0.798125	6385
1	58442	0.79825	6386
1	58455	0.798375	6387
1	58464	0.7985	6388
1	58473	0.798625	6389
1	58482	0.79875	6390
1	58491	0.798875	6391
1	58500	0.799	6392
1	58509	0.799125	6393
1	58518	0.79925	6394
1	58527	0.799375	6395
1	58536	0.7995	6396
1	58545	0.799625	6397
1	58554	0.79975	6398
1	58563	0.799875	6399
1	58572	0.8	6400
1	58581	0.800125	6401
1	58590	0.80025	6402
1	58599	0.800375	6403
1	58608	0.8005	6404
1	58617	0.800625	6405
1	58626	0.80075	6406
1	58635	0.800875	6407
1	58644	0.801	6408
1	58653	0.801125	6409
1	58662	0.80125	6410
1	58671	0.801375	6411
1	58680	0.8015	6412
1	58693	0.801625	6413
1	58702	0.80175	6414
1	58711	0.801875	6415
1	58720	0.802	6416
1	58729	0.802125	6417
1	58738	0.80225	6418
1	58747	0.802375	6419
1	58756	0.8025	6420
1	58765	0.802625	6421
1	58774	0.80275	6422
1	58783	0.802875	6423
1	58792	0.803	6424
1	58801	0.803125	6425
1	58810	0.80325	6426
1	58819	0.803375	6427
1	58828	0.8035	6428
1	58837	0.803625	6429
1	58846	0.80375	6430
1	58855	0.803875	6431
1	58864	0.804	6432
1	58873	0.804125	6433
1	58882	0.80425	6434
1	58891	0.804375	6435
1	58900	0.8045	6436
1	58909	0.804625	6437
1	58918	0.80475	6438
1	58931	0.804875	6439
1	58940	0.805	6440
1	58949	0.805125	6441
1	58958	0.80525	6442
1	58967	0.805375	6443
1	58976	0.8055	6444
1	58985	0.805625	6445
1	58994	0.80575	6446
1	59003	0.805875	6447
1	59012	0.806	6448
1	59021	0.806125	6449
1	59030	0.80625	6450
1	59039	0.806375	6451
1	59048	0.8065	6452
1	59057	0.806625	6453
1	59066	0.80675	6454
1	59075	0.806875	6455
1	59084	0.807	6456
1	59093	0.807125	6457
1	59102	0.80725	6458
1	59111	0.807375	6459
1	59120	0.8075	6460
1	59129	0.807625	6461
1	59138	0.80775	6462
1	59147	0.807875	6463
1	59156	0.808	6464
1	59169	0.808125	6465
1	59178	0.80825	6466
1	59187	0.808375	6467
1	59196	0.8085	6468
1	59205	0.808625	6469
1	59214	0.80875	6470
1	59223	0.808875	6471
1	59232	0.809	6472
1	59241	0.809125	6473
1	59250	0.80925	6474
1	59259	0.809375	6475
1	59268	0.8095	6476
1	59277	0.809625	6477
1	59286	0.80975	6478
1	59295	0.809875	6479
1	59304	0.81	6480
1	59313	0.810125	6481
1	59322	0.81025	6482
1	59331	0.810375	6483
1	59340	0.8105	6484
1	59349	0.810625	6485
1	59358	0.81075	6486
1	59367	0.810875	6487
1	59376	0.811	6488
1	59385	0.811125	6489
1	59394	0.81125	6490
1	59403	0.811375	6491
1	59416	0.8115	6492
1	59425	0.811625	6493
1	59434	0.81175	6494
1	59443	0.811875	6495
1	59452	0.812	6496
1	59461	0.812125	6497
1	59470	0.81225	6498
1	59479	0.812375	6499
1	59488	0.8125	6500
1	59497	0.812625	6501
1	59506	0.81275	6502
1	59515	0.812875	6503
1	59524	0.813	6504
1	59533	0.813125	6505
1	59542	0.81325	6506
1	59551	0.813375	6507
1	59560	0.8135	6508
1	59569	0.813625	6509
1	59578	0.81375	6510
1	59587	0.813875	6511
1	59596	0.814	6512
1	59605	0.814125	6513
1	59614	0.81425	6514
1	59623	0.814375	6515
1	59632	0.8145	6516
1	59641	0.814625	6517
1	59654	0.81475	6518
1	59663	0.814875	6519
1	59672	0.815	6520
1	59681	0.815125	6521
1	59690	0.81525	6522
1	59699	0.815375	6523
1	59708	0.8155	6524
1	59717	0.815625	6525
1	59726	0.81575	6526
1	59735	0.815875	6527
1	59744	0.816	6528
1	59753	0.816125	6529
1	59762	0.81625	6530
1	59771	0.816375	6531
1	59780	0.8165	6532
1	59789	0.816625	6533
1	59798	0.81675	6534
1	59807	0.816875	6535
1	59816	0.817	6536
1	59825	0.817125	6537
1	59834	0.81725	6538
1	59843	0.817375	6539
1	59852	0.8175	6540
1	59861	0.817625	6541
1	59870	0.81775	6542
1	59879	0.817875	6543
1	59892	0.818	6544
1	59901	0.818125	6545
1	59910	0.81825	6546
1	59919	0.818375	6547
1	59928	0.8185	6548
1	59937	0.818625	6549
1	59946	0.81875	6550
1	59955	0.818875	6551
1	59964	0.819	6552
1	59973	0.819125	6553
1	59982	0.81925	6554
1	59991	0.819375	6555
1	60000	0.8195	6556
1	60009	0.819625	6557
1	60018	0.81975	6558
1	60027	0.819875	6559
1	60036	0.82	6560
1	60045	0.820125	6561
1	60054	0.82025	6562
1	60063	0.820375	6563
1	60072	0.8205	6564
1	60081	0.820625	6565
1	60090	0.82075	6566
1	60099	0.820875	6567
1	60108	0.821	6568
1	60117	0.821125	6569
1	60130	0.82125	6570
1	60139	0.821375	6571
1	60148	0.8215	6572
1	60157	0.821625	6573
1	60166	0.82175	6574
1	60175	0.821875	6575
1	60184	0.822	6576
1	60193	0.822125	6577
1	60202	0.82225	6578
1	60211	0.822375	6579
1	60220	0.8225	6580
1	60229	0.822625	6581
1	60238	0.82275	6582
1	60247	0.822875	6583
1	60256	0.823	6584
1	60265	0.823125	6585
1	60274	0.82325	6586
1	60283	0.823375	6587
1	60292	0.8235	6588
1	60301	0.823625	6589
1	60310	0.82375	6590
1	60319	0.823875	6591
1	60328	0.824	6592
1	60337	0.824125	6593
1	60346	0.82425	6594
1	60355	0.824375	6595
1	60368	0.8245	6596
1	60377	0.824625	6597
1	60386	0.82475	6598
1	60395	0.824875	6599
1	60404	0.825	6600
1	60413	0.825125	6601
1	60422	0.82525	6602
1	60431	0.825375	6603
1	60440	0.8255	6604
1	60449	0.825625	6605
1	60458	0.82575	6606
1	60467	0.825875	6607
1	60476	0.826	6608
1	60485	0.826125	6609
1	60494	0.82625	6610
1	60503	0.826375	6611
1	60512	0.8265	6612
1	60521	0.826625	6613
1	60530	0.82675	6614
1	60539	0.826875	6615
1	60548	0.827	6616
1	60557	0.827125	6617
1	60566	0.82725	6618
1	60575	0.827375	6619
1	60584	0.8275	6620
1	60593	0.827625	6621
1	60602	0.82775	6622
1	60615	0.827875	6623
1	60624	0.828	6624
1	60633	0.828125	6625
1	60642	0.82825	6626
1	60651	0.828375	6627
1	60660	0.8285	6628
1	60669	0.828625	6629
1	60678	0.82875	6630
1	60687	0.828875	6631
1	60696	0.829	6632
1	60705	0.829125	6633
1	60714	0.82925	6634
1	60723	0.829375	6635
1	60732	0.8295	6636
1	60741	0.829625	6637
1	60750	0.82975	6638
1	60759	0.829875	6639
1	60768	0.83	6640
1	60777	0.830125	6641
1	60786	0.83025	6642
1	60795	0.830375	6643
1	60804	0.8305	6644
1	60813	0.830625	6645
1	60822	0.83075	6646
1	60831	0.830875	6647
1	60840	0.831	6648
1	60853	0.831125	6649
1	60862	0.83125	6650
1	60871	0.831375	6651
1	60880	0.8315	6652
1	60889	0.831625	6653
1	60898	0.83175	6654
1	60907	0.831875	6655
1	60916	0.832	6656
1	60925	0.832125	6657
1	60934	0.83225	6658
1	60943	0.832375	6659
1	60952	0.8325	6660
1	60961	0.832625	6661
1	60970	0.83275	6662
1	60979	0.832875	6663
1	60988	0.833	6664
1	60997	0.833125	6665
1	61006	0.83325	6666
1	61015	0.833375	6667
1	61024	0.8335	6668
1	61033	0.833625	6669
1	61042	0.83375	6670
1	61051	0.833875	6671
1	61060	0.834	6672
1	61069	0.834125	6673
1	61078	0.83425	6674
1	61091	0.834375	6675
1	61100	0.8345	6676
1	61109	0.834625	6677
1	61118	0.83475	6678
1	61127	0.834875	6679
1	61136	0.835	6680
1	61145	0.835125	6681
1	61154	0.83525	6682
1	61163	0.835375	6683
1	61172	0.8355	6684
1	61181	0.835625	6685
1	61190	0.83575	6686
1	61199	0.835875	6687
1	61208	0.836	6688
1	61217	0.836125	6689
1	61226	0.83625	6690
1	61235	0.836375	6691
1	61244	0.8365	6692
1	61253	0.836625	6693
1	61262	0.83675	6694
1	61271	0.836875	6695
1	61280	0.837	6696
1	61289	0.837125	6697
1	61298	0.83725	6698
1	61307	0.837375	6699
1	61316	0.8375	6700
1	61329	0.837625	6701
1	61338	0.83775	6702
1	61347	0.837875	6703
1	61356	0.838	6704
1	61365	0.838125	6705
1	61374	0.83825	6706
1	61383	0.838375	6707
1	61392	0.8385	6708
1	61401	0.838625	6709
1	61410	0.83875	6710
1	61419	0.838875	6711
1	61428	0.839	6712
1	61437	0.839125	6713
1	61446	0.83925	6714
1	61455	0.839375	6715
1	61464	0.8395	6716
1	61473	0.839625	6717
1	61482	0.83975	6718
1	61491	0.839875	6719
1	61500	0.84	6720
1	61509	0.840125	6721
1	61518	0.84025	6722
1	61527	0.840375	6723
1	61536	0.8405	6724
1	61545	0.840625	6725
1	61554	0.84075	6726
1	61567	0.840875	6727
1	61576	0.841	6728
1	61585	0.841125	6729
1	61594	0.84125	6730
1	61603	0.841375	6731
1	61612	0.8415	6732
1	61621	0.841625	6733
1	61630	0.84175	6734
1	61639	0.841875	6735
1	61648	0.842	6736
1	61657	0.842125	6737
1	61666	0.84225	6738
1	61675	0.842375	6739
1	61684	0.8425	6740
1	61693	0.842625	6741
1	61702	0.84275	6742
1	61711	0.842875	6743
1	61720	0.843	6744
1	61729	0.843125	6745
1	61738	0.84325	6746
1	61747	0.843375	6747
1	61756	0.8435	6748
1	61765	0.843625	6749
1	61774	0.84375	6750
1	61783	0.843875	6751
1	61792	0.844	6752
1	61805	0.844125	6753
1	61814	0.84425	6754
1	61823	0.844375	6755
1	61832	0.8445	6756
1	61841	0.844625	6757
1	61850	0.84475	6758
1	61859	0.844875	6759
1	61868	0.845	6760
1	61877	0.845125	6761
1	61886	0.84525	6762
1	61895	0.845375	6763
1	61904	0.8455	6764
1	61913	0.845625	6765
1	61922	0.84575	6766
1	61931	0.845875	6767
1	61940	0.846	6768
1	61949	0.846125	6769
1	61958	0.84625	6770
1	61967	0.846375	6771
1	61976	0.8465	6772
1	61985	0.846625	6773
1	61994	0.84675	6774
1	62003	0.846875	6775
1	62012	0.847	6776
1	62021	0.847125	6777
1	62030	0.84725	6778
1	62039	0.847375	6779
1	62052	0.8475	6780
1	62061	0.847625	6781
1	62070	0.84775	6782
1	62079	0.847875	6783
1	62088	0.848	6784
1	62097	0.848125	6785
1	62106	0.84825	6786
1	62115	0.848375	6787
1	62124	0.8485	6788
1	62133	0.848625	6789
1	62142	0.84875	6790
1	62151	0.848875	6791
1	62160	0.849	6792
1	62169	0.849125	6793
1	62178	0.84925	6794
1	62187	0.849375	6795
1	62196	0.8495	6796
1	62205	0.849625	6797
1	62214	0.84975	6798
1	62223	0.849875	6799
1	62232	0.85	6800
1	62241	0.850125	6801
1	62250	0.85025	6802
1	62259	0.850375	6803
1	62268	0.8505	6804
1	62277	0.850625	6805
1	62290	0.85075	6806
1	62299	0.850875	6807
1	62308	0.851	6808
1	62317	0.851125	6809
1	62326	0.85125	6810
1	62335	0.851375	6811
1	62344	0.8515	6812
1	62353	0.851625	6813
1	62362	0.85175	6814
1	62371	0.851875	6815
1	62380	0.852	6816
1	62389	0.852125	6817
1	62398	0.85225	6818
1	62407	0.852375	6819
1	62416	0.8525	6820
1	62425	0.852625	6821
1	62434	0.85275	6822
1	62443	0.852875	6823
1	62452	0.853	6824
1	62461	0.853125	6825
1	62470	0.85325	6826
1	62479	0.853375	6827
1	62488	0.8535	6828
1	62497	0.853625	6829
1	62506	0.85375	6830
1	62515	0.853875	6831
1	62528	0.854	6832
1	62537	0.854125	6833
1	62546	0.85425	6834
1	62555	0.854375	6835
1	62564	0.8545	6836
1	62573	0.854625	6837
1	62582	0.85475	6838
1	62591	0.854875	6839
1	62600	0.855	6840
1	62609	0.855125	6841
1	62618	0.85525	6842
1	62627	0.855375	6843
1	62636	0.8555	6844
1	62645	0.855625	6845
1	62654	0.85575	6846
1	62663	0.855875	6847
1	62672	0.856	6848
1	62681	0.856125	6849
1	62690	0.85625	6850
1	62699	0.856375	6851
1	62708	0.8565	6852
1	62717	0.856625	6853
1	62726	0.85675	6854
1	62735	0.856875	6855
1	62744	0.857	6856
1	62753	0.857125	6857
1	62766	0.85725	6858
1	62775	0.857375	6859
1	62784	0.8575	6860
1	62793	0.857625	6861
1	62802	0.85775	6862
1	62811	0.857875	6863
1	62820	0.858	6864
1	62829	0.858125	6865
1	62838	0.85825	6866
1	62847	0.858375	6867
1	62856	0.8585	6868
1	62865	0.858625	6869
1	62874	0.85875	6870
1	62883	0.858875	6871
1	62892	0.859	6872
1	62901	0.859125	6873
1	62910	0.85925	6874
1	62919	0.859375	6875
1	62928	0.8595	6876
1	62937	0.859625	6877
1	62946	0.85975	6878
1	62955	0.859875	6879
1	62964	0.86	6880
1	62973	0.860125	6881
1	62982	0.86025	6882
1	62991	0.860375	6883
1	63004	0.8605	6884
1	63013	0.860625	6885
1	63022	0.86075	6886
1	63031	0.860875	6887
1	63040	0.861	6888
1	63049	0.861125	6889
1	63058	0.86125	6890
1	63067	0.861375	6891
1	63076	0.8615	6892
1	63085	0.861625	6893
1	63094	0.86175	6894
1	63103	0.861875	6895
1	63112	0.862	6896
1	63121	0.862125	6897
1	63130	0.86225	6898
1	63139	0.862375	6899
1	63148	0.8625	6900
1	63157	0.862625	6901
1	63166	0.86275	6902
1	63175	0.862875	6903
1	63184	0.863	6904
1	63193	0.863125	6905
1	63202	0.86325	6906
1	63211	0.863375	6907
1	63220	0.8635	6908
1	63229	0.863625	6909
1	63242	0.86375	6910
1	63251	0.863875	6911
1	63260	0.864	6912
1	63269	0.864125	6913
1	63278	0.86425	6914
1	63287	0.864375	6915
1	63296	0.8645	6916
1	63305	0.864625	6917
1	63314	0.86475	6918
1	63323	0.864875	6919
1	63332	0.865	6920
1	63341	0.865125	6921
1	63350	0.86525	6922
1	63359	0.865375	6923
1	63368	0.8655	6924
1	63377	0.865625	6925
1	63386	0.86575	6926
1	63395	0.865875	6927
1	63404	0.866	6928
1	63413	0.866125	6929
1	63422	0.86625	6930
1	63431	0.866375	6931
1	63440	0.8665	6932
1	63449	0.866625	6933
1	63458	0.86675	6934
1	63467	0.866875	6935
1	63476	0.867	6936
1	63489	0.867125	6937
1	63498	0.86725	6938
1	63507	0.867375	6939
1	63516	0.8675	6940
1	63525	0.867625	6941
1	63534	0.86775	6942
1	63543	0.867875	6943
1	63552	0.868	6944
1	63561	0.868125	6945
1	63570	0.86825	6946
1	63579	0.868375	6947
1	63588	0.8685	6948
1	63597	0.868625	6949
1	63606	0.86875	6950
1	63615	0.868875	6951
1	63624	0.869	6952
1	63633	0.869125	6953
1	63642	0.86925	6954
1	63651	0.869375	6955
1	63660	0.8695	6956
1	63669	0.869625	6957
1	63678	0.86975	6958
1	63687	0.869875	6959
1	63696	0.87	6960
1	63705	0.870125	6961
1	63714	0.87025	6962
1	63727	0.870375	6963
1	63736	0.8705	6964
1	63745	0.870625	6965
1	63754	0.87075	6966
1	63763	0.870875	6967
1	63772	0.871	6968
1	63781	0.871125	6969
1	63790	0.87125	6970
1	63799	0.871375	6971
1	63808	0.8715	6972
1	63817	0.871625	6973
1	63826	0.87175	6974
1	63835	0.871875	6975
1	63844	0.872	6976
1	63853	0.872125	6977
1	63862	0.87225	6978
1	63871	0.872375	6979
1	63880	0.8725	6980
1	63889	0.872625	6981
1	63898	0.87275	6982
1	63907	0.872875	6983
1	63916	0.873	6984
1	63925	0.873125	6985
1	63934	0.87325	6986
1	63943	0.873375	6987
1	63952	0.8735	6988
1	63965	0.873625	6989
1	63974	0.87375	6990
1	63983	0.873875	6991
1	63992	0.874	6992
1	64001	0.874125	6993
1	64010	0.87425	6994
1	64019	0.874375	6995
1	64028	0.8745	6996
1	64037	0.874625	6997
1	64046	0.87475	6998
1	64055	0.874875	6999
1	64064	0.875	7000
1	64073	0.875125	7001
1	64082	0.87525	7002
1	64091	0.875375	7003
1	64100	0.8755	7004
1	64109	0.875625	7005
1	64118	0.87575	7006
1	64127	0.875875	7007
1	64136	0.876	7008
1	64145	0.876125	7009
1	64154	0.87625	7010
1	64163	0.876375	7011
1	64172	0.8765	7012
1	64181	0.876625	7013
1	64190	0.87675	7014
1	64203	0.876875	7015
1	64212	0.877	7016
1	64221	0.877125	7017
1	64230	0.87725	7018
1	64239	0.877375	7019
1	64248	0.8775	7020
1	64257	0.877625	7021
1	64266	0.87775	7022
1	64275	0.877875	7023
1	64284	0.878	7024
1	64293	0.878125	7025
1	64302	0.87825	7026
1	64311	0.878375	7027
1	64320	0.8785	7028
1	64329	0.878625	7029
1	64338	0.87875	7030
1	64347	0.878875	7031
1	64356	0.879	7032
1	64365	0.879125	7033
1	64374	0.87925	7034
1	64383	0.879375	7035
1	64392	0.8795	7036
1	64401	0.879625	7037
1	64410	0.87975	7038
1	64419	0.879875	7039
1	64428	0.88	7040
1	64441	0.880125	7041
1	64450	0.88025	7042
1	64459	0.880375	7043
1	64468	0.8805	7044
1	64477	0.880625	7045
1	64486	0.88075	7046
1	64495	0.880875	7047
1	64504	0.881	7048
1	64513	0.881125	7049
1	64522	0.88125	7050
1	64531	0.881375	7051
1	64540	0.8815	7052
1	64549	0.881625	7053
1	64558	0.88175	7054
1	64567	0.881875	7055
1	64576	0.882	7056
1	64585	0.882125	7057
1	64594	0.88225	7058
1	64603	0.882375	7059
1	64612	0.8825	7060
1	64621	0.882625	7061
1	64630	0.88275	7062
1	64639	0.882875	7063
1	64648	0.883	7064
1	64657	0.883125	7065
1	64666	0.88325	7066
1	64679	0.883375	7067
1	64688	0.8835	7068
1	64697	0.883625	7069
1	64706	0.88375	7070
1	64715	0.883875	7071
1	64724	0.884	7072
1	64733	0.884125	7073
1	64742	0.88425	7074
1	64751	0.884375	7075
1	64760	0.8845	7076
1	64769	0.884625	7077
1	64778	0.88475	7078
1	64787	0.884875	7079
1	64796	0.885	7080
1	64805	0.885125	7081
1	64814	0.88525	7082
1	64823	0.885375	7083
1	64832	0.8855	7084
1	64841	0.885625	7085
1	64850	0.88575	7086
1	64859	0.885875	7087
1	64868	0.886	7088
1	64877	0.886125	7089
1	64886	0.88625	7090
1	64895	0.886375	7091
1	64904	0.8865	7092
1	64913	0.886625	7093
1	64926	0.88675	7094
1	64935	0.886875	7095
1	64944	0.887	7096
1	64953	0.887125	7097
1	64962	0.88725	7098
1	64971	0.887375	7099
1	64980	0.8875	7100
1	64989	0.887625	7101
1	64998	0.88775	7102
1	65007	0.887875	7103
1	65016	0.888	7104
1	65025	0.888125	7105
1	65034	0.88825	7106
1	65043	0.888375	7107
1	65052	0.8885	7108
1	65061	0.888625	7109
1	65070	0.88875	7110
1	65079	0.888875	7111
1	65088	0.889	7112
1	65097	0.889125	7113
1	65106	0.88925	7114
1	65115	0.889375	7115
1	65124	0.8895	7116
1	65133	0.889625	7117
1	65142	0.88975	7118
1	65151	0.889875	7119
1	65164	0.89	7120
1	65173	0.890125	7121
1	65182	0.89025	7122
1	65191	0.890375	7123
1	65200	0.8905	7124
1	65209	0.890625	7125
1	65218	0.89075	7126
1	65227	0.890875	7127
1	65236	0.891	7128
1	65245	0.891125	7129
1	65254	0.89125	7130
1	65263	0.891375	7131
1	65272	0.8915	7132
1	65281	0.891625	7133
1	65290	0.89175	7134
1	65299	0.891875	7135
1	65308	0.892	7136
1	65317	0.892125	7137
1	65326	0.89225	7138
1	65335	0.892375	7139
1	65344	0.8925	7140
1	65353	0.892625	7141
1	65362	0.89275	7142
1	65371	0.892875	7143
1	65380	0.893	7144
1	65389	0.893125	7145
1	65402	0.89325	7146
1	65411	0.893375	7147
1	65420	0.8935	7148
1	65429	0.893625	7149
1	65438	0.89375	7150
1	65447	0.893875	7151
1	65456	0.894	7152
1	65465	0.894125	7153
1	65474	0.89425	7154
1	65483	0.894375	7155
1	65492	0.8945	7156
1	65501	0.894625	7157
1	65510	0.89475	7158
1	65519	0.894875	7159
1	65528	0.895	7160
1	65537	0.895125	7161
1	65546	0.89525	7162
1	65555	0.895375	7163
1	65564	0.8955	7164
1	65573	0.895625	7165
1	65582	0.89575	7166
1	65591	0.895875	7167
1	65600	0.896	7168
1	65609	0.896125	7169
1	65618	0.89625	7170
1	65627	0.896375	7171
1	65640	0.8965	7172
1	65649	0.896625	7173
1	65658	0.89675	7174
1	65667	0.896875	7175
1	65676	0.897	7176
1	65685	0.897125	7177
1	65694	0.89725	7178
1	65703	0.897375	7179
1	65712	0.8975	7180
1	65721	0.897625	7181
1	65730	0.89775	7182
1	65739	0.897875	7183
1	65748	0.898	7184
1	65757	0.898125	7185
1	65766	0.89825	7186
1	65775	0.898375	7187
1	65784	0.8985	7188
1	65793	0.898625	7189
1	65802	0.89875	7190
1	65811	0.898875	7191
1	65820	0.899	7192
1	65829	0.899125	7193
1	65838	0.89925	7194
1	65847	0.899375	7195
1	65856	0.8995	7196
1	65865	0.899625	7197
1	65878	0.89975	7198
1	65887	0.899875	7199
1	65896	0.9	7200
1	65905	0.900125	7201
1	65914	0.90025	7202
1	65923	0.900375	7203
1	65932	0.9005	7204
1	65941	0.900625	7205
1	65950	0.90075	7206
1	65959	0.900875	7207
1	65968	0.901	7208
1	65977	0.901125	7209
1	65986	0.90125	7210
1	65995	0.901375	7211
1	66004	0.9015	7212
1	66013	0.901625	7213
1	66022	0.90175	7214
1	66031	0.901875	7215
1	66040	0.902	7216
1	66049	0.902125	7217
1	66058	0.90225	7218
1	66067	0.902375	7219
1	66076	0.9025	7220
1	66085	0.902625	7221
1	66094	0.90275	7222
1	66103	0.902875	7223
1	66112	0.903	7224
1	66125	0.903125	7225
1	66134	0.90325	7226
1	66143	0.903375	7227
1	66152	0.9035	7228
1	66161	0.903625	7229
1	66170	0.90375	7230
1	66179	0.903875	7231
1	66188	0.904	7232
1	66197	0.904125	7233
1	66206	0.90425	7234
1	66215	0.904375	7235
1	66224	0.9045	7236
1	66233	0.904625	7237
1	66242	0.90475	7238
1	66251	0.904875	7239
1	66260	0.905	7240
1	66269	0.905125	7241
1	66278	0.90525	7242
1	66287	0.905375	7243
1	66296	0.9055	7244
1	66305	0.905625	7245
1	66314	0.90575	7246
1	66323	0.905875	7247
1	66332	0.906	7248
1	66341	0.906125	7249
1	66350	0.90625	7250
1	66363	0.906375	7251
1	66372	0.9065	7252
1	66381	0.906625	7253
1	66390	0.90675	7254
1	66399	0.906875	7255
1	66408	0.907	7256
1	66417	0.907125	7257
1	66426	0.90725	7258
1	66435	0.907375	7259
1	66444	0.9075	7260
1	66453	0.907625	7261
1	66462	0.90775	7262
1	66471	0.907875	7263
1	66480	0.908	7264
1	66489	0.908125	7265
1	66498	0.90825	7266
1	66507	0.908375	7267
1	66516	0.9085	7268
1	66525	0.908625	7269
1	66534	0.90875	7270
1	66543	0.908875	7271
1	66552	0.909	7272
1	66561	0.909125	7273
1	66570	0.90925	7274
1	66579	0.909375	7275
1	66588	0.9095	7276
1	66601	0.909625	7277
1	66610	0.90975	7278
1	66619	0.909875	7279
1	66628	0.91	7280
1	66637	0.910125	7281
1	66646	0.91025	7282
1	66655	0.910375	7283
1	66664	0.9105	7284
1	66673	0.910625	7285
1	66682	0.91075	7286
1	66691	0.910875	7287
1	66700	0.911	7288
1	66709	0.911125	7289
1	66718	0.91125	7290
1	66727	0.911375	7291
1	66736	0.9115	7292
1	66745	0.911625	7293
1	66754	0.91175	7294
1	66763	0.911875	7295
1	66772	0.912	7296
1	66781	0.912125	7297
1	66790	0.91225	7298
1	66799	0.912375	7299
1	66808	0.9125	7300
1	66817	0.912625	7301
1	66826	0.91275	7302
1	66839	0.912875	7303
1	66848	0.913	7304
1	66857	0.913125	7305
1	66866	0.91325	7306
1	66875	0.913375	7307
1	66884	0.9135	7308
1	66893	0.913625	7309
1	66902	0.91375	7310
1	66911	0.913875	7311
1	66920	0.914	7312
1	66929	0.914125	7313
1	66938	0.91425	7314
1	66947	0.914375	7315
1	66956	0.9145	7316
1	66965	0.914625	7317
1	66974	0.91475	7318
1	66983	0.914875	7319
1	66992	0.915	7320
1	67001	0.915125	7321
1	67010	0.91525	7322
1	67019	0.915375	7323
1	67028	0.9155	7324
1	67037	0.915625	7325
1	67046	0.91575	7326
1	67055	0.915875	7327
1	67064	0.916	7328
1	67077	0.916125	7329
1	67086	0.91625	7330
1	67095	0.916375	7331
1	67104	0.9165	7332
1	67113	0.916625	7333
1	67122	0.91675	7334
1	67131	0.916875	7335
1	67140	0.917	7336
1	67149	0.917125	7337
1	67158	0.91725	7338
1	67167	0.917375	7339
1	67176	0.9175	7340
1	67185	0.917625	7341
1	67194	0.91775	7342
1	67203	0.917875	7343
1	67212	0.918	7344
1	67221	0.918125	7345
1	67230	0.91825	7346
1	67239	0.918375	7347
1	67248	0.9185	7348
1	67257	0.918625	7349
1	67266	0.91875	7350
1	67275	0.918875	7351
1	67284	0.919	7352
1	67293	0.919125	7353
1	67302	0.91925	7354
1	67315	0.919375	7355
1	67324	0.9195	7356
1	67333	0.919625	7357
1	67342	0.91975	7358
1	67351	0.919875	7359
1	67360	0.92	7360
1	67369	0.920125	7361
1	67378	0.92025	7362
1	67387	0.920375	7363
1	67396	0.9205	7364
1	67405	0.920625	7365
1	67414	0.92075	7366
1	67423	0.920875	7367
1	67432	0.921	7368
1	67441	0.921125	7369
1	67450	0.92125	7370
1	67459	0.921375	7371
1	67468	0.9215	7372
1	67477	0.921625	7373
1	67486	0.92175	7374
1	67495	0.921875	7375
1	67504	0.922	7376
1	67513	0.922125	7377
1	67522	0.92225	7378
1	67531	0.922375	7379
1	67540	0.9225	7380
1	67549	0.922625	7381
1	67562	0.92275	7382
1	67571	0.922875	7383
1	67580	0.923	7384
1	67589	0.923125	7385
1	67598	0.92325	7386
1	67607	0.923375	7387
1	67616	0.9235	7388
1	67625	0.923625	7389
1	67634	0.92375	7390
1	67643	0.923875	7391
1	67652	0.924	7392
1	67661	0.924125	7393
1	67670	0.92425	7394
1	67679	0.924375	7395
1	67688	0.9245	7396
1	67697	0.924625	7397
1	67706	0.92475	7398
1	67715	0.924875	7399
1	67724	0.925	7400
1	67733	0.925125	7401
1	67742	0.92525	7402
1	67751	0.925375	7403
1	67760	0.9255	7404
1	67769	0.925625	7405
1	67778	0.92575	7406
1	67787	0.925875	7407
1	67800	0.926	7408
1	67809	0.926125	7409
1	67818	0.92625	7410
1	67827	0.926375	7411
1	67836	0.9265	7412
1	67845	0.926625	7413
1	67854	0.92675	7414
1	67863	0.926875	7415
1	67872	0.927	7416
1	67881	0.927125	7417
1	67890	0.92725	7418
1	67899	0.927375	7419
1	67908	0.9275	7420
1	67917	0.927625	7421
1	67926	0.92775	7422
1	67935	0.927875	7423
1	67944	0.928	7424
1	67953	0.928125	7425
1	67962	0.92825	7426
1	67971	0.928375	7427
1	67980	0.9285	7428
1	67989	0.928625	7429
1	67998	0.92875	7430
1	68007	0.928875	7431
1	68016	0.929	7432
1	68025	0.929125	7433
1	68038	0.92925	7434
1	68047	0.929375	7435
1	68056	0.9295	7436
1	68065	0.929625	7437
1	68074	0.92975	7438
1	68083	0.929875	7439
1	68092	0.93	7440
1	68101	0.930125	7441
1	68110	0.93025	7442
1	68119	0.930375	7443
1	68128	0.9305	7444
1	68137	0.930625	7445
1	68146	0.93075	7446
1	68155	0.930875	7447
1	68164	0.931	7448
1	68173	0.931125	7449
1	68182	0.93125	7450
1	68191	0.931375	7451
1	68200	0.9315	7452
1	68209	0.931625	7453
1	68218	0.93175	7454
1	68227	0.931875	7455
1	68236	0.932	7456
1	68245	0.932125	7457
1	68254	0.93225	7458
1	68263	0.932375	7459
1	68276	0.9325	7460
1	68285	0.932625	7461
1	68294	0.93275	7462
1	68303	0.932875	7463
1	68312	0.933	7464
1	68321	0.933125	7465
1	68330	0.93325	7466
1	68339	0.933375	7467
1	68348	0.9335	7468
1	68357	0.933625	7469
1	68366	0.93375	7470
1	68375	0.933875	7471
1	68384	0.934	7472
1	68393	0.934125	7473
1	68402	0.93425	7474
1	68411	0.934375	7475
1	68420	0.9345	7476
1	68429	0.934625	7477
1	68438	0.93475	7478
1	68447	0.934875	7479
1	68456	0.935	7480
1	68465	0.935125	7481
1	68474	0.93525	7482
1	68483	0.935375	7483
1	68492	0.9355	7484
1	68501	0.935625	7485
1	68514	0.93575	7486
1	68523	0.935875	7487
1	68532	0.936	7488
1	68541	0.936125	7489
1	68550	0.93625	7490
1	68559	0.936375	7491
1	68568	0.9365	7492
1	68577	0.936625	7493
1	68586	0.93675	7494
1	68595	0.936875	7495
1	68604	0.937	7496
1	68613	0.937125	7497
1	68622	0.93725	7498
1	68631	0.937375	7499
1	68640	0.9375	7500
1	68649	0.937625	7501
1	68658	0.93775	7502
1	68667	0.937875	7503
1	68676	0.938	7504
1	68685	0.938125	7505
1	68694	0.93825	7506
1	68703	0.938375	7507
1	68712	0.9385	7508
1	68721	0.938625	7509
1	68730	0.93875	7510
1	68739	0.938875	7511
1	68752	0.939	7512
1	68761	0.939125	7513
1	68770	0.93925	7514
1	68779	0.939375	7515
1	68788	0.9395	7516
1	68797	0.939625	7517
1	68806	0.93975	7518
1	68815	0.939875	7519
1	68824	0.94	7520
1	68833	0.940125	7521
1	68842	0.94025	7522
1	68851	0.940375	7523
1	68860	0.9405	7524
1	68869	0.940625	7525
1	68878	0.94075	7526
1	68887	0.940875	7527
1	68896	0.941	7528
1	68905	0.941125	7529
1	68914	0.94125	7530
1	68923	0.941375	7531
1	68932	0.9415	7532
1	68941	0.941625	7533
1	68950	0.94175	7534
1	68959	0.941875	7535
1	68968	0.942	7536
1	68977	0.942125	7537
1	68986	0.94225	7538
1	68999	0.942375	7539
1	69008	0.9425	7540
1	69017	0.942625	7541
1	69026	0.94275	7542
1	69035	0.942875	7543
1	69044	0.943	7544
1	69053	0.943125	7545
1	69062	0.94325	7546
1	69071	0.943375	7547
1	69080	0.9435	7548
1	69089	0.943625	7549
1	69098	0.94375	7550
1	69107	0.943875	7551
1	69116	0.944	7552
1	69125	0.944125	7553
1	69134	0.94425	7554
1	69143	0.944375	7555
1	69152	0.9445	7556
1	69161	0.944625	7557
1	69170	0.94475	7558
1	69179	0.944875	7559
1	69188	0.945	7560
1	69197	0.945125	7561
1	69206	0.94525	7562
1	69215	0.945375	7563
1	69224	0.9455	7564
1	69237	0.945625	7565
1	69246	0.94575	7566
1	69255	0.945875	7567
1	69264	0.946	7568
1	69273	0.946125	7569
1	69282	0.94625	7570
1	69291	0.946375	7571
1	69300	0.9465	7572
1	69309	0.946625	7573
1	69318	0.94675	7574
1	69327	0.946875	7575
1	69336	0.947	7576
1	69345	0.947125	7577
1	69354	0.94725	7578
1	69363	0.947375	7579
1	69372	0.9475	7580
1	69381	0.947625	7581
1	69390	0.94775	7582
1	69399	0.947875	7583
1	69408	0.948	7584
1	69417	0.948125	7585
1	69426	0.94825	7586
1	69435	0.948375	7587
1	69444	0.9485	7588
1	69453	0.948625	7589
1	69462	0.94875	7590
1	69475	0.948875	7591
1	69484	0.949	7592
1	69493	0.949125	7593
1	69502	0.94925	7594
1	69511	0.949375	7595
1	69520	0.9495	7596
1	69529	0.949625	7597
1	69538	0.94975	7598
1	69547	0.949875	7599
1	69556	0.95	7600
1	69565	0.950125	7601
1	69574	0.95025	7602
1	69583	0.950375	7603
1	69592	0.9505	7604
1	69601	0.950625	7605
1	69610	0.95075	7606
1	69619	0.950875	7607
1	69628	0.951	7608
1	69637	0.951125	7609
1	69646	0.95125	7610
1	69655	0.951375	7611
1	69664	0.9515	7612
1	69673	0.951625	7613
1	69682	0.95175	7614
1	69691	0.951875	7615
1	69700	0.952	7616
1	69713	0.952125	7617
1	69722	0.95225	7618
1	69731	0.952375	7619
1	69740	0.9525	7620
1	69749	0.952625	7621
1	69758	0.95275	7622
1	69767	0.952875	7623
1	69776	0.953	7624
1	69785	0.953125	7625
1	69794	0.95325	7626
1	69803	0.953375	7627
1	69812	0.9535	7628
1	69821	0.953625	7629
1	69830	0.95375	7630
1	69839	0.953875	7631
1	69848	0.954	7632
1	69857	0.954125	7633
1	69866	0.95425	7634
1	69875	0.954375	7635
1	69884	0.9545	7636
1	69893	0.954625	7637
1	69902	0.95475	7638
1	69911	0.954875	7639
1	69920	0.955	7640
1	69929	0.955125	7641
1	69938	0.95525	7642
1	69951	0.955375	7643
1	69960	0.9555	7644
1	69969	0.955625	7645
1	69978	0.95575	7646
1	69987	0.955875	7647
1	69996	0.956	7648
1	70005	0.956125	7649
1	70014	0.95625	7650
1	70023	0.956375	7651
1	70032	0.9565	7652
1	70041	0.956625	7653
1	70050	0.95675	7654
1	70059	0.956875	7655
1	70068	0.957	7656
1	70077	0.957125	7657
1	70086	0.95725	7658
1	70095	0.957375	7659
1	70104	0.9575	7660
1	70113	0.957625	7661
1	70122	0.95775	7662
1	70131	0.957875	7663
1	70140	0.958	7664
1	70149	0.958125	7665
1	70158	0.95825	7666
1	70167	0.958375	7667
1	70176	0.9585	7668
1	70189	0.958625	7669
1	70198	0.95875	7670
1	70207	0.958875	7671
1	70216	0.959	7672
1	70225	0.959125	7673
1	70234	0.95925	7674
1	70243	0.959375	7675
1	70252	0.9595	7676
1	70261	0.959625	7677
1	70270	0.95975	7678
1	70279	0.959875	7679
1	70288	0.96	7680
1	70297	0.960125	7681
1	70306	0.96025	7682
1	70315	0.960375	7683
1	70324	0.9605	7684
1	70333	0.960625	7685
1	70342	0.96075	7686
1	70351	0.960875	7687
1	70360	0.961	7688
1	70369	0.961125	7689
1	70378	0.96125	7690
1	70387	0.961375	7691
1	70396	0.9615	7692
1	70405	0.961625	7693
1	70414	0.96175	7694
1	70423	0.961875	7695
1	70436	0.962	7696
1	70445	0.962125	7697
1	70454	0.96225	7698
1	70463	0.962375	7699
1	70472	0.9625	7700
1	70481	0.962625	7701
1	70490	0.96275	7702
1	70499	0.962875	7703
1	70508	0.963	7704
1	70517	0.963125	7705
1	70526	0.96325	7706
1	70535	0.963375	7707
1	70544	0.9635	7708
1	70553	0.963625	7709
1	70562	0.96375	7710
1	70571	0.963875	7711
1	70580	0.964	7712
1	70589	0.964125	7713
1	70598	0.96425	7714
1	70607	0.964375	7715
1	70616	0.9645	7716
1	70625	0.964625	7717
1	70634	0.96475	7718
1	70643	0.964875	7719
1	70652	0.965	7720
1	70661	0.965125	7721
1	70674	0.96525	7722
1	70683	0.965375	7723
1	70692	0.9655	7724
1	70701	0.965625	7725
1	70710	0.96575	7726
1	70719	0.965875	7727
1	70728	0.966	7728
1	70737	0.966125	7729
1	70746	0.96625	7730
1	70755	0.966375	7731
1	70764	0.9665	7732
1	70773	0.966625	7733
1	70782	0.96675	7734
1	70791	0.966875	7735
1	70800	0.967	7736
1	70809	0.967125	7737
1	70818	0.96725	7738
1	70827	0.967375	7739
1	70836	0.9675	7740
1	70845	0.967625	7741
1	70854	0.96775	7742
1	70863	0.967875	7743
1	70872	0.968	7744
1	70881	0.968125	7745
1	70890	0.96825	7746
1	70899	0.968375	7747
1	70912	0.9685	7748
1	70921	0.968625	7749
1	70930	0.96875	7750
1	70939	0.968875	7751
1	70948	0.969	7752
1	70957	0.969125	7753
1	70966	0.96925	7754
1	70975	0.969375	7755
1	70984	0.9695	7756
1	70993	0.969625	7757
1	71002	0.96975	7758
1	71011	0.969875	7759
1	71020	0.97	7760
1	71029	0.970125	7761
1	71038	0.97025	7762
1	71047	0.970375	7763
1	71056	0.9705	7764
1	71065	0.970625	7765
1	71074	0.97075	7766
1	71083	0.970875	7767
1	71092	0.971	7768
1	71101	0.971125	7769
1	71110	0.97125	7770
1	71119	0.971375	7771
1	71128	0.9715	7772
1	71137	0.971625	7773
1	71150	0.97175	7774
1	71159	0.971875	7775
1	71168	0.972	7776
1	71177	0.972125	7777
1	71186	0.97225	7778
1	71195	0.972375	7779
1	71204	0.9725	7780
1	71213	0.972625	7781
1	71222	0.97275	7782
1	71231	0.972875	7783
1	71240	0.973	7784
1	71249	0.973125	7785
1	71258	0.97325	7786
1	71267	0.973375	7787
1	71276	0.9735	7788
1	71285	0.973625	7789
1	71294	0.97375	7790
1	71303	0.973875	7791
1	71312	0.974	7792
1	71321	0.974125	7793
1	71330	0.97425	7794
1	71339	0.974375	7795
1	71348	0.9745	7796
1	71357	0.974625	7797
1	71366	0.97475	7798
1	71375	0.974875	7799
1	71388	0.975	7800
1	71397	0.975125	7801
1	71406	0.97525	7802
1	71415	0.975375	7803
1	71424	0.9755	7804
1	71433	0.975625	7805
1	71442	0.97575	7806
1	71451	0.975875	7807
1	71460	0.976	7808
1	71469	0.976125	7809
1	71478	0.97625	7810
1	71487	0.976375	7811
1	71496	0.9765	7812
1	71505	0.976625	7813
1	71514	0.97675	7814
1	71523	0.976875	7815
1	71532	0.977	7816
1	71541	0.977125	7817
1	71550	0.97725	7818
1	71559	0.977375	7819
1	71568	0.9775	7820
1	71577	0.977625	7821
1	71586	0.97775	7822
1	71595	0.977875	7823
1	71604	0.978	7824
1	71613	0.978125	7825
1	71622	0.97825	7826
1	71635	0.978375	7827
1	71644	0.9785	7828
1	71653	0.978625	7829
1	71662	0.97875	7830
1	71671	0.978875	7831
1	71680	0.979	7832
1	71689	0.979125	7833
1	71698	0.97925	7834
1	71707	0.979375	7835
1	71716	0.9795	7836
1	71725	0.979625	7837
1	71734	0.97975	7838
1	71743	0.979875	7839
1	71752	0.98	7840
1	71761	0.980125	7841
1	71770	0.98025	7842
1	71779	0.980375	7843
1	71788	0.9805	7844
1	71797	0.980625	7845
1	71806	0.98075	7846
1	71815	0.980875	7847
1	71824	0.981	7848
1	71833	0.981125	7849
1	71842	0.98125	7850
1	71851	0.981375	7851
1	71860	0.9815	7852
1	71873	0.981625	7853
1	71882	0.98175	7854
1	71891	0.981875	7855
1	71900	0.982	7856
1	71909	0.982125	7857
1	71918	0.98225	7858
1	71927	0.982375	7859
1	71936	0.9825	7860
1	71945	0.982625	7861
1	71954	0.98275	7862
1	71963	0.982875	7863
1	71972	0.983	7864
1	71981	0.983125	7865
1	71990	0.98325	7866
1	71999	0.983375	7867
1	72008	0.9835	7868
1	72017	0.983625	7869
1	72026	0.98375	7870
1	72035	0.983875	7871
1	72044	0.984	7872
1	72053	0.984125	7873
1	72062	0.98425	7874
1	72071	0.984375	7875
1	72080	0.9845	7876
1	72089	0.984625	7877
1	72098	0.98475	7878
1	72111	0.984875	7879
1	72120	0.985	7880
1	72129	0.985125	7881
1	72138	0.98525	7882
1	72147	0.985375	7883
1	72156	0.9855	7884
1	72165	0.985625	7885
1	72174	0.98575	7886
1	72183	0.985875	7887
1	72192	0.986	7888
1	72201	0.986125	7889
1	72210	0.98625	7890
1	72219	0.986375	7891
1	72228	0.9865	7892
1	72237	0.986625	7893
1	72246	0.98675	7894
1	72255	0.986875	7895
1	72264	0.987	7896
1	72273	0.987125	7897
1	72282	0.98725	7898
1	72291	0.987375	7899
1	72300	0.9875	7900
1	72309	0.987625	7901
1	72318	0.98775	7902
1	72327	0.987875	7903
1	72336	0.988	7904
1	72349	0.988125	7905
1	72358	0.98825	7906
1	72367	0.988375	7907
1	72376	0.9885	7908
1	72385	0.988625	7909
1	72394	0.98875	7910
1	72403	0.988875	7911
1	72412	0.989	7912
1	72421	0.989125	7913
1	72430	0.98925	7914
1	72439	0.989375	7915
1	72448	0.9895	7916
1	72457	0.989625	7917
1	72466	0.98975	7918
1	72475	0.989875	7919
1	72484	0.99	7920
1	72493	0.990125	7921
1	72502	0.99025	7922
1	72511	0.990375	7923
1	72520	0.9905	7924
1	72529	0.990625	7925
1	72538	0.99075	7926
1	72547	0.990875	7927
1	72556	0.991	7928
1	72565	0.991125	7929
1	72574	0.99125	7930
1	72587	0.991375	7931
1	72596	0.9915	7932
1	72605	0.991625	7933
1	72614	0.99175	7934
1	72623	0.991875	7935
1	72632	0.992	7936
1	72641	0.992125	7937
1	72650	0.99225	7938
1	72659	0.992375	7939
1	72668	0.9925	7940
1	72677	0.992625	7941
1	72686	0.99275	7942
1	72695	0.992875	7943
1	72704	0.993	7944
1	72713	0.993125	7945
1	72722	0.99325	7946
1	72731	0.993375	7947
1	72740	0.9935	7948
1	72749	0.993625	7949
1	72758	0.99375	7950
1	72767	0.993875	7951
1	72776	0.994	7952
1	72785	0.994125	7953
1	72794	0.99425	7954
1	72803	0.994375	7955
1	72812	0.9945	7956
1	72825	0.994625	7957
1	72834	0.99475	7958
1	72843	0.994875	7959
1	72852	0.995	7960
1	72861	0.995125	7961
1	72870	0.99525	7962
1	72879	0.995375	7963
1	72888	0.9955	7964
1	72897	0.995625	7965
1	72906	0.99575	7966
1	72915	0.995875	7967
1	72924	0.996	7968
1	72933	0.996125	7969
1	72942	0.99625	7970
1	72951	0.996375	7971
1	72960	0.9965	7972
1	72969	0.996625	7973
1	72978	0.99675	7974
1	72987	0.996875	7975
1	72996	0.997	7976
1	73005	0.997125	7977
1	73014	0.99725	7978
1	73023	0.997375	7979
1	73032	0.9975	7980
1	73041	0.997625	7981
1	73050	0.99775	7982
1	73059	0.997875	7983
1	73072	0.998	7984
1	73081	0.998125	7985
1	73090	0.99825	7986
1	73099	0.998375	7987
1	73108	0.9985	7988
1	73117	0.998625	7989
1	73126	0.99875	7990
1	73135	0.998875	7991
1	73144	0.999	7992
1	73153	0.999125	7993
1	73162	0.99925	7994
1	73171	0.999375	7995
1	73180	0.9995	7996
1	73189	0.999625	7997
1	73198	0.99975	7998
1	73207	0.999875	7999
1	73216	1	8000
2	6	0.000125	0
2	15	0.00025	0
2	24	0.000375	0
2	33	0.0005	0
2	42	0.000625	0
2	51	0.00075	0
2	60	0.000875	0
2	69	0.001	0
2	78	0.001125	0
2	87	0.00125	0
2	96	0.001375	0
2	105	0.0015	0
2	114	0.001625	0
2	123	0.00175	0
2	132	0.001875	0
2	141	0.002	0
2	150	0.002125	0
2	159	0.00225	0
2	168	0.002375	0
2	177	0.0025	0
2	186	0.002625	0
2	195	0.00275	0
2	204	0.002875	0
2	213	0.003	0
2	222	0.003125	0
2	231	0.00325	0
2	244	0.003375	0
2	253	0.0035	0
2	262	0.003625	0
2	271	0.00375	0
2	280	0.003875	0
2	289	0.004	0
2	298	0.004125	0
2	307	0.00425	0
2	316	0.004375	0
2	325	0.0045	0
2	334	0.004625	0
2	343	0.00475	0
2	352	0.004875	0
2	361	0.005	0
2	370	0.005125	0
2	379	0.00525	0
2	388	0.005375	0
2	397	0.0055	0
2	406	0.005625	0
2	415	0.00575	0
2	424	0.005875	0
2	433	0.006	0
2	442	0.006125	0
2	451	0.00625	0
2	460	0.006375	0
2	469	0.0065	0
2	482	0.006625	0
2	491	0.00675	0
2	500	0.006875	0
2	509	0.007	0
2	518	0.007125	0
2	527	0.00725	0
2	536	0.007375	0
2	545	0.0075	0
2	554	0.007625	0
2	563	0.00775	0
2	572	0.007875	0
2	581	0.008	0
2	590	0.008125	0
2	599	0.00825	0
2	608	0.008375	0
2	617	0.0085	0
2	626	0.008625	0
2	635	0.00875	0
2	644	0.008875	0
2	653	0.009	0
2	662	0.009125	0
2	671	0.00925	0
2	680	0.009375	0
2	689	0.0095	0
2	698	0.009625	0
2	707	0.00975	0
2	720	0.009875	0
2	729	0.01	0
2	738	0.010125	0
2	747	0.01025	0
2	756	0.010375	0
2	765	0.0105	0
2	774	0.010625	0
2	783	0.01075	0
2	792	0.010875	0
2	801	0.011	0
2	810	0.011125	0
2	819	0.01125	0
2	828	0.011375	0
2	837	0.0115	0
2	846	0.011625	0
2	855	0.01175	0
2	864	0.011875	0
2	873	0.012	0
2	882	0.012125	0
2	891	0.01225	0
2	900	0.012375	0
2	909	0.0125	0
2	918	0.012625	0
2	927	0.01275	0
2	936	0.012875	0
2	945	0.013	0
2	958	0.013125	0
2	967	0.01325	0
2	976	0.013375	0
2	985	0.0135	0
2	994	0.013625	0
2	1003	0.01375	0
2	1012	0.013875	0
2	1021	0.014	0
2	1030	0.014125	0
2	1039	0.01425	0
2	1048	0.014375	0
2	1057	0.0145	0
2	1066	0.014625	0
2	1075	0.01475	0
2	1084	0.014875	0
2	1093	0.015	0
2	1102	0.015125	0
2	1111	0.01525	0
2	1120	0.015375	0
2	1129	0.0155	0
2	1138	0.015625	0
2	1147	0.01575	0
2	1156	0.015875	0
2	1165	0.016	0
2	1174	0.016125	0
2	1183	0.01625	0
2	1196	0.016375	0
2	1205	0.0165	0
2	1214	0.016625	0
2	1223	0.01675	0
2	1232	0.016875	0
2	1241	0.017	0
2	1250	0.017125	0
2	1259	0.01725	0
2	1268	0.017375	0
2	1277	0.0175	0
2	1286	0.017625	0
2	1295	0.01775	0
2	1304	0.017875	0
2	1313	0.018	0
2	1322	0.018125	0
2	1331	0.01825	0
2	1340	0.018375	0
2	1349	0.0185	0
2	1358	0.018625	0
2	1367	0.01875	0
2	1376	0.018875	0
2	1385	0.019	0
2	1394	0.019125	0
2	1403	0.01925	0
2	1412	0.019375	0
2	1421	0.0195	0
2	1430	0.019625	0
2	1443	0.01975	0
2	1452	0.019875	0
2	1461	0.02	0
2	1470	0.020125	0
2	1479	0.02025	0
2	1488	0.020375	0
2	1497	0.0205	0
2	1506	0.020625	0
2	1515	0.02075	0
2	1524	0.020875	0
2	1533	0.021	0
2	1542	0.021125	0
2	1551	0.02125	0
2	1560	0.021375	0
2	1569	0.0215	0
2	1578	0.021625	0
2	1587	0.02175	0
2	1596	0.021875	0
2	1605	0.022	0
2	1614	0.022125	0
2	1623	0.02225	0
2	1632	0.022375	0
2	1641	0.0225	0
2	1650	0.022625	0
2	1659	0.02275	0
2	1668	0.022875	0
2	1681	0.023	0
2	1690	0.023125	0
2	1699	0.02325	0
2	1708	0.023375	0
2	1717	0.0235	0
2	1726	0.023625	0
2	1735	0.02375	0
2	1744	0.023875	0
2	1753	0.024	0
2	1762	0.024125	0
2	1771	0.02425	0
2	1780	0.024375	0
2	1789	0.0245	0
2	1798	0.024625	0
2	1807	0.02475	0
2	1816	0.024875	0
2	1825	0.025	0
2	1834	0.025125	0
2	1843	0.02525	0
2	1852	0.025375	0
2	1861	0.0255	0
2	1870	0.025625	0
2	1879	0.02575	0
2	1888	0.025875	0
2	1897	0.026	0
2	1906	0.026125	0
2	1919	0.02625	0
2	1928	0.026375	0
2	1937	0.0265	0
2	1946	0.026625	0
2	1955	0.02675	0
2	1964	0.026875	0
2	1973	0.027	0
2	1982	0.027125	0
2	1991	0.02725	0
2	2000	0.027375	0
2	2009	0.0275	0
2	2018	0.027625	0
2	2027	0.02775	0
2	2036	0.027875	0
2	2045	0.028	0
2	2054	0.028125	0
2	2063	0.02825	0
2	2072	0.028375	0
2	2081	0.0285	0
2	2090	0.028625	0
2	2099	0.02875	0
2	2108	0.028875	0
2	2117	0.029	0
2	2126	0.029125	0
2	2135	0.02925	0
2	2144	0.029375	0
2	2157	0.0295	0
2	2166	0.029625	0
2	2175	0.02975	0
2	2184	0.029875	0
2	2193	0.03	0
2	2202	0.030125	0
2	2211	0.03025	0
2	2220	0.030375	0
2	2229	0.0305	0
2	2238	0.030625	0
2	2247	0.03075	0
2	2256	0.030875	0
2	2265	0.031	0
2	2274	0.031125	0
2	2283	0.03125	0
2	2292	0.031375	0
2	2301	0.0315	0
2	2310	0.031625	0
2	2319	0.03175	0
2	2328	0.031875	0
2	2337	0.032	0
2	2346	0.032125	0
2	2355	0.03225	0
2	2364	0.032375	0
2	2373	0.0325	0
2	2382	0.032625	0
2	2395	0.03275	0
2	2404	0.032875	0
2	2413	0.033	0
2	2422	0.033125	0
2	2431	0.03325	0
2	2440	0.033375	0
2	2449	0.0335	0
2	2458	0.033625	0
2	2467	0.03375	0
2	2476	0.033875	0
2	2485	0.034	0
2	2494	0.034125	0
2	2503	0.03425	0
2	2512	0.034375	0
2	2521	0.0345	0
2	2530	0.034625	0
2	2539	0.03475	0
2	2548	0.034875	0
2	2557	0.035	0
2	2566	0.035125	0
2	2575	0.03525	0
2	2584	0.035375	0
2	2593	0.0355	0
2	2602	0.035625	0
2	2611	0.03575	0
2	2620	0.035875	0
2	2633	0.036	0
2	2642	0.036125	0
2	2651	0.03625	0
2	2660	0.036375	0
2	2669	0.0365	0
2	2678	0.036625	0
2	2687	0.03675	0
2	2696	0.036875	0
2	2705	0.037	0
2	2714	0.037125	0
2	2723	0.03725	0
2	2732	0.037375	0
2	2741	0.0375	0
2	2750	0.037625	0
2	2759	0.03775	0
2	2768	0.037875	0
2	2777	0.038	0
2	2786	0.038125	0
2	2795	0.03825	0
2	2804	0.038375	0
2	2813	0.0385	0
2	2822	0.038625	0
2	2831	0.03875	0
2	2840	0.038875	0
2	2849	0.039	0
2	2858	0.039125	0
2	2867	0.03925	0
2	2880	0.039375	0
2	2889	0.0395	0
2	2898	0.039625	0
2	2907	0.03975	0
2	2916	0.039875	0
2	2925	0.04	0
2	2934	0.040125	0
2	2943	0.04025	0
2	2952	0.040375	0
2	2961	0.0405	0
2	2970	0.040625	0
2	2979	0.04075	0
2	2988	0.040875	0
2	2997	0.041	0
2	3006	0.041125	0
2	3015	0.04125	0
2	3024	0.041375	0
2	3033	0.0415	0
2	3042	0.041625	0
2	3051	0.04175	0
2	3060	0.041875	0
2	3069	0.042	0
2	3078	0.042125	0
2	3087	0.04225	0
2	3096	0.042375	0
2	3105	0.0425	0
2	3118	0.042625	0
2	3127	0.04275	0
2	3136	0.042875	0
2	3145	0.043	0
2	3154	0.043125	0
2	3163	0.04325	0
2	3172	0.043375	0
2	3181	0.0435	0
2	3190	0.043625	0
2	3199	0.04375	0
2	3208	0.043875	0
2	3217	0.044	0
2	3226	0.044125	0
2	3235	0.04425	0
2	3244	0.044375	0
2	3253	0.0445	0
2	3262	0.044625	0
2	3271	0.04475	0
2	3280	0.044875	0
2	3289	0.045	0
2	3298	0.045125	0
2	3307	0.04525	0
2	3316	0.045375	0
2	3325	0.0455	0
2	3334	0.045625	0
2	3343	0.04575	0
2	3356	0.045875	0
2	3365	0.046	0
2	3374	0.046125	0
2	3383	0.04625	0
2	3392	0.046375	0
2	3401	0.0465	0
2	3410	0.046625	0
2	3419	0.04675	0
2	3428	0.046875	0
2	3437	0.047	0
2	3446	0.047125	0
2	3455	0.04725	0
2	3464	0.047375	0
2	3473	0.0475	0
2	3482	0.047625	0
2	3491	0.04775	0
2	3500	0.047875	0
2	3509	0.048	0
2	3518	0.048125	0
2	3527	0.04825	0
2	3536	0.048375	0
2	3545	0.0485	0
2	3554	0.048625	0
2	3563	0.04875	0
2	3572	0.048875	0
2	3581	0.049	0
2	3594	0.049125	0
2	3603	0.04925	0
2	3612	0.049375	0
2	3621	0.0495	0
2	3630	0.049625	0
2	3639	0.04975	0
2	3648	0.049875	0
2	3657	0.05	0
2	3666	0.050125	0
2	3675	0.05025	0
2	3684	0.050375	0
2	3693	0.0505	0
2	3702	0.050625	0
2	3711	0.05075	0
2	3720	0.050875	0
2	3729	0.051	0
2	3738	0.051125	0
2	3747	0.05125	0
2	3756	0.051375	0
2	3765	0.0515	0
2	3774	0.051625	0
2	3783	0.05175	0
2	3792	0.051875	0
2	3801	0.052	0
2	3810	0.052125	0
2	3819	0.05225	0
2	3832	0.052375	0
2	3841	0.0525	0
2	3850	0.052625	0
2	3859	0.05275	0
2	3868	0.052875	0
2	3877	0.053	0
2	3886	0.053125	0
2	3895	0.05325	0
2	3904	0.053375	0
2	3913	0.0535	0
2	3922	0.053625	0
2	3931	0.05375	0
2	3940	0.053875	0
2	3949	0.054	0
2	3958	0.054125	0
2	3967	0.05425	0
2	3976	0.054375	0
2	3985	0.0545	0
2	3994	0.054625	0
2	4003	0.05475	0
2	4012	0.054875	0
2	4021	0.055	0
2	4030	0.055125	0
2	4039	0.05525	0
2	4048	0.055375	0
2	4057	0.0555	0
2	4070	0.055625	0
2	4079	0.05575	0
2	4088	0.055875	0
2	4097	0.056	0
2	4106	0.056125	0
2	4115	0.05625	0
2	4124	0.056375	0
2	4133	0.0565	0
2	4142	0.056625	0
2	4151	0.05675	0
2	4160	0.056875	0
2	4169	0.057	0
2	4178	0.057125	0
2	4187	0.05725	0
2	4196	0.057375	0
2	4205	0.0575	0
2	4214	0.057625	0
2	4223	0.05775	0
2	4232	0.057875	0
2	4241	0.058	0
2	4250	0.058125	0
2	4259	0.05825	0
2	4268	0.058375	0
2	4277	0.0585	0
2	4286	0.058625	0
2	4295	0.05875	0
2	4304	0.058875	0
2	4317	0.059	0
2	4326	0.059125	0
2	4335	0.05925	0
2	4344	0.059375	0
2	4353	0.0595	0
2	4362	0.059625	0
2	4371	0.05975	0
2	4380	0.059875	0
2	4389	0.06	0
2	4398	0.060125	0
2	4407	0.06025	0
2	4416	0.060375	0
2	4425	0.0605	0
2	4434	0.060625	0
2	4443	0.06075	0
2	4452	0.060875	0
2	4461	0.061	0
2	4470	0.061125	0
2	4479	0.06125	0
2	4488	0.061375	0
2	4497	0.0615	0
2	4506	0.061625	0
2	4515	0.06175	0
2	4524	0.061875	0
2	4533	0.062	0
2	4542	0.062125	0
2	4555	0.06225	0
2	4564	0.062375	0
2	4573	0.0625	0
2	4582	0.062625	0
2	4591	0.06275	0
2	4600	0.062875	0
2	4609	0.063	0
2	4618	0.063125	0
2	4627	0.06325	0
2	4636	0.063375	0
2	4645	0.0635	0
2	4654	0.063625	0
2	4663	0.06375	0
2	4672	0.063875	0
2	4681	0.064	0
2	4690	0.064125	0
2	4699	0.06425	0
2	4708	0.064375	0
2	4717	0.0645	0
2	4726	0.064625	0
2	4735	0.06475	0
2	4744	0.064875	0
2	4753	0.065	0
2	4762	0.065125	0
2	4771	0.06525	0
2	4780	0.065375	0
2	4793	0.0655	0
2	4802	0.065625	0
2	4811	0.06575	0
2	4820	0.065875	0
2	4829	0.066	0
2	4838	0.066125	0
2	4847	0.06625	0
2	4856	0.066375	0
2	4865	0.0665	0
2	4874	0.066625	0
2	4883	0.06675	0
2	4892	0.066875	0
2	4901	0.067	0
2	4910	0.067125	0
2	4919	0.06725	0
2	4928	0.067375	0
2	4937	0.0675	0
2	4946	0.067625	0
2	4955	0.06775	0
2	4964	0.067875	0
2	4973	0.068	0
2	4982	0.068125	0
2	4991	0.06825	0
2	5000	0.068375	0
2	5009	0.0685	0
2	5018	0.068625	0
2	5031	0.06875	0
2	5040	0.068875	0
2	5049	0.069	0
2	5058	0.069125	0
2	5067	0.06925	0
2	5076	0.069375	0
2	5085	0.0695	0
2	5094	0.069625	0
2	5103	0.06975	0
2	5112	0.069875	0
2	5121	0.07	0
2	5130	0.070125	0
2	5139	0.07025	0
2	5148	0.070375	0
2	5157	0.0705	0
2	5166	0.070625	0
2	5175	0.07075	0
2	5184	0.070875	0
2	5193	0.071	0
2	5202	0.071125	0
2	5211	0.07125	0
2	5220	0.071375	0
2	5229	0.0715	0
2	5238	0.071625	0
2	5247	0.07175	0
2	5256	0.071875	0
2	5269	0.072	0
2	5278	0.072125	0
2	5287	0.07225	0
2	5296	0.072375	0
2	5305	0.0725	0
2	5314	0.072625	0
2	5323	0.07275	0
2	5332	0.072875	0
2	5341	0.073	0
2	5350	0.073125	0
2	5359	0.07325	0
2	5368	0.073375	0
2	5377	0.0735	0
2	5386	0.073625	0
2	5395	0.07375	0
2	5404	0.073875	0
2	5413	0.074	0
2	5422	0.074125	0
2	5431	0.07425	0
2	5440	0.074375	0
2	5449	0.0745	0
2	5458	0.074625	0
2	5467	0.07475	0
2	5476	0.074875	0
2	5485	0.075	0
2	5494	0.075125	0
2	5503	0.07525	0
2	5516	0.075375	0
2	5525	0.0755	0
2	5534	0.075625	0
2	5543	0.07575	0
2	5552	0.075875	0
2	5561	0.076	0
2	5570	0.076125	0
2	5579	0.07625	0
2	5588	0.076375	0
2	5597	0.0765	0
2	5606	0.076625	0
2	5615	0.07675	0
2	5624	0.076875	0
2	5633	0.077	0
2	5642	0.077125	0
2	5651	0.07725	0
2	5660	0.077375	0
2	5669	0.0775	0
2	5678	0.077625	0
2	5687	0.07775	0
2	5696	0.077875	0
2	5705	0.078	0
2	5714	0.078125	0
2	5723	0.07825	0
2	5732	0.078375	0
2	5741	0.0785	0
2	5754	0.078625	0
2	5763	0.07875	0
2	5772	0.078875	0
2	5781	0.079	0
2	5790	0.079125	0
2	5799	0.07925	0
2	5808	0.079375	0
2	5817	0.0795	0
2	5826	0.079625	0
2	5835	0.07975	0
2	5844	0.079875	0
2	5853	0.08	0
2	5862	0.080125	0
2	5871	0.08025	0
2	5880	0.080375	0
2	5889	0.0805	0
2	5898	0.080625	0
2	5907	0.08075	0
2	5916	0.080875	0
2	5925	0.081	0
2	5934	0.081125	0
2	5943	0.08125	0
2	5952	0.081375	0
2	5961	0.0815	0
2	5970	0.081625	0
2	5979	0.08175	0
2	5992	0.081875	0
2	6001	0.082	0
2	6010	0.082125	0
2	6019	0.08225	0
2	6028	0.082375	0
2	6037	0.0825	0
2	6046	0.082625	0
2	6055	0.08275	0
2	6064	0.082875	0
2	6073	0.083	0
2	6082	0.083125	0
2	6091	0.08325	0
2	6100	0.083375	0
2	6109	0.0835	0
2	6118	0.083625	0
2	6127	0.08375	0
2	6136	0.083875	0
2	6145	0.084	0
2	6154	0.084125	0
2	6163	0.08425	0
2	6172	0.084375	0
2	6181	0.0845	0
2	6190	0.084625	0
2	6199	0.08475	0
2	6208	0.084875	0
2	6217	0.085	0
2	6230	0.085125	0
2	6239	0.08525	0
2	6248	0.085375	0
2	6257	0.0855	0
2	6266	0.085625	0
2	6275	0.08575	0
2	6284	0.085875	0
2	6293	0.086	0
2	6302	0.086125	0
2	6311	0.08625	0
2	6320	0.086375	0
2	6329	0.0865	0
2	6338	0.086625	0
2	6347	0.08675	0
2	6356	0.086875	0
2	6365	0.087	0
2	6374	0.087125	0
2	6383	0.08725	0
2	6392	0.087375	0
2	6401	0.0875	0
2	6410	0.087625	0
2	6419	0.08775	0
2	6428	0.087875	0
2	6437	0.088	0
2	6446	0.088125	0
2	6455	0.08825	0
2	6468	0.088375	0
2	6477	0.0885	0
2	6486	0.088625	0
2	6495	0.08875	0
2	6504	0.088875	0
2	6513	0.089	0
2	6522	0.089125	0
2	6531	0.08925	0
2	6540	0.089375	0
2	6549	0.0895	0
2	6558	0.089625	0
2	6567	0.08975	0
2	6576	0.089875	0
2	6585	0.09	0
2	6594	0.090125	0
2	6603	0.09025	0
2	6612	0.090375	0
2	6621	0.0905	0
2	6630	0.090625	0
2	6639	0.09075	0
2	6648	0.090875	0
2	6657	0.091	0
2	6666	0.091125	0
2	6675	0.09125	0
2	6684	0.091375	0
2	6693	0.0915	0
2	6706	0.091625	0
2	6715	0.09175	0
2	6724	0.091875	0
2	6733	0.092	0
2	6742	0.092125	0
2	6751	0.09225	0
2	6760	0.092375	0
2	6769	0.0925	0
2	6778	0.092625	0
2	6787	0.09275	0
2	6796	0.092875	0
2	6805	0.093	0
2	6814	0.093125	0
2	6823	0.09325	0
2	6832	0.093375	0
2	6841	0.0935	0
2	6850	0.093625	0
2	6859	0.09375	0
2	6868	0.093875	0
2	6877	0.094	0
2	6886	0.094125	0
2	6895	0.09425	0
2	6904	0.094375	0
2	6913	0.0945	0
2	6922	0.094625	0
2	6931	0.09475	0
2	6940	0.094875	0
2	6953	0.095	0
2	6962	0.095125	0
2	6971	0.09525	0
2	6980	0.095375	0
2	6989	0.0955	0
2	6998	0.095625	0
2	7007	0.09575	0
2	7016	0.095875	0
2	7025	0.096	0
2	7034	0.096125	0
2	7043	0.09625	0
2	7052	0.096375	0
2	7061	0.0965	0
2	7070	0.096625	0
2	7079	0.09675	0
2	7088	0.096875	0
2	7097	0.097	0
2	7106	0.097125	0
2	7115	0.09725	0
2	7124	0.097375	0
2	7133	0.0975	0
2	7142	0.097625	0
2	7151	0.09775	0
2	7160	0.097875	0
2	7169	0.098	0
2	7178	0.098125	0
2	7191	0.09825	0
2	7200	0.098375	0
2	7209	0.0985	0
2	7218	0.098625	0
2	7227	0.09875	0
2	7236	0.098875	0
2	7245	0.099	0
2	7254	0.099125	0
2	7263	0.09925	0
2	7272	0.099375	0
2	7281	0.0995	0
2	7290	0.099625	0
2	7299	0.09975	0
2	7308	0.099875	0
2	7317	0.1	0
2	7326	0.100125	0
2	7335	0.10025	0
2	7344	0.100375	0
2	7353	0.1005	0
2	7362	0.100625	0
2	7371	0.10075	0
2	7380	0.100875	0
2	7389	0.101	0
2	7398	0.101125	0
2	7407	0.10125	0
2	7416	0.101375	0
2	7429	0.1015	0
2	7438	0.101625	0
2	7447	0.10175	0
2	7456	0.101875	0
2	7465	0.102	0
2	7474	0.102125	0
2	7483	0.10225	0
2	7492	0.102375	0
2	7501	0.1025	0
2	7510	0.102625	0
2	7519	0.10275	0
2	7528	0.102875	0
2	7537	0.103	0
2	7546	0.103125	0
2	7555	0.10325	0
2	7564	0.103375	0
2	7573	0.1035	0
2	7582	0.103625	0
2	7591	0.10375	0
2	7600	0.103875	0
2	7609	0.104	0
2	7618	0.104125	0
2	7627	0.10425	0
2	7636	0.104375	0
2	7645	0.1045	0
2	7654	0.104625	0
2	7667	0.10475	0
2	7676	0.104875	0
2	7685	0.105	0
2	7694	0.105125	0
2	7703	0.10525	0
2	7712	0.105375	0
2	7721	0.1055	0
2	7730	0.105625	0
2	7739	0.10575	0
2	7748	0.105875	0
2	7757	0.106	0
2	7766	0.106125	0
2	7775	0.10625	0
2	7784	0.106375	0
2	7793	0.1065	0
2	7802	0.106625	0
2	7811	0.10675	0
2	7820	0.106875	0
2	7829	0.107	0
2	7838	0.107125	0
2	7847	0.10725	0
2	7856	0.107375	0
2	7865	0.1075	0
2	7874	0.107625	0
2	7883	0.10775	0
2	7892	0.107875	0
2	7905	0.108	0
2	7914	0.108125	0
2	7923	0.10825	0
2	7932	0.108375	0
2	7941	0.1085	0
2	7950	0.108625	0
2	7959	0.10875	0
2	7968	0.108875	0
2	7977	0.109	0
2	7986	0.109125	0
2	7995	0.10925	0
2	8004	0.109375	0
2	8013	0.1095	0
2	8022	0.109625	0
2	8031	0.10975	0
2	8040	0.109875	0
2	8049	0.11	0
2	8058	0.110125	0
2	8067	0.11025	0
2	8076	0.110375	0
2	8085	0.1105	0
2	8094	0.110625	0
2	8103	0.11075	0
2	8112	0.110875	0
2	8121	0.111	0
2	8130	0.111125	0
2	8143	0.11125	0
2	8152	0.111375	0
2	8161	0.1115	0
2	8170	0.111625	0
2	8179	0.11175	0
2	8188	0.111875	0
2	8197	0.112	0
2	8206	0.112125	0
2	8215	0.11225	0
2	8224	0.112375	0
2	8233	0.1125	0
2	8242	0.112625	0
2	8251	0.11275	0
2	8260	0.112875	0
2	8269	0.113	0
2	8278	0.113125	0
2	8287	0.11325	0
2	8296	0.113375	0
2	8305	0.1135	0
2	8314	0.113625	0
2	8323	0.11375	0
2	8332	0.113875	0
2	8341	0.114	0
2	8350	0.114125	0
2	8359	0.11425	0
2	8368	0.114375	0
2	8377	0.1145	0
2	8390	0.114625	0
2	8399	0.11475	0
2	8408	0.114875	0
2	8417	0.115	0
2	8426	0.115125	0
2	8435	0.11525	0
2	8444	0.115375	0
2	8453	0.1155	0
2	8462	0.115625	0
2	8471	0.11575	0
2	8480	0.115875	0
2	8489	0.116	0
2	8498	0.116125	0
2	8507	0.11625	0
2	8516	0.116375	0
2	8525	0.1165	0
2	8534	0.116625	0
2	8543	0.11675	0
2	8552	0.116875	0
2	8561	0.117	0
2	8570	0.117125	0
2	8579	0.11725	0
2	8588	0.117375	0
2	8597	0.1175	0
2	8606	0.117625	0
2	8615	0.11775	0
2	8628	0.117875	0
2	8637	0.118	0
2	8646	0.118125	0
2	8655	0.11825	0
2	8664	0.118375	0
2	8673	0.1185	0
2	8682	0.118625	0
2	8691	0.11875	0
2	8700	0.118875	0
2	8709	0.119	0
2	8718	0.119125	0
2	8727	0.11925	0
2	8736	0.119375	0
2	8745	0.1195	0
2	8754	0.119625	0
2	8763	0.11975	0
2	8772	0.119875	0
2	8781	0.12	0
2	8790	0.120125	0
2	8799	0.12025	0
2	8808	0.120375	0
2	8817	0.1205	0
2	8826	0.120625	0
2	8835	0.12075	0
2	8844	0.120875	0
2	8853	0.121	0
2	8866	0.121125	0
2	8875	0.12125	0
2	8884	0.121375	0
2	8893	0.1215	0
2	8902	0.121625	0
2	8911	0.12175	0
2	8920	0.121875	0
2	8929	0.122	0
2	8938	0.122125	0
2	8947	0.12225	0
2	8956	0.122375	0
2	8965	0.1225	0
2	8974	0.122625	0
2	8983	0.12275	0
2	8992	0.122875	0
2	9001	0.123	0
2	9010	0.123125	0
2	9019	0.12325	0
2	9028	0.123375	0
2	9037	0.1235	0
2	9046	0.123625	0
2	9055	0.12375	0
2	9064	0.123875	0
2	9073	0.124	0
2	9082	0.124125	0
2	9091	0.12425	0
2	9104	0.124375	0
2	9113	0.1245	0
2	9122	0.124625	0
2	9131	0.12475	0
2	9140	0.124875	0
2	9149	0.125	0
2	9158	0.125125	0
2	9167	0.12525	0
2	9176	0.125375	0
2	9185	0.1255	0
2	9194	0.125625	0
2	9203	0.12575	0
2	9212	0.125875	0
2	9221	0.126	0
2	9230	0.126125	0
2	9239	0.12625	0
2	9248	0.126375	0
2	9257	0.1265	0
2	9266	0.126625	0
2	9275	0.12675	0
2	9284	0.126875	0
2	9293	0.127	0
2	9302	0.127125	0
2	9311	0.12725	0
2	9320	0.127375	0
2	9329	0.1275	0
2	9342	0.127625	0
2	9351	0.12775	0
2	9360	0.127875	0
2	9369	0.128	0
2	9378	0.128125	0
2	9387	0.12825	0
2	9396	0.128375	0
2	9405	0.1285	0
2	9414	0.128625	0
2	9423	0.12875	0
2	9432	0.128875	0
2	9441	0.129	0
2	9450	0.129125	0
2	9459	0.12925	0
2	9468	0.129375	0
2	9477	0.1295	0
2	9486	0.129625	0
2	9495	0.12975	0
2	9504	0.129875	0
2	9513	0.13	0
2	9522	0.130125	0
2	9531	0.13025	0
2	9540	0.130375	0
2	9549	0.1305	0
2	9558	0.130625	0
2	9567	0.13075	0
2	9580	0.130875	0
2	9589	0.131	0
2	9598	0.131125	0
2	9607	0.13125	0
2	9616	0.131375	0
2	9625	0.1315	0
2	9634	0.131625	0
2	9643	0.13175	0
2	9652	0.131875	0
2	9661	0.132	0
2	9670	0.132125	0
2	9679	0.13225	0
2	9688	0.132375	0
2	9697	0.1325	0
2	9706	0.132625	0
2	9715	0.13275	0
2	9724	0.132875	0
2	9733	0.133	0
2	9742	0.133125	0
2	9751	0.13325	0
2	9760	0.133375	0
2	9769	0.1335	0
2	9778	0.133625	0
2	9787	0.13375	0
2	9796	0.133875	0
2	9805	0.134	0
2	9814	0.134125	0
2	9827	0.13425	0
2	9836	0.134375	0
2	9845	0.1345	0
2	9854	0.134625	0
2	9863	0.13475	0
2	9872	0.134875	0
2	9881	0.135	0
2	9890	0.135125	0
2	9899	0.13525	0
2	9908	0.135375	0
2	9917	0.1355	0
2	9926	0.135625	0
2	9935	0.13575	0
2	9944	0.135875	0
2	9953	0.136	0
2	9962	0.136125	0
2	9971	0.13625	0
2	9980	0.136375	0
2	9989	0.1365	0
2	9998	0.136625	0
2	10007	0.13675	0
2	10016	0.136875	0
2	10025	0.137	0
2	10034	0.137125	0
2	10043	0.13725	0
2	10052	0.137375	0
2	10065	0.1375	0
2	10074	0.137625	0
2	10083	0.13775	0
2	10092	0.137875	0
2	10101	0.138	0
2	10110	0.138125	0
2	10119	0.13825	0
2	10128	0.138375	0
2	10137	0.1385	0
2	10146	0.138625	0
2	10155	0.13875	0
2	10164	0.138875	0
2	10173	0.139	0
2	10182	0.139125	0
2	10191	0.13925	0
2	10200	0.139375	0
2	10209	0.1395	0
2	10218	0.139625	0
2	10227	0.13975	0
2	10236	0.139875	0
2	10245	0.14	0
2	10254	0.140125	0
2	10263	0.14025	0
2	10272	0.140375	0
2	10281	0.1405	0
2	10290	0.140625	0
2	10303	0.14075	0
2	10312	0.140875	0
2	10321	0.141	0
2	10330	0.141125	0
2	10339	0.14125	0
2	10348	0.141375	0
2	10357	0.1415	0
2	10366	0.141625	0
2	10375	0.14175	0
2	10384	0.141875	0
2	10393	0.142	0
2	10402	0.142125	0
2	10411	0.14225	0
2	10420	0.142375	0
2	10429	0.1425	0
2	10438	0.142625	0
2	10447	0.14275	0
2	10456	0.142875	0
2	10465	0.143	0
2	10474	0.143125	0
2	10483	0.14325	0
2	10492	0.143375	0
2	10501	0.1435	0
2	10510	0.143625	0
2	10519	0.14375	0
2	10528	0.143875	0
2	10541	0.144	0
2	10550	0.144125	0
2	10559	0.14425	0
2	10568	0.144375	0
2	10577	0.1445	0
2	10586	0.144625	0
2	10595	0.14475	0
2	10604	0.144875	0
2	10613	0.145	0
2	10622	0.145125	0
2	10631	0.14525	0
2	10640	0.145375	0
2	10649	0.1455	0
2	10658	0.145625	0
2	10667	0.14575	0
2	10676	0.145875	0
2	10685	0.146	0
2	10694	0.146125	0
2	10703	0.14625	0
2	10712	0.146375	0
2	10721	0.1465	0
2	10730	0.146625	0
2	10739	0.14675	0
2	10748	0.146875	0
2	10757	0.147	0
2	10766	0.147125	0
2	10779	0.14725	0
2	10788	0.147375	0
2	10797	0.1475	0
2	10806	0.147625	0
2	10815	0.14775	0
2	10824	0.147875	0
2	10833	0.148	0
2	10842	0.148125	0
2	10851	0.14825	0
2	10860	0.148375	0
2	10869	0.1485	0
2	10878	0.148625	0
2	10887	0.14875	0
2	10896	0.148875	0
2	10905	0.149	0
2	10914	0.149125	0
2	10923	0.14925	0
2	10932	0.149375	0
2	10941	0.1495	0
2	10950	0.149625	0
2	10959	0.14975	0
2	10968	0.149875	0
2	10977	0.15	0
2	10986	0.150125	0
2	10995	0.15025	0
2	11004	0.150375	0
2	11013	0.1505	0
2	11026	0.150625	0
2	11035	0.15075	0
2	11044	0.150875	0
2	11053	0.151	0
2	11062	0.151125	0
2	11071	0.15125	0
2	11080	0.151375	0
2	11089	0.1515	0
2	11098	0.151625	0
2	11107	0.15175	0
2	11116	0.151875	0
2	11125	0.152	0
2	11134	0.152125	0
2	11143	0.15225	0
2	11152	0.152375	0
2	11161	0.1525	0
2	11170	0.152625	0
2	11179	0.15275	0
2	11188	0.152875	0
2	11197	0.153	0
2	11206	0.153125	0
2	11215	0.15325	0
2	11224	0.153375	0
2	11233	0.1535	0
2	11242	0.153625	0
2	11251	0.15375	0
2	11264	0.153875	0
2	11273	0.154	0
2	11282	0.154125	0
2	11291	0.15425	0
2	11300	0.154375	0
2	11309	0.1545	0
2	11318	0.154625	0
2	11327	0.15475	0
2	11336	0.154875	0
2	11345	0.155	0
2	11354	0.155125	0
2	11363	0.15525	0
2	11372	0.155375	0
2	11381	0.1555	0
2	11390	0.155625	0
2	11399	0.15575	0
2	11408	0.155875	0
2	11417	0.156	0
2	11426	0.156125	0
2	11435	0.15625	0
2	11444	0.156375	0
2	11453	0.1565	0
2	11462	0.156625	0
2	11471	0.15675	0
2	11480	0.156875	0
2	11489	0.157	0
2	11502	0.157125	0
2	11511	0.15725	0
2	11520	0.157375	0
2	11529	0.1575	0
2	11538	0.157625	0
2	11547	0.15775	0
2	11556	0.157875	0
2	11565	0.158	0
2	11574	0.158125	0
2	11583	0.15825	0
2	11592	0.158375	0
2	11601	0.1585	0
2	11610	0.158625	0
2	11619	0.15875	0
2	11628	0.158875	0
2	11637	0.159	0
2	11646	0.159125	0
2	11655	0.15925	0
2	11664	0.159375	0
2	11673	0.1595	0
2	11682	0.159625	0
2	11691	0.15975	0
2	11700	0.159875	0
2	11709	0.16	0
2	11718	0.160125	0
2	11727	0.16025	0
2	11740	0.160375	0
2	11749	0.1605	0
2	11758	0.160625	0
2	11767	0.16075	0
2	11776	0.160875	0
2	11785	0.161	0
2	11794	0.161125	0
2	11803	0.16125	0
2	11812	0.161375	0
2	11821	0.1615	0
2	11830	0.161625	0
2	11839	0.16175	0
2	11848	0.161875	0
2	11857	0.162	0
2	11866	0.162125	0
2	11875	0.16225	0
2	11884	0.162375	0
2	11893	0.1625	0
2	11902	0.162625	0
2	11911	0.16275	0
2	11920	0.162875	0
2	11929	0.163	0
2	11938	0.163125	0
2	11947	0.16325	0
2	11956	0.163375	0
2	11965	0.1635	0
2	11978	0.163625	0
2	11987	0.16375	0
2	11996	0.163875	0
2	12005	0.164	0
2	12014	0.164125	0
2	12023	0.16425	0
2	12032	0.164375	0
2	12041	0.1645	0
2	12050	0.164625	0
2	12059	0.16475	0
2	12068	0.164875	0
2	12077	0.165	0
2	12086	0.165125	0
2	12095	0.16525	0
2	12104	0.165375	0
2	12113	0.1655	0
2	12122	0.165625	0
2	12131	0.16575	0
2	12140	0.165875	0
2	12149	0.166	0
2	12158	0.166125	0
2	12167	0.16625	0
2	12176	0.166375	0
2	12185	0.1665	0
2	12194	0.166625	0
2	12203	0.16675	0
2	12216	0.166875	0
2	12225	0.167	0
2	12234	0.167125	0
2	12243	0.16725	0
2	12252	0.167375	0
2	12261	0.1675	0
2	12270	0.167625	0
2	12279	0.16775	0
2	12288	0.167875	0
2	12297	0.168	0
2	12306	0.168125	0
2	12315	0.16825	0
2	12324	0.168375	0
2	12333	0.1685	0
2	12342	0.168625	0
2	12351	0.16875	0
2	12360	0.168875	0
2	12369	0.169	0
2	12378	0.169125	0
2	12387	0.16925	0
2	12396	0.169375	0
2	12405	0.1695	0
2	12414	0.169625	0
2	12423	0.16975	0
2	12432	0.169875	0
2	12441	0.17	0
2	12450	0.170125	0
2	12463	0.17025	0
2	12472	0.170375	0
2	12481	0.1705	0
2	12490	0.170625	0
2	12499	0.17075	0
2	12508	0.170875	0
2	12517	0.171	0
2	12526	0.171125	0
2	12535	0.17125	0
2	12544	0.171375	0
2	12553	0.1715	0
2	12562	0.171625	0
2	12571	0.17175	0
2	12580	0.171875	0
2	12589	0.172	0
2	12598	0.172125	0
2	12607	0.17225	0
2	12616	0.172375	0
2	12625	0.1725	0
2	12634	0.172625	0
2	12643	0.17275	0
2	12652	0.172875	0
2	12661	0.173	0
2	12670	0.173125	0
2	12679	0.17325	0
2	12688	0.173375	0
2	12701	0.1735	0
2	12710	0.173625	0
2	12719	0.17375	0
2	12728	0.173875	0
2	12737	0.174	0
2	12746	0.174125	0
2	12755	0.17425	0
2	12764	0.174375	0
2	12773	0.1745	0
2	12782	0.174625	0
2	12791	0.17475	0
2	12800	0.174875	0
2	12809	0.175	0
2	12818	0.175125	0
2	12827	0.17525	0
2	12836	0.175375	0
2	12845	0.1755	0
2	12854	0.175625	0
2	12863	0.17575	0
2	12872	0.175875	0
2	12881	0.176	0
2	12890	0.176125	0
2	12899	0.17625	0
2	12908	0.176375	0
2	12917	0.1765	0
2	12926	0.176625	0
2	12939	0.17675	0
2	12948	0.176875	0
2	12957	0.177	0
2	12966	0.177125	0
2	12975	0.17725	0
2	12984	0.177375	0
2	12993	0.1775	0
2	13002	0.177625	0
2	13011	0.17775	0
2	13020	0.177875	0
2	13029	0.178	0
2	13038	0.178125	0
2	13047	0.17825	0
2	13056	0.178375	0
2	13065	0.1785	0
2	13074	0.178625	0
2	13083	0.17875	0
2	13092	0.178875	0
2	13101	0.179	0
2	13110	0.179125	0
2	13119	0.17925	0
2	13128	0.179375	0
2	13137	0.1795	0
2	13146	0.179625	0
2	13155	0.17975	0
2	13164	0.179875	0
2	13177	0.18	0
2	13186	0.180125	0
2	13195	0.18025	0
2	13204	0.180375	0
2	13213	0.1805	0
2	13222	0.180625	0
2	13231	0.18075	0
2	13240	0.180875	0
2	13249	0.181	0
2	13258	0.181125	0
2	13267	0.18125	0
2	13276	0.181375	0
2	13285	0.1815	0
2	13294	0.181625	0
2	13303	0.18175	0
2	13312	0.181875	0
2	13321	0.182	0
2	13330	0.182125	0
2	13339	0.18225	0
2	13348	0.182375	0
2	13357	0.1825	0
2	13366	0.182625	0
2	13375	0.18275	0
2	13384	0.182875	0
2	13393	0.183	0
2	13402	0.183125	0
2	13415	0.18325	0
2	13424	0.183375	0
2	13433	0.1835	0
2	13442	0.183625	0
2	13451	0.18375	0
2	13460	0.183875	0
2	13469	0.184	0
2	13478	0.184125	0
2	13487	0.18425	0
2	13496	0.184375	0
2	13505	0.1845	0
2	13514	0.184625	0
2	13523	0.18475	0
2	13532	0.184875	0
2	13541	0.185	0
2	13550	0.185125	0
2	13559	0.18525	0
2	13568	0.185375	0
2	13577	0.1855	0
2	13586	0.185625	0
2	13595	0.18575	0
2	13604	0.185875	0
2	13613	0.186	0
2	13622	0.186125	0
2	13631	0.18625	0
2	13640	0.186375	0
2	13653	0.1865	0
2	13662	0.186625	0
2	13671	0.18675	0
2	13680	0.186875	0
2	13689	0.187	0
2	13698	0.187125	0
2	13707	0.18725	0
2	13716	0.187375	0
2	13725	0.1875	0
2	13734	0.187625	0
2	13743	0.18775	0
2	13752	0.187875	0
2	13761	0.188	0
2	13770	0.188125	0
2	13779	0.18825	0
2	13788	0.188375	0
2	13797	0.1885	0
2	13806	0.188625	0
2	13815	0.18875	0
2	13824	0.188875	0
2	13833	0.189	0
2	13842	0.189125	0
2	13851	0.18925	0
2	13860	0.189375	0
2	13869	0.1895	0
2	13878	0.189625	0
2	13887	0.18975	0
2	13900	0.189875	0
2	13909	0.19	0
2	13918	0.190125	0
2	13927	0.19025	0
2	13936	0.190375	0
2	13945	0.1905	0
2	13954	0.190625	0
2	13963	0.19075	0
2	13972	0.190875	0
2	13981	0.191	0
2	13990	0.191125	0
2	13999	0.19125	0
2	14008	0.191375	0
2	14017	0.1915	0
2	14026	0.191625	0
2	14035	0.19175	0
2	14044	0.191875	0
2	14053	0.192	0
2	14062	0.192125	0
2	14071	0.19225	0
2	14080	0.192375	0
2	14089	0.1925	0
2	14098	0.192625	0
2	14107	0.19275	0
2	14116	0.192875	0
2	14125	0.193	0
2	14138	0.193125	0
2	14147	0.19325	0
2	14156	0.193375	0
2	14165	0.1935	0
2	14174	0.193625	0
2	14183	0.19375	0
2	14192	0.193875	0
2	14201	0.194	0
2	14210	0.194125	0
2	14219	0.19425	0
2	14228	0.194375	0
2	14237	0.1945	0
2	14246	0.194625	0
2	14255	0.19475	0
2	14264	0.194875	0
2	14273	0.195	0
2	14282	0.195125	0
2	14291	0.19525	0
2	14300	0.195375	0
2	14309	0.1955	0
2	14318	0.195625	0
2	14327	0.19575	0
2	14336	0.195875	0
2	14345	0.196	0
2	14354	0.196125	0
2	14363	0.19625	0
2	14376	0.196375	0
2	14385	0.1965	0
2	14394	0.196625	0
2	14403	0.19675	0
2	14412	0.196875	0
2	14421	0.197	0
2	14430	0.197125	0
2	14439	0.19725	0
2	14448	0.197375	0
2	14457	0.1975	0
2	14466	0.197625	0
2	14475	0.19775	0
2	14484	0.197875	0
2	14493	0.198	0
2	14502	0.198125	0
2	14511	0.19825	0
2	14520	0.198375	0
2	14529	0.1985	0
2	14538	0.198625	0
2	14547	0.19875	0
2	14556	0.198875	0
2	14565	0.199	0
2	14574	0.199125	0
2	14583	0.19925	0
2	14592	0.199375	0
2	14601	0.1995	0
2	14614	0.199625	0
2	14623	0.19975	0
2	14632	0.199875	0
2	14641	0.2	0
2	14650	0.200125	0
2	14659	0.20025	0
2	14668	0.200375	0
2	14677	0.2005	0
2	14686	0.200625	0
2	14695	0.20075	0
2	14704	0.200875	0
2	14713	0.201	0
2	14722	0.201125	0
2	14731	0.20125	0
2	14740	0.201375	0
2	14749	0.2015	0
2	14758	0.201625	0
2	14767	0.20175	0
2	14776	0.201875	0
2	14785	0.202	0
2	14794	0.202125	0
2	14803	0.20225	0
2	14812	0.202375	0
2	14821	0.2025	0
2	14830	0.202625	0
2	14839	0.20275	0
2	14852	0.202875	0
2	14861	0.203	0
2	14870	0.203125	0
2	14879	0.20325	0
2	14888	0.203375	0
2	14897	0.2035	0
2	14906	0.203625	0
2	14915	0.20375	0
2	14924	0.203875	0
2	14933	0.204	0
2	14942	0.204125	0
2	14951	0.20425	0
2	14960	0.204375	0
2	14969	0.2045	0
2	14978	0.204625	0
2	14987	0.20475	0
2	14996	0.204875	0
2	15005	0.205	0
2	15014	0.205125	0
2	15023	0.20525	0
2	15032	0.205375	0
2	15041	0.2055	0
2	15050	0.205625	0
2	15059	0.20575	0
2	15068	0.205875	0
2	15077	0.206	0
2	15090	0.206125	0
2	15099	0.20625	0
2	15108	0.206375	0
2	15117	0.2065	0
2	15126	0.206625	0
2	15135	0.20675	0
2	15144	0.206875	0
2	15153	0.207	0
2	15162	0.207125	0
2	15171	0.20725	0
2	15180	0.207375	0
2	15189	0.2075	0
2	15198	0.207625	0
2	15207	0.20775	0
2	15216	0.207875	0
2	15225	0.208	0
2	15234	0.208125	0
2	15243	0.20825	0
2	15252	0.208375	0
2	15261	0.2085	0
2	15270	0.208625	0
2	15279	0.20875	0
2	15288	0.208875	0
2	15297	0.209	0
2	15306	0.209125	0
2	15315	0.20925	0
2	15324	0.209375	0
2	15337	0.2095	0
2	15346	0.209625	0
2	15355	0.20975	0
2	15364	0.209875	0
2	15373	0.21	0
2	15382	0.210125	0
2	15391	0.21025	0
2	15400	0.210375	0
2	15409	0.2105	0
2	15418	0.210625	0
2	15427	0.21075	0
2	15436	0.210875	0
2	15445	0.211	0
2	15454	0.211125	0
2	15463	0.21125	0
2	15472	0.211375	0
2	15481	0.2115	0
2	15490	0.211625	0
2	15499	0.21175	0
2	15508	0.211875	0
2	15517	0.212	0
2	15526	0.212125	0
2	15535	0.21225	0
2	15544	0.212375	0
2	15553	0.2125	0
2	15562	0.212625	0
2	15575	0.21275	0
2	15584	0.212875	0
2	15593	0.213	0
2	15602	0.213125	0
2	15611	0.21325	0
2	15620	0.213375	0
2	15629	0.2135	0
2	15638	0.213625	0
2	15647	0.21375	0
2	15656	0.213875	0
2	15665	0.214	0
2	15674	0.214125	0
2	15683	0.21425	0
2	15692	0.214375	0
2	15701	0.2145	0
2	15710	0.214625	0
2	15719	0.21475	0
2	15728	0.214875	0
2	15737	0.215	0
2	15746	0.215125	0
2	15755	0.21525	0
2	15764	0.215375	0
2	15773	0.2155	0
2	15782	0.215625	0
2	15791	0.21575	0
2	15800	0.215875	0
2	15813	0.216	0
2	15822	0.216125	0
2	15831	0.21625	0
2	15840	0.216375	0
2	15849	0.2165	0
2	15858	0.216625	0
2	15867	0.21675	0
2	15876	0.216875	0
2	15885	0.217	0
2	15894	0.217125	0
2	15903	0.21725	0
2	15912	0.217375	0
2	15921	0.2175	0
2	15930	0.217625	0
2	15939	0.21775	0
2	15948	0.217875	0
2	15957	0.218	0
2	15966	0.218125	0
2	15975	0.21825	0
2	15984	0.218375	0
2	15993	0.2185	0
2	16002	0.218625	0
2	16011	0.21875	0
2	16020	0.218875	0
2	16029	0.219	0
2	16038	0.219125	0
2	16051	0.21925	0
2	16060	0.219375	0
2	16069	0.2195	0
2	16078	0.219625	0
2	16087	0.21975	0
2	16096	0.219875	0
2	16105	0.22	0
2	16114	0.220125	0
2	16123	0.22025	0
2	16132	0.220375	0
2	16141	0.2205	0
2	16150	0.220625	0
2	16159	0.22075	0
2	16168	0.220875	0
2	16177	0.221	0
2	16186	0.221125	0
2	16195	0.22125	0
2	16204	0.221375	0
2	16213	0.2215	0
2	16222	0.221625	0
2	16231	0.22175	0
2	16240	0.221875	0
2	16249	0.222	0
2	16258	0.222125	0
2	16267	0.22225	0
2	16276	0.222375	0
2	16289	0.2225	0
2	16298	0.222625	0
2	16307	0.22275	0
2	16316	0.222875	0
2	16325	0.223	0
2	16334	0.223125	0
2	16343	0.22325	0
2	16352	0.223375	0
2	16361	0.2235	0
2	16370	0.223625	0
2	16379	0.22375	0
2	16388	0.223875	0
2	16397	0.224	0
2	16406	0.224125	0
2	16415	0.22425	0
2	16424	0.224375	0
2	16433	0.2245	0
2	16442	0.224625	0
2	16451	0.22475	0
2	16460	0.224875	0
2	16469	0.225	0
2	16478	0.225125	0
2	16487	0.22525	0
2	16496	0.225375	0
2	16505	0.2255	0
2	16514	0.225625	0
2	16523	0.22575	0
2	16536	0.225875	0
2	16545	0.226	0
2	16554	0.226125	0
2	16563	0.22625	0
2	16572	0.226375	0
2	16581	0.2265	0
2	16590	0.226625	0
2	16599	0.22675	0
2	16608	0.226875	0
2	16617	0.227	0
2	16626	0.227125	0
2	16635	0.22725	0
2	16644	0.227375	0
2	16653	0.2275	0
2	16662	0.227625	0
2	16671	0.22775	0
2	16680	0.227875	0
2	16689	0.228	0
2	16698	0.228125	0
2	16707	0.22825	0
2	16716	0.228375	0
2	16725	0.2285	0
2	16734	0.228625	0
2	16743	0.22875	0
2	16752	0.228875	0
2	16761	0.229	0
2	16774	0.229125	0
2	16783	0.22925	0
2	16792	0.229375	0
2	16801	0.2295	0
2	16810	0.229625	0
2	16819	0.22975	0
2	16828	0.229875	0
2	16837	0.23	0
2	16846	0.230125	0
2	16855	0.23025	0
2	16864	0.230375	0
2	16873	0.2305	0
2	16882	0.230625	0
2	16891	0.23075	0
2	16900	0.230875	0
2	16909	0.231	0
2	16918	0.231125	0
2	16927	0.23125	0
2	16936	0.231375	0
2	16945	0.2315	0
2	16954	0.231625	0
2	16963	0.23175	0
2	16972	0.231875	0
2	16981	0.232	0
2	16990	0.232125	0
2	16999	0.23225	0
2	17012	0.232375	0
2	17021	0.2325	0
2	17030	0.232625	0
2	17039	0.23275	0
2	17048	0.232875	0
2	17057	0.233	0
2	17066	0.233125	0
2	17075	0.23325	0
2	17084	0.233375	0
2	17093	0.2335	0
2	17102	0.233625	0
2	17111	0.23375	0
2	17120	0.233875	0
2	17129	0.234	0
2	17138	0.234125	0
2	17147	0.23425	0
2	17156	0.234375	0
2	17165	0.2345	0
2	17174	0.234625	0
2	17183	0.23475	0
2	17192	0.234875	0
2	17201	0.235	0
2	17210	0.235125	0
2	17219	0.23525	0
2	17228	0.235375	0
2	17237	0.2355	0
2	17250	0.235625	0
2	17259	0.23575	0
2	17268	0.235875	0
2	17277	0.236	0
2	17286	0.236125	0
2	17295	0.23625	0
2	17304	0.236375	0
2	17313	0.2365	0
2	17322	0.236625	0
2	17331	0.23675	0
2	17340	0.236875	0
2	17349	0.237	0
2	17358	0.237125	0
2	17367	0.23725	0
2	17376	0.237375	0
2	17385	0.2375	0
2	17394	0.237625	0
2	17403	0.23775	0
2	17412	0.237875	0
2	17421	0.238	0
2	17430	0.238125	0
2	17439	0.23825	0
2	17448	0.238375	0
2	17457	0.2385	0
2	17466	0.238625	0
2	17475	0.23875	0
2	17488	0.238875	0
2	17497	0.239	0
2	17506	0.239125	0
2	17515	0.23925	0
2	17524	0.239375	0
2	17533	0.2395	0
2	17542	0.239625	0
2	17551	0.23975	0
2	17560	0.239875	0
2	17569	0.24	0
2	17578	0.240125	0
2	17587	0.24025	0
2	17596	0.240375	0
2	17605	0.2405	0
2	17614	0.240625	0
2	17623	0.24075	0
2	17632	0.240875	0
2	17641	0.241	0
2	17650	0.241125	0
2	17659	0.24125	0
2	17668	0.241375	0
2	17677	0.2415	0
2	17686	0.241625	0
2	17695	0.24175	0
2	17704	0.241875	0
2	17713	0.242	0
2	17726	0.242125	0
2	17735	0.24225	0
2	17744	0.242375	0
2	17753	0.2425	0
2	17762	0.242625	0
2	17771	0.24275	0
2	17780	0.242875	0
2	17789	0.243	0
2	17798	0.243125	0
2	17807	0.24325	0
2	17816	0.243375	0
2	17825	0.2435	0
2	17834	0.243625	0
2	17843	0.24375	0
2	17852	0.243875	0
2	17861	0.244	0
2	17870	0.244125	0
2	17879	0.24425	0
2	17888	0.244375	0
2	17897	0.2445	0
2	17906	0.244625	0
2	17915	0.24475	0
2	17924	0.244875	0
2	17933	0.245	0
2	17942	0.245125	0
2	17951	0.24525	0
2	17960	0.245375	0
2	17973	0.2455	0
2	17982	0.245625	0
2	17991	0.24575	0
2	18000	0.245875	0
2	18009	0.246	0
2	18018	0.246125	0
2	18027	0.24625	0
2	18036	0.246375	0
2	18045	0.2465	0
2	18054	0.246625	0
2	18063	0.24675	0
2	18072	0.246875	0
2	18081	0.247	0
2	18090	0.247125	0
2	18099	0.24725	0
2	18108	0.247375	0
2	18117	0.2475	0
2	18126	0.247625	0
2	18135	0.24775	0
2	18144	0.247875	0
2	18153	0.248	0
2	18162	0.248125	0
2	18171	0.24825	0
2	18180	0.248375	0
2	18189	0.2485	0
2	18198	0.248625	0
2	18211	0.24875	0
2	18220	0.248875	0
2	18229	0.249	0
2	18238	0.249125	0
2	18247	0.24925	0
2	18256	0.249375	0
2	18265	0.2495	0
2	18274	0.249625	0
2	18283	0.24975	0
2	18292	0.249875	0
2	18301	0.25	0
2	18310	0.250125	0
2	18319	0.25025	0
2	18328	0.250375	0
2	18337	0.2505	0
2	18346	0.250625	0
2	18355	0.25075	0
2	18364	0.250875	0
2	18373	0.251	0
2	18382	0.251125	0
2	18391	0.25125	0
2	18400	0.251375	0
2	18409	0.2515	0
2	18418	0.251625	0
2	18427	0.25175	0
2	18436	0.251875	0
2	18449	0.252	0
2	18458	0.252125	0
2	18467	0.25225	0
2	18476	0.252375	0
2	18485	0.2525	0
2	18494	0.252625	0
2	18503	0.25275	0
2	18512	0.252875	0
2	18521	0.253	0
2	18530	0.253125	0
2	18539	0.25325	0
2	18548	0.253375	0
2	18557	0.2535	0
2	18566	0.253625	0
2	18575	0.25375	0
2	18584	0.253875	0
2	18593	0.254	0
2	18602	0.254125	0
2	18611	0.25425	0
2	18620	0.254375	0
2	18629	0.2545	0
2	18638	0.254625	0
2	18647	0.25475	0
2	18656	0.254875	0
2	18665	0.255	0
2	18674	0.255125	0
2	18687	0.25525	0
2	18696	0.255375	0
2	18705	0.2555	0
2	18714	0.255625	0
2	18723	0.25575	0
2	18732	0.255875	0
2	18741	0.256	0
2	18750	0.256125	0
2	18759	0.25625	0
2	18768	0.256375	0
2	18777	0.2565	0
2	18786	0.256625	0
2	18795	0.25675	0
2	18804	0.256875	0
2	18813	0.257	0
2	18822	0.257125	0
2	18831	0.25725	0
2	18840	0.257375	0
2	18849	0.2575	0
2	18858	0.257625	0
2	18867	0.25775	0
2	18876	0.257875	0
2	18885	0.258	0
2	18894	0.258125	0
2	18903	0.25825	0
2	18912	0.258375	0
2	18925	0.2585	0
2	18934	0.258625	0
2	18943	0.25875	0
2	18952	0.258875	0
2	18961	0.259	0
2	18970	0.259125	0
2	18979	0.25925	0
2	18988	0.259375	0
2	18997	0.2595	0
2	19006	0.259625	0
2	19015	0.25975	0
2	19024	0.259875	0
2	19033	0.26	0
2	19042	0.260125	0
2	19051	0.26025	0
2	19060	0.260375	0
2	19069	0.2605	0
2	19078	0.260625	0
2	19087	0.26075	0
2	19096	0.260875	0
2	19105	0.261	0
2	19114	0.261125	0
2	19123	0.26125	0
2	19132	0.261375	0
2	19141	0.2615	0
2	19150	0.261625	0
2	19163	0.26175	0
2	19172	0.261875	0
2	19181	0.262	0
2	19190	0.262125	0
2	19199	0.26225	0
2	19208	0.262375	0
2	19217	0.2625	0
2	19226	0.262625	0
2	19235	0.26275	0
2	19244	0.262875	0
2	19253	0.263	0
2	19262	0.263125	0
2	19271	0.26325	0
2	19280	0.263375	0
2	19289	0.2635	0
2	19298	0.263625	0
2	19307	0.26375	0
2	19316	0.263875	0
2	19325	0.264	0
2	19334	0.264125	0
2	19343	0.26425	0
2	19352	0.264375	0
2	19361	0.2645	0
2	19370	0.264625	0
2	19379	0.26475	0
2	19388	0.264875	0
2	19397	0.265	0
2	19410	0.265125	0
2	19419	0.26525	0
2	19428	0.265375	0
2	19437	0.2655	0
2	19446	0.265625	0
2	19455	0.26575	0
2	19464	0.265875	0
2	19473	0.266	0
2	19482	0.266125	0
2	19491	0.26625	0
2	19500	0.266375	0
2	19509	0.2665	0
2	19518	0.266625	0
2	19527	0.26675	0
2	19536	0.266875	0
2	19545	0.267	0
2	19554	0.267125	0
2	19563	0.26725	0
2	19572	0.267375	0
2	19581	0.2675	0
2	19590	0.267625	0
2	19599	0.26775	0
2	19608	0.267875	0
2	19617	0.268	0
2	19626	0.268125	0
2	19635	0.26825	0
2	19648	0.268375	0
2	19657	0.2685	0
2	19666	0.268625	0
2	19675	0.26875	0
2	19684	0.268875	0
2	19693	0.269	0
2	19702	0.269125	0
2	19711	0.26925	0
2	19720	0.269375	0
2	19729	0.2695	0
2	19738	0.269625	0
2	19747	0.26975	0
2	19756	0.269875	0
2	19765	0.27	0
2	19774	0.270125	0
2	19783	0.27025	0
2	19792	0.270375	0
2	19801	0.2705	0
2	19810	0.270625	0
2	19819	0.27075	0
2	19828	0.270875	0
2	19837	0.271	0
2	19846	0.271125	0
2	19855	0.27125	0
2	19864	0.271375	0
2	19873	0.2715	0
2	19886	0.271625	0
2	19895	0.27175	0
2	19904	0.271875	0
2	19913	0.272	0
2	19922	0.272125	0
2	19931	0.27225	0
2	19940	0.272375	0
2	19949	0.2725	0
2	19958	0.272625	0
2	19967	0.27275	0
2	19976	0.272875	0
2	19985	0.273	0
2	19994	0.273125	0
2	20003	0.27325	0
2	20012	0.273375	0
2	20021	0.2735	0
2	20030	0.273625	0
2	20039	0.27375	0
2	20048	0.273875	0
2	20057	0.274	0
2	20066	0.274125	0
2	20075	0.27425	0
2	20084	0.274375	0
2	20093	0.2745	0
2	20102	0.274625	0
2	20111	0.27475	0
2	20124	0.274875	0
2	20133	0.275	0
2	20142	0.275125	0
2	20151	0.27525	0
2	20160	0.275375	0
2	20169	0.2755	0
2	20178	0.275625	0
2	20187	0.27575	0
2	20196	0.275875	0
2	20205	0.276	0
2	20214	0.276125	0
2	20223	0.27625	0
2	20232	0.276375	0
2	20241	0.2765	0
2	20250	0.276625	0
2	20259	0.27675	0
2	20268	0.276875	0
2	20277	0.277	0
2	20286	0.277125	0
2	20295	0.27725	0
2	20304	0.277375	0
2	20313	0.2775	0
2	20322	0.277625	0
2	20331	0.27775	0
2	20340	0.277875	0
2	20349	0.278	0
2	20362	0.278125	0
2	20371	0.27825	0
2	20380	0.278375	0
2	20389	0.2785	0
2	20398	0.278625	0
2	20407	0.27875	0
2	20416	0.278875	0
2	20425	0.279	0
2	20434	0.279125	0
2	20443	0.27925	0
2	20452	0.279375	0
2	20461	0.2795	0
2	20470	0.279625	0
2	20479	0.27975	0
2	20488	0.279875	0
2	20497	0.28	0
2	20506	0.280125	0
2	20515	0.28025	0
2	20524	0.280375	0
2	20533	0.2805	0
2	20542	0.280625	0
2	20551	0.28075	0
2	20560	0.280875	0
2	20569	0.281	0
2	20578	0.281125	0
2	20587	0.28125	0
2	20600	0.281375	0
2	20609	0.2815	0
2	20618	0.281625	0
2	20627	0.28175	0
2	20636	0.281875	0
2	20645	0.282	0
2	20654	0.282125	0
2	20663	0.28225	0
2	20672	0.282375	0
2	20681	0.2825	0
2	20690	0.282625	0
2	20699	0.28275	0
2	20708	0.282875	0
2	20717	0.283	0
2	20726	0.283125	0
2	20735	0.28325	0
2	20744	0.283375	0
2	20753	0.2835	0
2	20762	0.283625	0
2	20771	0.28375	0
2	20780	0.283875	0
2	20789	0.284	0
2	20798	0.284125	0
2	20807	0.28425	0
2	20816	0.284375	0
2	20825	0.2845	0
2	20834	0.284625	0
2	20847	0.28475	0
2	20856	0.284875	0
2	20865	0.285	0
2	20874	0.285125	0
2	20883	0.28525	0
2	20892	0.285375	0
2	20901	0.2855	0
2	20910	0.285625	0
2	20919	0.28575	0
2	20928	0.285875	0
2	20937	0.286	0
2	20946	0.286125	0
2	20955	0.28625	0
2	20964	0.286375	0
2	20973	0.2865	0
2	20982	0.286625	0
2	20991	0.28675	0
2	21000	0.286875	0
2	21009	0.287	0
2	21018	0.287125	0
2	21027	0.28725	0
2	21036	0.287375	0
2	21045	0.2875	0
2	21054	0.287625	0
2	21063	0.28775	0
2	21072	0.287875	0
2	21085	0.288	0
2	21094	0.288125	0
2	21103	0.28825	0
2	21112	0.288375	0
2	21121	0.2885	0
2	21130	0.288625	0
2	21139	0.28875	0
2	21148	0.288875	0
2	21157	0.289	0
2	21166	0.289125	0
2	21175	0.28925	0
2	21184	0.289375	0
2	21193	0.2895	0
2	21202	0.289625	0
2	21211	0.28975	0
2	21220	0.289875	0
2	21229	0.29	0
2	21238	0.290125	0
2	21247	0.29025	0
2	21256	0.290375	0
2	21265	0.2905	0
2	21274	0.290625	0
2	21283	0.29075	0
2	21292	0.290875	0
2	21301	0.291	0
2	21310	0.291125	0
2	21323	0.29125	0
2	21332	0.291375	0
2	21341	0.2915	0
2	21350	0.291625	0
2	21359	0.29175	0
2	21368	0.291875	0
2	21377	0.292	0
2	21386	0.292125	0
2	21395	0.29225	0
2	21404	0.292375	0
2	21413	0.2925	0
2	21422	0.292625	0
2	21431	0.29275	0
2	21440	0.292875	0
2	21449	0.293	0
2	21458	0.293125	0
2	21467	0.29325	0
2	21476	0.293375	0
2	21485	0.2935	0
2	21494	0.293625	0
2	21503	0.29375	0
2	21512	0.293875	0
2	21521	0.294	0
2	21530	0.294125	0
2	21539	0.29425	0
2	21548	0.294375	0
2	21561	0.2945	0
2	21570	0.294625	0
2	21579	0.29475	0
2	21588	0.294875	0
2	21597	0.295	0
2	21606	0.295125	0
2	21615	0.29525	0
2	21624	0.295375	0
2	21633	0.2955	0
2	21642	0.295625	0
2	21651	0.29575	0
2	21660	0.295875	0
2	21669	0.296	0
2	21678	0.296125	0
2	21687	0.29625	0
2	21696	0.296375	0
2	21705	0.2965	0
2	21714	0.296625	0
2	21723	0.29675	0
2	21732	0.296875	0
2	21741	0.297	0
2	21750	0.297125	0
2	21759	0.29725	0
2	21768	0.297375	0
2	21777	0.2975	0
2	21786	0.297625	0
2	21799	0.29775	0
2	21808	0.297875	0
2	21817	0.298	0
2	21826	0.298125	0
2	21835	0.29825	0
2	21844	0.298375	0
2	21853	0.2985	0
2	21862	0.298625	0
2	21871	0.29875	0
2	21880	0.298875	0
2	21889	0.299	0
2	21898	0.299125	0
2	21907	0.29925	0
2	21916	0.299375	0
2	21925	0.2995	0
2	21934	0.299625	0
2	21943	0.29975	0
2	21952	0.299875	0
2	21961	0.3	0
2	21970	0.300125	0
2	21979	0.30025	0
2	21988	0.300375	0
2	21997	0.3005	0
2	22006	0.300625	0
2	22015	0.30075	0
2	22024	0.300875	0
2	22033	0.301	0
2	22046	0.301125	0
2	22055	0.30125	0
2	22064	0.301375	0
2	22073	0.3015	0
2	22082	0.301625	0
2	22091	0.30175	0
2	22100	0.301875	0
2	22109	0.302	0
2	22118	0.302125	0
2	22127	0.30225	0
2	22136	0.302375	0
2	22145	0.3025	0
2	22154	0.302625	0
2	22163	0.30275	0
2	22172	0.302875	0
2	22181	0.303	0
2	22190	0.303125	0
2	22199	0.30325	0
2	22208	0.303375	0
2	22217	0.3035	0
2	22226	0.303625	0
2	22235	0.30375	0
2	22244	0.303875	0
2	22253	0.304	0
2	22262	0.304125	0
2	22271	0.30425	0
2	22284	0.304375	0
2	22293	0.3045	0
2	22302	0.304625	0
2	22311	0.30475	0
2	22320	0.304875	0
2	22329	0.305	0
2	22338	0.305125	0
2	22347	0.30525	0
2	22356	0.305375	0
2	22365	0.3055	0
2	22374	0.305625	0
2	22383	0.30575	0
2	22392	0.305875	0
2	22401	0.306	0
2	22410	0.306125	0
2	22419	0.30625	0
2	22428	0.306375	0
2	22437	0.3065	0
2	22446	0.306625	0
2	22455	0.30675	0
2	22464	0.306875	0
2	22473	0.307	0
2	22482	0.307125	0
2	22491	0.30725	0
2	22500	0.307375	0
2	22509	0.3075	0
2	22522	0.307625	0
2	22531	0.30775	0
2	22540	0.307875	0
2	22549	0.308	0
2	22558	0.308125	0
2	22567	0.30825	0
2	22576	0.308375	0
2	22585	0.3085	0
2	22594	0.308625	0
2	22603	0.30875	0
2	22612	0.308875	0
2	22621	0.309	0
2	22630	0.309125	0
2	22639	0.30925	0
2	22648	0.309375	0
2	22657	0.3095	0
2	22666	0.309625	0
2	22675	0.30975	0
2	22684	0.309875	0
2	22693	0.31	0
2	22702	0.310125	0
2	22711	0.31025	0
2	22720	0.310375	0
2	22729	0.3105	0
2	22738	0.310625	0
2	22747	0.31075	0
2	22760	0.310875	0
2	22769	0.311	0
2	22778	0.311125	0
2	22787	0.31125	0
2	22796	0.311375	0
2	22805	0.3115	0
2	22814	0.311625	0
2	22823	0.31175	0
2	22832	0.311875	0
2	22841	0.312	0
2	22850	0.312125	0
2	22859	0.31225	0
2	22868	0.312375	0
2	22877	0.3125	0
2	22886	0.312625	0
2	22895	0.31275	0
2	22904	0.312875	0
2	22913	0.313	0
2	22922	0.313125	0
2	22931	0.31325	0
2	22940	0.313375	0
2	22949	0.3135	0
2	22958	0.313625	0
2	22967	0.31375	0
2	22976	0.313875	0
2	22985	0.314	0
2	22998	0.314125	0
2	23007	0.31425	0
2	23016	0.314375	0
2	23025	0.3145	0
2	23034	0.314625	0
2	23043	0.31475	0
2	23052	0.314875	0
2	23061	0.315	0
2	23070	0.315125	0
2	23079	0.31525	0
2	23088	0.315375	0
2	23097	0.3155	0
2	23106	0.315625	0
2	23115	0.31575	0
2	23124	0.315875	0
2	23133	0.316	0
2	23142	0.316125	0
2	23151	0.31625	0
2	23160	0.316375	0
2	23169	0.3165	0
2	23178	0.316625	0
2	23187	0.31675	0
2	23196	0.316875	0
2	23205	0.317	0
2	23214	0.317125	0
2	23223	0.31725	0
2	23236	0.317375	0
2	23245	0.3175	0
2	23254	0.317625	0
2	23263	0.31775	0
2	23272	0.317875	0
2	23281	0.318	0
2	23290	0.318125	0
2	23299	0.31825	0
2	23308	0.318375	0
2	23317	0.3185	0
2	23326	0.318625	0
2	23335	0.31875	0
2	23344	0.318875	0
2	23353	0.319	0
2	23362	0.319125	0
2	23371	0.31925	0
2	23380	0.319375	0
2	23389	0.3195	0
2	23398	0.319625	0
2	23407	0.31975	0
2	23416	0.319875	0
2	23425	0.32	0
2	23434	0.320125	0
2	23443	0.32025	0
2	23452	0.320375	0
2	23461	0.3205	0
2	23470	0.320625	0
2	23483	0.32075	0
2	23492	0.320875	0
2	23501	0.321	0
2	23510	0.321125	0
2	23519	0.32125	0
2	23528	0.321375	0
2	23537	0.3215	0
2	23546	0.321625	0
2	23555	0.32175	0
2	23564	0.321875	0
2	23573	0.322	0
2	23582	0.322125	0
2	23591	0.32225	0
2	23600	0.322375	0
2	23609	0.3225	0
2	23618	0.322625	0
2	23627	0.32275	0
2	23636	0.322875	0
2	23645	0.323	0
2	23654	0.323125	0
2	23663	0.32325	0
2	23672	0.323375	0
2	23681	0.3235	0
2	23690	0.323625	0
2	23699	0.32375	0
2	23708	0.323875	0
2	23721	0.324	0
2	23730	0.324125	0
2	23739	0.32425	0
2	23748	0.324375	0
2	23757	0.3245	0
2	23766	0.324625	0
2	23775	0.32475	0
2	23784	0.324875	0
2	23793	0.325	0
2	23802	0.325125	0
2	23811	0.32525	0
2	23820	0.325375	0
2	23829	0.3255	0
2	23838	0.325625	0
2	23847	0.32575	0
2	23856	0.325875	0
2	23865	0.326	0
2	23874	0.326125	0
2	23883	0.32625	0
2	23892	0.326375	0
2	23901	0.3265	0
2	23910	0.326625	0
2	23919	0.32675	0
2	23928	0.326875	0
2	23937	0.327	0
2	23946	0.327125	0
2	23959	0.32725	0
2	23968	0.327375	0
2	23977	0.3275	0
2	23986	0.327625	0
2	23995	0.32775	0
2	24004	0.327875	0
2	24013	0.328	0
2	24022	0.328125	0
2	24031	0.32825	0
2	24040	0.328375	0
2	24049	0.3285	0
2	24058	0.328625	0
2	24067	0.32875	0
2	24076	0.328875	0
2	24085	0.329	0
2	24094	0.329125	0
2	24103	0.32925	0
2	24112	0.329375	0
2	24121	0.3295	0
2	24130	0.329625	0
2	24139	0.32975	0
2	24148	0.329875	0
2	24157	0.33	0
2	24166	0.330125	0
2	24175	0.33025	0
2	24184	0.330375	0
2	24197	0.3305	0
2	24206	0.330625	0
2	24215	0.33075	0
2	24224	0.330875	0
2	24233	0.331	0
2	24242	0.331125	0
2	24251	0.33125	0
2	24260	0.331375	0
2	24269	0.3315	0
2	24278	0.331625	0
2	24287	0.33175	0
2	24296	0.331875	0
2	24305	0.332	0
2	24314	0.332125	0
2	24323	0.33225	0
2	24332	0.332375	0
2	24341	0.3325	0
2	24350	0.332625	0
2	24359	0.33275	0
2	24368	0.332875	0
2	24377	0.333	0
2	24386	0.333125	0
2	24395	0.33325	0
2	24404	0.333375	0
2	24413	0.3335	0
2	24422	0.333625	0
2	24435	0.33375	0
2	24444	0.333875	0
2	24453	0.334	0
2	24462	0.334125	0
2	24471	0.33425	0
2	24480	0.334375	0
2	24489	0.3345	0
2	24498	0.334625	0
2	24507	0.33475	0
2	24516	0.334875	0
2	24525	0.335	0
2	24534	0.335125	0
2	24543	0.33525	0
2	24552	0.335375	0
2	24561	0.3355	0
2	24570	0.335625	0
2	24579	0.33575	0
2	24588	0.335875	0
2	24597	0.336	0
2	24606	0.336125	0
2	24615	0.33625	0
2	24624	0.336375	0
2	24633	0.3365	0
2	24642	0.336625	0
2	24651	0.33675	0
2	24660	0.336875	0
2	24673	0.337	0
2	24682	0.337125	0
2	24691	0.33725	0
2	24700	0.337375	0
2	24709	0.3375	0
2	24718	0.337625	0
2	24727	0.33775	0
2	24736	0.337875	0
2	24745	0.338	0
2	24754	0.338125	0
2	24763	0.33825	0
2	24772	0.338375	0
2	24781	0.3385	0
2	24790	0.338625	0
2	24799	0.33875	0
2	24808	0.338875	0
2	24817	0.339	0
2	24826	0.339125	0
2	24835	0.33925	0
2	24844	0.339375	0
2	24853	0.3395	0
2	24862	0.339625	0
2	24871	0.33975	0
2	24880	0.339875	0
2	24889	0.34	0
2	24898	0.340125	0
2	24907	0.34025	0
2	24920	0.340375	0
2	24929	0.3405	0
2	24938	0.340625	0
2	24947	0.34075	0
2	24956	0.340875	0
2	24965	0.341	0
2	24974	0.341125	0
2	24983	0.34125	0
2	24992	0.341375	0
2	25001	0.3415	0
2	25010	0.341625	0
2	25019	0.34175	0
2	25028	0.341875	0
2	25037	0.342	0
2	25046	0.342125	0
2	25055	0.34225	0
2	25064	0.342375	0
2	25073	0.3425	0
2	25082	0.342625	0
2	25091	0.34275	0
2	25100	0.342875	0
2	25109	0.343	0
2	25118	0.343125	0
2	25127	0.34325	0
2	25136	0.343375	0
2	25145	0.3435	0
2	25158	0.343625	0
2	25167	0.34375	0
2	25176	0.343875	0
2	25185	0.344	0
2	25194	0.344125	0
2	25203	0.34425	0
2	25212	0.344375	0
2	25221	0.3445	0
2	25230	0.344625	0
2	25239	0.34475	0
2	25248	0.344875	0
2	25257	0.345	0
2	25266	0.345125	0
2	25275	0.34525	0
2	25284	0.345375	0
2	25293	0.3455	0
2	25302	0.345625	0
2	25311	0.34575	0
2	25320	0.345875	0
2	25329	0.346	0
2	25338	0.346125	0
2	25347	0.34625	0
2	25356	0.346375	0
2	25365	0.3465	0
2	25374	0.346625	0
2	25383	0.34675	0
2	25396	0.346875	0
2	25405	0.347	0
2	25414	0.347125	0
2	25423	0.34725	0
2	25432	0.347375	0
2	25441	0.3475	0
2	25450	0.347625	0
2	25459	0.34775	0
2	25468	0.347875	0
2	25477	0.348	0
2	25486	0.348125	0
2	25495	0.34825	0
2	25504	0.348375	0
2	25513	0.3485	0
2	25522	0.348625	0
2	25531	0.34875	0
2	25540	0.348875	0
2	25549	0.349	0
2	25558	0.349125	0
2	25567	0.34925	0
2	25576	0.349375	0
2	25585	0.3495	0
2	25594	0.349625	0
2	25603	0.34975	0
2	25612	0.349875	0
2	25621	0.35	0
2	25634	0.350125	0
2	25643	0.35025	0
2	25652	0.350375	0
2	25661	0.3505	0
2	25670	0.350625	0
2	25679	0.35075	0
2	25688	0.350875	0
2	25697	0.351	0
2	25706	0.351125	0
2	25715	0.35125	0
2	25724	0.351375	0
2	25733	0.3515	0
2	25742	0.351625	0
2	25751	0.35175	0
2	25760	0.351875	0
2	25769	0.352	0
2	25778	0.352125	0
2	25787	0.35225	0
2	25796	0.352375	0
2	25805	0.3525	0
2	25814	0.352625	0
2	25823	0.35275	0
2	25832	0.352875	0
2	25841	0.353	0
2	25850	0.353125	0
2	25859	0.35325	0
2	25872	0.353375	0
2	25881	0.3535	0
2	25890	0.353625	0
2	25899	0.35375	0
2	25908	0.353875	0
2	25917	0.354	0
2	25926	0.354125	0
2	25935	0.35425	0
2	25944	0.354375	0
2	25953	0.3545	0
2	25962	0.354625	0
2	25971	0.35475	0
2	25980	0.354875	0
2	25989	0.355	0
2	25998	0.355125	0
2	26007	0.35525	0
2	26016	0.355375	0
2	26025	0.3555	0
2	26034	0.355625	0
2	26043	0.35575	0
2	26052	0.355875	0
2	26061	0.356	0
2	26070	0.356125	0
2	26079	0.35625	0
2	26088	0.356375	0
2	26097	0.3565	0
2	26110	0.356625	0
2	26119	0.35675	0
2	26128	0.356875	0
2	26137	0.357	0
2	26146	0.357125	0
2	26155	0.35725	0
2	26164	0.357375	0
2	26173	0.3575	0
2	26182	0.357625	0
2	26191	0.35775	0
2	26200	0.357875	0
2	26209	0.358	0
2	26218	0.358125	0
2	26227	0.35825	0
2	26236	0.358375	0
2	26245	0.3585	0
2	26254	0.358625	0
2	26263	0.35875	0
2	26272	0.358875	0
2	26281	0.359	0
2	26290	0.359125	0
2	26299	0.35925	0
2	26308	0.359375	0
2	26317	0.3595	0
2	26326	0.359625	0
2	26335	0.35975	0
2	26344	0.359875	0
2	26357	0.36	0
2	26366	0.360125	0
2	26375	0.36025	0
2	26384	0.360375	0
2	26393	0.3605	0
2	26402	0.360625	0
2	26411	0.36075	0
2	26420	0.360875	0
2	26429	0.361	0
2	26438	0.361125	0
2	26447	0.36125	0
2	26456	0.361375	0
2	26465	0.3615	0
2	26474	0.361625	0
2	26483	0.36175	0
2	26492	0.361875	0
2	26501	0.362	0
2	26510	0.362125	0
2	26519	0.36225	0
2	26528	0.362375	0
2	26537	0.3625	0
2	26546	0.362625	0
2	26555	0.36275	0
2	26564	0.362875	0
2	26573	0.363	0
2	26582	0.363125	0
2	26595	0.36325	0
2	26604	0.363375	0
2	26613	0.3635	0
2	26622	0.363625	0
2	26631	0.36375	0
2	26640	0.363875	0
2	26649	0.364	0
2	26658	0.364125	0
2	26667	0.36425	0
2	26676	0.364375	0
2	26685	0.3645	0
2	26694	0.364625	0
2	26703	0.36475	0
2	26712	0.364875	0
2	26721	0.365	0
2	26730	0.365125	0
2	26739	0.36525	0
2	26748	0.365375	0
2	26757	0.3655	0
2	26766	0.365625	0
2	26775	0.36575	0
2	26784	0.365875	0
2	26793	0.366	0
2	26802	0.366125	0
2	26811	0.36625	0
2	26820	0.366375	0
2	26833	0.3665	0
2	26842	0.366625	0
2	26851	0.36675	0
2	26860	0.366875	0
2	26869	0.367	0
2	26878	0.367125	0
2	26887	0.36725	0
2	26896	0.367375	0
2	26905	0.3675	0
2	26914	0.367625	0
2	26923	0.36775	0
2	26932	0.367875	0
2	26941	0.368	0
2	26950	0.368125	0
2	26959	0.36825	0
2	26968	0.368375	0
2	26977	0.3685	0
2	26986	0.368625	0
2	26995	0.36875	0
2	27004	0.368875	0
2	27013	0.369	0
2	27022	0.369125	0
2	27031	0.36925	0
2	27040	0.369375	0
2	27049	0.3695	0
2	27058	0.369625	0
2	27071	0.36975	0
2	27080	0.369875	0
2	27089	0.37	0
2	27098	0.370125	0
2	27107	0.37025	0
2	27116	0.370375	0
2	27125	0.3705	0
2	27134	0.370625	0
2	27143	0.37075	0
2	27152	0.370875	0
2	27161	0.371	0
2	27170	0.371125	0
2	27179	0.37125	0
2	27188	0.371375	0
2	27197	0.3715	0
2	27206	0.371625	0
2	27215	0.37175	0
2	27224	0.371875	0
2	27233	0.372	0
2	27242	0.372125	0
2	27251	0.37225	0
2	27260	0.372375	0
2	27269	0.3725	0
2	27278	0.372625	0
2	27287	0.37275	0
2	27296	0.372875	0
2	27309	0.373	0
2	27318	0.373125	0
2	27327	0.37325	0
2	27336	0.373375	0
2	27345	0.3735	0
2	27354	0.373625	0
2	27363	0.37375	0
2	27372	0.373875	0
2	27381	0.374	0
2	27390	0.374125	0
2	27399	0.37425	0
2	27408	0.374375	0
2	27417	0.3745	0
2	27426	0.374625	0
2	27435	0.37475	0
2	27444	0.374875	0
2	27453	0.375	0
2	27462	0.375125	0
2	27471	0.37525	0
2	27480	0.375375	0
2	27489	0.3755	0
2	27498	0.375625	0
2	27507	0.37575	0
2	27516	0.375875	0
2	27525	0.376	0
2	27534	0.376125	0
2	27543	0.37625	0
2	27556	0.376375	0
2	27565	0.3765	0
2	27574	0.376625	0
2	27583	0.37675	0
2	27592	0.376875	0
2	27601	0.377	0
2	27610	0.377125	0
2	27619	0.37725	0
2	27628	0.377375	0
2	27637	0.3775	0
2	27646	0.377625	0
2	27655	0.37775	0
2	27664	0.377875	0
2	27673	0.378	0
2	27682	0.378125	0
2	27691	0.37825	0
2	27700	0.378375	0
2	27709	0.3785	0
2	27718	0.378625	0
2	27727	0.37875	0
2	27736	0.378875	0
2	27745	0.379	0
2	27754	0.379125	0
2	27763	0.37925	0
2	27772	0.379375	0
2	27781	0.3795	0
2	27794	0.379625	0
2	27803	0.37975	0
2	27812	0.379875	0
2	27821	0.38	0
2	27830	0.380125	0
2	27839	0.38025	0
2	27848	0.380375	0
2	27857	0.3805	0
2	27866	0.380625	0
2	27875	0.38075	0
2	27884	0.380875	0
2	27893	0.381	0
2	27902	0.381125	0
2	27911	0.38125	0
2	27920	0.381375	0
2	27929	0.3815	0
2	27938	0.381625	0
2	27947	0.38175	0
2	27956	0.381875	0
2	27965	0.382	0
2	27974	0.382125	0
2	27983	0.38225	0
2	27992	0.382375	0
2	28001	0.3825	0
2	28010	0.382625	0
2	28019	0.38275	0
2	28032	0.382875	0
2	28041	0.383	0
2	28050	0.383125	0
2	28059	0.38325	0
2	28068	0.383375	0
2	28077	0.3835	0
2	28086	0.383625	0
2	28095	0.38375	0
2	28104	0.383875	0
2	28113	0.384	0
2	28122	0.384125	0
2	28131	0.38425	0
2	28140	0.384375	0
2	28149	0.3845	0
2	28158	0.384625	0
2	28167	0.38475	0
2	28176	0.384875	0
2	28185	0.385	0
2	28194	0.385125	0
2	28203	0.38525	0
2	28212	0.385375	0
2	28221	0.3855	0
2	28230	0.385625	0
2	28239	0.38575	0
2	28248	0.385875	0
2	28257	0.386	0
2	28270	0.386125	0
2	28279	0.38625	0
2	28288	0.386375	0
2	28297	0.3865	0
2	28306	0.386625	0
2	28315	0.38675	0
2	28324	0.386875	0
2	28333	0.387	0
2	28342	0.387125	0
2	28351	0.38725	0
2	28360	0.387375	0
2	28369	0.3875	0
2	28378	0.387625	0
2	28387	0.38775	0
2	28396	0.387875	0
2	28405	0.388	0
2	28414	0.388125	0
2	28423	0.38825	0
2	28432	0.388375	0
2	28441	0.3885	0
2	28450	0.388625	0
2	28459	0.38875	0
2	28468	0.388875	0
2	28477	0.389	0
2	28486	0.389125	0
2	28495	0.38925	0
2	28508	0.389375	0
2	28517	0.3895	0
2	28526	0.389625	0
2	28535	0.38975	0
2	28544	0.389875	0
2	28553	0.39	0
2	28562	0.390125	0
2	28571	0.39025	0
2	28580	0.390375	0
2	28589	0.3905	0
2	28598	0.390625	0
2	28607	0.39075	0
2	28616	0.390875	0
2	28625	0.391	0
2	28634	0.391125	0
2	28643	0.39125	0
2	28652	0.391375	0
2	28661	0.3915	0
2	28670	0.391625	0
2	28679	0.39175	0
2	28688	0.391875	0
2	28697	0.392	0
2	28706	0.392125	0
2	28715	0.39225	0
2	28724	0.392375	0
2	28733	0.3925	0
2	28746	0.392625	0
2	28755	0.39275	0
2	28764	0.392875	0
2	28773	0.393	0
2	28782	0.393125	0
2	28791	0.39325	0
2	28800	0.393375	0
2	28809	0.3935	0
2	28818	0.393625	0
2	28827	0.39375	0
2	28836	0.393875	0
2	28845	0.394	0
2	28854	0.394125	0
2	28863	0.39425	0
2	28872	0.394375	0
2	28881	0.3945	0
2	28890	0.394625	0
2	28899	0.39475	0
2	28908	0.394875	0
2	28917	0.395	0
2	28926	0.395125	0
2	28935	0.39525	0
2	28944	0.395375	0
2	28953	0.3955	0
2	28962	0.395625	0
2	28971	0.39575	0
2	28980	0.395875	0
2	28993	0.396	0
2	29002	0.396125	0
2	29011	0.39625	0
2	29020	0.396375	0
2	29029	0.3965	0
2	29038	0.396625	0
2	29047	0.39675	0
2	29056	0.396875	0
2	29065	0.397	0
2	29074	0.397125	0
2	29083	0.39725	0
2	29092	0.397375	0
2	29101	0.3975	0
2	29110	0.397625	0
2	29119	0.39775	0
2	29128	0.397875	0
2	29137	0.398	0
2	29146	0.398125	0
2	29155	0.39825	0
2	29164	0.398375	0
2	29173	0.3985	0
2	29182	0.398625	0
2	29191	0.39875	0
2	29200	0.398875	0
2	29209	0.399	0
2	29218	0.399125	0
2	29231	0.39925	0
2	29240	0.399375	0
2	29249	0.3995	0
2	29258	0.399625	0
2	29267	0.39975	0
2	29276	0.399875	0
2	29285	0.4	0
2	29294	0.400125	0
2	29303	0.40025	0
2	29312	0.400375	0
2	29321	0.4005	0
2	29330	0.400625	0
2	29339	0.40075	0
2	29348	0.400875	0
2	29357	0.401	0
2	29366	0.401125	0
2	29375	0.40125	0
2	29384	0.401375	0
2	29393	0.4015	0
2	29402	0.401625	0
2	29411	0.40175	0
2	29420	0.401875	0
2	29429	0.402	0
2	29438	0.402125	0
2	29447	0.40225	0
2	29456	0.402375	0
2	29469	0.4025	0
2	29478	0.402625	0
2	29487	0.40275	0
2	29496	0.402875	0
2	29505	0.403	0
2	29514	0.403125	0
2	29523	0.40325	0
2	29532	0.403375	0
2	29541	0.4035	0
2	29550	0.403625	0
2	29559	0.40375	0
2	29568	0.403875	0
2	29577	0.404	0
2	29586	0.404125	0
2	29595	0.40425	0
2	29604	0.404375	0
2	29613	0.4045	0
2	29622	0.404625	0
2	29631	0.40475	0
2	29640	0.404875	0
2	29649	0.405	0
2	29658	0.405125	0
2	29667	0.40525	0
2	29676	0.405375	0
2	29685	0.4055	0
2	29694	0.405625	0
2	29707	0.40575	0
2	29716	0.405875	0
2	29725	0.406	0
2	29734	0.406125	0
2	29743	0.40625	0
2	29752	0.406375	0
2	29761	0.4065	0
2	29770	0.406625	0
2	29779	0.40675	0
2	29788	0.406875	0
2	29797	0.407	0
2	29806	0.407125	0
2	29815	0.40725	0
2	29824	0.407375	0
2	29833	0.4075	0
2	29842	0.407625	0
2	29851	0.40775	0
2	29860	0.407875	0
2	29869	0.408	0
2	29878	0.408125	0
2	29887	0.40825	0
2	29896	0.408375	0
2	29905	0.4085	0
2	29914	0.408625	0
2	29923	0.40875	0
2	29932	0.408875	0
2	29945	0.409	0
2	29954	0.409125	0
2	29963	0.40925	0
2	29972	0.409375	0
2	29981	0.4095	0
2	29990	0.409625	0
2	29999	0.40975	0
2	30008	0.409875	0
2	30017	0.41	0
2	30026	0.410125	0
2	30035	0.41025	0
2	30044	0.410375	0
2	30053	0.4105	0
2	30062	0.410625	0
2	30071	0.41075	0
2	30080	0.410875	0
2	30089	0.411	0
2	30098	0.411125	0
2	30107	0.41125	0
2	30116	0.411375	0
2	30125	0.4115	0
2	30134	0.411625	0
2	30143	0.41175	0
2	30152	0.411875	0
2	30161	0.412	0
2	30170	0.412125	0
2	30183	0.41225	0
2	30192	0.412375	0
2	30201	0.4125	0
2	30210	0.412625	0
2	30219	0.41275	0
2	30228	0.412875	0
2	30237	0.413	0
2	30246	0.413125	0
2	30255	0.41325	0
2	30264	0.413375	0
2	30273	0.4135	0
2	30282	0.413625	0
2	30291	0.41375	0
2	30300	0.413875	0
2	30309	0.414	0
2	30318	0.414125	0
2	30327	0.41425	0
2	30336	0.414375	0
2	30345	0.4145	0
2	30354	0.414625	0
2	30363	0.41475	0
2	30372	0.414875	0
2	30381	0.415	0
2	30390	0.415125	0
2	30399	0.41525	0
2	30408	0.415375	0
2	30417	0.4155	0
2	30430	0.415625	0
2	30439	0.41575	0
2	30448	0.415875	0
2	30457	0.416	0
2	30466	0.416125	0
2	30475	0.41625	0
2	30484	0.416375	0
2	30493	0.4165	0
2	30502	0.416625	0
2	30511	0.41675	0
2	30520	0.416875	0
2	30529	0.417	0
2	30538	0.417125	0
2	30547	0.41725	0
2	30556	0.417375	0
2	30565	0.4175	0
2	30574	0.417625	0
2	30583	0.41775	0
2	30592	0.417875	0
2	30601	0.418	0
2	30610	0.418125	0
2	30619	0.41825	0
2	30628	0.418375	0
2	30637	0.4185	0
2	30646	0.418625	0
2	30655	0.41875	0
2	30668	0.418875	0
2	30677	0.419	0
2	30686	0.419125	0
2	30695	0.41925	0
2	30704	0.419375	0
2	30713	0.4195	0
2	30722	0.419625	0
2	30731	0.41975	0
2	30740	0.419875	0
2	30749	0.42	0
2	30758	0.420125	0
2	30767	0.42025	0
2	30776	0.420375	0
2	30785	0.4205	0
2	30794	0.420625	0
2	30803	0.42075	0
2	30812	0.420875	0
2	30821	0.421	0
2	30830	0.421125	0
2	30839	0.42125	0
2	30848	0.421375	0
2	30857	0.4215	0
2	30866	0.421625	0
2	30875	0.42175	0
2	30884	0.421875	0
2	30893	0.422	0
2	30906	0.422125	0
2	30915	0.42225	0
2	30924	0.422375	0
2	30933	0.4225	0
2	30942	0.422625	0
2	30951	0.42275	0
2	30960	0.422875	0
2	30969	0.423	0
2	30978	0.423125	0
2	30987	0.42325	0
2	30996	0.423375	0
2	31005	0.4235	0
2	31014	0.423625	0
2	31023	0.42375	0
2	31032	0.423875	0
2	31041	0.424	0
2	31050	0.424125	0
2	31059	0.42425	0
2	31068	0.424375	0
2	31077	0.4245	0
2	31086	0.424625	0
2	31095	0.42475	0
2	31104	0.424875	0
2	31113	0.425	0
2	31122	0.425125	0
2	31131	0.42525	0
2	31144	0.425375	0
2	31153	0.4255	0
2	31162	0.425625	0
2	31171	0.42575	0
2	31180	0.425875	0
2	31189	0.426	0
2	31198	0.426125	0
2	31207	0.42625	0
2	31216	0.426375	0
2	31225	0.4265	0
2	31234	0.426625	0
2	31243	0.42675	0
2	31252	0.426875	0
2	31261	0.427	0
2	31270	0.427125	0
2	31279	0.42725	0
2	31288	0.427375	0
2	31297	0.4275	0
2	31306	0.427625	0
2	31315	0.42775	0
2	31324	0.427875	0
2	31333	0.428	0
2	31342	0.428125	0
2	31351	0.42825	0
2	31360	0.428375	0
2	31369	0.4285	0
2	31382	0.428625	0
2	31391	0.42875	0
2	31400	0.428875	0
2	31409	0.429	0
2	31418	0.429125	0
2	31427	0.42925	0
2	31436	0.429375	0
2	31445	0.4295	0
2	31454	0.429625	0
2	31463	0.42975	0
2	31472	0.429875	0
2	31481	0.43	0
2	31490	0.430125	0
2	31499	0.43025	0
2	31508	0.430375	0
2	31517	0.4305	0
2	31526	0.430625	0
2	31535	0.43075	0
2	31544	0.430875	0
2	31553	0.431	0
2	31562	0.431125	0
2	31571	0.43125	0
2	31580	0.431375	0
2	31589	0.4315	0
2	31598	0.431625	0
2	31607	0.43175	0
2	31620	0.431875	0
2	31629	0.432	0
2	31638	0.432125	0
2	31647	0.43225	0
2	31656	0.432375	0
2	31665	0.4325	0
2	31674	0.432625	0
2	31683	0.43275	0
2	31692	0.432875	0
2	31701	0.433	0
2	31710	0.433125	0
2	31719	0.43325	0
2	31728	0.433375	0
2	31737	0.4335	0
2	31746	0.433625	0
2	31755	0.43375	0
2	31764	0.433875	0
2	31773	0.434	0
2	31782	0.434125	0
2	31791	0.43425	0
2	31800	0.434375	0
2	31809	0.4345	0
2	31818	0.434625	0
2	31827	0.43475	0
2	31836	0.434875	0
2	31845	0.435	0
2	31854	0.435125	0
2	31867	0.43525	0
2	31876	0.435375	0
2	31885	0.4355	0
2	31894	0.435625	0
2	31903	0.43575	0
2	31912	0.435875	0
2	31921	0.436	0
2	31930	0.436125	0
2	31939	0.43625	0
2	31948	0.436375	0
2	31957	0.4365	0
2	31966	0.436625	0
2	31975	0.43675	0
2	31984	0.436875	0
2	31993	0.437	0
2	32002	0.437125	0
2	32011	0.43725	0
2	32020	0.437375	0
2	32029	0.4375	0
2	32038	0.437625	0
2	32047	0.43775	0
2	32056	0.437875	0
2	32065	0.438	0
2	32074	0.438125	0
2	32083	0.43825	0
2	32092	0.438375	0
2	32105	0.4385	0
2	32114	0.438625	0
2	32123	0.43875	0
2	32132	0.438875	0
2	32141	0.439	0
2	32150	0.439125	0
2	32159	0.43925	0
2	32168	0.439375	0
2	32177	0.4395	0
2	32186	0.439625	0
2	32195	0.43975	0
2	32204	0.439875	0
2	32213	0.44	0
2	32222	0.440125	0
2	32231	0.44025	0
2	32240	0.440375	0
2	32249	0.4405	0
2	32258	0.440625	0
2	32267	0.44075	0
2	32276	0.440875	0
2	32285	0.441	0
2	32294	0.441125	0
2	32303	0.44125	0
2	32312	0.441375	0
2	32321	0.4415	0
2	32330	0.441625	0
2	32343	0.44175	0
2	32352	0.441875	0
2	32361	0.442	0
2	32370	0.442125	0
2	32379	0.44225	0
2	32388	0.442375	0
2	32397	0.4425	0
2	32406	0.442625	0
2	32415	0.44275	0
2	32424	0.442875	0
2	32433	0.443	0
2	32442	0.443125	0
2	32451	0.44325	0
2	32460	0.443375	0
2	32469	0.4435	0
2	32478	0.443625	0
2	32487	0.44375	0
2	32496	0.443875	0
2	32505	0.444	0
2	32514	0.444125	0
2	32523	0.44425	0
2	32532	0.444375	0
2	32541	0.4445	0
2	32550	0.444625	0
2	32559	0.44475	0
2	32568	0.444875	0
2	32581	0.445	0
2	32590	0.445125	0
2	32599	0.44525	0
2	32608	0.445375	0
2	32617	0.4455	0
2	32626	0.445625	0
2	32635	0.44575	0
2	32644	0.445875	0
2	32653	0.446	0
2	32662	0.446125	0
2	32671	0.44625	0
2	32680	0.446375	0
2	32689	0.4465	0
2	32698	0.446625	0
2	32707	0.44675	0
2	32716	0.446875	0
2	32725	0.447	0
2	32734	0.447125	0
2	32743	0.44725	0
2	32752	0.447375	0
2	32761	0.4475	0
2	32770	0.447625	0
2	32779	0.44775	0
2	32788	0.447875	0
2	32797	0.448	0
2	32806	0.448125	0
2	32819	0.44825	0
2	32828	0.448375	0
2	32837	0.4485	0
2	32846	0.448625	0
2	32855	0.44875	0
2	32864	0.448875	0
2	32873	0.449	0
2	32882	0.449125	0
2	32891	0.44925	0
2	32900	0.449375	0
2	32909	0.4495	0
2	32918	0.449625	0
2	32927	0.44975	0
2	32936	0.449875	0
2	32945	0.45	0
2	32954	0.450125	0
2	32963	0.45025	0
2	32972	0.450375	0
2	32981	0.4505	0
2	32990	0.450625	0
2	32999	0.45075	0
2	33008	0.450875	0
2	33017	0.451	0
2	33026	0.451125	0
2	33035	0.45125	0
2	33044	0.451375	0
2	33053	0.4515	0
2	33066	0.451625	0
2	33075	0.45175	0
2	33084	0.451875	0
2	33093	0.452	0
2	33102	0.452125	0
2	33111	0.45225	0
2	33120	0.452375	0
2	33129	0.4525	0
2	33138	0.452625	0
2	33147	0.45275	0
2	33156	0.452875	0
2	33165	0.453	0
2	33174	0.453125	0
2	33183	0.45325	0
2	33192	0.453375	0
2	33201	0.4535	0
2	33210	0.453625	0
2	33219	0.45375	0
2	33228	0.453875	0
2	33237	0.454	0
2	33246	0.454125	0
2	33255	0.45425	0
2	33264	0.454375	0
2	33273	0.4545	0
2	33282	0.454625	0
2	33291	0.45475	0
2	33304	0.454875	0
2	33313	0.455	0
2	33322	0.455125	0
2	33331	0.45525	0
2	33340	0.455375	0
2	33349	0.4555	0
2	33358	0.455625	0
2	33367	0.45575	0
2	33376	0.455875	0
2	33385	0.456	0
2	33394	0.456125	0
2	33403	0.45625	0
2	33412	0.456375	0
2	33421	0.4565	0
2	33430	0.456625	0
2	33439	0.45675	0
2	33448	0.456875	0
2	33457	0.457	0
2	33466	0.457125	0
2	33475	0.45725	0
2	33484	0.457375	0
2	33493	0.4575	0
2	33502	0.457625	0
2	33511	0.45775	0
2	33520	0.457875	0
2	33529	0.458	0
2	33542	0.458125	0
2	33551	0.45825	0
2	33560	0.458375	0
2	33569	0.4585	0
2	33578	0.458625	0
2	33587	0.45875	0
2	33596	0.458875	0
2	33605	0.459	0
2	33614	0.459125	0
2	33623	0.45925	0
2	33632	0.459375	0
2	33641	0.4595	0
2	33650	0.459625	0
2	33659	0.45975	0
2	33668	0.459875	0
2	33677	0.46	0
2	33686	0.460125	0
2	33695	0.46025	0
2	33704	0.460375	0
2	33713	0.4605	0
2	33722	0.460625	0
2	33731	0.46075	0
2	33740	0.460875	0
2	33749	0.461	0
2	33758	0.461125	0
2	33767	0.46125	0
2	33780	0.461375	0
2	33789	0.4615	0
2	33798	0.461625	0
2	33807	0.46175	0
2	33816	0.461875	0
2	33825	0.462	0
2	33834	0.462125	0
2	33843	0.46225	0
2	33852	0.462375	0
2	33861	0.4625	0
2	33870	0.462625	0
2	33879	0.46275	0
2	33888	0.462875	0
2	33897	0.463	0
2	33906	0.463125	0
2	33915	0.46325	0
2	33924	0.463375	0
2	33933	0.4635	0
2	33942	0.463625	0
2	33951	0.46375	0
2	33960	0.463875	0
2	33969	0.464	0
2	33978	0.464125	0
2	33987	0.46425	0
2	33996	0.464375	0
2	34005	0.4645	0
2	34018	0.464625	0
2	34027	0.46475	0
2	34036	0.464875	0
2	34045	0.465	0
2	34054	0.465125	0
2	34063	0.46525	0
2	34072	0.465375	0
2	34081	0.4655	0
2	34090	0.465625	0
2	34099	0.46575	0
2	34108	0.465875	0
2	34117	0.466	0
2	34126	0.466125	0
2	34135	0.46625	0
2	34144	0.466375	0
2	34153	0.4665	0
2	34162	0.466625	0
2	34171	0.46675	0
2	34180	0.466875	0
2	34189	0.467	0
2	34198	0.467125	0
2	34207	0.46725	0
2	34216	0.467375	0
2	34225	0.4675	0
2	34234	0.467625	0
2	34243	0.46775	0
2	34256	0.467875	0
2	34265	0.468	0
2	34274	0.468125	0
2	34283	0.46825	0
2	34292	0.468375	0
2	34301	0.4685	0
2	34310	0.468625	0
2	34319	0.46875	0
2	34328	0.468875	0
2	34337	0.469	0
2	34346	0.469125	0
2	34355	0.46925	0
2	34364	0.469375	0
2	34373	0.4695	0
2	34382	0.469625	0
2	34391	0.46975	0
2	34400	0.469875	0
2	34409	0.47	0
2	34418	0.470125	0
2	34427	0.47025	0
2	34436	0.470375	0
2	34445	0.4705	0
2	34454	0.470625	0
2	34463	0.47075	0
2	34472	0.470875	0
2	34481	0.471	0
2	34490	0.471125	0
2	34503	0.47125	0
2	34512	0.471375	0
2	34521	0.4715	0
2	34530	0.471625	0
2	34539	0.47175	0
2	34548	0.471875	0
2	34557	0.472	0
2	34566	0.472125	0
2	34575	0.47225	0
2	34584	0.472375	0
2	34593	0.4725	0
2	34602	0.472625	0
2	34611	0.47275	0
2	34620	0.472875	0
2	34629	0.473	0
2	34638	0.473125	0
2	34647	0.47325	0
2	34656	0.473375	0
2	34665	0.4735	0
2	34674	0.473625	0
2	34683	0.47375	0
2	34692	0.473875	0
2	34701	0.474	0
2	34710	0.474125	0
2	34719	0.47425	0
2	34728	0.474375	0
2	34741	0.4745	0
2	34750	0.474625	0
2	34759	0.47475	0
2	34768	0.474875	0
2	34777	0.475	0
2	34786	0.475125	0
2	34795	0.47525	0
2	34804	0.475375	0
2	34813	0.4755	0
2	34822	0.475625	0
2	34831	0.47575	0
2	34840	0.475875	0
2	34849	0.476	0
2	34858	0.476125	0
2	34867	0.47625	0
2	34876	0.476375	0
2	34885	0.4765	0
2	34894	0.476625	0
2	34903	0.47675	0
2	34912	0.476875	0
2	34921	0.477	0
2	34930	0.477125	0
2	34939	0.47725	0
2	34948	0.477375	0
2	34957	0.4775	0
2	34966	0.477625	0
2	34979	0.47775	0
2	34988	0.477875	0
2	34997	0.478	0
2	35006	0.478125	0
2	35015	0.47825	0
2	35024	0.478375	0
2	35033	0.4785	0
2	35042	0.478625	0
2	35051	0.47875	0
2	35060	0.478875	0
2	35069	0.479	0
2	35078	0.479125	0
2	35087	0.47925	0
2	35096	0.479375	0
2	35105	0.4795	0
2	35114	0.479625	0
2	35123	0.47975	0
2	35132	0.479875	0
2	35141	0.48	0
2	35150	0.480125	0
2	35159	0.48025	0
2	35168	0.480375	0
2	35177	0.4805	0
2	35186	0.480625	0
2	35195	0.48075	0
2	35204	0.480875	0
2	35217	0.481	0
2	35226	0.481125	0
2	35235	0.48125	0
2	35244	0.481375	0
2	35253	0.4815	0
2	35262	0.481625	0
2	35271	0.48175	0
2	35280	0.481875	0
2	35289	0.482	0
2	35298	0.482125	0
2	35307	0.48225	0
2	35316	0.482375	0
2	35325	0.4825	0
2	35334	0.482625	0
2	35343	0.48275	0
2	35352	0.482875	0
2	35361	0.483	0
2	35370	0.483125	0
2	35379	0.48325	0
2	35388	0.483375	0
2	35397	0.4835	0
2	35406	0.483625	0
2	35415	0.48375	0
2	35424	0.483875	0
2	35433	0.484	0
2	35442	0.484125	0
2	35455	0.48425	0
2	35464	0.484375	0
2	35473	0.4845	0
2	35482	0.484625	0
2	35491	0.48475	0
2	35500	0.484875	0
2	35509	0.485	0
2	35518	0.485125	0
2	35527	0.48525	0
2	35536	0.485375	0
2	35545	0.4855	0
2	35554	0.485625	0
2	35563	0.48575	0
2	35572	0.485875	0
2	35581	0.486	0
2	35590	0.486125	0
2	35599	0.48625	0
2	35608	0.486375	0
2	35617	0.4865	0
2	35626	0.486625	0
2	35635	0.48675	0
2	35644	0.486875	0
2	35653	0.487	0
2	35662	0.487125	0
2	35671	0.48725	0
2	35680	0.487375	0
2	35693	0.4875	0
2	35702	0.487625	0
2	35711	0.48775	0
2	35720	0.487875	0
2	35729	0.488	0
2	35738	0.488125	0
2	35747	0.48825	0
2	35756	0.488375	0
2	35765	0.4885	0
2	35774	0.488625	0
2	35783	0.48875	0
2	35792	0.488875	0
2	35801	0.489	0
2	35810	0.489125	0
2	35819	0.48925	0
2	35828	0.489375	0
2	35837	0.4895	0
2	35846	0.489625	0
2	35855	0.48975	0
2	35864	0.489875	0
2	35873	0.49	0
2	35882	0.490125	0
2	35891	0.49025	0
2	35900	0.490375	0
2	35909	0.4905	0
2	35918	0.490625	0
2	35927	0.49075	0
2	35940	0.490875	0
2	35949	0.491	0
2	35958	0.491125	0
2	35967	0.49125	0
2	35976	0.491375	0
2	35985	0.4915	0
2	35994	0.491625	0
2	36003	0.49175	0
2	36012	0.491875	0
2	36021	0.492	0
2	36030	0.492125	0
2	36039	0.49225	0
2	36048	0.492375	0
2	36057	0.4925	0
2	36066	0.492625	0
2	36075	0.49275	0
2	36084	0.492875	0
2	36093	0.493	0
2	36102	0.493125	0
2	36111	0.49325	0
2	36120	0.493375	0
2	36129	0.4935	0
2	36138	0.493625	0
2	36147	0.49375	0
2	36156	0.493875	0
2	36165	0.494	0
2	36178	0.494125	0
2	36187	0.49425	0
2	36196	0.494375	0
2	36205	0.4945	0
2	36214	0.494625	0
2	36223	0.49475	0
2	36232	0.494875	0
2	36241	0.495	0
2	36250	0.495125	0
2	36259	0.49525	0
2	36268	0.495375	0
2	36277	0.4955	0
2	36286	0.495625	0
2	36295	0.49575	0
2	36304	0.495875	0
2	36313	0.496	0
2	36322	0.496125	0
2	36331	0.49625	0
2	36340	0.496375	0
2	36349	0.4965	0
2	36358	0.496625	0
2	36367	0.49675	0
2	36376	0.496875	0
2	36385	0.497	0
2	36394	0.497125	0
2	36403	0.49725	0
2	36416	0.497375	0
2	36425	0.4975	0
2	36434	0.497625	0
2	36443	0.49775	0
2	36452	0.497875	0
2	36461	0.498	0
2	36470	0.498125	0
2	36479	0.49825	0
2	36488	0.498375	0
2	36497	0.4985	0
2	36506	0.498625	0
2	36515	0.49875	0
2	36524	0.498875	0
2	36533	0.499	0
2	36542	0.499125	0
2	36551	0.49925	0
2	36560	0.499375	0
2	36569	0.4995	0
2	36578	0.499625	0
2	36587	0.49975	0
2	36596	0.499875	0
2	36605	0.5	0
2	36614	0.500125	0
2	36623	0.50025	0
2	36632	0.500375	0
2	36641	0.5005	0
2	36654	0.500625	0
2	36663	0.50075	0
2	36672	0.500875	0
2	36681	0.501	0
2	36690	0.501125	0
2	36699	0.50125	0
2	36708	0.501375	0
2	36717	0.5015	0
2	36726	0.501625	0
2	36735	0.50175	0
2	36744	0.501875	0
2	36753	0.502	0
2	36762	0.502125	0
2	36771	0.50225	0
2	36780	0.502375	0
2	36789	0.5025	0
2	36798	0.502625	0
2	36807	0.50275	0
2	36816	0.502875	0
2	36825	0.503	0
2	36834	0.503125	0
2	36843	0.50325	0
2	36852	0.503375	0
2	36861	0.5035	0
2	36870	0.503625	0
2	36879	0.50375	0
2	36892	0.503875	0
2	36901	0.504	0
2	36910	0.504125	0
2	36919	0.50425	0
2	36928	0.504375	0
2	36937	0.5045	0
2	36946	0.504625	0
2	36955	0.50475	0
2	36964	0.504875	0
2	36973	0.505	0
2	36982	0.505125	0
2	36991	0.50525	0
2	37000	0.505375	0
2	37009	0.5055	0
2	37018	0.505625	0
2	37027	0.50575	0
2	37036	0.505875	0
2	37045	0.506	0
2	37054	0.506125	0
2	37063	0.50625	0
2	37072	0.506375	0
2	37081	0.5065	0
2	37090	0.506625	0
2	37099	0.50675	0
2	37108	0.506875	0
2	37117	0.507	0
2	37130	0.507125	0
2	37139	0.50725	0
2	37148	0.507375	0
2	37157	0.5075	0
2	37166	0.507625	0
2	37175	0.50775	0
2	37184	0.507875	0
2	37193	0.508	0
2	37202	0.508125	0
2	37211	0.50825	0
2	37220	0.508375	0
2	37229	0.5085	0
2	37238	0.508625	0
2	37247	0.50875	0
2	37256	0.508875	0
2	37265	0.509	0
2	37274	0.509125	0
2	37283	0.50925	0
2	37292	0.509375	0
2	37301	0.5095	0
2	37310	0.509625	0
2	37319	0.50975	0
2	37328	0.509875	0
2	37337	0.51	0
2	37346	0.510125	0
2	37355	0.51025	0
2	37364	0.510375	0
2	37377	0.5105	0
2	37386	0.510625	0
2	37395	0.51075	0
2	37404	0.510875	0
2	37413	0.511	0
2	37422	0.511125	0
2	37431	0.51125	0
2	37440	0.511375	0
2	37449	0.5115	0
2	37458	0.511625	0
2	37467	0.51175	0
2	37476	0.511875	0
2	37485	0.512	0
2	37494	0.512125	0
2	37503	0.51225	0
2	37512	0.512375	0
2	37521	0.5125	0
2	37530	0.512625	0
2	37539	0.51275	0
2	37548	0.512875	0
2	37557	0.513	0
2	37566	0.513125	0
2	37575	0.51325	0
2	37584	0.513375	0
2	37593	0.5135	0
2	37602	0.513625	0
2	37615	0.51375	0
2	37624	0.513875	0
2	37633	0.514	0
2	37642	0.514125	0
2	37651	0.51425	0
2	37660	0.514375	0
2	37669	0.5145	0
2	37678	0.514625	0
2	37687	0.51475	0
2	37696	0.514875	0
2	37705	0.515	0
2	37714	0.515125	0
2	37723	0.51525	0
2	37732	0.515375	0
2	37741	0.5155	0
2	37750	0.515625	0
2	37759	0.51575	0
2	37768	0.515875	0
2	37777	0.516	0
2	37786	0.516125	0
2	37795	0.51625	0
2	37804	0.516375	0
2	37813	0.5165	0
2	37822	0.516625	0
2	37831	0.51675	0
2	37840	0.516875	0
2	37853	0.517	0
2	37862	0.517125	0
2	37871	0.51725	0
2	37880	0.517375	0
2	37889	0.5175	0
2	37898	0.517625	0
2	37907	0.51775	0
2	37916	0.517875	0
2	37925	0.518	0
2	37934	0.518125	0
2	37943	0.51825	0
2	37952	0.518375	0
2	37961	0.5185	0
2	37970	0.518625	0
2	37979	0.51875	0
2	37988	0.518875	0
2	37997	0.519	0
2	38006	0.519125	0
2	38015	0.51925	0
2	38024	0.519375	0
2	38033	0.5195	0
2	38042	0.519625	0
2	38051	0.51975	0
2	38060	0.519875	0
2	38069	0.52	0
2	38078	0.520125	0
2	38091	0.52025	0
2	38100	0.520375	0
2	38109	0.5205	0
2	38118	0.520625	0
2	38127	0.52075	0
2	38136	0.520875	0
2	38145	0.521	0
2	38154	0.521125	0
2	38163	0.52125	0
2	38172	0.521375	0
2	38181	0.5215	0
2	38190	0.521625	0
2	38199	0.52175	0
2	38208	0.521875	0
2	38217	0.522	0
2	38226	0.522125	0
2	38235	0.52225	0
2	38244	0.522375	0
2	38253	0.5225	0
2	38262	0.522625	0
2	38271	0.52275	0
2	38280	0.522875	0
2	38289	0.523	0
2	38298	0.523125	0
2	38307	0.52325	0
2	38316	0.523375	0
2	38329	0.5235	0
2	38338	0.523625	0
2	38347	0.52375	0
2	38356	0.523875	0
2	38365	0.524	0
2	38374	0.524125	0
2	38383	0.52425	0
2	38392	0.524375	0
2	38401	0.5245	0
2	38410	0.524625	0
2	38419	0.52475	0
2	38428	0.524875	0
2	38437	0.525	0
2	38446	0.525125	0
2	38455	0.52525	0
2	38464	0.525375	0
2	38473	0.5255	0
2	38482	0.525625	0
2	38491	0.52575	0
2	38500	0.525875	0
2	38509	0.526	0
2	38518	0.526125	0
2	38527	0.52625	0
2	38536	0.526375	0
2	38545	0.5265	0
2	38554	0.526625	0
2	38563	0.52675	0
2	38576	0.526875	0
2	38585	0.527	0
2	38594	0.527125	0
2	38603	0.52725	0
2	38612	0.527375	0
2	38621	0.5275	0
2	38630	0.527625	0
2	38639	0.52775	0
2	38648	0.527875	0
2	38657	0.528	0
2	38666	0.528125	0
2	38675	0.52825	0
2	38684	0.528375	0
2	38693	0.5285	0
2	38702	0.528625	0
2	38711	0.52875	0
2	38720	0.528875	0
2	38729	0.529	0
2	38738	0.529125	0
2	38747	0.52925	0
2	38756	0.529375	0
2	38765	0.5295	0
2	38774	0.529625	0
2	38783	0.52975	0
2	38792	0.529875	0
2	38801	0.53	0
2	38814	0.530125	0
2	38823	0.53025	0
2	38832	0.530375	0
2	38841	0.5305	0
2	38850	0.530625	0
2	38859	0.53075	0
2	38868	0.530875	0
2	38877	0.531	0
2	38886	0.531125	0
2	38895	0.53125	0
2	38904	0.531375	0
2	38913	0.5315	0
2	38922	0.531625	0
2	38931	0.53175	0
2	38940	0.531875	0
2	38949	0.532	0
2	38958	0.532125	0
2	38967	0.53225	0
2	38976	0.532375	0
2	38985	0.5325	0
2	38994	0.532625	0
2	39003	0.53275	0
2	39012	0.532875	0
2	39021	0.533	0
2	39030	0.533125	0
2	39039	0.53325	0
2	39052	0.533375	0
2	39061	0.5335	0
2	39070	0.533625	0
2	39079	0.53375	0
2	39088	0.533875	0
2	39097	0.534	0
2	39106	0.534125	0
2	39115	0.53425	0
2	39124	0.534375	0
2	39133	0.5345	0
2	39142	0.534625	0
2	39151	0.53475	0
2	39160	0.534875	0
2	39169	0.535	0
2	39178	0.535125	0
2	39187	0.53525	0
2	39196	0.535375	0
2	39205	0.5355	0
2	39214	0.535625	0
2	39223	0.53575	0
2	39232	0.535875	0
2	39241	0.536	0
2	39250	0.536125	0
2	39259	0.53625	0
2	39268	0.536375	0
2	39277	0.5365	0
2	39290	0.536625	0
2	39299	0.53675	0
2	39308	0.536875	0
2	39317	0.537	0
2	39326	0.537125	0
2	39335	0.53725	0
2	39344	0.537375	0
2	39353	0.5375	0
2	39362	0.537625	0
2	39371	0.53775	0
2	39380	0.537875	0
2	39389	0.538	0
2	39398	0.538125	0
2	39407	0.53825	0
2	39416	0.538375	0
2	39425	0.5385	0
2	39434	0.538625	0
2	39443	0.53875	0
2	39452	0.538875	0
2	39461	0.539	0
2	39470	0.539125	0
2	39479	0.53925	0
2	39488	0.539375	0
2	39497	0.5395	0
2	39506	0.539625	0
2	39515	0.53975	0
2	39528	0.539875	0
2	39537	0.54	0
2	39546	0.540125	0
2	39555	0.54025	0
2	39564	0.540375	0
2	39573	0.5405	0
2	39582	0.540625	0
2	39591	0.54075	0
2	39600	0.540875	0
2	39609	0.541	0
2	39618	0.541125	0
2	39627	0.54125	0
2	39636	0.541375	0
2	39645	0.5415	0
2	39654	0.541625	0
2	39663	0.54175	0
2	39672	0.541875	0
2	39681	0.542	0
2	39690	0.542125	0
2	39699	0.54225	0
2	39708	0.542375	0
2	39717	0.5425	0
2	39726	0.542625	0
2	39735	0.54275	0
2	39744	0.542875	0
2	39753	0.543	0
2	39766	0.543125	0
2	39775	0.54325	0
2	39784	0.543375	0
2	39793	0.5435	0
2	39802	0.543625	0
2	39811	0.54375	0
2	39820	0.543875	0
2	39829	0.544	0
2	39838	0.544125	0
2	39847	0.54425	0
2	39856	0.544375	0
2	39865	0.5445	0
2	39874	0.544625	0
2	39883	0.54475	0
2	39892	0.544875	0
2	39901	0.545	0
2	39910	0.545125	0
2	39919	0.54525	0
2	39928	0.545375	0
2	39937	0.5455	0
2	39946	0.545625	0
2	39955	0.54575	0
2	39964	0.545875	0
2	39973	0.546	0
2	39982	0.546125	0
2	39991	0.54625	0
2	40000	0.546375	0
2	40013	0.5465	0
2	40022	0.546625	0
2	40031	0.54675	0
2	40040	0.546875	0
2	40049	0.547	0
2	40058	0.547125	0
2	40067	0.54725	0
2	40076	0.547375	0
2	40085	0.5475	0
2	40094	0.547625	0
2	40103	0.54775	0
2	40112	0.547875	0
2	40121	0.548	0
2	40130	0.548125	0
2	40139	0.54825	0
2	40148	0.548375	0
2	40157	0.5485	0
2	40166	0.548625	0
2	40175	0.54875	0
2	40184	0.548875	0
2	40193	0.549	0
2	40202	0.549125	0
2	40211	0.54925	0
2	40220	0.549375	0
2	40229	0.5495	0
2	40238	0.549625	0
2	40251	0.54975	0
2	40260	0.549875	0
2	40269	0.55	0
2	40278	0.550125	0
2	40287	0.55025	0
2	40296	0.550375	0
2	40305	0.5505	0
2	40314	0.550625	0
2	40323	0.55075	0
2	40332	0.550875	0
2	40341	0.551	0
2	40350	0.551125	0
2	40359	0.55125	0
2	40368	0.551375	0
2	40377	0.5515	0
2	40386	0.551625	0
2	40395	0.55175	0
2	40404	0.551875	0
2	40413	0.552	0
2	40422	0.552125	0
2	40431	0.55225	0
2	40440	0.552375	0
2	40449	0.5525	0
2	40458	0.552625	0
2	40467	0.55275	0
2	40476	0.552875	0
2	40489	0.553	0
2	40498	0.553125	0
2	40507	0.55325	0
2	40516	0.553375	0
2	40525	0.5535	0
2	40534	0.553625	0
2	40543	0.55375	0
2	40552	0.553875	0
2	40561	0.554	0
2	40570	0.554125	0
2	40579	0.55425	0
2	40588	0.554375	0
2	40597	0.5545	0
2	40606	0.554625	0
2	40615	0.55475	0
2	40624	0.554875	0
2	40633	0.555	0
2	40642	0.555125	0
2	40651	0.55525	0
2	40660	0.555375	0
2	40669	0.5555	0
2	40678	0.555625	0
2	40687	0.55575	0
2	40696	0.555875	0
2	40705	0.556	0
2	40714	0.556125	0
2	40727	0.55625	0
2	40736	0.556375	0
2	40745	0.5565	0
2	40754	0.556625	0
2	40763	0.55675	0
2	40772	0.556875	0
2	40781	0.557	0
2	40790	0.557125	0
2	40799	0.55725	0
2	40808	0.557375	0
2	40817	0.5575	0
2	40826	0.557625	0
2	40835	0.55775	0
2	40844	0.557875	0
2	40853	0.558	0
2	40862	0.558125	0
2	40871	0.55825	0
2	40880	0.558375	0
2	40889	0.5585	0
2	40898	0.558625	0
2	40907	0.55875	0
2	40916	0.558875	0
2	40925	0.559	0
2	40934	0.559125	0
2	40943	0.55925	0
2	40952	0.559375	0
2	40965	0.5595	0
2	40974	0.559625	0
2	40983	0.55975	0
2	40992	0.559875	0
2	41001	0.56	0
2	41010	0.560125	0
2	41019	0.56025	0
2	41028	0.560375	0
2	41037	0.5605	0
2	41046	0.560625	0
2	41055	0.56075	0
2	41064	0.560875	0
2	41073	0.561	0
2	41082	0.561125	0
2	41091	0.56125	0
2	41100	0.561375	0
2	41109	0.5615	0
2	41118	0.561625	0
2	41127	0.56175	0
2	41136	0.561875	0
2	41145	0.562	0
2	41154	0.562125	0
2	41163	0.56225	0
2	41172	0.562375	0
2	41181	0.5625	0
2	41190	0.562625	0
2	41203	0.56275	0
2	41212	0.562875	0
2	41221	0.563	0
2	41230	0.563125	0
2	41239	0.56325	0
2	41248	0.563375	0
2	41257	0.5635	0
2	41266	0.563625	0
2	41275	0.56375	0
2	41284	0.563875	0
2	41293	0.564	0
2	41302	0.564125	0
2	41311	0.56425	0
2	41320	0.564375	0
2	41329	0.5645	0
2	41338	0.564625	0
2	41347	0.56475	0
2	41356	0.564875	0
2	41365	0.565	0
2	41374	0.565125	0
2	41383	0.56525	0
2	41392	0.565375	0
2	41401	0.5655	0
2	41410	0.565625	0
2	41419	0.56575	0
2	41428	0.565875	0
2	41437	0.566	0
2	41450	0.566125	0
2	41459	0.56625	0
2	41468	0.566375	0
2	41477	0.5665	0
2	41486	0.566625	0
2	41495	0.56675	0
2	41504	0.566875	0
2	41513	0.567	0
2	41522	0.567125	0
2	41531	0.56725	0
2	41540	0.567375	0
2	41549	0.5675	0
2	41558	0.567625	0
2	41567	0.56775	0
2	41576	0.567875	0
2	41585	0.568	0
2	41594	0.568125	0
2	41603	0.56825	0
2	41612	0.568375	0
2	41621	0.5685	0
2	41630	0.568625	0
2	41639	0.56875	0
2	41648	0.568875	0
2	41657	0.569	0
2	41666	0.569125	0
2	41675	0.56925	0
2	41688	0.569375	0
2	41697	0.5695	0
2	41706	0.569625	0
2	41715	0.56975	0
2	41724	0.569875	0
2	41733	0.57	0
2	41742	0.570125	0
2	41751	0.57025	0
2	41760	0.570375	0
2	41769	0.5705	0
2	41778	0.570625	0
2	41787	0.57075	0
2	41796	0.570875	0
2	41805	0.571	0
2	41814	0.571125	0
2	41823	0.57125	0
2	41832	0.571375	0
2	41841	0.5715	0
2	41850	0.571625	0
2	41859	0.57175	0
2	41868	0.571875	0
2	41877	0.572	0
2	41886	0.572125	0
2	41895	0.57225	0
2	41904	0.572375	0
2	41913	0.5725	0
2	41926	0.572625	0
2	41935	0.57275	0
2	41944	0.572875	0
2	41953	0.573	0
2	41962	0.573125	0
2	41971	0.57325	0
2	41980	0.573375	0
2	41989	0.5735	0
2	41998	0.573625	0
2	42007	0.57375	0
2	42016	0.573875	0
2	42025	0.574	0
2	42034	0.574125	0
2	42043	0.57425	0
2	42052	0.574375	0
2	42061	0.5745	0
2	42070	0.574625	0
2	42079	0.57475	0
2	42088	0.574875	0
2	42097	0.575	0
2	42106	0.575125	0
2	42115	0.57525	0
2	42124	0.575375	0
2	42133	0.5755	0
2	42142	0.575625	0
2	42151	0.57575	0
2	42164	0.575875	0
2	42173	0.576	0
2	42182	0.576125	0
2	42191	0.57625	0
2	42200	0.576375	0
2	42209	0.5765	0
2	42218	0.576625	0
2	42227	0.57675	0
2	42236	0.576875	0
2	42245	0.577	0
2	42254	0.577125	0
2	42263	0.57725	0
2	42272	0.577375	0
2	42281	0.5775	0
2	42290	0.577625	0
2	42299	0.57775	0
2	42308	0.577875	0
2	42317	0.578	0
2	42326	0.578125	0
2	42335	0.57825	0
2	42344	0.578375	0
2	42353	0.5785	0
2	42362	0.578625	0
2	42371	0.57875	0
2	42380	0.578875	0
2	42389	0.579	0
2	42402	0.579125	0
2	42411	0.57925	0
2	42420	0.579375	0
2	42429	0.5795	0
2	42438	0.579625	0
2	42447	0.57975	0
2	42456	0.579875	0
2	42465	0.58	0
2	42474	0.580125	0
2	42483	0.58025	0
2	42492	0.580375	0
2	42501	0.5805	0
2	42510	0.580625	0
2	42519	0.58075	0
2	42528	0.580875	0
2	42537	0.581	0
2	42546	0.581125	0
2	42555	0.58125	0
2	42564	0.581375	0
2	42573	0.5815	0
2	42582	0.581625	0
2	42591	0.58175	0
2	42600	0.581875	0
2	42609	0.582	0
2	42618	0.582125	0
2	42627	0.58225	0
2	42640	0.582375	0
2	42649	0.5825	0
2	42658	0.582625	0
2	42667	0.58275	0
2	42676	0.582875	0
2	42685	0.583	0
2	42694	0.583125	0
2	42703	0.58325	0
2	42712	0.583375	0
2	42721	0.5835	0
2	42730	0.583625	0
2	42739	0.58375	0
2	42748	0.583875	0
2	42757	0.584	0
2	42766	0.584125	0
2	42775	0.58425	0
2	42784	0.584375	0
2	42793	0.5845	0
2	42802	0.584625	0
2	42811	0.58475	0
2	42820	0.584875	0
2	42829	0.585	0
2	42838	0.585125	0
2	42847	0.58525	0
2	42856	0.585375	0
2	42865	0.5855	0
2	42874	0.585625	0
2	42887	0.58575	0
2	42896	0.585875	0
2	42905	0.586	0
2	42914	0.586125	0
2	42923	0.58625	0
2	42932	0.586375	0
2	42941	0.5865	0
2	42950	0.586625	0
2	42959	0.58675	0
2	42968	0.586875	0
2	42977	0.587	0
2	42986	0.587125	0
2	42995	0.58725	0
2	43004	0.587375	0
2	43013	0.5875	0
2	43022	0.587625	0
2	43031	0.58775	0
2	43040	0.587875	0
2	43049	0.588	0
2	43058	0.588125	0
2	43067	0.58825	0
2	43076	0.588375	0
2	43085	0.5885	0
2	43094	0.588625	0
2	43103	0.58875	0
2	43112	0.588875	0
2	43125	0.589	0
2	43134	0.589125	0
2	43143	0.58925	0
2	43152	0.589375	0
2	43161	0.5895	0
2	43170	0.589625	0
2	43179	0.58975	0
2	43188	0.589875	0
2	43197	0.59	0
2	43206	0.590125	0
2	43215	0.59025	0
2	43224	0.590375	0
2	43233	0.5905	0
2	43242	0.590625	0
2	43251	0.59075	0
2	43260	0.590875	0
2	43269	0.591	0
2	43278	0.591125	0
2	43287	0.59125	0
2	43296	0.591375	0
2	43305	0.5915	0
2	43314	0.591625	0
2	43323	0.59175	0
2	43332	0.591875	0
2	43341	0.592	0
2	43350	0.592125	0
2	43363	0.59225	0
2	43372	0.592375	0
2	43381	0.5925	0
2	43390	0.592625	0
2	43399	0.59275	0
2	43408	0.592875	0
2	43417	0.593	0
2	43426	0.593125	0
2	43435	0.59325	0
2	43444	0.593375	0
2	43453	0.5935	0
2	43462	0.593625	0
2	43471	0.59375	0
2	43480	0.593875	0
2	43489	0.594	0
2	43498	0.594125	0
2	43507	0.59425	0
2	43516	0.594375	0
2	43525	0.5945	0
2	43534	0.594625	0
2	43543	0.59475	0
2	43552	0.594875	0
2	43561	0.595	0
2	43570	0.595125	0
2	43579	0.59525	0
2	43588	0.595375	0
2	43601	0.5955	0
2	43610	0.595625	0
2	43619	0.59575	0
2	43628	0.595875	0
2	43637	0.596	0
2	43646	0.596125	0
2	43655	0.59625	0
2	43664	0.596375	0
2	43673	0.5965	0
2	43682	0.596625	0
2	43691	0.59675	0
2	43700	0.596875	0
2	43709	0.597	0
2	43718	0.597125	0
2	43727	0.59725	0
2	43736	0.597375	0
2	43745	0.5975	0
2	43754	0.597625	0
2	43763	0.59775	0
2	43772	0.597875	0
2	43781	0.598	0
2	43790	0.598125	0
2	43799	0.59825	0
2	43808	0.598375	0
2	43817	0.5985	0
2	43826	0.598625	0
2	43839	0.59875	0
2	43848	0.598875	0
2	43857	0.599	0
2	43866	0.599125	0
2	43875	0.59925	0
2	43884	0.599375	0
2	43893	0.5995	0
2	43902	0.599625	0
2	43911	0.59975	0
2	43920	0.599875	0
2	43929	0.6	0
2	43938	0.600125	0
2	43947	0.60025	0
2	43956	0.600375	0
2	43965	0.6005	0
2	43974	0.600625	0
2	43983	0.60075	0
2	43992	0.600875	0
2	44001	0.601	0
2	44010	0.601125	0
2	44019	0.60125	0
2	44028	0.601375	0
2	44037	0.6015	0
2	44046	0.601625	0
2	44055	0.60175	0
2	44064	0.601875	0
2	44073	0.602	0
2	44086	0.602125	0
2	44095	0.60225	0
2	44104	0.602375	0
2	44113	0.6025	0
2	44122	0.602625	0
2	44131	0.60275	0
2	44140	0.602875	0
2	44149	0.603	0
2	44158	0.603125	0
2	44167	0.60325	0
2	44176	0.603375	0
2	44185	0.6035	0
2	44194	0.603625	0
2	44203	0.60375	0
2	44212	0.603875	0
2	44221	0.604	0
2	44230	0.604125	0
2	44239	0.60425	0
2	44248	0.604375	0
2	44257	0.6045	0
2	44266	0.604625	0
2	44275	0.60475	0
2	44284	0.604875	0
2	44293	0.605	0
2	44302	0.605125	0
2	44311	0.60525	0
2	44324	0.605375	0
2	44333	0.6055	0
2	44342	0.605625	0
2	44351	0.60575	0
2	44360	0.605875	0
2	44369	0.606	0
2	44378	0.606125	0
2	44387	0.60625	0
2	44396	0.606375	0
2	44405	0.6065	0
2	44414	0.606625	0
2	44423	0.60675	0
2	44432	0.606875	0
2	44441	0.607	0
2	44450	0.607125	0
2	44459	0.60725	0
2	44468	0.607375	0
2	44477	0.6075	0
2	44486	0.607625	0
2	44495	0.60775	0
2	44504	0.607875	0
2	44513	0.608	0
2	44522	0.608125	0
2	44531	0.60825	0
2	44540	0.608375	0
2	44549	0.6085	0
2	44562	0.608625	0
2	44571	0.60875	0
2	44580	0.608875	0
2	44589	0.609	0
2	44598	0.609125	0
2	44607	0.60925	0
2	44616	0.609375	0
2	44625	0.6095	0
2	44634	0.609625	0
2	44643	0.60975	0
2	44652	0.609875	0
2	44661	0.61	0
2	44670	0.610125	0
2	44679	0.61025	0
2	44688	0.610375	0
2	44697	0.6105	0
2	44706	0.610625	0
2	44715	0.61075	0
2	44724	0.610875	0
2	44733	0.611	0
2	44742	0.611125	0
2	44751	0.61125	0
2	44760	0.611375	0
2	44769	0.6115	0
2	44778	0.611625	0
2	44787	0.61175	0
2	44800	0.611875	0
2	44809	0.612	0
2	44818	0.612125	0
2	44827	0.61225	0
2	44836	0.612375	0
2	44845	0.6125	0
2	44854	0.612625	0
2	44863	0.61275	0
2	44872	0.612875	0
2	44881	0.613	0
2	44890	0.613125	0
2	44899	0.61325	0
2	44908	0.613375	0
2	44917	0.6135	0
2	44926	0.613625	0
2	44935	0.61375	0
2	44944	0.613875	0
2	44953	0.614	0
2	44962	0.614125	0
2	44971	0.61425	0
2	44980	0.614375	0
2	44989	0.6145	0
2	44998	0.614625	0
2	45007	0.61475	0
2	45016	0.614875	0
2	45025	0.615	0
2	45038	0.615125	0
2	45047	0.61525	0
2	45056	0.615375	0
2	45065	0.6155	0
2	45074	0.615625	0
2	45083	0.61575	0
2	45092	0.615875	0
2	45101	0.616	0
2	45110	0.616125	0
2	45119	0.61625	0
2	45128	0.616375	0
2	45137	0.6165	0
2	45146	0.616625	0
2	45155	0.61675	0
2	45164	0.616875	0
2	45173	0.617	0
2	45182	0.617125	0
2	45191	0.61725	0
2	45200	0.617375	0
2	45209	0.6175	0
2	45218	0.617625	0
2	45227	0.61775	0
2	45236	0.617875	0
2	45245	0.618	0
2	45254	0.618125	0
2	45263	0.61825	0
2	45276	0.618375	0
2	45285	0.6185	0
2	45294	0.618625	0
2	45303	0.61875	0
2	45312	0.618875	0
2	45321	0.619	0
2	45330	0.619125	0
2	45339	0.61925	0
2	45348	0.619375	0
2	45357	0.6195	0
2	45366	0.619625	0
2	45375	0.61975	0
2	45384	0.619875	0
2	45393	0.62	0
2	45402	0.620125	0
2	45411	0.62025	0
2	45420	0.620375	0
2	45429	0.6205	0
2	45438	0.620625	0
2	45447	0.62075	0
2	45456	0.620875	0
2	45465	0.621	0
2	45474	0.621125	0
2	45483	0.62125	0
2	45492	0.621375	0
2	45501	0.6215	0
2	45510	0.621625	0
2	45523	0.62175	0
2	45532	0.621875	0
2	45541	0.622	0
2	45550	0.622125	0
2	45559	0.62225	0
2	45568	0.622375	0
2	45577	0.6225	0
2	45586	0.622625	0
2	45595	0.62275	0
2	45604	0.622875	0
2	45613	0.623	0
2	45622	0.623125	0
2	45631	0.62325	0
2	45640	0.623375	0
2	45649	0.6235	0
2	45658	0.623625	0
2	45667	0.62375	0
2	45676	0.623875	0
2	45685	0.624	0
2	45694	0.624125	0
2	45703	0.62425	0
2	45712	0.624375	0
2	45721	0.6245	0
2	45730	0.624625	0
2	45739	0.62475	0
2	45748	0.624875	0
2	45761	0.625	0
2	45770	0.625125	0
2	45779	0.62525	0
2	45788	0.625375	0
2	45797	0.6255	0
2	45806	0.625625	0
2	45815	0.62575	0
2	45824	0.625875	0
2	45833	0.626	0
2	45842	0.626125	0
2	45851	0.62625	0
2	45860	0.626375	0
2	45869	0.6265	0
2	45878	0.626625	0
2	45887	0.62675	0
2	45896	0.626875	0
2	45905	0.627	0
2	45914	0.627125	0
2	45923	0.62725	0
2	45932	0.627375	0
2	45941	0.6275	0
2	45950	0.627625	0
2	45959	0.62775	0
2	45968	0.627875	0
2	45977	0.628	0
2	45986	0.628125	0
2	45999	0.62825	0
2	46008	0.628375	0
2	46017	0.6285	0
2	46026	0.628625	0
2	46035	0.62875	0
2	46044	0.628875	0
2	46053	0.629	0
2	46062	0.629125	0
2	46071	0.62925	0
2	46080	0.629375	0
2	46089	0.6295	0
2	46098	0.629625	0
2	46107	0.62975	0
2	46116	0.629875	0
2	46125	0.63	0
2	46134	0.630125	0
2	46143	0.63025	0
2	46152	0.630375	0
2	46161	0.6305	0
2	46170	0.630625	0
2	46179	0.63075	0
2	46188	0.630875	0
2	46197	0.631	0
2	46206	0.631125	0
2	46215	0.63125	0
2	46224	0.631375	0
2	46237	0.6315	0
2	46246	0.631625	0
2	46255	0.63175	0
2	46264	0.631875	0
2	46273	0.632	0
2	46282	0.632125	0
2	46291	0.63225	0
2	46300	0.632375	0
2	46309	0.6325	0
2	46318	0.632625	0
2	46327	0.63275	0
2	46336	0.632875	0
2	46345	0.633	0
2	46354	0.633125	0
2	46363	0.63325	0
2	46372	0.633375	0
2	46381	0.6335	0
2	46390	0.633625	0
2	46399	0.63375	0
2	46408	0.633875	0
2	46417	0.634	0
2	46426	0.634125	0
2	46435	0.63425	0
2	46444	0.634375	0
2	46453	0.6345	0
2	46462	0.634625	0
2	46475	0.63475	0
2	46484	0.634875	0
2	46493	0.635	0
2	46502	0.635125	0
2	46511	0.63525	0
2	46520	0.635375	0
2	46529	0.6355	0
2	46538	0.635625	0
2	46547	0.63575	0
2	46556	0.635875	0
2	46565	0.636	0
2	46574	0.636125	0
2	46583	0.63625	0
2	46592	0.636375	0
2	46601	0.6365	0
2	46610	0.636625	0
2	46619	0.63675	0
2	46628	0.636875	0
2	46637	0.637	0
2	46646	0.637125	0
2	46655	0.63725	0
2	46664	0.637375	0
2	46673	0.6375	0
2	46682	0.637625	0
2	46691	0.63775	0
2	46700	0.637875	0
2	46713	0.638	0
2	46722	0.638125	0
2	46731	0.63825	0
2	46740	0.638375	0
2	46749	0.6385	0
2	46758	0.638625	0
2	46767	0.63875	0
2	46776	0.638875	0
2	46785	0.639	0
2	46794	0.639125	0
2	46803	0.63925	0
2	46812	0.639375	0
2	46821	0.6395	0
2	46830	0.639625	0
2	46839	0.63975	0
2	46848	0.639875	0
2	46857	0.64	0
2	46866	0.640125	0
2	46875	0.64025	0
2	46884	0.640375	0
2	46893	0.6405	0
2	46902	0.640625	0
2	46911	0.64075	0
2	46920	0.640875	0
2	46929	0.641	0
2	46938	0.641125	0
2	46947	0.64125	0
2	46960	0.641375	0
2	46969	0.6415	0
2	46978	0.641625	0
2	46987	0.64175	0
2	46996	0.641875	0
2	47005	0.642	0
2	47014	0.642125	0
2	47023	0.64225	0
2	47032	0.642375	0
2	47041	0.6425	0
2	47050	0.642625	0
2	47059	0.64275	0
2	47068	0.642875	0
2	47077	0.643	0
2	47086	0.643125	0
2	47095	0.64325	0
2	47104	0.643375	0
2	47113	0.6435	0
2	47122	0.643625	0
2	47131	0.64375	0
2	47140	0.643875	0
2	47149	0.644	0
2	47158	0.644125	0
2	47167	0.64425	0
2	47176	0.644375	0
2	47185	0.6445	0
2	47198	0.644625	0
2	47207	0.64475	0
2	47216	0.644875	0
2	47225	0.645	0
2	47234	0.645125	0
2	47243	0.64525	0
2	47252	0.645375	0
2	47261	0.6455	0
2	47270	0.645625	0
2	47279	0.64575	0
2	47288	0.645875	0
2	47297	0.646	0
2	47306	0.646125	0
2	47315	0.64625	0
2	47324	0.646375	0
2	47333	0.6465	0
2	47342	0.646625	0
2	47351	0.64675	0
2	47360	0.646875	0
2	47369	0.647	0
2	47378	0.647125	0
2	47387	0.64725	0
2	47396	0.647375	0
2	47405	0.6475	0
2	47414	0.647625	0
2	47423	0.64775	0
2	47436	0.647875	0
2	47445	0.648	0
2	47454	0.648125	0
2	47463	0.64825	0
2	47472	0.648375	0
2	47481	0.6485	0
2	47490	0.648625	0
2	47499	0.64875	0
2	47508	0.648875	0
2	47517	0.649	0
2	47526	0.649125	0
2	47535	0.64925	0
2	47544	0.649375	0
2	47553	0.6495	0
2	47562	0.649625	0
2	47571	0.64975	0
2	47580	0.649875	0
2	47589	0.65	0
2	47598	0.650125	0
2	47607	0.65025	0
2	47616	0.650375	0
2	47625	0.6505	0
2	47634	0.650625	0
2	47643	0.65075	0
2	47652	0.650875	0
2	47661	0.651	0
2	47674	0.651125	0
2	47683	0.65125	0
2	47692	0.651375	0
2	47701	0.6515	0
2	47710	0.651625	0
2	47719	0.65175	0
2	47728	0.651875	0
2	47737	0.652	0
2	47746	0.652125	0
2	47755	0.65225	0
2	47764	0.652375	0
2	47773	0.6525	0
2	47782	0.652625	0
2	47791	0.65275	0
2	47800	0.652875	0
2	47809	0.653	0
2	47818	0.653125	0
2	47827	0.65325	0
2	47836	0.653375	0
2	47845	0.6535	0
2	47854	0.653625	0
2	47863	0.65375	0
2	47872	0.653875	0
2	47881	0.654	0
2	47890	0.654125	0
2	47899	0.65425	0
2	47912	0.654375	0
2	47921	0.6545	0
2	47930	0.654625	0
2	47939	0.65475	0
2	47948	0.654875	0
2	47957	0.655	0
2	47966	0.655125	0
2	47975	0.65525	0
2	47984	0.655375	0
2	47993	0.6555	0
2	48002	0.655625	0
2	48011	0.65575	0
2	48020	0.655875	0
2	48029	0.656	0
2	48038	0.656125	0
2	48047	0.65625	0
2	48056	0.656375	0
2	48065	0.6565	0
2	48074	0.656625	0
2	48083	0.65675	0
2	48092	0.656875	0
2	48101	0.657	0
2	48110	0.657125	0
2	48119	0.65725	0
2	48128	0.657375	0
2	48137	0.6575	0
2	48150	0.657625	0
2	48159	0.65775	0
2	48168	0.657875	0
2	48177	0.658	0
2	48186	0.658125	0
2	48195	0.65825	0
2	48204	0.658375	0
2	48213	0.6585	0
2	48222	0.658625	0
2	48231	0.65875	0
2	48240	0.658875	0
2	48249	0.659	0
2	48258	0.659125	0
2	48267	0.65925	0
2	48276	0.659375	0
2	48285	0.6595	0
2	48294	0.659625	0
2	48303	0.65975	0
2	48312	0.659875	0
2	48321	0.66	0
2	48330	0.660125	0
2	48339	0.66025	0
2	48348	0.660375	0
2	48357	0.6605	0
2	48366	0.660625	0
2	48375	0.66075	0
2	48384	0.660875	0
2	48397	0.661	0
2	48406	0.661125	0
2	48415	0.66125	0
2	48424	0.661375	0
2	48433	0.6615	0
2	48442	0.661625	0
2	48451	0.66175	0
2	48460	0.661875	0
2	48469	0.662	0
2	48478	0.662125	0
2	48487	0.66225	0
2	48496	0.662375	0
2	48505	0.6625	0
2	48514	0.662625	0
2	48523	0.66275	0
2	48532	0.662875	0
2	48541	0.663	0
2	48550	0.663125	0
2	48559	0.66325	0
2	48568	0.663375	0
2	48577	0.6635	0
2	48586	0.663625	0
2	48595	0.66375	0
2	48604	0.663875	0
2	48613	0.664	0
2	48622	0.664125	0
2	48635	0.66425	0
2	48644	0.664375	0
2	48653	0.6645	0
2	48662	0.664625	0
2	48671	0.66475	0
2	48680	0.664875	0
2	48689	0.665	0
2	48698	0.665125	0
2	48707	0.66525	0
2	48716	0.665375	0
2	48725	0.6655	0
2	48734	0.665625	0
2	48743	0.66575	0
2	48752	0.665875	0
2	48761	0.666	0
2	48770	0.666125	0
2	48779	0.66625	0
2	48788	0.666375	0
2	48797	0.6665	0
2	48806	0.666625	0
2	48815	0.66675	0
2	48824	0.666875	0
2	48833	0.667	0
2	48842	0.667125	0
2	48851	0.66725	0
2	48860	0.667375	0
2	48873	0.6675	0
2	48882	0.667625	0
2	48891	0.66775	0
2	48900	0.667875	0
2	48909	0.668	0
2	48918	0.668125	0
2	48927	0.66825	0
2	48936	0.668375	0
2	48945	0.6685	0
2	48954	0.668625	0
2	48963	0.66875	0
2	48972	0.668875	0
2	48981	0.669	0
2	48990	0.669125	0
2	48999	0.66925	0
2	49008	0.669375	0
2	49017	0.6695	0
2	49026	0.669625	0
2	49035	0.66975	0
2	49044	0.669875	0
2	49053	0.67	0
2	49062	0.670125	0
2	49071	0.67025	0
2	49080	0.670375	0
2	49089	0.6705	0
2	49098	0.670625	0
2	49111	0.67075	0
2	49120	0.670875	0
2	49129	0.671	0
2	49138	0.671125	0
2	49147	0.67125	0
2	49156	0.671375	0
2	49165	0.6715	0
2	49174	0.671625	0
2	49183	0.67175	0
2	49192	0.671875	0
2	49201	0.672	0
2	49210	0.672125	0
2	49219	0.67225	0
2	49228	0.672375	0
2	49237	0.6725	0
2	49246	0.672625	0
2	49255	0.67275	0
2	49264	0.672875	0
2	49273	0.673	0
2	49282	0.673125	0
2	49291	0.67325	0
2	49300	0.673375	0
2	49309	0.6735	0
2	49318	0.673625	0
2	49327	0.67375	0
2	49336	0.673875	0
2	49349	0.674	0
2	49358	0.674125	0
2	49367	0.67425	0
2	49376	0.674375	0
2	49385	0.6745	0
2	49394	0.674625	0
2	49403	0.67475	0
2	49412	0.674875	0
2	49421	0.675	0
2	49430	0.675125	0
2	49439	0.67525	0
2	49448	0.675375	0
2	49457	0.6755	0
2	49466	0.675625	0
2	49475	0.67575	0
2	49484	0.675875	0
2	49493	0.676	0
2	49502	0.676125	0
2	49511	0.67625	0
2	49520	0.676375	0
2	49529	0.6765	0
2	49538	0.676625	0
2	49547	0.67675	0
2	49556	0.676875	0
2	49565	0.677	0
2	49574	0.677125	0
2	49583	0.67725	0
2	49596	0.677375	0
2	49605	0.6775	0
2	49614	0.677625	0
2	49623	0.67775	0
2	49632	0.677875	0
2	49641	0.678	0
2	49650	0.678125	0
2	49659	0.67825	0
2	49668	0.678375	0
2	49677	0.6785	0
2	49686	0.678625	0
2	49695	0.67875	0
2	49704	0.678875	0
2	49713	0.679	0
2	49722	0.679125	0
2	49731	0.67925	0
2	49740	0.679375	0
2	49749	0.6795	0
2	49758	0.679625	0
2	49767	0.67975	0
2	49776	0.679875	0
2	49785	0.68	0
2	49794	0.680125	0
2	49803	0.68025	0
2	49812	0.680375	0
2	49821	0.6805	0
2	49834	0.680625	0
2	49843	0.68075	0
2	49852	0.680875	0
2	49861	0.681	0
2	49870	0.681125	0
2	49879	0.68125	0
2	49888	0.681375	0
2	49897	0.6815	0
2	49906	0.681625	0
2	49915	0.68175	0
2	49924	0.681875	0
2	49933	0.682	0
2	49942	0.682125	0
2	49951	0.68225	0
2	49960	0.682375	0
2	49969	0.6825	0
2	49978	0.682625	0
2	49987	0.68275	0
2	49996	0.682875	0
2	50005	0.683	0
2	50014	0.683125	0
2	50023	0.68325	0
2	50032	0.683375	0
2	50041	0.6835	0
2	50050	0.683625	0
2	50059	0.68375	0
2	50072	0.683875	0
2	50081	0.684	0
2	50090	0.684125	0
2	50099	0.68425	0
2	50108	0.684375	0
2	50117	0.6845	0
2	50126	0.684625	0
2	50135	0.68475	0
2	50144	0.684875	0
2	50153	0.685	0
2	50162	0.685125	0
2	50171	0.68525	0
2	50180	0.685375	0
2	50189	0.6855	0
2	50198	0.685625	0
2	50207	0.68575	0
2	50216	0.685875	0
2	50225	0.686	0
2	50234	0.686125	0
2	50243	0.68625	0
2	50252	0.686375	0
2	50261	0.6865	0
2	50270	0.686625	0
2	50279	0.68675	0
2	50288	0.686875	0
2	50297	0.687	0
2	50310	0.687125	0
2	50319	0.68725	0
2	50328	0.687375	0
2	50337	0.6875	0
2	50346	0.687625	0
2	50355	0.68775	0
2	50364	0.687875	0
2	50373	0.688	0
2	50382	0.688125	0
2	50391	0.68825	0
2	50400	0.688375	0
2	50409	0.6885	0
2	50418	0.688625	0
2	50427	0.68875	0
2	50436	0.688875	0
2	50445	0.689	0
2	50454	0.689125	0
2	50463	0.68925	0
2	50472	0.689375	0
2	50481	0.6895	0
2	50490	0.689625	0
2	50499	0.68975	0
2	50508	0.689875	0
2	50517	0.69	0
2	50526	0.690125	0
2	50535	0.69025	0
2	50548	0.690375	0
2	50557	0.6905	0
2	50566	0.690625	0
2	50575	0.69075	0
2	50584	0.690875	0
2	50593	0.691	0
2	50602	0.691125	0
2	50611	0.69125	0
2	50620	0.691375	0
2	50629	0.6915	0
2	50638	0.691625	0
2	50647	0.69175	0
2	50656	0.691875	0
2	50665	0.692	0
2	50674	0.692125	0
2	50683	0.69225	0
2	50692	0.692375	0
2	50701	0.6925	0
2	50710	0.692625	0
2	50719	0.69275	0
2	50728	0.692875	0
2	50737	0.693	0
2	50746	0.693125	0
2	50755	0.69325	0
2	50764	0.693375	0
2	50773	0.6935	0
2	50786	0.693625	0
2	50795	0.69375	0
2	50804	0.693875	0
2	50813	0.694	0
2	50822	0.694125	0
2	50831	0.69425	0
2	50840	0.694375	0
2	50849	0.6945	0
2	50858	0.694625	0
2	50867	0.69475	0
2	50876	0.694875	0
2	50885	0.695	0
2	50894	0.695125	0
2	50903	0.69525	0
2	50912	0.695375	0
2	50921	0.6955	0
2	50930	0.695625	0
2	50939	0.69575	0
2	50948	0.695875	0
2	50957	0.696	0
2	50966	0.696125	0
2	50975	0.69625	0
2	50984	0.696375	0
2	50993	0.6965	0
2	51002	0.696625	0
2	51011	0.69675	0
2	51020	0.696875	0
2	51033	0.697	0
2	51042	0.697125	0
2	51051	0.69725	0
2	51060	0.697375	0
2	51069	0.6975	0
2	51078	0.697625	0
2	51087	0.69775	0
2	51096	0.697875	0
2	51105	0.698	0
2	51114	0.698125	0
2	51123	0.69825	0
2	51132	0.698375	0
2	51141	0.6985	0
2	51150	0.698625	0
2	51159	0.69875	0
2	51168	0.698875	0
2	51177	0.699	0
2	51186	0.699125	0
2	51195	0.69925	0
2	51204	0.699375	0
2	51213	0.6995	0
2	51222	0.699625	0
2	51231	0.69975	0
2	51240	0.699875	0
2	51249	0.7	0
2	51258	0.700125	0
2	51271	0.70025	0
2	51280	0.700375	0
2	51289	0.7005	0
2	51298	0.700625	0
2	51307	0.70075	0
2	51316	0.700875	0
2	51325	0.701	0
2	51334	0.701125	0
2	51343	0.70125	0
2	51352	0.701375	0
2	51361	0.7015	0
2	51370	0.701625	0
2	51379	0.70175	0
2	51388	0.701875	0
2	51397	0.702	0
2	51406	0.702125	0
2	51415	0.70225	0
2	51424	0.702375	0
2	51433	0.7025	0
2	51442	0.702625	0
2	51451	0.70275	0
2	51460	0.702875	0
2	51469	0.703	0
2	51478	0.703125	0
2	51487	0.70325	0
2	51496	0.703375	0
2	51509	0.7035	0
2	51518	0.703625	0
2	51527	0.70375	0
2	51536	0.703875	0
2	51545	0.704	0
2	51554	0.704125	0
2	51563	0.70425	0
2	51572	0.704375	0
2	51581	0.7045	0
2	51590	0.704625	0
2	51599	0.70475	0
2	51608	0.704875	0
2	51617	0.705	0
2	51626	0.705125	0
2	51635	0.70525	0
2	51644	0.705375	0
2	51653	0.7055	0
2	51662	0.705625	0
2	51671	0.70575	0
2	51680	0.705875	0
2	51689	0.706	0
2	51698	0.706125	0
2	51707	0.70625	0
2	51716	0.706375	0
2	51725	0.7065	0
2	51734	0.706625	0
2	51747	0.70675	0
2	51756	0.706875	0
2	51765	0.707	0
2	51774	0.707125	0
2	51783	0.70725	0
2	51792	0.707375	0
2	51801	0.7075	0
2	51810	0.707625	0
2	51819	0.70775	0
2	51828	0.707875	0
2	51837	0.708	0
2	51846	0.708125	0
2	51855	0.70825	0
2	51864	0.708375	0
2	51873	0.7085	0
2	51882	0.708625	0
2	51891	0.70875	0
2	51900	0.708875	0
2	51909	0.709	0
2	51918	0.709125	0
2	51927	0.70925	0
2	51936	0.709375	0
2	51945	0.7095	0
2	51954	0.709625	0
2	51963	0.70975	0
2	51972	0.709875	0
2	51985	0.71	0
2	51994	0.710125	0
2	52003	0.71025	0
2	52012	0.710375	0
2	52021	0.7105	0
2	52030	0.710625	0
2	52039	0.71075	0
2	52048	0.710875	0
2	52057	0.711	0
2	52066	0.711125	0
2	52075	0.71125	0
2	52084	0.711375	0
2	52093	0.7115	0
2	52102	0.711625	0
2	52111	0.71175	0
2	52120	0.711875	0
2	52129	0.712	0
2	52138	0.712125	0
2	52147	0.71225	0
2	52156	0.712375	0
2	52165	0.7125	0
2	52174	0.712625	0
2	52183	0.71275	0
2	52192	0.712875	0
2	52201	0.713	0
2	52210	0.713125	0
2	52223	0.71325	0
2	52232	0.713375	0
2	52241	0.7135	0
2	52250	0.713625	0
2	52259	0.71375	0
2	52268	0.713875	0
2	52277	0.714	0
2	52286	0.714125	0
2	52295	0.71425	0
2	52304	0.714375	0
2	52313	0.7145	0
2	52322	0.714625	0
2	52331	0.71475	0
2	52340	0.714875	0
2	52349	0.715	0
2	52358	0.715125	0
2	52367	0.71525	0
2	52376	0.715375	0
2	52385	0.7155	0
2	52394	0.715625	0
2	52403	0.71575	0
2	52412	0.715875	0
2	52421	0.716	0
2	52430	0.716125	0
2	52439	0.71625	0
2	52448	0.716375	0
2	52457	0.7165	0
2	52470	0.716625	0
2	52479	0.71675	0
2	52488	0.716875	0
2	52497	0.717	0
2	52506	0.717125	0
2	52515	0.71725	0
2	52524	0.717375	0
2	52533	0.7175	0
2	52542	0.717625	0
2	52551	0.71775	0
2	52560	0.717875	0
2	52569	0.718	0
2	52578	0.718125	0
2	52587	0.71825	0
2	52596	0.718375	0
2	52605	0.7185	0
2	52614	0.718625	0
2	52623	0.71875	0
2	52632	0.718875	0
2	52641	0.719	0
2	52650	0.719125	0
2	52659	0.71925	0
2	52668	0.719375	0
2	52677	0.7195	0
2	52686	0.719625	0
2	52695	0.71975	0
2	52708	0.719875	0
2	52717	0.72	0
2	52726	0.720125	0
2	52735	0.72025	0
2	52744	0.720375	0
2	52753	0.7205	0
2	52762	0.720625	0
2	52771	0.72075	0
2	52780	0.720875	0
2	52789	0.721	0
2	52798	0.721125	0
2	52807	0.72125	0
2	52816	0.721375	0
2	52825	0.7215	0
2	52834	0.721625	0
2	52843	0.72175	0
2	52852	0.721875	0
2	52861	0.722	0
2	52870	0.722125	0
2	52879	0.72225	0
2	52888	0.722375	0
2	52897	0.7225	0
2	52906	0.722625	0
2	52915	0.72275	0
2	52924	0.722875	0
2	52933	0.723	0
2	52946	0.723125	0
2	52955	0.72325	0
2	52964	0.723375	0
2	52973	0.7235	0
2	52982	0.723625	0
2	52991	0.72375	0
2	53000	0.723875	0
2	53009	0.724	0
2	53018	0.724125	0
2	53027	0.72425	0
2	53036	0.724375	0
2	53045	0.7245	0
2	53054	0.724625	0
2	53063	0.72475	0
2	53072	0.724875	0
2	53081	0.725	0
2	53090	0.725125	0
2	53099	0.72525	0
2	53108	0.725375	0
2	53117	0.7255	0
2	53126	0.725625	0
2	53135	0.72575	0
2	53144	0.725875	0
2	53153	0.726	0
2	53162	0.726125	0
2	53171	0.72625	0
2	53184	0.726375	0
2	53193	0.7265	0
2	53202	0.726625	0
2	53211	0.72675	0
2	53220	0.726875	0
2	53229	0.727	0
2	53238	0.727125	0
2	53247	0.72725	0
2	53256	0.727375	0
2	53265	0.7275	0
2	53274	0.727625	0
2	53283	0.72775	0
2	53292	0.727875	0
2	53301	0.728	0
2	53310	0.728125	0
2	53319	0.72825	0
2	53328	0.728375	0
2	53337	0.7285	0
2	53346	0.728625	0
2	53355	0.72875	0
2	53364	0.728875	0
2	53373	0.729	0
2	53382	0.729125	0
2	53391	0.72925	0
2	53400	0.729375	0
2	53409	0.7295	0
2	53422	0.729625	0
2	53431	0.72975	0
2	53440	0.729875	0
2	53449	0.73	0
2	53458	0.730125	0
2	53467	0.73025	0
2	53476	0.730375	0
2	53485	0.7305	0
2	53494	0.730625	0
2	53503	0.73075	0
2	53512	0.730875	0
2	53521	0.731	0
2	53530	0.731125	0
2	53539	0.73125	0
2	53548	0.731375	0
2	53557	0.7315	0
2	53566	0.731625	0
2	53575	0.73175	0
2	53584	0.731875	0
2	53593	0.732	0
2	53602	0.732125	0
2	53611	0.73225	0
2	53620	0.732375	0
2	53629	0.7325	0
2	53638	0.732625	0
2	53647	0.73275	0
2	53660	0.732875	0
2	53669	0.733	0
2	53678	0.733125	0
2	53687	0.73325	0
2	53696	0.733375	0
2	53705	0.7335	0
2	53714	0.733625	0
2	53723	0.73375	0
2	53732	0.733875	0
2	53741	0.734	0
2	53750	0.734125	0
2	53759	0.73425	0
2	53768	0.734375	0
2	53777	0.7345	0
2	53786	0.734625	0
2	53795	0.73475	0
2	53804	0.734875	0
2	53813	0.735	0
2	53822	0.735125	0
2	53831	0.73525	0
2	53840	0.735375	0
2	53849	0.7355	0
2	53858	0.735625	0
2	53867	0.73575	0
2	53876	0.735875	0
2	53885	0.736	0
2	53894	0.736125	0
2	53907	0.73625	0
2	53916	0.736375	0
2	53925	0.7365	0
2	53934	0.736625	0
2	53943	0.73675	0
2	53952	0.736875	0
2	53961	0.737	0
2	53970	0.737125	0
2	53979	0.73725	0
2	53988	0.737375	0
2	53997	0.7375	0
2	54006	0.737625	0
2	54015	0.73775	0
2	54024	0.737875	0
2	54033	0.738	0
2	54042	0.738125	0
2	54051	0.73825	0
2	54060	0.738375	0
2	54069	0.7385	0
2	54078	0.738625	0
2	54087	0.73875	0
2	54096	0.738875	0
2	54105	0.739	0
2	54114	0.739125	0
2	54123	0.73925	0
2	54132	0.739375	0
2	54145	0.7395	0
2	54154	0.739625	0
2	54163	0.73975	0
2	54172	0.739875	0
2	54181	0.74	0
2	54190	0.740125	0
2	54199	0.74025	0
2	54208	0.740375	0
2	54217	0.7405	0
2	54226	0.740625	0
2	54235	0.74075	0
2	54244	0.740875	0
2	54253	0.741	0
2	54262	0.741125	0
2	54271	0.74125	0
2	54280	0.741375	0
2	54289	0.7415	0
2	54298	0.741625	0
2	54307	0.74175	0
2	54316	0.741875	0
2	54325	0.742	0
2	54334	0.742125	0
2	54343	0.74225	0
2	54352	0.742375	0
2	54361	0.7425	0
2	54370	0.742625	0
2	54383	0.74275	0
2	54392	0.742875	0
2	54401	0.743	0
2	54410	0.743125	0
2	54419	0.74325	0
2	54428	0.743375	0
2	54437	0.7435	0
2	54446	0.743625	0
2	54455	0.74375	0
2	54464	0.743875	0
2	54473	0.744	0
2	54482	0.744125	0
2	54491	0.74425	0
2	54500	0.744375	0
2	54509	0.7445	0
2	54518	0.744625	0
2	54527	0.74475	0
2	54536	0.744875	0
2	54545	0.745	0
2	54554	0.745125	0
2	54563	0.74525	0
2	54572	0.745375	0
2	54581	0.7455	0
2	54590	0.745625	0
2	54599	0.74575	0
2	54608	0.745875	0
2	54621	0.746	0
2	54630	0.746125	0
2	54639	0.74625	0
2	54648	0.746375	0
2	54657	0.7465	0
2	54666	0.746625	0
2	54675	0.74675	0
2	54684	0.746875	0
2	54693	0.747	0
2	54702	0.747125	0
2	54711	0.74725	0
2	54720	0.747375	0
2	54729	0.7475	0
2	54738	0.747625	0
2	54747	0.74775	0
2	54756	0.747875	0
2	54765	0.748	0
2	54774	0.748125	0
2	54783	0.74825	0
2	54792	0.748375	0
2	54801	0.7485	0
2	54810	0.748625	0
2	54819	0.74875	0
2	54828	0.748875	0
2	54837	0.749	0
2	54846	0.749125	0
2	54859	0.74925	0
2	54868	0.749375	0
2	54877	0.7495	0
2	54886	0.749625	0
2	54895	0.74975	0
2	54904	0.749875	0
2	54913	0.75	0
2	54922	0.750125	0
2	54931	0.75025	0
2	54940	0.750375	0
2	54949	0.7505	0
2	54958	0.750625	0
2	54967	0.75075	0
2	54976	0.750875	0
2	54985	0.751	0
2	54994	0.751125	0
2	55003	0.75125	0
2	55012	0.751375	0
2	55021	0.7515	0
2	55030	0.751625	0
2	55039	0.75175	0
2	55048	0.751875	0
2	55057	0.752	0
2	55066	0.752125	0
2	55075	0.75225	0
2	55084	0.752375	0
2	55093	0.7525	0
2	55106	0.752625	0
2	55115	0.75275	0
2	55124	0.752875	0
2	55133	0.753	0
2	55142	0.753125	0
2	55151	0.75325	0
2	55160	0.753375	0
2	55169	0.7535	0
2	55178	0.753625	0
2	55187	0.75375	0
2	55196	0.753875	0
2	55205	0.754	0
2	55214	0.754125	0
2	55223	0.75425	0
2	55232	0.754375	0
2	55241	0.7545	0
2	55250	0.754625	0
2	55259	0.75475	0
2	55268	0.754875	0
2	55277	0.755	0
2	55286	0.755125	0
2	55295	0.75525	0
2	55304	0.755375	0
2	55313	0.7555	0
2	55322	0.755625	0
2	55331	0.75575	0
2	55344	0.755875	0
2	55353	0.756	0
2	55362	0.756125	0
2	55371	0.75625	0
2	55380	0.756375	0
2	55389	0.7565	0
2	55398	0.756625	0
2	55407	0.75675	0
2	55416	0.756875	0
2	55425	0.757	0
2	55434	0.757125	0
2	55443	0.75725	0
2	55452	0.757375	0
2	55461	0.7575	0
2	55470	0.757625	0
2	55479	0.75775	0
2	55488	0.757875	0
2	55497	0.758	0
2	55506	0.758125	0
2	55515	0.75825	0
2	55524	0.758375	0
2	55533	0.7585	0
2	55542	0.758625	0
2	55551	0.75875	0
2	55560	0.758875	0
2	55569	0.759	0
2	55582	0.759125	0
2	55591	0.75925	0
2	55600	0.759375	0
2	55609	0.7595	0
2	55618	0.759625	0
2	55627	0.75975	0
2	55636	0.759875	0
2	55645	0.76	0
2	55654	0.760125	0
2	55663	0.76025	0
2	55672	0.760375	0
2	55681	0.7605	0
2	55690	0.760625	0
2	55699	0.76075	0
2	55708	0.760875	0
2	55717	0.761	0
2	55726	0.761125	0
2	55735	0.76125	0
2	55744	0.761375	0
2	55753	0.7615	0
2	55762	0.761625	0
2	55771	0.76175	0
2	55780	0.761875	0
2	55789	0.762	0
2	55798	0.762125	0
2	55807	0.76225	0
2	55820	0.762375	0
2	55829	0.7625	0
2	55838	0.762625	0
2	55847	0.76275	0
2	55856	0.762875	0
2	55865	0.763	0
2	55874	0.763125	0
2	55883	0.76325	0
2	55892	0.763375	0
2	55901	0.7635	0
2	55910	0.763625	0
2	55919	0.76375	0
2	55928	0.763875	0
2	55937	0.764	0
2	55946	0.764125	0
2	55955	0.76425	0
2	55964	0.764375	0
2	55973	0.7645	0
2	55982	0.764625	0
2	55991	0.76475	0
2	56000	0.764875	0
2	56009	0.765	0
2	56018	0.765125	0
2	56027	0.76525	0
2	56036	0.765375	0
2	56045	0.7655	0
2	56058	0.765625	0
2	56067	0.76575	0
2	56076	0.765875	0
2	56085	0.766	0
2	56094	0.766125	0
2	56103	0.76625	0
2	56112	0.766375	0
2	56121	0.7665	0
2	56130	0.766625	0
2	56139	0.76675	0
2	56148	0.766875	0
2	56157	0.767	0
2	56166	0.767125	0
2	56175	0.76725	0
2	56184	0.767375	0
2	56193	0.7675	0
2	56202	0.767625	0
2	56211	0.76775	0
2	56220	0.767875	0
2	56229	0.768	0
2	56238	0.768125	0
2	56247	0.76825	0
2	56256	0.768375	0
2	56265	0.7685	0
2	56274	0.768625	0
2	56283	0.76875	0
2	56296	0.768875	0
2	56305	0.769	0
2	56314	0.769125	0
2	56323	0.76925	0
2	56332	0.769375	0
2	56341	0.7695	0
2	56350	0.769625	0
2	56359	0.76975	0
2	56368	0.769875	0
2	56377	0.77	0
2	56386	0.770125	0
2	56395	0.77025	0
2	56404	0.770375	0
2	56413	0.7705	0
2	56422	0.770625	0
2	56431	0.77075	0
2	56440	0.770875	0
2	56449	0.771	0
2	56458	0.771125	0
2	56467	0.77125	0
2	56476	0.771375	0
2	56485	0.7715	0
2	56494	0.771625	0
2	56503	0.77175	0
2	56512	0.771875	0
2	56521	0.772	0
2	56530	0.772125	0
2	56543	0.77225	0
2	56552	0.772375	0
2	56561	0.7725	0
2	56570	0.772625	0
2	56579	0.77275	0
2	56588	0.772875	0
2	56597	0.773	0
2	56606	0.773125	0
2	56615	0.77325	0
2	56624	0.773375	0
2	56633	0.7735	0
2	56642	0.773625	0
2	56651	0.77375	0
2	56660	0.773875	0
2	56669	0.774	0
2	56678	0.774125	0
2	56687	0.77425	0
2	56696	0.774375	0
2	56705	0.7745	0
2	56714	0.774625	0
2	56723	0.77475	0
2	56732	0.774875	0
2	56741	0.775	0
2	56750	0.775125	0
2	56759	0.77525	0
2	56768	0.775375	0
2	56781	0.7755	0
2	56790	0.775625	0
2	56799	0.77575	0
2	56808	0.775875	0
2	56817	0.776	0
2	56826	0.776125	0
2	56835	0.77625	0
2	56844	0.776375	0
2	56853	0.7765	0
2	56862	0.776625	0
2	56871	0.77675	0
2	56880	0.776875	0
2	56889	0.777	0
2	56898	0.777125	0
2	56907	0.77725	0
2	56916	0.777375	0
2	56925	0.7775	0
2	56934	0.777625	0
2	56943	0.77775	0
2	56952	0.777875	0
2	56961	0.778	0
2	56970	0.778125	0
2	56979	0.77825	0
2	56988	0.778375	0
2	56997	0.7785	0
2	57006	0.778625	0
2	57019	0.77875	0
2	57028	0.778875	0
2	57037	0.779	0
2	57046	0.779125	0
2	57055	0.77925	0
2	57064	0.779375	0
2	57073	0.7795	0
2	57082	0.779625	0
2	57091	0.77975	0
2	57100	0.779875	0
2	57109	0.78	0
2	57118	0.780125	0
2	57127	0.78025	0
2	57136	0.780375	0
2	57145	0.7805	0
2	57154	0.780625	0
2	57163	0.78075	0
2	57172	0.780875	0
2	57181	0.781	0
2	57190	0.781125	0
2	57199	0.78125	0
2	57208	0.781375	0
2	57217	0.7815	0
2	57226	0.781625	0
2	57235	0.78175	0
2	57244	0.781875	0
2	57257	0.782	0
2	57266	0.782125	0
2	57275	0.78225	0
2	57284	0.782375	0
2	57293	0.7825	0
2	57302	0.782625	0
2	57311	0.78275	0
2	57320	0.782875	0
2	57329	0.783	0
2	57338	0.783125	0
2	57347	0.78325	0
2	57356	0.783375	0
2	57365	0.7835	0
2	57374	0.783625	0
2	57383	0.78375	0
2	57392	0.783875	0
2	57401	0.784	0
2	57410	0.784125	0
2	57419	0.78425	0
2	57428	0.784375	0
2	57437	0.7845	0
2	57446	0.784625	0
2	57455	0.78475	0
2	57464	0.784875	0
2	57473	0.785	0
2	57482	0.785125	0
2	57495	0.78525	0
2	57504	0.785375	0
2	57513	0.7855	0
2	57522	0.785625	0
2	57531	0.78575	0
2	57540	0.785875	0
2	57549	0.786	0
2	57558	0.786125	0
2	57567	0.78625	0
2	57576	0.786375	0
2	57585	0.7865	0
2	57594	0.786625	0
2	57603	0.78675	0
2	57612	0.786875	0
2	57621	0.787	0
2	57630	0.787125	0
2	57639	0.78725	0
2	57648	0.787375	0
2	57657	0.7875	0
2	57666	0.787625	0
2	57675	0.78775	0
2	57684	0.787875	0
2	57693	0.788	0
2	57702	0.788125	0
2	57711	0.78825	0
2	57720	0.788375	0
2	57733	0.7885	0
2	57742	0.788625	0
2	57751	0.78875	0
2	57760	0.788875	0
2	57769	0.789	0
2	57778	0.789125	0
2	57787	0.78925	0
2	57796	0.789375	0
2	57805	0.7895	0
2	57814	0.789625	0
2	57823	0.78975	0
2	57832	0.789875	0
2	57841	0.79	0
2	57850	0.790125	0
2	57859	0.79025	0
2	57868	0.790375	0
2	57877	0.7905	0
2	57886	0.790625	0
2	57895	0.79075	0
2	57904	0.790875	0
2	57913	0.791	0
2	57922	0.791125	0
2	57931	0.79125	0
2	57940	0.791375	0
2	57949	0.7915	0
2	57958	0.791625	0
2	57967	0.79175	0
2	57980	0.791875	0
2	57989	0.792	0
2	57998	0.792125	0
2	58007	0.79225	0
2	58016	0.792375	0
2	58025	0.7925	0
2	58034	0.792625	0
2	58043	0.79275	0
2	58052	0.792875	0
2	58061	0.793	0
2	58070	0.793125	0
2	58079	0.79325	0
2	58088	0.793375	0
2	58097	0.7935	0
2	58106	0.793625	0
2	58115	0.79375	0
2	58124	0.793875	0
2	58133	0.794	0
2	58142	0.794125	0
2	58151	0.79425	0
2	58160	0.794375	0
2	58169	0.7945	0
2	58178	0.794625	0
2	58187	0.79475	0
2	58196	0.794875	0
2	58205	0.795	0
2	58218	0.795125	0
2	58227	0.79525	0
2	58236	0.795375	0
2	58245	0.7955	0
2	58254	0.795625	0
2	58263	0.79575	0
2	58272	0.795875	0
2	58281	0.796	0
2	58290	0.796125	0
2	58299	0.79625	0
2	58308	0.796375	0
2	58317	0.7965	0
2	58326	0.796625	0
2	58335	0.79675	0
2	58344	0.796875	0
2	58353	0.797	0
2	58362	0.797125	0
2	58371	0.79725	0
2	58380	0.797375	0
2	58389	0.7975	0
2	58398	0.797625	0
2	58407	0.79775	0
2	58416	0.797875	0
2	58425	0.798	0
2	58434	0.798125	0
2	58443	0.79825	0
2	58456	0.798375	0
2	58465	0.7985	0
2	58474	0.798625	0
2	58483	0.79875	0
2	58492	0.798875	0
2	58501	0.799	0
2	58510	0.799125	0
2	58519	0.79925	0
2	58528	0.799375	0
2	58537	0.7995	0
2	58546	0.799625	0
2	58555	0.79975	0
2	58564	0.799875	0
2	58573	0.8	0
2	58582	0.800125	0
2	58591	0.80025	0
2	58600	0.800375	0
2	58609	0.8005	0
2	58618	0.800625	0
2	58627	0.80075	0
2	58636	0.800875	0
2	58645	0.801	0
2	58654	0.801125	0
2	58663	0.80125	0
2	58672	0.801375	0
2	58681	0.8015	0
2	58694	0.801625	0
2	58703	0.80175	0
2	58712	0.801875	0
2	58721	0.802	0
2	58730	0.802125	0
2	58739	0.80225	0
2	58748	0.802375	0
2	58757	0.8025	0
2	58766	0.802625	0
2	58775	0.80275	0
2	58784	0.802875	0
2	58793	0.803	0
2	58802	0.803125	0
2	58811	0.80325	0
2	58820	0.803375	0
2	58829	0.8035	0
2	58838	0.803625	0
2	58847	0.80375	0
2	58856	0.803875	0
2	58865	0.804	0
2	58874	0.804125	0
2	58883	0.80425	0
2	58892	0.804375	0
2	58901	0.8045	0
2	58910	0.804625	0
2	58919	0.80475	0
2	58932	0.804875	0
2	58941	0.805	0
2	58950	0.805125	0
2	58959	0.80525	0
2	58968	0.805375	0
2	58977	0.8055	0
2	58986	0.805625	0
2	58995	0.80575	0
2	59004	0.805875	0
2	59013	0.806	0
2	59022	0.806125	0
2	59031	0.80625	0
2	59040	0.806375	0
2	59049	0.8065	0
2	59058	0.806625	0
2	59067	0.80675	0
2	59076	0.806875	0
2	59085	0.807	0
2	59094	0.807125	0
2	59103	0.80725	0
2	59112	0.807375	0
2	59121	0.8075	0
2	59130	0.807625	0
2	59139	0.80775	0
2	59148	0.807875	0
2	59157	0.808	0
2	59170	0.808125	0
2	59179	0.80825	0
2	59188	0.808375	0
2	59197	0.8085	0
2	59206	0.808625	0
2	59215	0.80875	0
2	59224	0.808875	0
2	59233	0.809	0
2	59242	0.809125	0
2	59251	0.80925	0
2	59260	0.809375	0
2	59269	0.8095	0
2	59278	0.809625	0
2	59287	0.80975	0
2	59296	0.809875	0
2	59305	0.81	0
2	59314	0.810125	0
2	59323	0.81025	0
2	59332	0.810375	0
2	59341	0.8105	0
2	59350	0.810625	0
2	59359	0.81075	0
2	59368	0.810875	0
2	59377	0.811	0
2	59386	0.811125	0
2	59395	0.81125	0
2	59404	0.811375	0
2	59417	0.8115	0
2	59426	0.811625	0
2	59435	0.81175	0
2	59444	0.811875	0
2	59453	0.812	0
2	59462	0.812125	0
2	59471	0.81225	0
2	59480	0.812375	0
2	59489	0.8125	0
2	59498	0.812625	0
2	59507	0.81275	0
2	59516	0.812875	0
2	59525	0.813	0
2	59534	0.813125	0
2	59543	0.81325	0
2	59552	0.813375	0
2	59561	0.8135	0
2	59570	0.813625	0
2	59579	0.81375	0
2	59588	0.813875	0
2	59597	0.814	0
2	59606	0.814125	0
2	59615	0.81425	0
2	59624	0.814375	0
2	59633	0.8145	0
2	59642	0.814625	0
2	59655	0.81475	0
2	59664	0.814875	0
2	59673	0.815	0
2	59682	0.815125	0
2	59691	0.81525	0
2	59700	0.815375	0
2	59709	0.8155	0
2	59718	0.815625	0
2	59727	0.81575	0
2	59736	0.815875	0
2	59745	0.816	0
2	59754	0.816125	0
2	59763	0.81625	0
2	59772	0.816375	0
2	59781	0.8165	0
2	59790	0.816625	0
2	59799	0.81675	0
2	59808	0.816875	0
2	59817	0.817	0
2	59826	0.817125	0
2	59835	0.81725	0
2	59844	0.817375	0
2	59853	0.8175	0
2	59862	0.817625	0
2	59871	0.81775	0
2	59880	0.817875	0
2	59893	0.818	0
2	59902	0.818125	0
2	59911	0.81825	0
2	59920	0.818375	0
2	59929	0.8185	0
2	59938	0.818625	0
2	59947	0.81875	0
2	59956	0.818875	0
2	59965	0.819	0
2	59974	0.819125	0
2	59983	0.81925	0
2	59992	0.819375	0
2	60001	0.8195	0
2	60010	0.819625	0
2	60019	0.81975	0
2	60028	0.819875	0
2	60037	0.82	0
2	60046	0.820125	0
2	60055	0.82025	0
2	60064	0.820375	0
2	60073	0.8205	0
2	60082	0.820625	0
2	60091	0.82075	0
2	60100	0.820875	0
2	60109	0.821	0
2	60118	0.821125	0
2	60131	0.82125	0
2	60140	0.821375	0
2	60149	0.8215	0
2	60158	0.821625	0
2	60167	0.82175	0
2	60176	0.821875	0
2	60185	0.822	0
2	60194	0.822125	0
2	60203	0.82225	0
2	60212	0.822375	0
2	60221	0.8225	0
2	60230	0.822625	0
2	60239	0.82275	0
2	60248	0.822875	0
2	60257	0.823	0
2	60266	0.823125	0
2	60275	0.82325	0
2	60284	0.823375	0
2	60293	0.8235	0
2	60302	0.823625	0
2	60311	0.82375	0
2	60320	0.823875	0
2	60329	0.824	0
2	60338	0.824125	0
2	60347	0.82425	0
2	60356	0.824375	0
2	60369	0.8245	0
2	60378	0.824625	0
2	60387	0.82475	0
2	60396	0.824875	0
2	60405	0.825	0
2	60414	0.825125	0
2	60423	0.82525	0
2	60432	0.825375	0
2	60441	0.8255	0
2	60450	0.825625	0
2	60459	0.82575	0
2	60468	0.825875	0
2	60477	0.826	0
2	60486	0.826125	0
2	60495	0.82625	0
2	60504	0.826375	0
2	60513	0.8265	0
2	60522	0.826625	0
2	60531	0.82675	0
2	60540	0.826875	0
2	60549	0.827	0
2	60558	0.827125	0
2	60567	0.82725	0
2	60576	0.827375	0
2	60585	0.8275	0
2	60594	0.827625	0
2	60603	0.82775	0
2	60616	0.827875	0
2	60625	0.828	0
2	60634	0.828125	0
2	60643	0.82825	0
2	60652	0.828375	0
2	60661	0.8285	0
2	60670	0.828625	0
2	60679	0.82875	0
2	60688	0.828875	0
2	60697	0.829	0
2	60706	0.829125	0
2	60715	0.82925	0
2	60724	0.829375	0
2	60733	0.8295	0
2	60742	0.829625	0
2	60751	0.82975	0
2	60760	0.829875	0
2	60769	0.83	0
2	60778	0.830125	0
2	60787	0.83025	0
2	60796	0.830375	0
2	60805	0.8305	0
2	60814	0.830625	0
2	60823	0.83075	0
2	60832	0.830875	0
2	60841	0.831	0
2	60854	0.831125	0
2	60863	0.83125	0
2	60872	0.831375	0
2	60881	0.8315	0
2	60890	0.831625	0
2	60899	0.83175	0
2	60908	0.831875	0
2	60917	0.832	0
2	60926	0.832125	0
2	60935	0.83225	0
2	60944	0.832375	0
2	60953	0.8325	0
2	60962	0.832625	0
2	60971	0.83275	0
2	60980	0.832875	0
2	60989	0.833	0
2	60998	0.833125	0
2	61007	0.83325	0
2	61016	0.833375	0
2	61025	0.8335	0
2	61034	0.833625	0
2	61043	0.83375	0
2	61052	0.833875	0
2	61061	0.834	0
2	61070	0.834125	0
2	61079	0.83425	0
2	61092	0.834375	0
2	61101	0.8345	0
2	61110	0.834625	0
2	61119	0.83475	0
2	61128	0.834875	0
2	61137	0.835	0
2	61146	0.835125	0
2	61155	0.83525	0
2	61164	0.835375	0
2	61173	0.8355	0
2	61182	0.835625	0
2	61191	0.83575	0
2	61200	0.835875	0
2	61209	0.836	0
2	61218	0.836125	0
2	61227	0.83625	0
2	61236	0.836375	0
2	61245	0.8365	0
2	61254	0.836625	0
2	61263	0.83675	0
2	61272	0.836875	0
2	61281	0.837	0
2	61290	0.837125	0
2	61299	0.83725	0
2	61308	0.837375	0
2	61317	0.8375	0
2	61330	0.837625	0
2	61339	0.83775	0
2	61348	0.837875	0
2	61357	0.838	0
2	61366	0.838125	0
2	61375	0.83825	0
2	61384	0.838375	0
2	61393	0.8385	0
2	61402	0.838625	0
2	61411	0.83875	0
2	61420	0.838875	0
2	61429	0.839	0
2	61438	0.839125	0
2	61447	0.83925	0
2	61456	0.839375	0
2	61465	0.8395	0
2	61474	0.839625	0
2	61483	0.83975	0
2	61492	0.839875	0
2	61501	0.84	0
2	61510	0.840125	0
2	61519	0.84025	0
2	61528	0.840375	0
2	61537	0.8405	0
2	61546	0.840625	0
2	61555	0.84075	0
2	61568	0.840875	0
2	61577	0.841	0
2	61586	0.841125	0
2	61595	0.84125	0
2	61604	0.841375	0
2	61613	0.8415	0
2	61622	0.841625	0
2	61631	0.84175	0
2	61640	0.841875	0
2	61649	0.842	0
2	61658	0.842125	0
2	61667	0.84225	0
2	61676	0.842375	0
2	61685	0.8425	0
2	61694	0.842625	0
2	61703	0.84275	0
2	61712	0.842875	0
2	61721	0.843	0
2	61730	0.843125	0
2	61739	0.84325	0
2	61748	0.843375	0
2	61757	0.8435	0
2	61766	0.843625	0
2	61775	0.84375	0
2	61784	0.843875	0
2	61793	0.844	0
2	61806	0.844125	0
2	61815	0.84425	0
2	61824	0.844375	0
2	61833	0.8445	0
2	61842	0.844625	0
2	61851	0.84475	0
2	61860	0.844875	0
2	61869	0.845	0
2	61878	0.845125	0
2	61887	0.84525	0
2	61896	0.845375	0
2	61905	0.8455	0
2	61914	0.845625	0
2	61923	0.84575	0
2	61932	0.845875	0
2	61941	0.846	0
2	61950	0.846125	0
2	61959	0.84625	0
2	61968	0.846375	0
2	61977	0.8465	0
2	61986	0.846625	0
2	61995	0.84675	0
2	62004	0.846875	0
2	62013	0.847	0
2	62022	0.847125	0
2	62031	0.84725	0
2	62040	0.847375	0
2	62053	0.8475	0
2	62062	0.847625	0
2	62071	0.84775	0
2	62080	0.847875	0
2	62089	0.848	0
2	62098	0.848125	0
2	62107	0.84825	0
2	62116	0.848375	0
2	62125	0.8485	0
2	62134	0.848625	0
2	62143	0.84875	0
2	62152	0.848875	0
2	62161	0.849	0
2	62170	0.849125	0
2	62179	0.84925	0
2	62188	0.849375	0
2	62197	0.8495	0
2	62206	0.849625	0
2	62215	0.84975	0
2	62224	0.849875	0
2	62233	0.85	0
2	62242	0.850125	0
2	62251	0.85025	0
2	62260	0.850375	0
2	62269	0.8505	0
2	62278	0.850625	0
2	62291	0.85075	0
2	62300	0.850875	0
2	62309	0.851	0
2	62318	0.851125	0
2	62327	0.85125	0
2	62336	0.851375	0
2	62345	0.8515	0
2	62354	0.851625	0
2	62363	0.85175	0
2	62372	0.851875	0
2	62381	0.852	0
2	62390	0.852125	0
2	62399	0.85225	0
2	62408	0.852375	0
2	62417	0.8525	0
2	62426	0.852625	0
2	62435	0.85275	0
2	62444	0.852875	0
2	62453	0.853	0
2	62462	0.853125	0
2	62471	0.85325	0
2	62480	0.853375	0
2	62489	0.8535	0
2	62498	0.853625	0
2	62507	0.85375	0
2	62516	0.853875	0
2	62529	0.854	0
2	62538	0.854125	0
2	62547	0.85425	0
2	62556	0.854375	0
2	62565	0.8545	0
2	62574	0.854625	0
2	62583	0.85475	0
2	62592	0.854875	0
2	62601	0.855	0
2	62610	0.855125	0
2	62619	0.85525	0
2	62628	0.855375	0
2	62637	0.8555	0
2	62646	0.855625	0
2	62655	0.85575	0
2	62664	0.855875	0
2	62673	0.856	0
2	62682	0.856125	0
2	62691	0.85625	0
2	62700	0.856375	0
2	62709	0.8565	0
2	62718	0.856625	0
2	62727	0.85675	0
2	62736	0.856875	0
2	62745	0.857	0
2	62754	0.857125	0
2	62767	0.85725	0
2	62776	0.857375	0
2	62785	0.8575	0
2	62794	0.857625	0
2	62803	0.85775	0
2	62812	0.857875	0
2	62821	0.858	0
2	62830	0.858125	0
2	62839	0.85825	0
2	62848	0.858375	0
2	62857	0.8585	0
2	62866	0.858625	0
2	62875	0.85875	0
2	62884	0.858875	0
2	62893	0.859	0
2	62902	0.859125	0
2	62911	0.85925	0
2	62920	0.859375	0
2	62929	0.8595	0
2	62938	0.859625	0
2	62947	0.85975	0
2	62956	0.859875	0
2	62965	0.86	0
2	62974	0.860125	0
2	62983	0.86025	0
2	62992	0.860375	0
2	63005	0.8605	0
2	63014	0.860625	0
2	63023	0.86075	0
2	63032	0.860875	0
2	63041	0.861	0
2	63050	0.861125	0
2	63059	0.86125	0
2	63068	0.861375	0
2	63077	0.8615	0
2	63086	0.861625	0
2	63095	0.86175	0
2	63104	0.861875	0
2	63113	0.862	0
2	63122	0.862125	0
2	63131	0.86225	0
2	63140	0.862375	0
2	63149	0.8625	0
2	63158	0.862625	0
2	63167	0.86275	0
2	63176	0.862875	0
2	63185	0.863	0
2	63194	0.863125	0
2	63203	0.86325	0
2	63212	0.863375	0
2	63221	0.8635	0
2	63230	0.863625	0
2	63243	0.86375	0
2	63252	0.863875	0
2	63261	0.864	0
2	63270	0.864125	0
2	63279	0.86425	0
2	63288	0.864375	0
2	63297	0.8645	0
2	63306	0.864625	0
2	63315	0.86475	0
2	63324	0.864875	0
2	63333	0.865	0
2	63342	0.865125	0
2	63351	0.86525	0
2	63360	0.865375	0
2	63369	0.8655	0
2	63378	0.865625	0
2	63387	0.86575	0
2	63396	0.865875	0
2	63405	0.866	0
2	63414	0.866125	0
2	63423	0.86625	0
2	63432	0.866375	0
2	63441	0.8665	0
2	63450	0.866625	0
2	63459	0.86675	0
2	63468	0.866875	0
2	63477	0.867	0
2	63490	0.867125	0
2	63499	0.86725	0
2	63508	0.867375	0
2	63517	0.8675	0
2	63526	0.867625	0
2	63535	0.86775	0
2	63544	0.867875	0
2	63553	0.868	0
2	63562	0.868125	0
2	63571	0.86825	0
2	63580	0.868375	0
2	63589	0.8685	0
2	63598	0.868625	0
2	63607	0.86875	0
2	63616	0.868875	0
2	63625	0.869	0
2	63634	0.869125	0
2	63643	0.86925	0
2	63652	0.869375	0
2	63661	0.8695	0
2	63670	0.869625	0
2	63679	0.86975	0
2	63688	0.869875	0
2	63697	0.87	0
2	63706	0.870125	0
2	63715	0.87025	0
2	63728	0.870375	0
2	63737	0.8705	0
2	63746	0.870625	0
2	63755	0.87075	0
2	63764	0.870875	0
2	63773	0.871	0
2	63782	0.871125	0
2	63791	0.87125	0
2	63800	0.871375	0
2	63809	0.8715	0
2	63818	0.871625	0
2	63827	0.87175	0
2	63836	0.871875	0
2	63845	0.872	0
2	63854	0.872125	0
2	63863	0.87225	0
2	63872	0.872375	0
2	63881	0.8725	0
2	63890	0.872625	0
2	63899	0.87275	0
2	63908	0.872875	0
2	63917	0.873	0
2	63926	0.873125	0
2	63935	0.87325	0
2	63944	0.873375	0
2	63953	0.8735	0
2	63966	0.873625	0
2	63975	0.87375	0
2	63984	0.873875	0
2	63993	0.874	0
2	64002	0.874125	0
2	64011	0.87425	0
2	64020	0.874375	0
2	64029	0.8745	0
2	64038	0.874625	0
2	64047	0.87475	0
2	64056	0.874875	0
2	64065	0.875	0
2	64074	0.875125	0
2	64083	0.87525	0
2	64092	0.875375	0
2	64101	0.8755	0
2	64110	0.875625	0
2	64119	0.87575	0
2	64128	0.875875	0
2	64137	0.876	0
2	64146	0.876125	0
2	64155	0.87625	0
2	64164	0.876375	0
2	64173	0.8765	0
2	64182	0.876625	0
2	64191	0.87675	0
2	64204	0.876875	0
2	64213	0.877	0
2	64222	0.877125	0
2	64231	0.87725	0
2	64240	0.877375	0
2	64249	0.8775	0
2	64258	0.877625	0
2	64267	0.87775	0
2	64276	0.877875	0
2	64285	0.878	0
2	64294	0.878125	0
2	64303	0.87825	0
2	64312	0.878375	0
2	64321	0.8785	0
2	64330	0.878625	0
2	64339	0.87875	0
2	64348	0.878875	0
2	64357	0.879	0
2	64366	0.879125	0
2	64375	0.87925	0
2	64384	0.879375	0
2	64393	0.8795	0
2	64402	0.879625	0
2	64411	0.87975	0
2	64420	0.879875	0
2	64429	0.88	0
2	64442	0.880125	0
2	64451	0.88025	0
2	64460	0.880375	0
2	64469	0.8805	0
2	64478	0.880625	0
2	64487	0.88075	0
2	64496	0.880875	0
2	64505	0.881	0
2	64514	0.881125	0
2	64523	0.88125	0
2	64532	0.881375	0
2	64541	0.8815	0
2	64550	0.881625	0
2	64559	0.88175	0
2	64568	0.881875	0
2	64577	0.882	0
2	64586	0.882125	0
2	64595	0.88225	0
2	64604	0.882375	0
2	64613	0.8825	0
2	64622	0.882625	0
2	64631	0.88275	0
2	64640	0.882875	0
2	64649	0.883	0
2	64658	0.883125	0
2	64667	0.88325	0
2	64680	0.883375	0
2	64689	0.8835	0
2	64698	0.883625	0
2	64707	0.88375	0
2	64716	0.883875	0
2	64725	0.884	0
2	64734	0.884125	0
2	64743	0.88425	0
2	64752	0.884375	0
2	64761	0.8845	0
2	64770	0.884625	0
2	64779	0.88475	0
2	64788	0.884875	0
2	64797	0.885	0
2	64806	0.885125	0
2	64815	0.88525	0
2	64824	0.885375	0
2	64833	0.8855	0
2	64842	0.885625	0
2	64851	0.88575	0
2	64860	0.885875	0
2	64869	0.886	0
2	64878	0.886125	0
2	64887	0.88625	0
2	64896	0.886375	0
2	64905	0.8865	0
2	64914	0.886625	0
2	64927	0.88675	0
2	64936	0.886875	0
2	64945	0.887	0
2	64954	0.887125	0
2	64963	0.88725	0
2	64972	0.887375	0
2	64981	0.8875	0
2	64990	0.887625	0
2	64999	0.88775	0
2	65008	0.887875	0
2	65017	0.888	0
2	65026	0.888125	0
2	65035	0.88825	0
2	65044	0.888375	0
2	65053	0.8885	0
2	65062	0.888625	0
2	65071	0.88875	0
2	65080	0.888875	0
2	65089	0.889	0
2	65098	0.889125	0
2	65107	0.88925	0
2	65116	0.889375	0
2	65125	0.8895	0
2	65134	0.889625	0
2	65143	0.88975	0
2	65152	0.889875	0
2	65165	0.89	0
2	65174	0.890125	0
2	65183	0.89025	0
2	65192	0.890375	0
2	65201	0.8905	0
2	65210	0.890625	0
2	65219	0.89075	0
2	65228	0.890875	0
2	65237	0.891	0
2	65246	0.891125	0
2	65255	0.89125	0
2	65264	0.891375	0
2	65273	0.8915	0
2	65282	0.891625	0
2	65291	0.89175	0
2	65300	0.891875	0
2	65309	0.892	0
2	65318	0.892125	0
2	65327	0.89225	0
2	65336	0.892375	0
2	65345	0.8925	0
2	65354	0.892625	0
2	65363	0.89275	0
2	65372	0.892875	0
2	65381	0.893	0
2	65390	0.893125	0
2	65403	0.89325	0
2	65412	0.893375	0
2	65421	0.8935	0
2	65430	0.893625	0
2	65439	0.89375	0
2	65448	0.893875	0
2	65457	0.894	0
2	65466	0.894125	0
2	65475	0.89425	0
2	65484	0.894375	0
2	65493	0.8945	0
2	65502	0.894625	0
2	65511	0.89475	0
2	65520	0.894875	0
2	65529	0.895	0
2	65538	0.895125	0
2	65547	0.89525	0
2	65556	0.895375	0
2	65565	0.8955	0
2	65574	0.895625	0
2	65583	0.89575	0
2	65592	0.895875	0
2	65601	0.896	0
2	65610	0.896125	0
2	65619	0.89625	0
2	65628	0.896375	0
2	65641	0.8965	0
2	65650	0.896625	0
2	65659	0.89675	0
2	65668	0.896875	0
2	65677	0.897	0
2	65686	0.897125	0
2	65695	0.89725	0
2	65704	0.897375	0
2	65713	0.8975	0
2	65722	0.897625	0
2	65731	0.89775	0
2	65740	0.897875	0
2	65749	0.898	0
2	65758	0.898125	0
2	65767	0.89825	0
2	65776	0.898375	0
2	65785	0.8985	0
2	65794	0.898625	0
2	65803	0.89875	0
2	65812	0.898875	0
2	65821	0.899	0
2	65830	0.899125	0
2	65839	0.89925	0
2	65848	0.899375	0
2	65857	0.8995	0
2	65866	0.899625	0
2	65879	0.89975	0
2	65888	0.899875	0
2	65897	0.9	0
2	65906	0.900125	0
2	65915	0.90025	0
2	65924	0.900375	0
2	65933	0.9005	0
2	65942	0.900625	0
2	65951	0.90075	0
2	65960	0.900875	0
2	65969	0.901	0
2	65978	0.901125	0
2	65987	0.90125	0
2	65996	0.901375	0
2	66005	0.9015	0
2	66014	0.901625	0
2	66023	0.90175	0
2	66032	0.901875	0
2	66041	0.902	0
2	66050	0.902125	0
2	66059	0.90225	0
2	66068	0.902375	0
2	66077	0.9025	0
2	66086	0.902625	0
2	66095	0.90275	0
2	66104	0.902875	0
2	66113	0.903	0
2	66126	0.903125	0
2	66135	0.90325	0
2	66144	0.903375	0
2	66153	0.9035	0
2	66162	0.903625	0
2	66171	0.90375	0
2	66180	0.903875	0
2	66189	0.904	0
2	66198	0.904125	0
2	66207	0.90425	0
2	66216	0.904375	0
2	66225	0.9045	0
2	66234	0.904625	0
2	66243	0.90475	0
2	66252	0.904875	0
2	66261	0.905	0
2	66270	0.905125	0
2	66279	0.90525	0
2	66288	0.905375	0
2	66297	0.9055	0
2	66306	0.905625	0
2	66315	0.90575	0
2	66324	0.905875	0
2	66333	0.906	0
2	66342	0.906125	0
2	66351	0.90625	0
2	66364	0.906375	0
2	66373	0.9065	0
2	66382	0.906625	0
2	66391	0.90675	0
2	66400	0.906875	0
2	66409	0.907	0
2	66418	0.907125	0
2	66427	0.90725	0
2	66436	0.907375	0
2	66445	0.9075	0
2	66454	0.907625	0
2	66463	0.90775	0
2	66472	0.907875	0
2	66481	0.908	0
2	66490	0.908125	0
2	66499	0.90825	0
2	66508	0.908375	0
2	66517	0.9085	0
2	66526	0.908625	0
2	66535	0.90875	0
2	66544	0.908875	0
2	66553	0.909	0
2	66562	0.909125	0
2	66571	0.90925	0
2	66580	0.909375	0
2	66589	0.9095	0
2	66602	0.909625	0
2	66611	0.90975	0
2	66620	0.909875	0
2	66629	0.91	0
2	66638	0.910125	0
2	66647	0.91025	0
2	66656	0.910375	0
2	66665	0.9105	0
2	66674	0.910625	0
2	66683	0.91075	0
2	66692	0.910875	0
2	66701	0.911	0
2	66710	0.911125	0
2	66719	0.91125	0
2	66728	0.911375	0
2	66737	0.9115	0
2	66746	0.911625	0
2	66755	0.91175	0
2	66764	0.911875	0
2	66773	0.912	0
2	66782	0.912125	0
2	66791	0.91225	0
2	66800	0.912375	0
2	66809	0.9125	0
2	66818	0.912625	0
2	66827	0.91275	0
2	66840	0.912875	0
2	66849	0.913	0
2	66858	0.913125	0
2	66867	0.91325	0
2	66876	0.913375	0
2	66885	0.9135	0
2	66894	0.913625	0
2	66903	0.91375	0
2	66912	0.913875	0
2	66921	0.914	0
2	66930	0.914125	0
2	66939	0.91425	0
2	66948	0.914375	0
2	66957	0.9145	0
2	66966	0.914625	0
2	66975	0.91475	0
2	66984	0.914875	0
2	66993	0.915	0
2	67002	0.915125	0
2	67011	0.91525	0
2	67020	0.915375	0
2	67029	0.9155	0
2	67038	0.915625	0
2	67047	0.91575	0
2	67056	0.915875	0
2	67065	0.916	0
2	67078	0.916125	0
2	67087	0.91625	0
2	67096	0.916375	0
2	67105	0.9165	0
2	67114	0.916625	0
2	67123	0.91675	0
2	67132	0.916875	0
2	67141	0.917	0
2	67150	0.917125	0
2	67159	0.91725	0
2	67168	0.917375	0
2	67177	0.9175	0
2	67186	0.917625	0
2	67195	0.91775	0
2	67204	0.917875	0
2	67213	0.918	0
2	67222	0.918125	0
2	67231	0.91825	0
2	67240	0.918375	0
2	67249	0.9185	0
2	67258	0.918625	0
2	67267	0.91875	0
2	67276	0.918875	0
2	67285	0.919	0
2	67294	0.919125	0
2	67303	0.91925	0
2	67316	0.919375	0
2	67325	0.9195	0
2	67334	0.919625	0
2	67343	0.91975	0
2	67352	0.919875	0
2	67361	0.92	0
2	67370	0.920125	0
2	67379	0.92025	0
2	67388	0.920375	0
2	67397	0.9205	0
2	67406	0.920625	0
2	67415	0.92075	0
2	67424	0.920875	0
2	67433	0.921	0
2	67442	0.921125	0
2	67451	0.92125	0
2	67460	0.921375	0
2	67469	0.9215	0
2	67478	0.921625	0
2	67487	0.92175	0
2	67496	0.921875	0
2	67505	0.922	0
2	67514	0.922125	0
2	67523	0.92225	0
2	67532	0.922375	0
2	67541	0.9225	0
2	67550	0.922625	0
2	67563	0.92275	0
2	67572	0.922875	0
2	67581	0.923	0
2	67590	0.923125	0
2	67599	0.92325	0
2	67608	0.923375	0
2	67617	0.9235	0
2	67626	0.923625	0
2	67635	0.92375	0
2	67644	0.923875	0
2	67653	0.924	0
2	67662	0.924125	0
2	67671	0.92425	0
2	67680	0.924375	0
2	67689	0.9245	0
2	67698	0.924625	0
2	67707	0.92475	0
2	67716	0.924875	0
2	67725	0.925	0
2	67734	0.925125	0
2	67743	0.92525	0
2	67752	0.925375	0
2	67761	0.9255	0
2	67770	0.925625	0
2	67779	0.92575	0
2	67788	0.925875	0
2	67801	0.926	0
2	67810	0.926125	0
2	67819	0.92625	0
2	67828	0.926375	0
2	67837	0.9265	0
2	67846	0.926625	0
2	67855	0.92675	0
2	67864	0.926875	0
2	67873	0.927	0
2	67882	0.927125	0
2	67891	0.92725	0
2	67900	0.927375	0
2	67909	0.9275	0
2	67918	0.927625	0
2	67927	0.92775	0
2	67936	0.927875	0
2	67945	0.928	0
2	67954	0.928125	0
2	67963	0.92825	0
2	67972	0.928375	0
2	67981	0.9285	0
2	67990	0.928625	0
2	67999	0.92875	0
2	68008	0.928875	0
2	68017	0.929	0
2	68026	0.929125	0
2	68039	0.92925	0
2	68048	0.929375	0
2	68057	0.9295	0
2	68066	0.929625	0
2	68075	0.92975	0
2	68084	0.929875	0
2	68093	0.93	0
2	68102	0.930125	0
2	68111	0.93025	0
2	68120	0.930375	0
2	68129	0.9305	0
2	68138	0.930625	0
2	68147	0.93075	0
2	68156	0.930875	0
2	68165	0.931	0
2	68174	0.931125	0
2	68183	0.93125	0
2	68192	0.931375	0
2	68201	0.9315	0
2	68210	0.931625	0
2	68219	0.93175	0
2	68228	0.931875	0
2	68237	0.932	0
2	68246	0.932125	0
2	68255	0.93225	0
2	68264	0.932375	0
2	68277	0.9325	0
2	68286	0.932625	0
2	68295	0.93275	0
2	68304	0.932875	0
2	68313	0.933	0
2	68322	0.933125	0
2	68331	0.93325	0
2	68340	0.933375	0
2	68349	0.9335	0
2	68358	0.933625	0
2	68367	0.93375	0
2	68376	0.933875	0
2	68385	0.934	0
2	68394	0.934125	0
2	68403	0.93425	0
2	68412	0.934375	0
2	68421	0.9345	0
2	68430	0.934625	0
2	68439	0.93475	0
2	68448	0.934875	0
2	68457	0.935	0
2	68466	0.935125	0
2	68475	0.93525	0
2	68484	0.935375	0
2	68493	0.9355	0
2	68502	0.935625	0
2	68515	0.93575	0
2	68524	0.935875	0
2	68533	0.936	0
2	68542	0.936125	0
2	68551	0.93625	0
2	68560	0.936375	0
2	68569	0.9365	0
2	68578	0.936625	0
2	68587	0.93675	0
2	68596	0.936875	0
2	68605	0.937	0
2	68614	0.937125	0
2	68623	0.93725	0
2	68632	0.937375	0
2	68641	0.9375	0
2	68650	0.937625	0
2	68659	0.93775	0
2	68668	0.937875	0
2	68677	0.938	0
2	68686	0.938125	0
2	68695	0.93825	0
2	68704	0.938375	0
2	68713	0.9385	0
2	68722	0.938625	0
2	68731	0.93875	0
2	68740	0.938875	0
2	68753	0.939	0
2	68762	0.939125	0
2	68771	0.93925	0
2	68780	0.939375	0
2	68789	0.9395	0
2	68798	0.939625	0
2	68807	0.93975	0
2	68816	0.939875	0
2	68825	0.94	0
2	68834	0.940125	0
2	68843	0.94025	0
2	68852	0.940375	0
2	68861	0.9405	0
2	68870	0.940625	0
2	68879	0.94075	0
2	68888	0.940875	0
2	68897	0.941	0
2	68906	0.941125	0
2	68915	0.94125	0
2	68924	0.941375	0
2	68933	0.9415	0
2	68942	0.941625	0
2	68951	0.94175	0
2	68960	0.941875	0
2	68969	0.942	0
2	68978	0.942125	0
2	68987	0.94225	0
2	69000	0.942375	0
2	69009	0.9425	0
2	69018	0.942625	0
2	69027	0.94275	0
2	69036	0.942875	0
2	69045	0.943	0
2	69054	0.943125	0
2	69063	0.94325	0
2	69072	0.943375	0
2	69081	0.9435	0
2	69090	0.943625	0
2	69099	0.94375	0
2	69108	0.943875	0
2	69117	0.944	0
2	69126	0.944125	0
2	69135	0.94425	0
2	69144	0.944375	0
2	69153	0.9445	0
2	69162	0.944625	0
2	69171	0.94475	0
2	69180	0.944875	0
2	69189	0.945	0
2	69198	0.945125	0
2	69207	0.94525	0
2	69216	0.945375	0
2	69225	0.9455	0
2	69238	0.945625	0
2	69247	0.94575	0
2	69256	0.945875	0
2	69265	0.946	0
2	69274	0.946125	0
2	69283	0.94625	0
2	69292	0.946375	0
2	69301	0.9465	0
2	69310	0.946625	0
2	69319	0.94675	0
2	69328	0.946875	0
2	69337	0.947	0
2	69346	0.947125	0
2	69355	0.94725	0
2	69364	0.947375	0
2	69373	0.9475	0
2	69382	0.947625	0
2	69391	0.94775	0
2	69400	0.947875	0
2	69409	0.948	0
2	69418	0.948125	0
2	69427	0.94825	0
2	69436	0.948375	0
2	69445	0.9485	0
2	69454	0.948625	0
2	69463	0.94875	0
2	69476	0.948875	0
2	69485	0.949	0
2	69494	0.949125	0
2	69503	0.94925	0
2	69512	0.949375	0
2	69521	0.9495	0
2	69530	0.949625	0
2	69539	0.94975	0
2	69548	0.949875	0
2	69557	0.95	0
2	69566	0.950125	0
2	69575	0.95025	0
2	69584	0.950375	0
2	69593	0.9505	0
2	69602	0.950625	0
2	69611	0.95075	0
2	69620	0.950875	0
2	69629	0.951	0
2	69638	0.951125	0
2	69647	0.95125	0
2	69656	0.951375	0
2	69665	0.9515	0
2	69674	0.951625	0
2	69683	0.95175	0
2	69692	0.951875	0
2	69701	0.952	0
2	69714	0.952125	0
2	69723	0.95225	0
2	69732	0.952375	0
2	69741	0.9525	0
2	69750	0.952625	0
2	69759	0.95275	0
2	69768	0.952875	0
2	69777	0.953	0
2	69786	0.953125	0
2	69795	0.95325	0
2	69804	0.953375	0
2	69813	0.9535	0
2	69822	0.953625	0
2	69831	0.95375	0
2	69840	0.953875	0
2	69849	0.954	0
2	69858	0.954125	0
2	69867	0.95425	0
2	69876	0.954375	0
2	69885	0.9545	0
2	69894	0.954625	0
2	69903	0.95475	0
2	69912	0.954875	0
2	69921	0.955	0
2	69930	0.955125	0
2	69939	0.95525	0
2	69952	0.955375	0
2	69961	0.9555	0
2	69970	0.955625	0
2	69979	0.95575	0
2	69988	0.955875	0
2	69997	0.956	0
2	70006	0.956125	0
2	70015	0.95625	0
2	70024	0.956375	0
2	70033	0.9565	0
2	70042	0.956625	0
2	70051	0.95675	0
2	70060	0.956875	0
2	70069	0.957	0
2	70078	0.957125	0
2	70087	0.95725	0
2	70096	0.957375	0
2	70105	0.9575	0
2	70114	0.957625	0
2	70123	0.95775	0
2	70132	0.957875	0
2	70141	0.958	0
2	70150	0.958125	0
2	70159	0.95825	0
2	70168	0.958375	0
2	70177	0.9585	0
2	70190	0.958625	0
2	70199	0.95875	0
2	70208	0.958875	0
2	70217	0.959	0
2	70226	0.959125	0
2	70235	0.95925	0
2	70244	0.959375	0
2	70253	0.9595	0
2	70262	0.959625	0
2	70271	0.95975	0
2	70280	0.959875	0
2	70289	0.96	0
2	70298	0.960125	0
2	70307	0.96025	0
2	70316	0.960375	0
2	70325	0.9605	0
2	70334	0.960625	0
2	70343	0.96075	0
2	70352	0.960875	0
2	70361	0.961	0
2	70370	0.961125	0
2	70379	0.96125	0
2	70388	0.961375	0
2	70397	0.9615	0
2	70406	0.961625	0
2	70415	0.96175	0
2	70424	0.961875	0
2	70437	0.962	0
2	70446	0.962125	0
2	70455	0.96225	0
2	70464	0.962375	0
2	70473	0.9625	0
2	70482	0.962625	0
2	70491	0.96275	0
2	70500	0.962875	0
2	70509	0.963	0
2	70518	0.963125	0
2	70527	0.96325	0
2	70536	0.963375	0
2	70545	0.9635	0
2	70554	0.963625	0
2	70563	0.96375	0
2	70572	0.963875	0
2	70581	0.964	0
2	70590	0.964125	0
2	70599	0.96425	0
2	70608	0.964375	0
2	70617	0.9645	0
2	70626	0.964625	0
2	70635	0.96475	0
2	70644	0.964875	0
2	70653	0.965	0
2	70662	0.965125	0
2	70675	0.96525	0
2	70684	0.965375	0
2	70693	0.9655	0
2	70702	0.965625	0
2	70711	0.96575	0
2	70720	0.965875	0
2	70729	0.966	0
2	70738	0.966125	0
2	70747	0.96625	0
2	70756	0.966375	0
2	70765	0.9665	0
2	70774	0.966625	0
2	70783	0.96675	0
2	70792	0.966875	0
2	70801	0.967	0
2	70810	0.967125	0
2	70819	0.96725	0
2	70828	0.967375	0
2	70837	0.9675	0
2	70846	0.967625	0
2	70855	0.96775	0
2	70864	0.967875	0
2	70873	0.968	0
2	70882	0.968125	0
2	70891	0.96825	0
2	70900	0.968375	0
2	70913	0.9685	0
2	70922	0.968625	0
2	70931	0.96875	0
2	70940	0.968875	0
2	70949	0.969	0
2	70958	0.969125	0
2	70967	0.96925	0
2	70976	0.969375	0
2	70985	0.9695	0
2	70994	0.969625	0
2	71003	0.96975	0
2	71012	0.969875	0
2	71021	0.97	0
2	71030	0.970125	0
2	71039	0.97025	0
2	71048	0.970375	0
2	71057	0.9705	0
2	71066	0.970625	0
2	71075	0.97075	0
2	71084	0.970875	0
2	71093	0.971	0
2	71102	0.971125	0
2	71111	0.97125	0
2	71120	0.971375	0
2	71129	0.9715	0
2	71138	0.971625	0
2	71151	0.97175	0
2	71160	0.971875	0
2	71169	0.972	0
2	71178	0.972125	0
2	71187	0.97225	0
2	71196	0.972375	0
2	71205	0.9725	0
2	71214	0.972625	0
2	71223	0.97275	0
2	71232	0.972875	0
2	71241	0.973	0
2	71250	0.973125	0
2	71259	0.97325	0
2	71268	0.973375	0
2	71277	0.9735	0
2	71286	0.973625	0
2	71295	0.97375	0
2	71304	0.973875	0
2	71313	0.974	0
2	71322	0.974125	0
2	71331	0.97425	0
2	71340	0.974375	0
2	71349	0.9745	0
2	71358	0.974625	0
2	71367	0.97475	0
2	71376	0.974875	0
2	71389	0.975	0
2	71398	0.975125	0
2	71407	0.97525	0
2	71416	0.975375	0
2	71425	0.9755	0
2	71434	0.975625	0
2	71443	0.97575	0
2	71452	0.975875	0
2	71461	0.976	0
2	71470	0.976125	0
2	71479	0.97625	0
2	71488	0.976375	0
2	71497	0.9765	0
2	71506	0.976625	0
2	71515	0.97675	0
2	71524	0.976875	0
2	71533	0.977	0
2	71542	0.977125	0
2	71551	0.97725	0
2	71560	0.977375	0
2	71569	0.9775	0
2	71578	0.977625	0
2	71587	0.97775	0
2	71596	0.977875	0
2	71605	0.978	0
2	71614	0.978125	0
2	71623	0.97825	0
2	71636	0.978375	0
2	71645	0.9785	0
2	71654	0.978625	0
2	71663	0.97875	0
2	71672	0.978875	0
2	71681	0.979	0
2	71690	0.979125	0
2	71699	0.97925	0
2	71708	0.979375	0
2	71717	0.9795	0
2	71726	0.979625	0
2	71735	0.97975	0
2	71744	0.979875	0
2	71753	0.98	0
2	71762	0.980125	0
2	71771	0.98025	0
2	71780	0.980375	0
2	71789	0.9805	0
2	71798	0.980625	0
2	71807	0.98075	0
2	71816	0.980875	0
2	71825	0.981	0
2	71834	0.981125	0
2	71843	0.98125	0
2	71852	0.981375	0
2	71861	0.9815	0
2	71874	0.981625	0
2	71883	0.98175	0
2	71892	0.981875	0
2	71901	0.982	0
2	71910	0.982125	0
2	71919	0.98225	0
2	71928	0.982375	0
2	71937	0.9825	0
2	71946	0.982625	0
2	71955	0.98275	0
2	71964	0.982875	0
2	71973	0.983	0
2	71982	0.983125	0
2	71991	0.98325	0
2	72000	0.983375	0
2	72009	0.9835	0
2	72018	0.983625	0
2	72027	0.98375	0
2	72036	0.983875	0
2	72045	0.984	0
2	72054	0.984125	0
2	72063	0.98425	0
2	72072	0.984375	0
2	72081	0.9845	0
2	72090	0.984625	0
2	72099	0.98475	0
2	72112	0.984875	0
2	72121	0.985	0
2	72130	0.985125	0
2	72139	0.98525	0
2	72148	0.985375	0
2	72157	0.9855	0
2	72166	0.985625	0
2	72175	0.98575	0
2	72184	0.985875	0
2	72193	0.986	0
2	72202	0.986125	0
2	72211	0.98625	0
2	72220	0.986375	0
2	72229	0.9865	0
2	72238	0.986625	0
2	72247	0.98675	0
2	72256	0.986875	0
2	72265	0.987	0
2	72274	0.987125	0
2	72283	0.98725	0
2	72292	0.987375	0
2	72301	0.9875	0
2	72310	0.987625	0
2	72319	0.98775	0
2	72328	0.987875	0
2	72337	0.988	0
2	72350	0.988125	0
2	72359	0.98825	0
2	72368	0.988375	0
2	72377	0.9885	0
2	72386	0.988625	0
2	72395	0.98875	0
2	72404	0.988875	0
2	72413	0.989	0
2	72422	0.989125	0
2	72431	0.98925	0
2	72440	0.989375	0
2	72449	0.9895	0
2	72458	0.989625	0
2	72467	0.98975	0
2	72476	0.989875	0
2	72485	0.99	0
2	72494	0.990125	0
2	72503	0.99025	0
2	72512	0.990375	0
2	72521	0.9905	0
2	72530	0.990625	0
2	72539	0.99075	0
2	72548	0.990875	0
2	72557	0.991	0
2	72566	0.991125	0
2	72575	0.99125	0
2	72588	0.991375	0
2	72597	0.9915	0
2	72606	0.991625	0
2	72615	0.99175	0
2	72624	0.991875	0
2	72633	0.992	0
2	72642	0.992125	0
2	72651	0.99225	0
2	72660	0.992375	0
2	72669	0.9925	0
2	72678	0.992625	0
2	72687	0.99275	0
2	72696	0.992875	0
2	72705	0.993	0
2	72714	0.993125	0
2	72723	0.99325	0
2	72732	0.993375	0
2	72741	0.9935	0
2	72750	0.993625	0
2	72759	0.99375	0
2	72768	0.993875	0
2	72777	0.994	0
2	72786	0.994125	0
2	72795	0.99425	0
2	72804	0.994375	0
2	72813	0.9945	0
2	72826	0.994625	0
2	72835	0.99475	0
2	72844	0.994875	0
2	72853	0.995	0
2	72862	0.995125	0
2	72871	0.99525	0
2	72880	0.995375	0
2	72889	0.9955	0
2	72898	0.995625	0
2	72907	0.99575	0
2	72916	0.995875	0
2	72925	0.996	0
2	72934	0.996125	0
2	72943	0.99625	0
2	72952	0.996375	0
2	72961	0.9965	0
2	72970	0.996625	0
2	72979	0.99675	0
2	72988	0.996875	0
2	72997	0.997	0
2	73006	0.997125	0
2	73015	0.99725	0
2	73024	0.997375	0
2	73033	0.9975	0
2	73042	0.997625	0
2	73051	0.99775	0
2	73060	0.997875	0
2	73073	0.998	0
2	73082	0.998125	0
2	73091	0.99825	0
2	73100	0.998375	0
2	73109	0.9985	0
2	73118	0.998625	0
2	73127	0.99875	0
2	73136	0.998875	0
2	73145	0.999	0
2	73154	0.999125	0
2	73163	0.99925	0
2	73172	0.999375	0
2	73181	0.9995	0
2	73190	0.999625	0
2	73199	0.99975	0
2	73208	0.999875	0
2	73217	1	0
3	6	0.000125	1
3	15	0.00025	2
3	24	0.000375	3
3	33	0.0005	4
3	42	0.000625	5
3	51	0.00075	6
3	60	0.000875	7
3	69	0.001	8
3	78	0.001125	9
3	87	0.00125	10
3	96	0.001375	11
3	105	0.0015	12
3	114	0.001625	13
3	123	0.00175	14
3	132	0.001875	15
3	141	0.002	16
3	150	0.002125	17
3	159	0.00225	18
3	168	0.002375	19
3	177	0.0025	20
3	186	0.002625	21
3	195	0.00275	22
3	204	0.002875	23
3	213	0.003	24
3	222	0.003125	25
3	231	0.00325	26
3	244	0.003375	27
3	253	0.0035	28
3	262	0.003625	29
3	271	0.00375	30
3	280	0.003875	31
3	289	0.004	32
3	298	0.004125	33
3	307	0.00425	34
3	316	0.004375	35
3	325	0.0045	36
3	334	0.004625	37
3	343	0.00475	38
3	352	0.004875	39
3	361	0.005	40
3	370	0.005125	41
3	379	0.00525	42
3	388	0.005375	43
3	397	0.0055	44
3	406	0.005625	45
3	415	0.00575	46
3	424	0.005875	47
3	433	0.006	48
3	442	0.006125	49
3	451	0.00625	50
3	460	0.006375	51
3	469	0.0065	52
3	482	0.006625	53
3	491	0.00675	54
3	500	0.006875	55
3	509	0.007	56
3	518	0.007125	57
3	527	0.00725	58
3	536	0.007375	59
3	545	0.0075	60
3	554	0.007625	61
3	563	0.00775	62
3	572	0.007875	63
3	581	0.008	64
3	590	0.008125	65
3	599	0.00825	66
3	608	0.008375	67
3	617	0.0085	68
3	626	0.008625	69
3	635	0.00875	70
3	644	0.008875	71
3	653	0.009	72
3	662	0.009125	73
3	671	0.00925	74
3	680	0.009375	75
3	689	0.0095	76
3	698	0.009625	77
3	707	0.00975	78
3	720	0.009875	79
3	729	0.01	80
3	738	0.010125	81
3	747	0.01025	82
3	756	0.010375	83
3	765	0.0105	84
3	774	0.010625	85
3	783	0.01075	86
3	792	0.010875	87
3	801	0.011	88
3	810	0.011125	89
3	819	0.01125	90
3	828	0.011375	91
3	837	0.0115	92
3	846	0.011625	93
3	855	0.01175	94
3	864	0.011875	95
3	873	0.012	96
3	882	0.012125	97
3	891	0.01225	98
3	900	0.012375	99
3	909	0.0125	100
3	918	0.012625	101
3	927	0.01275	102
3	936	0.012875	103
3	945	0.013	104
3	958	0.013125	105
3	967	0.01325	106
3	976	0.013375	107
3	985	0.0135	108
3	994	0.013625	109
3	1003	0.01375	110
3	1012	0.013875	111
3	1021	0.014	112
3	1030	0.014125	113
3	1039	0.01425	114
3	1048	0.014375	115
3	1057	0.0145	116
3	1066	0.014625	117
3	1075	0.01475	118
3	1084	0.014875	119
3	1093	0.015	120
3	1102	0.015125	121
3	1111	0.01525	122
3	1120	0.015375	123
3	1129	0.0155	124
3	1138	0.015625	125
3	1147	0.01575	126
3	1156	0.015875	127
3	1165	0.016	128
3	1174	0.016125	129
3	1183	0.01625	130
3	1196	0.016375	131
3	1205	0.0165	132
3	1214	0.016625	133
3	1223	0.01675	134
3	1232	0.016875	135
3	1241	0.017	136
3	1250	0.017125	137
3	1259	0.01725	138
3	1268	0.017375	139
3	1277	0.0175	140
3	1286	0.017625	141
3	1295	0.01775	142
3	1304	0.017875	143
3	1313	0.018	144
3	1322	0.018125	145
3	1331	0.01825	146
3	1340	0.018375	147
3	1349	0.0185	148
3	1358	0.018625	149
3	1367	0.01875	150
3	1376	0.018875	151
3	1385	0.019	152
3	1394	0.019125	153
3	1403	0.01925	154
3	1412	0.019375	155
3	1421	0.0195	156
3	1430	0.019625	157
3	1443	0.01975	158
3	1452	0.019875	159
3	1461	0.02	160
3	1470	0.020125	161
3	1479	0.02025	162
3	1488	0.020375	163
3	1497	0.0205	164
3	1506	0.020625	165
3	1515	0.02075	166
3	1524	0.020875	167
3	1533	0.021	168
3	1542	0.021125	169
3	1551	0.02125	170
3	1560	0.021375	171
3	1569	0.0215	172
3	1578	0.021625	173
3	1587	0.02175	174
3	1596	0.021875	175
3	1605	0.022	176
3	1614	0.022125	177
3	1623	0.02225	178
3	1632	0.022375	179
3	1641	0.0225	180
3	1650	0.022625	181
3	1659	0.02275	182
3	1668	0.022875	183
3	1681	0.023	184
3	1690	0.023125	185
3	1699	0.02325	186
3	1708	0.023375	187
3	1717	0.0235	188
3	1726	0.023625	189
3	1735	0.02375	190
3	1744	0.023875	191
3	1753	0.024	192
3	1762	0.024125	193
3	1771	0.02425	194
3	1780	0.024375	195
3	1789	0.0245	196
3	1798	0.024625	197
3	1807	0.02475	198
3	1816	0.024875	199
3	1825	0.025	200
3	1834	0.025125	201
3	1843	0.02525	202
3	1852	0.025375	203
3	1861	0.0255	204
3	1870	0.025625	205
3	1879	0.02575	206
3	1888	0.025875	207
3	1897	0.026	208
3	1906	0.026125	209
3	1919	0.02625	210
3	1928	0.026375	211
3	1937	0.0265	212
3	1946	0.026625	213
3	1955	0.02675	214
3	1964	0.026875	215
3	1973	0.027	216
3	1982	0.027125	217
3	1991	0.02725	218
3	2000	0.027375	219
3	2009	0.0275	220
3	2018	0.027625	221
3	2027	0.02775	222
3	2036	0.027875	223
3	2045	0.028	224
3	2054	0.028125	225
3	2063	0.02825	226
3	2072	0.028375	227
3	2081	0.0285	228
3	2090	0.028625	229
3	2099	0.02875	230
3	2108	0.028875	231
3	2117	0.029	232
3	2126	0.029125	233
3	2135	0.02925	234
3	2144	0.029375	235
3	2157	0.0295	236
3	2166	0.029625	237
3	2175	0.02975	238
3	2184	0.029875	239
3	2193	0.03	240
3	2202	0.030125	241
3	2211	0.03025	242
3	2220	0.030375	243
3	2229	0.0305	244
3	2238	0.030625	245
3	2247	0.03075	246
3	2256	0.030875	247
3	2265	0.031	248
3	2274	0.031125	249
3	2283	0.03125	250
3	2292	0.031375	251
3	2301	0.0315	252
3	2310	0.031625	253
3	2319	0.03175	254
3	2328	0.031875	255
3	2337	0.032	256
3	2346	0.032125	257
3	2355	0.03225	258
3	2364	0.032375	259
3	2373	0.0325	260
3	2382	0.032625	261
3	2395	0.03275	262
3	2404	0.032875	263
3	2413	0.033	264
3	2422	0.033125	265
3	2431	0.03325	266
3	2440	0.033375	267
3	2449	0.0335	268
3	2458	0.033625	269
3	2467	0.03375	270
3	2476	0.033875	271
3	2485	0.034	272
3	2494	0.034125	273
3	2503	0.03425	274
3	2512	0.034375	275
3	2521	0.0345	276
3	2530	0.034625	277
3	2539	0.03475	278
3	2548	0.034875	279
3	2557	0.035	280
3	2566	0.035125	281
3	2575	0.03525	282
3	2584	0.035375	283
3	2593	0.0355	284
3	2602	0.035625	285
3	2611	0.03575	286
3	2620	0.035875	287
3	2633	0.036	288
3	2642	0.036125	289
3	2651	0.03625	290
3	2660	0.036375	291
3	2669	0.0365	292
3	2678	0.036625	293
3	2687	0.03675	294
3	2696	0.036875	295
3	2705	0.037	296
3	2714	0.037125	297
3	2723	0.03725	298
3	2732	0.037375	299
3	2741	0.0375	300
3	2750	0.037625	301
3	2759	0.03775	302
3	2768	0.037875	303
3	2777	0.038	304
3	2786	0.038125	305
3	2795	0.03825	306
3	2804	0.038375	307
3	2813	0.0385	308
3	2822	0.038625	309
3	2831	0.03875	310
3	2840	0.038875	311
3	2849	0.039	312
3	2858	0.039125	313
3	2867	0.03925	314
3	2880	0.039375	315
3	2889	0.0395	316
3	2898	0.039625	317
3	2907	0.03975	318
3	2916	0.039875	319
3	2925	0.04	320
3	2934	0.040125	321
3	2943	0.04025	322
3	2952	0.040375	323
3	2961	0.0405	324
3	2970	0.040625	325
3	2979	0.04075	326
3	2988	0.040875	327
3	2997	0.041	328
3	3006	0.041125	329
3	3015	0.04125	330
3	3024	0.041375	331
3	3033	0.0415	332
3	3042	0.041625	333
3	3051	0.04175	334
3	3060	0.041875	335
3	3069	0.042	336
3	3078	0.042125	337
3	3087	0.04225	338
3	3096	0.042375	339
3	3105	0.0425	340
3	3118	0.042625	341
3	3127	0.04275	342
3	3136	0.042875	343
3	3145	0.043	344
3	3154	0.043125	345
3	3163	0.04325	346
3	3172	0.043375	347
3	3181	0.0435	348
3	3190	0.043625	349
3	3199	0.04375	350
3	3208	0.043875	351
3	3217	0.044	352
3	3226	0.044125	353
3	3235	0.04425	354
3	3244	0.044375	355
3	3253	0.0445	356
3	3262	0.044625	357
3	3271	0.04475	358
3	3280	0.044875	359
3	3289	0.045	360
3	3298	0.045125	361
3	3307	0.04525	362
3	3316	0.045375	363
3	3325	0.0455	364
3	3334	0.045625	365
3	3343	0.04575	366
3	3356	0.045875	367
3	3365	0.046	368
3	3374	0.046125	369
3	3383	0.04625	370
3	3392	0.046375	371
3	3401	0.0465	372
3	3410	0.046625	373
3	3419	0.04675	374
3	3428	0.046875	375
3	3437	0.047	376
3	3446	0.047125	377
3	3455	0.04725	378
3	3464	0.047375	379
3	3473	0.0475	380
3	3482	0.047625	381
3	3491	0.04775	382
3	3500	0.047875	383
3	3509	0.048	384
3	3518	0.048125	385
3	3527	0.04825	386
3	3536	0.048375	387
3	3545	0.0485	388
3	3554	0.048625	389
3	3563	0.04875	390
3	3572	0.048875	391
3	3581	0.049	392
3	3594	0.049125	393
3	3603	0.04925	394
3	3612	0.049375	395
3	3621	0.0495	396
3	3630	0.049625	397
3	3639	0.04975	398
3	3648	0.049875	399
3	3657	0.05	400
3	3666	0.050125	401
3	3675	0.05025	402
3	3684	0.050375	403
3	3693	0.0505	404
3	3702	0.050625	405
3	3711	0.05075	406
3	3720	0.050875	407
3	3729	0.051	408
3	3738	0.051125	409
3	3747	0.05125	410
3	3756	0.051375	411
3	3765	0.0515	412
3	3774	0.051625	413
3	3783	0.05175	414
3	3792	0.051875	415
3	3801	0.052	416
3	3810	0.052125	417
3	3819	0.05225	418
3	3832	0.052375	419
3	3841	0.0525	420
3	3850	0.052625	421
3	3859	0.05275	422
3	3868	0.052875	423
3	3877	0.053	424
3	3886	0.053125	425
3	3895	0.05325	426
3	3904	0.053375	427
3	3913	0.0535	428
3	3922	0.053625	429
3	3931	0.05375	430
3	3940	0.053875	431
3	3949	0.054	432
3	3958	0.054125	433
3	3967	0.05425	434
3	3976	0.054375	435
3	3985	0.0545	436
3	3994	0.054625	437
3	4003	0.05475	438
3	4012	0.054875	439
3	4021	0.055	440
3	4030	0.055125	441
3	4039	0.05525	442
3	4048	0.055375	443
3	4057	0.0555	444
3	4070	0.055625	445
3	4079	0.05575	446
3	4088	0.055875	447
3	4097	0.056	448
3	4106	0.056125	449
3	4115	0.05625	450
3	4124	0.056375	451
3	4133	0.0565	452
3	4142	0.056625	453
3	4151	0.05675	454
3	4160	0.056875	455
3	4169	0.057	456
3	4178	0.057125	457
3	4187	0.05725	458
3	4196	0.057375	459
3	4205	0.0575	460
3	4214	0.057625	461
3	4223	0.05775	462
3	4232	0.057875	463
3	4241	0.058	464
3	4250	0.058125	465
3	4259	0.05825	466
3	4268	0.058375	467
3	4277	0.0585	468
3	4286	0.058625	469
3	4295	0.05875	470
3	4304	0.058875	471
3	4317	0.059	472
3	4326	0.059125	473
3	4335	0.05925	474
3	4344	0.059375	475
3	4353	0.0595	476
3	4362	0.059625	477
3	4371	0.05975	478
3	4380	0.059875	479
3	4389	0.06	480
3	4398	0.060125	481
3	4407	0.06025	482
3	4416	0.060375	483
3	4425	0.0605	484
3	4434	0.060625	485
3	4443	0.06075	486
3	4452	0.060875	487
3	4461	0.061	488
3	4470	0.061125	489
3	4479	0.06125	490
3	4488	0.061375	491
3	4497	0.0615	492
3	4506	0.061625	493
3	4515	0.06175	494
3	4524	0.061875	495
3	4533	0.062	496
3	4542	0.062125	497
3	4555	0.06225	498
3	4564	0.062375	499
3	4573	0.0625	500
3	4582	0.062625	501
3	4591	0.06275	502
3	4600	0.062875	503
3	4609	0.063	504
3	4618	0.063125	505
3	4627	0.06325	506
3	4636	0.063375	507
3	4645	0.0635	508
3	4654	0.063625	509
3	4663	0.06375	510
3	4672	0.063875	511
3	4681	0.064	512
3	4690	0.064125	513
3	4699	0.06425	514
3	4708	0.064375	515
3	4717	0.0645	516
3	4726	0.064625	517
3	4735	0.06475	518
3	4744	0.064875	519
3	4753	0.065	520
3	4762	0.065125	521
3	4771	0.06525	522
3	4780	0.065375	523
3	4793	0.0655	524
3	4802	0.065625	525
3	4811	0.06575	526
3	4820	0.065875	527
3	4829	0.066	528
3	4838	0.066125	529
3	4847	0.06625	530
3	4856	0.066375	531
3	4865	0.0665	532
3	4874	0.066625	533
3	4883	0.06675	534
3	4892	0.066875	535
3	4901	0.067	536
3	4910	0.067125	537
3	4919	0.06725	538
3	4928	0.067375	539
3	4937	0.0675	540
3	4946	0.067625	541
3	4955	0.06775	542
3	4964	0.067875	543
3	4973	0.068	544
3	4982	0.068125	545
3	4991	0.06825	546
3	5000	0.068375	547
3	5009	0.0685	548
3	5018	0.068625	549
3	5031	0.06875	550
3	5040	0.068875	551
3	5049	0.069	552
3	5058	0.069125	553
3	5067	0.06925	554
3	5076	0.069375	555
3	5085	0.0695	556
3	5094	0.069625	557
3	5103	0.06975	558
3	5112	0.069875	559
3	5121	0.07	560
3	5130	0.070125	561
3	5139	0.07025	562
3	5148	0.070375	563
3	5157	0.0705	564
3	5166	0.070625	565
3	5175	0.07075	566
3	5184	0.070875	567
3	5193	0.071	568
3	5202	0.071125	569
3	5211	0.07125	570
3	5220	0.071375	571
3	5229	0.0715	572
3	5238	0.071625	573
3	5247	0.07175	574
3	5256	0.071875	575
3	5269	0.072	576
3	5278	0.072125	577
3	5287	0.07225	578
3	5296	0.072375	579
3	5305	0.0725	580
3	5314	0.072625	581
3	5323	0.07275	582
3	5332	0.072875	583
3	5341	0.073	584
3	5350	0.073125	585
3	5359	0.07325	586
3	5368	0.073375	587
3	5377	0.0735	588
3	5386	0.073625	589
3	5395	0.07375	590
3	5404	0.073875	591
3	5413	0.074	592
3	5422	0.074125	593
3	5431	0.07425	594
3	5440	0.074375	595
3	5449	0.0745	596
3	5458	0.074625	597
3	5467	0.07475	598
3	5476	0.074875	599
3	5485	0.075	600
3	5494	0.075125	601
3	5503	0.07525	602
3	5516	0.075375	603
3	5525	0.0755	604
3	5534	0.075625	605
3	5543	0.07575	606
3	5552	0.075875	607
3	5561	0.076	608
3	5570	0.076125	609
3	5579	0.07625	610
3	5588	0.076375	611
3	5597	0.0765	612
3	5606	0.076625	613
3	5615	0.07675	614
3	5624	0.076875	615
3	5633	0.077	616
3	5642	0.077125	617
3	5651	0.07725	618
3	5660	0.077375	619
3	5669	0.0775	620
3	5678	0.077625	621
3	5687	0.07775	622
3	5696	0.077875	623
3	5705	0.078	624
3	5714	0.078125	625
3	5723	0.07825	626
3	5732	0.078375	627
3	5741	0.0785	628
3	5754	0.078625	629
3	5763	0.07875	630
3	5772	0.078875	631
3	5781	0.079	632
3	5790	0.079125	633
3	5799	0.07925	634
3	5808	0.079375	635
3	5817	0.0795	636
3	5826	0.079625	637
3	5835	0.07975	638
3	5844	0.079875	639
3	5853	0.08	640
3	5862	0.080125	641
3	5871	0.08025	642
3	5880	0.080375	643
3	5889	0.0805	644
3	5898	0.080625	645
3	5907	0.08075	646
3	5916	0.080875	647
3	5925	0.081	648
3	5934	0.081125	649
3	5943	0.08125	650
3	5952	0.081375	651
3	5961	0.0815	652
3	5970	0.081625	653
3	5979	0.08175	654
3	5992	0.081875	655
3	6001	0.082	656
3	6010	0.082125	657
3	6019	0.08225	658
3	6028	0.082375	659
3	6037	0.0825	660
3	6046	0.082625	661
3	6055	0.08275	662
3	6064	0.082875	663
3	6073	0.083	664
3	6082	0.083125	665
3	6091	0.08325	666
3	6100	0.083375	667
3	6109	0.0835	668
3	6118	0.083625	669
3	6127	0.08375	670
3	6136	0.083875	671
3	6145	0.084	672
3	6154	0.084125	673
3	6163	0.08425	674
3	6172	0.084375	675
3	6181	0.0845	676
3	6190	0.084625	677
3	6199	0.08475	678
3	6208	0.084875	679
3	6217	0.085	680
3	6230	0.085125	681
3	6239	0.08525	682
3	6248	0.085375	683
3	6257	0.0855	684
3	6266	0.085625	685
3	6275	0.08575	686
3	6284	0.085875	687
3	6293	0.086	688
3	6302	0.086125	689
3	6311	0.08625	690
3	6320	0.086375	691
3	6329	0.0865	692
3	6338	0.086625	693
3	6347	0.08675	694
3	6356	0.086875	695
3	6365	0.087	696
3	6374	0.087125	697
3	6383	0.08725	698
3	6392	0.087375	699
3	6401	0.0875	700
3	6410	0.087625	701
3	6419	0.08775	702
3	6428	0.087875	703
3	6437	0.088	704
3	6446	0.088125	705
3	6455	0.08825	706
3	6468	0.088375	707
3	6477	0.0885	708
3	6486	0.088625	709
3	6495	0.08875	710
3	6504	0.088875	711
3	6513	0.089	712
3	6522	0.089125	713
3	6531	0.08925	714
3	6540	0.089375	715
3	6549	0.0895	716
3	6558	0.089625	717
3	6567	0.08975	718
3	6576	0.089875	719
3	6585	0.09	720
3	6594	0.090125	721
3	6603	0.09025	722
3	6612	0.090375	723
3	6621	0.0905	724
3	6630	0.090625	725
3	6639	0.09075	726
3	6648	0.090875	727
3	6657	0.091	728
3	6666	0.091125	729
3	6675	0.09125	730
3	6684	0.091375	731
3	6693	0.0915	732
3	6706	0.091625	733
3	6715	0.09175	734
3	6724	0.091875	735
3	6733	0.092	736
3	6742	0.092125	737
3	6751	0.09225	738
3	6760	0.092375	739
3	6769	0.0925	740
3	6778	0.092625	741
3	6787	0.09275	742
3	6796	0.092875	743
3	6805	0.093	744
3	6814	0.093125	745
3	6823	0.09325	746
3	6832	0.093375	747
3	6841	0.0935	748
3	6850	0.093625	749
3	6859	0.09375	750
3	6868	0.093875	751
3	6877	0.094	752
3	6886	0.094125	753
3	6895	0.09425	754
3	6904	0.094375	755
3	6913	0.0945	756
3	6922	0.094625	757
3	6931	0.09475	758
3	6940	0.094875	759
3	6953	0.095	760
3	6962	0.095125	761
3	6971	0.09525	762
3	6980	0.095375	763
3	6989	0.0955	764
3	6998	0.095625	765
3	7007	0.09575	766
3	7016	0.095875	767
3	7025	0.096	768
3	7034	0.096125	769
3	7043	0.09625	770
3	7052	0.096375	771
3	7061	0.0965	772
3	7070	0.096625	773
3	7079	0.09675	774
3	7088	0.096875	775
3	7097	0.097	776
3	7106	0.097125	777
3	7115	0.09725	778
3	7124	0.097375	779
3	7133	0.0975	780
3	7142	0.097625	781
3	7151	0.09775	782
3	7160	0.097875	783
3	7169	0.098	784
3	7178	0.098125	785
3	7191	0.09825	786
3	7200	0.098375	787
3	7209	0.0985	788
3	7218	0.098625	789
3	7227	0.09875	790
3	7236	0.098875	791
3	7245	0.099	792
3	7254	0.099125	793
3	7263	0.09925	794
3	7272	0.099375	795
3	7281	0.0995	796
3	7290	0.099625	797
3	7299	0.09975	798
3	7308	0.099875	799
3	7317	0.1	800
3	7326	0.100125	801
3	7335	0.10025	802
3	7344	0.100375	803
3	7353	0.1005	804
3	7362	0.100625	805
3	7371	0.10075	806
3	7380	0.100875	807
3	7389	0.101	808
3	7398	0.101125	809
3	7407	0.10125	810
3	7416	0.101375	811
3	7429	0.1015	812
3	7438	0.101625	813
3	7447	0.10175	814
3	7456	0.101875	815
3	7465	0.102	816
3	7474	0.102125	817
3	7483	0.10225	818
3	7492	0.102375	819
3	7501	0.1025	820
3	7510	0.102625	821
3	7519	0.10275	822
3	7528	0.102875	823
3	7537	0.103	824
3	7546	0.103125	825
3	7555	0.10325	826
3	7564	0.103375	827
3	7573	0.1035	828
3	7582	0.103625	829
3	7591	0.10375	830
3	7600	0.103875	831
3	7609	0.104	832
3	7618	0.104125	833
3	7627	0.10425	834
3	7636	0.104375	835
3	7645	0.1045	836
3	7654	0.104625	837
3	7667	0.10475	838
3	7676	0.104875	839
3	7685	0.105	840
3	7694	0.105125	841
3	7703	0.10525	842
3	7712	0.105375	843
3	7721	0.1055	844
3	7730	0.105625	845
3	7739	0.10575	846
3	7748	0.105875	847
3	7757	0.106	848
3	7766	0.106125	849
3	7775	0.10625	850
3	7784	0.106375	851
3	7793	0.1065	852
3	7802	0.106625	853
3	7811	0.10675	854
3	7820	0.106875	855
3	7829	0.107	856
3	7838	0.107125	857
3	7847	0.10725	858
3	7856	0.107375	859
3	7865	0.1075	860
3	7874	0.107625	861
3	7883	0.10775	862
3	7892	0.107875	863
3	7905	0.108	864
3	7914	0.108125	865
3	7923	0.10825	866
3	7932	0.108375	867
3	7941	0.1085	868
3	7950	0.108625	869
3	7959	0.10875	870
3	7968	0.108875	871
3	7977	0.109	872
3	7986	0.109125	873
3	7995	0.10925	874
3	8004	0.109375	875
3	8013	0.1095	876
3	8022	0.109625	877
3	8031	0.10975	878
3	8040	0.109875	879
3	8049	0.11	880
3	8058	0.110125	881
3	8067	0.11025	882
3	8076	0.110375	883
3	8085	0.1105	884
3	8094	0.110625	885
3	8103	0.11075	886
3	8112	0.110875	887
3	8121	0.111	888
3	8130	0.111125	889
3	8143	0.11125	890
3	8152	0.111375	891
3	8161	0.1115	892
3	8170	0.111625	893
3	8179	0.11175	894
3	8188	0.111875	895
3	8197	0.112	896
3	8206	0.112125	897
3	8215	0.11225	898
3	8224	0.112375	899
3	8233	0.1125	900
3	8242	0.112625	901
3	8251	0.11275	902
3	8260	0.112875	903
3	8269	0.113	904
3	8278	0.113125	905
3	8287	0.11325	906
3	8296	0.113375	907
3	8305	0.1135	908
3	8314	0.113625	909
3	8323	0.11375	910
3	8332	0.113875	911
3	8341	0.114	912
3	8350	0.114125	913
3	8359	0.11425	914
3	8368	0.114375	915
3	8377	0.1145	916
3	8390	0.114625	917
3	8399	0.11475	918
3	8408	0.114875	919
3	8417	0.115	920
3	8426	0.115125	921
3	8435	0.11525	922
3	8444	0.115375	923
3	8453	0.1155	924
3	8462	0.115625	925
3	8471	0.11575	926
3	8480	0.115875	927
3	8489	0.116	928
3	8498	0.116125	929
3	8507	0.11625	930
3	8516	0.116375	931
3	8525	0.1165	932
3	8534	0.116625	933
3	8543	0.11675	934
3	8552	0.116875	935
3	8561	0.117	936
3	8570	0.117125	937
3	8579	0.11725	938
3	8588	0.117375	939
3	8597	0.1175	940
3	8606	0.117625	941
3	8615	0.11775	942
3	8628	0.117875	943
3	8637	0.118	944
3	8646	0.118125	945
3	8655	0.11825	946
3	8664	0.118375	947
3	8673	0.1185	948
3	8682	0.118625	949
3	8691	0.11875	950
3	8700	0.118875	951
3	8709	0.119	952
3	8718	0.119125	953
3	8727	0.11925	954
3	8736	0.119375	955
3	8745	0.1195	956
3	8754	0.119625	957
3	8763	0.11975	958
3	8772	0.119875	959
3	8781	0.12	960
3	8790	0.120125	961
3	8799	0.12025	962
3	8808	0.120375	963
3	8817	0.1205	964
3	8826	0.120625	965
3	8835	0.12075	966
3	8844	0.120875	967
3	8853	0.121	968
3	8866	0.121125	969
3	8875	0.12125	970
3	8884	0.121375	971
3	8893	0.1215	972
3	8902	0.121625	973
3	8911	0.12175	974
3	8920	0.121875	975
3	8929	0.122	976
3	8938	0.122125	977
3	8947	0.12225	978
3	8956	0.122375	979
3	8965	0.1225	980
3	8974	0.122625	981
3	8983	0.12275	982
3	8992	0.122875	983
3	9001	0.123	984
3	9010	0.123125	985
3	9019	0.12325	986
3	9028	0.123375	987
3	9037	0.1235	988
3	9046	0.123625	989
3	9055	0.12375	990
3	9064	0.123875	991
3	9073	0.124	992
3	9082	0.124125	993
3	9091	0.12425	994
3	9104	0.124375	995
3	9113	0.1245	996
3	9122	0.124625	997
3	9131	0.12475	998
3	9140	0.124875	999
3	9149	0.125	1000
3	9158	0.125125	1001
3	9167	0.12525	1002
3	9176	0.125375	1003
3	9185	0.1255	1004
3	9194	0.125625	1005
3	9203	0.12575	1006
3	9212	0.125875	1007
3	9221	0.126	1008
3	9230	0.126125	1009
3	9239	0.12625	1010
3	9248	0.126375	1011
3	9257	0.1265	1012
3	9266	0.126625	1013
3	9275	0.12675	1014
3	9284	0.126875	1015
3	9293	0.127	1016
3	9302	0.127125	1017
3	9311	0.12725	1018
3	9320	0.127375	1019
3	9329	0.1275	1020
3	9342	0.127625	1021
3	9351	0.12775	1022
3	9360	0.127875	1023
3	9369	0.128	1024
3	9378	0.128125	1025
3	9387	0.12825	1026
3	9396	0.128375	1027
3	9405	0.1285	1028
3	9414	0.128625	1029
3	9423	0.12875	1030
3	9432	0.128875	1031
3	9441	0.129	1032
3	9450	0.129125	1033
3	9459	0.12925	1034
3	9468	0.129375	1035
3	9477	0.1295	1036
3	9486	0.129625	1037
3	9495	0.12975	1038
3	9504	0.129875	1039
3	9513	0.13	1040
3	9522	0.130125	1041
3	9531	0.13025	1042
3	9540	0.130375	1043
3	9549	0.1305	1044
3	9558	0.130625	1045
3	9567	0.13075	1046
3	9580	0.130875	1047
3	9589	0.131	1048
3	9598	0.131125	1049
3	9607	0.13125	1050
3	9616	0.131375	1051
3	9625	0.1315	1052
3	9634	0.131625	1053
3	9643	0.13175	1054
3	9652	0.131875	1055
3	9661	0.132	1056
3	9670	0.132125	1057
3	9679	0.13225	1058
3	9688	0.132375	1059
3	9697	0.1325	1060
3	9706	0.132625	1061
3	9715	0.13275	1062
3	9724	0.132875	1063
3	9733	0.133	1064
3	9742	0.133125	1065
3	9751	0.13325	1066
3	9760	0.133375	1067
3	9769	0.1335	1068
3	9778	0.133625	1069
3	9787	0.13375	1070
3	9796	0.133875	1071
3	9805	0.134	1072
3	9814	0.134125	1073
3	9827	0.13425	1074
3	9836	0.134375	1075
3	9845	0.1345	1076
3	9854	0.134625	1077
3	9863	0.13475	1078
3	9872	0.134875	1079
3	9881	0.135	1080
3	9890	0.135125	1081
3	9899	0.13525	1082
3	9908	0.135375	1083
3	9917	0.1355	1084
3	9926	0.135625	1085
3	9935	0.13575	1086
3	9944	0.135875	1087
3	9953	0.136	1088
3	9962	0.136125	1089
3	9971	0.13625	1090
3	9980	0.136375	1091
3	9989	0.1365	1092
3	9998	0.136625	1093
3	10007	0.13675	1094
3	10016	0.136875	1095
3	10025	0.137	1096
3	10034	0.137125	1097
3	10043	0.13725	1098
3	10052	0.137375	1099
3	10065	0.1375	1100
3	10074	0.137625	1101
3	10083	0.13775	1102
3	10092	0.137875	1103
3	10101	0.138	1104
3	10110	0.138125	1105
3	10119	0.13825	1106
3	10128	0.138375	1107
3	10137	0.1385	1108
3	10146	0.138625	1109
3	10155	0.13875	1110
3	10164	0.138875	1111
3	10173	0.139	1112
3	10182	0.139125	1113
3	10191	0.13925	1114
3	10200	0.139375	1115
3	10209	0.1395	1116
3	10218	0.139625	1117
3	10227	0.13975	1118
3	10236	0.139875	1119
3	10245	0.14	1120
3	10254	0.140125	1121
3	10263	0.14025	1122
3	10272	0.140375	1123
3	10281	0.1405	1124
3	10290	0.140625	1125
3	10303	0.14075	1126
3	10312	0.140875	1127
3	10321	0.141	1128
3	10330	0.141125	1129
3	10339	0.14125	1130
3	10348	0.141375	1131
3	10357	0.1415	1132
3	10366	0.141625	1133
3	10375	0.14175	1134
3	10384	0.141875	1135
3	10393	0.142	1136
3	10402	0.142125	1137
3	10411	0.14225	1138
3	10420	0.142375	1139
3	10429	0.1425	1140
3	10438	0.142625	1141
3	10447	0.14275	1142
3	10456	0.142875	1143
3	10465	0.143	1144
3	10474	0.143125	1145
3	10483	0.14325	1146
3	10492	0.143375	1147
3	10501	0.1435	1148
3	10510	0.143625	1149
3	10519	0.14375	1150
3	10528	0.143875	1151
3	10541	0.144	1152
3	10550	0.144125	1153
3	10559	0.14425	1154
3	10568	0.144375	1155
3	10577	0.1445	1156
3	10586	0.144625	1157
3	10595	0.14475	1158
3	10604	0.144875	1159
3	10613	0.145	1160
3	10622	0.145125	1161
3	10631	0.14525	1162
3	10640	0.145375	1163
3	10649	0.1455	1164
3	10658	0.145625	1165
3	10667	0.14575	1166
3	10676	0.145875	1167
3	10685	0.146	1168
3	10694	0.146125	1169
3	10703	0.14625	1170
3	10712	0.146375	1171
3	10721	0.1465	1172
3	10730	0.146625	1173
3	10739	0.14675	1174
3	10748	0.146875	1175
3	10757	0.147	1176
3	10766	0.147125	1177
3	10779	0.14725	1178
3	10788	0.147375	1179
3	10797	0.1475	1180
3	10806	0.147625	1181
3	10815	0.14775	1182
3	10824	0.147875	1183
3	10833	0.148	1184
3	10842	0.148125	1185
3	10851	0.14825	1186
3	10860	0.148375	1187
3	10869	0.1485	1188
3	10878	0.148625	1189
3	10887	0.14875	1190
3	10896	0.148875	1191
3	10905	0.149	1192
3	10914	0.149125	1193
3	10923	0.14925	1194
3	10932	0.149375	1195
3	10941	0.1495	1196
3	10950	0.149625	1197
3	10959	0.14975	1198
3	10968	0.149875	1199
3	10977	0.15	1200
3	10986	0.150125	1201
3	10995	0.15025	1202
3	11004	0.150375	1203
3	11013	0.1505	1204
3	11026	0.150625	1205
3	11035	0.15075	1206
3	11044	0.150875	1207
3	11053	0.151	1208
3	11062	0.151125	1209
3	11071	0.15125	1210
3	11080	0.151375	1211
3	11089	0.1515	1212
3	11098	0.151625	1213
3	11107	0.15175	1214
3	11116	0.151875	1215
3	11125	0.152	1216
3	11134	0.152125	1217
3	11143	0.15225	1218
3	11152	0.152375	1219
3	11161	0.1525	1220
3	11170	0.152625	1221
3	11179	0.15275	1222
3	11188	0.152875	1223
3	11197	0.153	1224
3	11206	0.153125	1225
3	11215	0.15325	1226
3	11224	0.153375	1227
3	11233	0.1535	1228
3	11242	0.153625	1229
3	11251	0.15375	1230
3	11264	0.153875	1231
3	11273	0.154	1232
3	11282	0.154125	1233
3	11291	0.15425	1234
3	11300	0.154375	1235
3	11309	0.1545	1236
3	11318	0.154625	1237
3	11327	0.15475	1238
3	11336	0.154875	1239
3	11345	0.155	1240
3	11354	0.155125	1241
3	11363	0.15525	1242
3	11372	0.155375	1243
3	11381	0.1555	1244
3	11390	0.155625	1245
3	11399	0.15575	1246
3	11408	0.155875	1247
3	11417	0.156	1248
3	11426	0.156125	1249
3	11435	0.15625	1250
3	11444	0.156375	1251
3	11453	0.1565	1252
3	11462	0.156625	1253
3	11471	0.15675	1254
3	11480	0.156875	1255
3	11489	0.157	1256
3	11502	0.157125	1257
3	11511	0.15725	1258
3	11520	0.157375	1259
3	11529	0.1575	1260
3	11538	0.157625	1261
3	11547	0.15775	1262
3	11556	0.157875	1263
3	11565	0.158	1264
3	11574	0.158125	1265
3	11583	0.15825	1266
3	11592	0.158375	1267
3	11601	0.1585	1268
3	11610	0.158625	1269
3	11619	0.15875	1270
3	11628	0.158875	1271
3	11637	0.159	1272
3	11646	0.159125	1273
3	11655	0.15925	1274
3	11664	0.159375	1275
3	11673	0.1595	1276
3	11682	0.159625	1277
3	11691	0.15975	1278
3	11700	0.159875	1279
3	11709	0.16	1280
3	11718	0.160125	1281
3	11727	0.16025	1282
3	11740	0.160375	1283
3	11749	0.1605	1284
3	11758	0.160625	1285
3	11767	0.16075	1286
3	11776	0.160875	1287
3	11785	0.161	1288
3	11794	0.161125	1289
3	11803	0.16125	1290
3	11812	0.161375	1291
3	11821	0.1615	1292
3	11830	0.161625	1293
3	11839	0.16175	1294
3	11848	0.161875	1295
3	11857	0.162	1296
3	11866	0.162125	1297
3	11875	0.16225	1298
3	11884	0.162375	1299
3	11893	0.1625	1300
3	11902	0.162625	1301
3	11911	0.16275	1302
3	11920	0.162875	1303
3	11929	0.163	1304
3	11938	0.163125	1305
3	11947	0.16325	1306
3	11956	0.163375	1307
3	11965	0.1635	1308
3	11978	0.163625	1309
3	11987	0.16375	1310
3	11996	0.163875	1311
3	12005	0.164	1312
3	12014	0.164125	1313
3	12023	0.16425	1314
3	12032	0.164375	1315
3	12041	0.1645	1316
3	12050	0.164625	1317
3	12059	0.16475	1318
3	12068	0.164875	1319
3	12077	0.165	1320
3	12086	0.165125	1321
3	12095	0.16525	1322
3	12104	0.165375	1323
3	12113	0.1655	1324
3	12122	0.165625	1325
3	12131	0.16575	1326
3	12140	0.165875	1327
3	12149	0.166	1328
3	12158	0.166125	1329
3	12167	0.16625	1330
3	12176	0.166375	1331
3	12185	0.1665	1332
3	12194	0.166625	1333
3	12203	0.16675	1334
3	12216	0.166875	1335
3	12225	0.167	1336
3	12234	0.167125	1337
3	12243	0.16725	1338
3	12252	0.167375	1339
3	12261	0.1675	1340
3	12270	0.167625	1341
3	12279	0.16775	1342
3	12288	0.167875	1343
3	12297	0.168	1344
3	12306	0.168125	1345
3	12315	0.16825	1346
3	12324	0.168375	1347
3	12333	0.1685	1348
3	12342	0.168625	1349
3	12351	0.16875	1350
3	12360	0.168875	1351
3	12369	0.169	1352
3	12378	0.169125	1353
3	12387	0.16925	1354
3	12396	0.169375	1355
3	12405	0.1695	1356
3	12414	0.169625	1357
3	12423	0.16975	1358
3	12432	0.169875	1359
3	12441	0.17	1360
3	12450	0.170125	1361
3	12463	0.17025	1362
3	12472	0.170375	1363
3	12481	0.1705	1364
3	12490	0.170625	1365
3	12499	0.17075	1366
3	12508	0.170875	1367
3	12517	0.171	1368
3	12526	0.171125	1369
3	12535	0.17125	1370
3	12544	0.171375	1371
3	12553	0.1715	1372
3	12562	0.171625	1373
3	12571	0.17175	1374
3	12580	0.171875	1375
3	12589	0.172	1376
3	12598	0.172125	1377
3	12607	0.17225	1378
3	12616	0.172375	1379
3	12625	0.1725	1380
3	12634	0.172625	1381
3	12643	0.17275	1382
3	12652	0.172875	1383
3	12661	0.173	1384
3	12670	0.173125	1385
3	12679	0.17325	1386
3	12688	0.173375	1387
3	12701	0.1735	1388
3	12710	0.173625	1389
3	12719	0.17375	1390
3	12728	0.173875	1391
3	12737	0.174	1392
3	12746	0.174125	1393
3	12755	0.17425	1394
3	12764	0.174375	1395
3	12773	0.1745	1396
3	12782	0.174625	1397
3	12791	0.17475	1398
3	12800	0.174875	1399
3	12809	0.175	1400
3	12818	0.175125	1401
3	12827	0.17525	1402
3	12836	0.175375	1403
3	12845	0.1755	1404
3	12854	0.175625	1405
3	12863	0.17575	1406
3	12872	0.175875	1407
3	12881	0.176	1408
3	12890	0.176125	1409
3	12899	0.17625	1410
3	12908	0.176375	1411
3	12917	0.1765	1412
3	12926	0.176625	1413
3	12939	0.17675	1414
3	12948	0.176875	1415
3	12957	0.177	1416
3	12966	0.177125	1417
3	12975	0.17725	1418
3	12984	0.177375	1419
3	12993	0.1775	1420
3	13002	0.177625	1421
3	13011	0.17775	1422
3	13020	0.177875	1423
3	13029	0.178	1424
3	13038	0.178125	1425
3	13047	0.17825	1426
3	13056	0.178375	1427
3	13065	0.1785	1428
3	13074	0.178625	1429
3	13083	0.17875	1430
3	13092	0.178875	1431
3	13101	0.179	1432
3	13110	0.179125	1433
3	13119	0.17925	1434
3	13128	0.179375	1435
3	13137	0.1795	1436
3	13146	0.179625	1437
3	13155	0.17975	1438
3	13164	0.179875	1439
3	13177	0.18	1440
3	13186	0.180125	1441
3	13195	0.18025	1442
3	13204	0.180375	1443
3	13213	0.1805	1444
3	13222	0.180625	1445
3	13231	0.18075	1446
3	13240	0.180875	1447
3	13249	0.181	1448
3	13258	0.181125	1449
3	13267	0.18125	1450
3	13276	0.181375	1451
3	13285	0.1815	1452
3	13294	0.181625	1453
3	13303	0.18175	1454
3	13312	0.181875	1455
3	13321	0.182	1456
3	13330	0.182125	1457
3	13339	0.18225	1458
3	13348	0.182375	1459
3	13357	0.1825	1460
3	13366	0.182625	1461
3	13375	0.18275	1462
3	13384	0.182875	1463
3	13393	0.183	1464
3	13402	0.183125	1465
3	13415	0.18325	1466
3	13424	0.183375	1467
3	13433	0.1835	1468
3	13442	0.183625	1469
3	13451	0.18375	1470
3	13460	0.183875	1471
3	13469	0.184	1472
3	13478	0.184125	1473
3	13487	0.18425	1474
3	13496	0.184375	1475
3	13505	0.1845	1476
3	13514	0.184625	1477
3	13523	0.18475	1478
3	13532	0.184875	1479
3	13541	0.185	1480
3	13550	0.185125	1481
3	13559	0.18525	1482
3	13568	0.185375	1483
3	13577	0.1855	1484
3	13586	0.185625	1485
3	13595	0.18575	1486
3	13604	0.185875	1487
3	13613	0.186	1488
3	13622	0.186125	1489
3	13631	0.18625	1490
3	13640	0.186375	1491
3	13653	0.1865	1492
3	13662	0.186625	1493
3	13671	0.18675	1494
3	13680	0.186875	1495
3	13689	0.187	1496
3	13698	0.187125	1497
3	13707	0.18725	1498
3	13716	0.187375	1499
3	13725	0.1875	1500
3	13734	0.187625	1501
3	13743	0.18775	1502
3	13752	0.187875	1503
3	13761	0.188	1504
3	13770	0.188125	1505
3	13779	0.18825	1506
3	13788	0.188375	1507
3	13797	0.1885	1508
3	13806	0.188625	1509
3	13815	0.18875	1510
3	13824	0.188875	1511
3	13833	0.189	1512
3	13842	0.189125	1513
3	13851	0.18925	1514
3	13860	0.189375	1515
3	13869	0.1895	1516
3	13878	0.189625	1517
3	13887	0.18975	1518
3	13900	0.189875	1519
3	13909	0.19	1520
3	13918	0.190125	1521
3	13927	0.19025	1522
3	13936	0.190375	1523
3	13945	0.1905	1524
3	13954	0.190625	1525
3	13963	0.19075	1526
3	13972	0.190875	1527
3	13981	0.191	1528
3	13990	0.191125	1529
3	13999	0.19125	1530
3	14008	0.191375	1531
3	14017	0.1915	1532
3	14026	0.191625	1533
3	14035	0.19175	1534
3	14044	0.191875	1535
3	14053	0.192	1536
3	14062	0.192125	1537
3	14071	0.19225	1538
3	14080	0.192375	1539
3	14089	0.1925	1540
3	14098	0.192625	1541
3	14107	0.19275	1542
3	14116	0.192875	1543
3	14125	0.193	1544
3	14138	0.193125	1545
3	14147	0.19325	1546
3	14156	0.193375	1547
3	14165	0.1935	1548
3	14174	0.193625	1549
3	14183	0.19375	1550
3	14192	0.193875	1551
3	14201	0.194	1552
3	14210	0.194125	1553
3	14219	0.19425	1554
3	14228	0.194375	1555
3	14237	0.1945	1556
3	14246	0.194625	1557
3	14255	0.19475	1558
3	14264	0.194875	1559
3	14273	0.195	1560
3	14282	0.195125	1561
3	14291	0.19525	1562
3	14300	0.195375	1563
3	14309	0.1955	1564
3	14318	0.195625	1565
3	14327	0.19575	1566
3	14336	0.195875	1567
3	14345	0.196	1568
3	14354	0.196125	1569
3	14363	0.19625	1570
3	14376	0.196375	1571
3	14385	0.1965	1572
3	14394	0.196625	1573
3	14403	0.19675	1574
3	14412	0.196875	1575
3	14421	0.197	1576
3	14430	0.197125	1577
3	14439	0.19725	1578
3	14448	0.197375	1579
3	14457	0.1975	1580
3	14466	0.197625	1581
3	14475	0.19775	1582
3	14484	0.197875	1583
3	14493	0.198	1584
3	14502	0.198125	1585
3	14511	0.19825	1586
3	14520	0.198375	1587
3	14529	0.1985	1588
3	14538	0.198625	1589
3	14547	0.19875	1590
3	14556	0.198875	1591
3	14565	0.199	1592
3	14574	0.199125	1593
3	14583	0.19925	1594
3	14592	0.199375	1595
3	14601	0.1995	1596
3	14614	0.199625	1597
3	14623	0.19975	1598
3	14632	0.199875	1599
3	14641	0.2	1600
3	14650	0.200125	1601
3	14659	0.20025	1602
3	14668	0.200375	1603
3	14677	0.2005	1604
3	14686	0.200625	1605
3	14695	0.20075	1606
3	14704	0.200875	1607
3	14713	0.201	1608
3	14722	0.201125	1609
3	14731	0.20125	1610
3	14740	0.201375	1611
3	14749	0.2015	1612
3	14758	0.201625	1613
3	14767	0.20175	1614
3	14776	0.201875	1615
3	14785	0.202	1616
3	14794	0.202125	1617
3	14803	0.20225	1618
3	14812	0.202375	1619
3	14821	0.2025	1620
3	14830	0.202625	1621
3	14839	0.20275	1622
3	14852	0.202875	1623
3	14861	0.203	1624
3	14870	0.203125	1625
3	14879	0.20325	1626
3	14888	0.203375	1627
3	14897	0.2035	1628
3	14906	0.203625	1629
3	14915	0.20375	1630
3	14924	0.203875	1631
3	14933	0.204	1632
3	14942	0.204125	1633
3	14951	0.20425	1634
3	14960	0.204375	1635
3	14969	0.2045	1636
3	14978	0.204625	1637
3	14987	0.20475	1638
3	14996	0.204875	1639
3	15005	0.205	1640
3	15014	0.205125	1641
3	15023	0.20525	1642
3	15032	0.205375	1643
3	15041	0.2055	1644
3	15050	0.205625	1645
3	15059	0.20575	1646
3	15068	0.205875	1647
3	15077	0.206	1648
3	15090	0.206125	1649
3	15099	0.20625	1650
3	15108	0.206375	1651
3	15117	0.2065	1652
3	15126	0.206625	1653
3	15135	0.20675	1654
3	15144	0.206875	1655
3	15153	0.207	1656
3	15162	0.207125	1657
3	15171	0.20725	1658
3	15180	0.207375	1659
3	15189	0.2075	1660
3	15198	0.207625	1661
3	15207	0.20775	1662
3	15216	0.207875	1663
3	15225	0.208	1664
3	15234	0.208125	1665
3	15243	0.20825	1666
3	15252	0.208375	1667
3	15261	0.2085	1668
3	15270	0.208625	1669
3	15279	0.20875	1670
3	15288	0.208875	1671
3	15297	0.209	1672
3	15306	0.209125	1673
3	15315	0.20925	1674
3	15324	0.209375	1675
3	15337	0.2095	1676
3	15346	0.209625	1677
3	15355	0.20975	1678
3	15364	0.209875	1679
3	15373	0.21	1680
3	15382	0.210125	1681
3	15391	0.21025	1682
3	15400	0.210375	1683
3	15409	0.2105	1684
3	15418	0.210625	1685
3	15427	0.21075	1686
3	15436	0.210875	1687
3	15445	0.211	1688
3	15454	0.211125	1689
3	15463	0.21125	1690
3	15472	0.211375	1691
3	15481	0.2115	1692
3	15490	0.211625	1693
3	15499	0.21175	1694
3	15508	0.211875	1695
3	15517	0.212	1696
3	15526	0.212125	1697
3	15535	0.21225	1698
3	15544	0.212375	1699
3	15553	0.2125	1700
3	15562	0.212625	1701
3	15575	0.21275	1702
3	15584	0.212875	1703
3	15593	0.213	1704
3	15602	0.213125	1705
3	15611	0.21325	1706
3	15620	0.213375	1707
3	15629	0.2135	1708
3	15638	0.213625	1709
3	15647	0.21375	1710
3	15656	0.213875	1711
3	15665	0.214	1712
3	15674	0.214125	1713
3	15683	0.21425	1714
3	15692	0.214375	1715
3	15701	0.2145	1716
3	15710	0.214625	1717
3	15719	0.21475	1718
3	15728	0.214875	1719
3	15737	0.215	1720
3	15746	0.215125	1721
3	15755	0.21525	1722
3	15764	0.215375	1723
3	15773	0.2155	1724
3	15782	0.215625	1725
3	15791	0.21575	1726
3	15800	0.215875	1727
3	15813	0.216	1728
3	15822	0.216125	1729
3	15831	0.21625	1730
3	15840	0.216375	1731
3	15849	0.2165	1732
3	15858	0.216625	1733
3	15867	0.21675	1734
3	15876	0.216875	1735
3	15885	0.217	1736
3	15894	0.217125	1737
3	15903	0.21725	1738
3	15912	0.217375	1739
3	15921	0.2175	1740
3	15930	0.217625	1741
3	15939	0.21775	1742
3	15948	0.217875	1743
3	15957	0.218	1744
3	15966	0.218125	1745
3	15975	0.21825	1746
3	15984	0.218375	1747
3	15993	0.2185	1748
3	16002	0.218625	1749
3	16011	0.21875	1750
3	16020	0.218875	1751
3	16029	0.219	1752
3	16038	0.219125	1753
3	16051	0.21925	1754
3	16060	0.219375	1755
3	16069	0.2195	1756
3	16078	0.219625	1757
3	16087	0.21975	1758
3	16096	0.219875	1759
3	16105	0.22	1760
3	16114	0.220125	1761
3	16123	0.22025	1762
3	16132	0.220375	1763
3	16141	0.2205	1764
3	16150	0.220625	1765
3	16159	0.22075	1766
3	16168	0.220875	1767
3	16177	0.221	1768
3	16186	0.221125	1769
3	16195	0.22125	1770
3	16204	0.221375	1771
3	16213	0.2215	1772
3	16222	0.221625	1773
3	16231	0.22175	1774
3	16240	0.221875	1775
3	16249	0.222	1776
3	16258	0.222125	1777
3	16267	0.22225	1778
3	16276	0.222375	1779
3	16289	0.2225	1780
3	16298	0.222625	1781
3	16307	0.22275	1782
3	16316	0.222875	1783
3	16325	0.223	1784
3	16334	0.223125	1785
3	16343	0.22325	1786
3	16352	0.223375	1787
3	16361	0.2235	1788
3	16370	0.223625	1789
3	16379	0.22375	1790
3	16388	0.223875	1791
3	16397	0.224	1792
3	16406	0.224125	1793
3	16415	0.22425	1794
3	16424	0.224375	1795
3	16433	0.2245	1796
3	16442	0.224625	1797
3	16451	0.22475	1798
3	16460	0.224875	1799
3	16469	0.225	1800
3	16478	0.225125	1801
3	16487	0.22525	1802
3	16496	0.225375	1803
3	16505	0.2255	1804
3	16514	0.225625	1805
3	16523	0.22575	1806
3	16536	0.225875	1807
3	16545	0.226	1808
3	16554	0.226125	1809
3	16563	0.22625	1810
3	16572	0.226375	1811
3	16581	0.2265	1812
3	16590	0.226625	1813
3	16599	0.22675	1814
3	16608	0.226875	1815
3	16617	0.227	1816
3	16626	0.227125	1817
3	16635	0.22725	1818
3	16644	0.227375	1819
3	16653	0.2275	1820
3	16662	0.227625	1821
3	16671	0.22775	1822
3	16680	0.227875	1823
3	16689	0.228	1824
3	16698	0.228125	1825
3	16707	0.22825	1826
3	16716	0.228375	1827
3	16725	0.2285	1828
3	16734	0.228625	1829
3	16743	0.22875	1830
3	16752	0.228875	1831
3	16761	0.229	1832
3	16774	0.229125	1833
3	16783	0.22925	1834
3	16792	0.229375	1835
3	16801	0.2295	1836
3	16810	0.229625	1837
3	16819	0.22975	1838
3	16828	0.229875	1839
3	16837	0.23	1840
3	16846	0.230125	1841
3	16855	0.23025	1842
3	16864	0.230375	1843
3	16873	0.2305	1844
3	16882	0.230625	1845
3	16891	0.23075	1846
3	16900	0.230875	1847
3	16909	0.231	1848
3	16918	0.231125	1849
3	16927	0.23125	1850
3	16936	0.231375	1851
3	16945	0.2315	1852
3	16954	0.231625	1853
3	16963	0.23175	1854
3	16972	0.231875	1855
3	16981	0.232	1856
3	16990	0.232125	1857
3	16999	0.23225	1858
3	17012	0.232375	1859
3	17021	0.2325	1860
3	17030	0.232625	1861
3	17039	0.23275	1862
3	17048	0.232875	1863
3	17057	0.233	1864
3	17066	0.233125	1865
3	17075	0.23325	1866
3	17084	0.233375	1867
3	17093	0.2335	1868
3	17102	0.233625	1869
3	17111	0.23375	1870
3	17120	0.233875	1871
3	17129	0.234	1872
3	17138	0.234125	1873
3	17147	0.23425	1874
3	17156	0.234375	1875
3	17165	0.2345	1876
3	17174	0.234625	1877
3	17183	0.23475	1878
3	17192	0.234875	1879
3	17201	0.235	1880
3	17210	0.235125	1881
3	17219	0.23525	1882
3	17228	0.235375	1883
3	17237	0.2355	1884
3	17250	0.235625	1885
3	17259	0.23575	1886
3	17268	0.235875	1887
3	17277	0.236	1888
3	17286	0.236125	1889
3	17295	0.23625	1890
3	17304	0.236375	1891
3	17313	0.2365	1892
3	17322	0.236625	1893
3	17331	0.23675	1894
3	17340	0.236875	1895
3	17349	0.237	1896
3	17358	0.237125	1897
3	17367	0.23725	1898
3	17376	0.237375	1899
3	17385	0.2375	1900
3	17394	0.237625	1901
3	17403	0.23775	1902
3	17412	0.237875	1903
3	17421	0.238	1904
3	17430	0.238125	1905
3	17439	0.23825	1906
3	17448	0.238375	1907
3	17457	0.2385	1908
3	17466	0.238625	1909
3	17475	0.23875	1910
3	17488	0.238875	1911
3	17497	0.239	1912
3	17506	0.239125	1913
3	17515	0.23925	1914
3	17524	0.239375	1915
3	17533	0.2395	1916
3	17542	0.239625	1917
3	17551	0.23975	1918
3	17560	0.239875	1919
3	17569	0.24	1920
3	17578	0.240125	1921
3	17587	0.24025	1922
3	17596	0.240375	1923
3	17605	0.2405	1924
3	17614	0.240625	1925
3	17623	0.24075	1926
3	17632	0.240875	1927
3	17641	0.241	1928
3	17650	0.241125	1929
3	17659	0.24125	1930
3	17668	0.241375	1931
3	17677	0.2415	1932
3	17686	0.241625	1933
3	17695	0.24175	1934
3	17704	0.241875	1935
3	17713	0.242	1936
3	17726	0.242125	1937
3	17735	0.24225	1938
3	17744	0.242375	1939
3	17753	0.2425	1940
3	17762	0.242625	1941
3	17771	0.24275	1942
3	17780	0.242875	1943
3	17789	0.243	1944
3	17798	0.243125	1945
3	17807	0.24325	1946
3	17816	0.243375	1947
3	17825	0.2435	1948
3	17834	0.243625	1949
3	17843	0.24375	1950
3	17852	0.243875	1951
3	17861	0.244	1952
3	17870	0.244125	1953
3	17879	0.24425	1954
3	17888	0.244375	1955
3	17897	0.2445	1956
3	17906	0.244625	1957
3	17915	0.24475	1958
3	17924	0.244875	1959
3	17933	0.245	1960
3	17942	0.245125	1961
3	17951	0.24525	1962
3	17960	0.245375	1963
3	17973	0.2455	1964
3	17982	0.245625	1965
3	17991	0.24575	1966
3	18000	0.245875	1967
3	18009	0.246	1968
3	18018	0.246125	1969
3	18027	0.24625	1970
3	18036	0.246375	1971
3	18045	0.2465	1972
3	18054	0.246625	1973
3	18063	0.24675	1974
3	18072	0.246875	1975
3	18081	0.247	1976
3	18090	0.247125	1977
3	18099	0.24725	1978
3	18108	0.247375	1979
3	18117	0.2475	1980
3	18126	0.247625	1981
3	18135	0.24775	1982
3	18144	0.247875	1983
3	18153	0.248	1984
3	18162	0.248125	1985
3	18171	0.24825	1986
3	18180	0.248375	1987
3	18189	0.2485	1988
3	18198	0.248625	1989
3	18211	0.24875	1990
3	18220	0.248875	1991
3	18229	0.249	1992
3	18238	0.249125	1993
3	18247	0.24925	1994
3	18256	0.249375	1995
3	18265	0.2495	1996
3	18274	0.249625	1997
3	18283	0.24975	1998
3	18292	0.249875	1999
3	18301	0.25	2000
3	18310	0.250125	2001
3	18319	0.25025	2002
3	18328	0.250375	2003
3	18337	0.2505	2004
3	18346	0.250625	2005
3	18355	0.25075	2006
3	18364	0.250875	2007
3	18373	0.251	2008
3	18382	0.251125	2009
3	18391	0.25125	2010
3	18400	0.251375	2011
3	18409	0.2515	2012
3	18418	0.251625	2013
3	18427	0.25175	2014
3	18436	0.251875	2015
3	18449	0.252	2016
3	18458	0.252125	2017
3	18467	0.25225	2018
3	18476	0.252375	2019
3	18485	0.2525	2020
3	18494	0.252625	2021
3	18503	0.25275	2022
3	18512	0.252875	2023
3	18521	0.253	2024
3	18530	0.253125	2025
3	18539	0.25325	2026
3	18548	0.253375	2027
3	18557	0.2535	2028
3	18566	0.253625	2029
3	18575	0.25375	2030
3	18584	0.253875	2031
3	18593	0.254	2032
3	18602	0.254125	2033
3	18611	0.25425	2034
3	18620	0.254375	2035
3	18629	0.2545	2036
3	18638	0.254625	2037
3	18647	0.25475	2038
3	18656	0.254875	2039
3	18665	0.255	2040
3	18674	0.255125	2041
3	18687	0.25525	2042
3	18696	0.255375	2043
3	18705	0.2555	2044
3	18714	0.255625	2045
3	18723	0.25575	2046
3	18732	0.255875	2047
3	18741	0.256	2048
3	18750	0.256125	2049
3	18759	0.25625	2050
3	18768	0.256375	2051
3	18777	0.2565	2052
3	18786	0.256625	2053
3	18795	0.25675	2054
3	18804	0.256875	2055
3	18813	0.257	2056
3	18822	0.257125	2057
3	18831	0.25725	2058
3	18840	0.257375	2059
3	18849	0.2575	2060
3	18858	0.257625	2061
3	18867	0.25775	2062
3	18876	0.257875	2063
3	18885	0.258	2064
3	18894	0.258125	2065
3	18903	0.25825	2066
3	18912	0.258375	2067
3	18925	0.2585	2068
3	18934	0.258625	2069
3	18943	0.25875	2070
3	18952	0.258875	2071
3	18961	0.259	2072
3	18970	0.259125	2073
3	18979	0.25925	2074
3	18988	0.259375	2075
3	18997	0.2595	2076
3	19006	0.259625	2077
3	19015	0.25975	2078
3	19024	0.259875	2079
3	19033	0.26	2080
3	19042	0.260125	2081
3	19051	0.26025	2082
3	19060	0.260375	2083
3	19069	0.2605	2084
3	19078	0.260625	2085
3	19087	0.26075	2086
3	19096	0.260875	2087
3	19105	0.261	2088
3	19114	0.261125	2089
3	19123	0.26125	2090
3	19132	0.261375	2091
3	19141	0.2615	2092
3	19150	0.261625	2093
3	19163	0.26175	2094
3	19172	0.261875	2095
3	19181	0.262	2096
3	19190	0.262125	2097
3	19199	0.26225	2098
3	19208	0.262375	2099
3	19217	0.2625	2100
3	19226	0.262625	2101
3	19235	0.26275	2102
3	19244	0.262875	2103
3	19253	0.263	2104
3	19262	0.263125	2105
3	19271	0.26325	2106
3	19280	0.263375	2107
3	19289	0.2635	2108
3	19298	0.263625	2109
3	19307	0.26375	2110
3	19316	0.263875	2111
3	19325	0.264	2112
3	19334	0.264125	2113
3	19343	0.26425	2114
3	19352	0.264375	2115
3	19361	0.2645	2116
3	19370	0.264625	2117
3	19379	0.26475	2118
3	19388	0.264875	2119
3	19397	0.265	2120
3	19410	0.265125	2121
3	19419	0.26525	2122
3	19428	0.265375	2123
3	19437	0.2655	2124
3	19446	0.265625	2125
3	19455	0.26575	2126
3	19464	0.265875	2127
3	19473	0.266	2128
3	19482	0.266125	2129
3	19491	0.26625	2130
3	19500	0.266375	2131
3	19509	0.2665	2132
3	19518	0.266625	2133
3	19527	0.26675	2134
3	19536	0.266875	2135
3	19545	0.267	2136
3	19554	0.267125	2137
3	19563	0.26725	2138
3	19572	0.267375	2139
3	19581	0.2675	2140
3	19590	0.267625	2141
3	19599	0.26775	2142
3	19608	0.267875	2143
3	19617	0.268	2144
3	19626	0.268125	2145
3	19635	0.26825	2146
3	19648	0.268375	2147
3	19657	0.2685	2148
3	19666	0.268625	2149
3	19675	0.26875	2150
3	19684	0.268875	2151
3	19693	0.269	2152
3	19702	0.269125	2153
3	19711	0.26925	2154
3	19720	0.269375	2155
3	19729	0.2695	2156
3	19738	0.269625	2157
3	19747	0.26975	2158
3	19756	0.269875	2159
3	19765	0.27	2160
3	19774	0.270125	2161
3	19783	0.27025	2162
3	19792	0.270375	2163
3	19801	0.2705	2164
3	19810	0.270625	2165
3	19819	0.27075	2166
3	19828	0.270875	2167
3	19837	0.271	2168
3	19846	0.271125	2169
3	19855	0.27125	2170
3	19864	0.271375	2171
3	19873	0.2715	2172
3	19886	0.271625	2173
3	19895	0.27175	2174
3	19904	0.271875	2175
3	19913	0.272	2176
3	19922	0.272125	2177
3	19931	0.27225	2178
3	19940	0.272375	2179
3	19949	0.2725	2180
3	19958	0.272625	2181
3	19967	0.27275	2182
3	19976	0.272875	2183
3	19985	0.273	2184
3	19994	0.273125	2185
3	20003	0.27325	2186
3	20012	0.273375	2187
3	20021	0.2735	2188
3	20030	0.273625	2189
3	20039	0.27375	2190
3	20048	0.273875	2191
3	20057	0.274	2192
3	20066	0.274125	2193
3	20075	0.27425	2194
3	20084	0.274375	2195
3	20093	0.2745	2196
3	20102	0.274625	2197
3	20111	0.27475	2198
3	20124	0.274875	2199
3	20133	0.275	2200
3	20142	0.275125	2201
3	20151	0.27525	2202
3	20160	0.275375	2203
3	20169	0.2755	2204
3	20178	0.275625	2205
3	20187	0.27575	2206
3	20196	0.275875	2207
3	20205	0.276	2208
3	20214	0.276125	2209
3	20223	0.27625	2210
3	20232	0.276375	2211
3	20241	0.2765	2212
3	20250	0.276625	2213
3	20259	0.27675	2214
3	20268	0.276875	2215
3	20277	0.277	2216
3	20286	0.277125	2217
3	20295	0.27725	2218
3	20304	0.277375	2219
3	20313	0.2775	2220
3	20322	0.277625	2221
3	20331	0.27775	2222
3	20340	0.277875	2223
3	20349	0.278	2224
3	20362	0.278125	2225
3	20371	0.27825	2226
3	20380	0.278375	2227
3	20389	0.2785	2228
3	20398	0.278625	2229
3	20407	0.27875	2230
3	20416	0.278875	2231
3	20425	0.279	2232
3	20434	0.279125	2233
3	20443	0.27925	2234
3	20452	0.279375	2235
3	20461	0.2795	2236
3	20470	0.279625	2237
3	20479	0.27975	2238
3	20488	0.279875	2239
3	20497	0.28	2240
3	20506	0.280125	2241
3	20515	0.28025	2242
3	20524	0.280375	2243
3	20533	0.2805	2244
3	20542	0.280625	2245
3	20551	0.28075	2246
3	20560	0.280875	2247
3	20569	0.281	2248
3	20578	0.281125	2249
3	20587	0.28125	2250
3	20600	0.281375	2251
3	20609	0.2815	2252
3	20618	0.281625	2253
3	20627	0.28175	2254
3	20636	0.281875	2255
3	20645	0.282	2256
3	20654	0.282125	2257
3	20663	0.28225	2258
3	20672	0.282375	2259
3	20681	0.2825	2260
3	20690	0.282625	2261
3	20699	0.28275	2262
3	20708	0.282875	2263
3	20717	0.283	2264
3	20726	0.283125	2265
3	20735	0.28325	2266
3	20744	0.283375	2267
3	20753	0.2835	2268
3	20762	0.283625	2269
3	20771	0.28375	2270
3	20780	0.283875	2271
3	20789	0.284	2272
3	20798	0.284125	2273
3	20807	0.28425	2274
3	20816	0.284375	2275
3	20825	0.2845	2276
3	20834	0.284625	2277
3	20847	0.28475	2278
3	20856	0.284875	2279
3	20865	0.285	2280
3	20874	0.285125	2281
3	20883	0.28525	2282
3	20892	0.285375	2283
3	20901	0.2855	2284
3	20910	0.285625	2285
3	20919	0.28575	2286
3	20928	0.285875	2287
3	20937	0.286	2288
3	20946	0.286125	2289
3	20955	0.28625	2290
3	20964	0.286375	2291
3	20973	0.2865	2292
3	20982	0.286625	2293
3	20991	0.28675	2294
3	21000	0.286875	2295
3	21009	0.287	2296
3	21018	0.287125	2297
3	21027	0.28725	2298
3	21036	0.287375	2299
3	21045	0.2875	2300
3	21054	0.287625	2301
3	21063	0.28775	2302
3	21072	0.287875	2303
3	21085	0.288	2304
3	21094	0.288125	2305
3	21103	0.28825	2306
3	21112	0.288375	2307
3	21121	0.2885	2308
3	21130	0.288625	2309
3	21139	0.28875	2310
3	21148	0.288875	2311
3	21157	0.289	2312
3	21166	0.289125	2313
3	21175	0.28925	2314
3	21184	0.289375	2315
3	21193	0.2895	2316
3	21202	0.289625	2317
3	21211	0.28975	2318
3	21220	0.289875	2319
3	21229	0.29	2320
3	21238	0.290125	2321
3	21247	0.29025	2322
3	21256	0.290375	2323
3	21265	0.2905	2324
3	21274	0.290625	2325
3	21283	0.29075	2326
3	21292	0.290875	2327
3	21301	0.291	2328
3	21310	0.291125	2329
3	21323	0.29125	2330
3	21332	0.291375	2331
3	21341	0.2915	2332
3	21350	0.291625	2333
3	21359	0.29175	2334
3	21368	0.291875	2335
3	21377	0.292	2336
3	21386	0.292125	2337
3	21395	0.29225	2338
3	21404	0.292375	2339
3	21413	0.2925	2340
3	21422	0.292625	2341
3	21431	0.29275	2342
3	21440	0.292875	2343
3	21449	0.293	2344
3	21458	0.293125	2345
3	21467	0.29325	2346
3	21476	0.293375	2347
3	21485	0.2935	2348
3	21494	0.293625	2349
3	21503	0.29375	2350
3	21512	0.293875	2351
3	21521	0.294	2352
3	21530	0.294125	2353
3	21539	0.29425	2354
3	21548	0.294375	2355
3	21561	0.2945	2356
3	21570	0.294625	2357
3	21579	0.29475	2358
3	21588	0.294875	2359
3	21597	0.295	2360
3	21606	0.295125	2361
3	21615	0.29525	2362
3	21624	0.295375	2363
3	21633	0.2955	2364
3	21642	0.295625	2365
3	21651	0.29575	2366
3	21660	0.295875	2367
3	21669	0.296	2368
3	21678	0.296125	2369
3	21687	0.29625	2370
3	21696	0.296375	2371
3	21705	0.2965	2372
3	21714	0.296625	2373
3	21723	0.29675	2374
3	21732	0.296875	2375
3	21741	0.297	2376
3	21750	0.297125	2377
3	21759	0.29725	2378
3	21768	0.297375	2379
3	21777	0.2975	2380
3	21786	0.297625	2381
3	21799	0.29775	2382
3	21808	0.297875	2383
3	21817	0.298	2384
3	21826	0.298125	2385
3	21835	0.29825	2386
3	21844	0.298375	2387
3	21853	0.2985	2388
3	21862	0.298625	2389
3	21871	0.29875	2390
3	21880	0.298875	2391
3	21889	0.299	2392
3	21898	0.299125	2393
3	21907	0.29925	2394
3	21916	0.299375	2395
3	21925	0.2995	2396
3	21934	0.299625	2397
3	21943	0.29975	2398
3	21952	0.299875	2399
3	21961	0.3	2400
3	21970	0.300125	2401
3	21979	0.30025	2402
3	21988	0.300375	2403
3	21997	0.3005	2404
3	22006	0.300625	2405
3	22015	0.30075	2406
3	22024	0.300875	2407
3	22033	0.301	2408
3	22046	0.301125	2409
3	22055	0.30125	2410
3	22064	0.301375	2411
3	22073	0.3015	2412
3	22082	0.301625	2413
3	22091	0.30175	2414
3	22100	0.301875	2415
3	22109	0.302	2416
3	22118	0.302125	2417
3	22127	0.30225	2418
3	22136	0.302375	2419
3	22145	0.3025	2420
3	22154	0.302625	2421
3	22163	0.30275	2422
3	22172	0.302875	2423
3	22181	0.303	2424
3	22190	0.303125	2425
3	22199	0.30325	2426
3	22208	0.303375	2427
3	22217	0.3035	2428
3	22226	0.303625	2429
3	22235	0.30375	2430
3	22244	0.303875	2431
3	22253	0.304	2432
3	22262	0.304125	2433
3	22271	0.30425	2434
3	22284	0.304375	2435
3	22293	0.3045	2436
3	22302	0.304625	2437
3	22311	0.30475	2438
3	22320	0.304875	2439
3	22329	0.305	2440
3	22338	0.305125	2441
3	22347	0.30525	2442
3	22356	0.305375	2443
3	22365	0.3055	2444
3	22374	0.305625	2445
3	22383	0.30575	2446
3	22392	0.305875	2447
3	22401	0.306	2448
3	22410	0.306125	2449
3	22419	0.30625	2450
3	22428	0.306375	2451
3	22437	0.3065	2452
3	22446	0.306625	2453
3	22455	0.30675	2454
3	22464	0.306875	2455
3	22473	0.307	2456
3	22482	0.307125	2457
3	22491	0.30725	2458
3	22500	0.307375	2459
3	22509	0.3075	2460
3	22522	0.307625	2461
3	22531	0.30775	2462
3	22540	0.307875	2463
3	22549	0.308	2464
3	22558	0.308125	2465
3	22567	0.30825	2466
3	22576	0.308375	2467
3	22585	0.3085	2468
3	22594	0.308625	2469
3	22603	0.30875	2470
3	22612	0.308875	2471
3	22621	0.309	2472
3	22630	0.309125	2473
3	22639	0.30925	2474
3	22648	0.309375	2475
3	22657	0.3095	2476
3	22666	0.309625	2477
3	22675	0.30975	2478
3	22684	0.309875	2479
3	22693	0.31	2480
3	22702	0.310125	2481
3	22711	0.31025	2482
3	22720	0.310375	2483
3	22729	0.3105	2484
3	22738	0.310625	2485
3	22747	0.31075	2486
3	22760	0.310875	2487
3	22769	0.311	2488
3	22778	0.311125	2489
3	22787	0.31125	2490
3	22796	0.311375	2491
3	22805	0.3115	2492
3	22814	0.311625	2493
3	22823	0.31175	2494
3	22832	0.311875	2495
3	22841	0.312	2496
3	22850	0.312125	2497
3	22859	0.31225	2498
3	22868	0.312375	2499
3	22877	0.3125	2500
3	22886	0.312625	2501
3	22895	0.31275	2502
3	22904	0.312875	2503
3	22913	0.313	2504
3	22922	0.313125	2505
3	22931	0.31325	2506
3	22940	0.313375	2507
3	22949	0.3135	2508
3	22958	0.313625	2509
3	22967	0.31375	2510
3	22976	0.313875	2511
3	22985	0.314	2512
3	22998	0.314125	2513
3	23007	0.31425	2514
3	23016	0.314375	2515
3	23025	0.3145	2516
3	23034	0.314625	2517
3	23043	0.31475	2518
3	23052	0.314875	2519
3	23061	0.315	2520
3	23070	0.315125	2521
3	23079	0.31525	2522
3	23088	0.315375	2523
3	23097	0.3155	2524
3	23106	0.315625	2525
3	23115	0.31575	2526
3	23124	0.315875	2527
3	23133	0.316	2528
3	23142	0.316125	2529
3	23151	0.31625	2530
3	23160	0.316375	2531
3	23169	0.3165	2532
3	23178	0.316625	2533
3	23187	0.31675	2534
3	23196	0.316875	2535
3	23205	0.317	2536
3	23214	0.317125	2537
3	23223	0.31725	2538
3	23236	0.317375	2539
3	23245	0.3175	2540
3	23254	0.317625	2541
3	23263	0.31775	2542
3	23272	0.317875	2543
3	23281	0.318	2544
3	23290	0.318125	2545
3	23299	0.31825	2546
3	23308	0.318375	2547
3	23317	0.3185	2548
3	23326	0.318625	2549
3	23335	0.31875	2550
3	23344	0.318875	2551
3	23353	0.319	2552
3	23362	0.319125	2553
3	23371	0.31925	2554
3	23380	0.319375	2555
3	23389	0.3195	2556
3	23398	0.319625	2557
3	23407	0.31975	2558
3	23416	0.319875	2559
3	23425	0.32	2560
3	23434	0.320125	2561
3	23443	0.32025	2562
3	23452	0.320375	2563
3	23461	0.3205	2564
3	23470	0.320625	2565
3	23483	0.32075	2566
3	23492	0.320875	2567
3	23501	0.321	2568
3	23510	0.321125	2569
3	23519	0.32125	2570
3	23528	0.321375	2571
3	23537	0.3215	2572
3	23546	0.321625	2573
3	23555	0.32175	2574
3	23564	0.321875	2575
3	23573	0.322	2576
3	23582	0.322125	2577
3	23591	0.32225	2578
3	23600	0.322375	2579
3	23609	0.3225	2580
3	23618	0.322625	2581
3	23627	0.32275	2582
3	23636	0.322875	2583
3	23645	0.323	2584
3	23654	0.323125	2585
3	23663	0.32325	2586
3	23672	0.323375	2587
3	23681	0.3235	2588
3	23690	0.323625	2589
3	23699	0.32375	2590
3	23708	0.323875	2591
3	23721	0.324	2592
3	23730	0.324125	2593
3	23739	0.32425	2594
3	23748	0.324375	2595
3	23757	0.3245	2596
3	23766	0.324625	2597
3	23775	0.32475	2598
3	23784	0.324875	2599
3	23793	0.325	2600
3	23802	0.325125	2601
3	23811	0.32525	2602
3	23820	0.325375	2603
3	23829	0.3255	2604
3	23838	0.325625	2605
3	23847	0.32575	2606
3	23856	0.325875	2607
3	23865	0.326	2608
3	23874	0.326125	2609
3	23883	0.32625	2610
3	23892	0.326375	2611
3	23901	0.3265	2612
3	23910	0.326625	2613
3	23919	0.32675	2614
3	23928	0.326875	2615
3	23937	0.327	2616
3	23946	0.327125	2617
3	23959	0.32725	2618
3	23968	0.327375	2619
3	23977	0.3275	2620
3	23986	0.327625	2621
3	23995	0.32775	2622
3	24004	0.327875	2623
3	24013	0.328	2624
3	24022	0.328125	2625
3	24031	0.32825	2626
3	24040	0.328375	2627
3	24049	0.3285	2628
3	24058	0.328625	2629
3	24067	0.32875	2630
3	24076	0.328875	2631
3	24085	0.329	2632
3	24094	0.329125	2633
3	24103	0.32925	2634
3	24112	0.329375	2635
3	24121	0.3295	2636
3	24130	0.329625	2637
3	24139	0.32975	2638
3	24148	0.329875	2639
3	24157	0.33	2640
3	24166	0.330125	2641
3	24175	0.33025	2642
3	24184	0.330375	2643
3	24197	0.3305	2644
3	24206	0.330625	2645
3	24215	0.33075	2646
3	24224	0.330875	2647
3	24233	0.331	2648
3	24242	0.331125	2649
3	24251	0.33125	2650
3	24260	0.331375	2651
3	24269	0.3315	2652
3	24278	0.331625	2653
3	24287	0.33175	2654
3	24296	0.331875	2655
3	24305	0.332	2656
3	24314	0.332125	2657
3	24323	0.33225	2658
3	24332	0.332375	2659
3	24341	0.3325	2660
3	24350	0.332625	2661
3	24359	0.33275	2662
3	24368	0.332875	2663
3	24377	0.333	2664
3	24386	0.333125	2665
3	24395	0.33325	2666
3	24404	0.333375	2667
3	24413	0.3335	2668
3	24422	0.333625	2669
3	24435	0.33375	2670
3	24444	0.333875	2671
3	24453	0.334	2672
3	24462	0.334125	2673
3	24471	0.33425	2674
3	24480	0.334375	2675
3	24489	0.3345	2676
3	24498	0.334625	2677
3	24507	0.33475	2678
3	24516	0.334875	2679
3	24525	0.335	2680
3	24534	0.335125	2681
3	24543	0.33525	2682
3	24552	0.335375	2683
3	24561	0.3355	2684
3	24570	0.335625	2685
3	24579	0.33575	2686
3	24588	0.335875	2687
3	24597	0.336	2688
3	24606	0.336125	2689
3	24615	0.33625	2690
3	24624	0.336375	2691
3	24633	0.3365	2692
3	24642	0.336625	2693
3	24651	0.33675	2694
3	24660	0.336875	2695
3	24673	0.337	2696
3	24682	0.337125	2697
3	24691	0.33725	2698
3	24700	0.337375	2699
3	24709	0.3375	2700
3	24718	0.337625	2701
3	24727	0.33775	2702
3	24736	0.337875	2703
3	24745	0.338	2704
3	24754	0.338125	2705
3	24763	0.33825	2706
3	24772	0.338375	2707
3	24781	0.3385	2708
3	24790	0.338625	2709
3	24799	0.33875	2710
3	24808	0.338875	2711
3	24817	0.339	2712
3	24826	0.339125	2713
3	24835	0.33925	2714
3	24844	0.339375	2715
3	24853	0.3395	2716
3	24862	0.339625	2717
3	24871	0.33975	2718
3	24880	0.339875	2719
3	24889	0.34	2720
3	24898	0.340125	2721
3	24907	0.34025	2722
3	24920	0.340375	2723
3	24929	0.3405	2724
3	24938	0.340625	2725
3	24947	0.34075	2726
3	24956	0.340875	2727
3	24965	0.341	2728
3	24974	0.341125	2729
3	24983	0.34125	2730
3	24992	0.341375	2731
3	25001	0.3415	2732
3	25010	0.341625	2733
3	25019	0.34175	2734
3	25028	0.341875	2735
3	25037	0.342	2736
3	25046	0.342125	2737
3	25055	0.34225	2738
3	25064	0.342375	2739
3	25073	0.3425	2740
3	25082	0.342625	2741
3	25091	0.34275	2742
3	25100	0.342875	2743
3	25109	0.343	2744
3	25118	0.343125	2745
3	25127	0.34325	2746
3	25136	0.343375	2747
3	25145	0.3435	2748
3	25158	0.343625	2749
3	25167	0.34375	2750
3	25176	0.343875	2751
3	25185	0.344	2752
3	25194	0.344125	2753
3	25203	0.34425	2754
3	25212	0.344375	2755
3	25221	0.3445	2756
3	25230	0.344625	2757
3	25239	0.34475	2758
3	25248	0.344875	2759
3	25257	0.345	2760
3	25266	0.345125	2761
3	25275	0.34525	2762
3	25284	0.345375	2763
3	25293	0.3455	2764
3	25302	0.345625	2765
3	25311	0.34575	2766
3	25320	0.345875	2767
3	25329	0.346	2768
3	25338	0.346125	2769
3	25347	0.34625	2770
3	25356	0.346375	2771
3	25365	0.3465	2772
3	25374	0.346625	2773
3	25383	0.34675	2774
3	25396	0.346875	2775
3	25405	0.347	2776
3	25414	0.347125	2777
3	25423	0.34725	2778
3	25432	0.347375	2779
3	25441	0.3475	2780
3	25450	0.347625	2781
3	25459	0.34775	2782
3	25468	0.347875	2783
3	25477	0.348	2784
3	25486	0.348125	2785
3	25495	0.34825	2786
3	25504	0.348375	2787
3	25513	0.3485	2788
3	25522	0.348625	2789
3	25531	0.34875	2790
3	25540	0.348875	2791
3	25549	0.349	2792
3	25558	0.349125	2793
3	25567	0.34925	2794
3	25576	0.349375	2795
3	25585	0.3495	2796
3	25594	0.349625	2797
3	25603	0.34975	2798
3	25612	0.349875	2799
3	25621	0.35	2800
3	25634	0.350125	2801
3	25643	0.35025	2802
3	25652	0.350375	2803
3	25661	0.3505	2804
3	25670	0.350625	2805
3	25679	0.35075	2806
3	25688	0.350875	2807
3	25697	0.351	2808
3	25706	0.351125	2809
3	25715	0.35125	2810
3	25724	0.351375	2811
3	25733	0.3515	2812
3	25742	0.351625	2813
3	25751	0.35175	2814
3	25760	0.351875	2815
3	25769	0.352	2816
3	25778	0.352125	2817
3	25787	0.35225	2818
3	25796	0.352375	2819
3	25805	0.3525	2820
3	25814	0.352625	2821
3	25823	0.35275	2822
3	25832	0.352875	2823
3	25841	0.353	2824
3	25850	0.353125	2825
3	25859	0.35325	2826
3	25872	0.353375	2827
3	25881	0.3535	2828
3	25890	0.353625	2829
3	25899	0.35375	2830
3	25908	0.353875	2831
3	25917	0.354	2832
3	25926	0.354125	2833
3	25935	0.35425	2834
3	25944	0.354375	2835
3	25953	0.3545	2836
3	25962	0.354625	2837
3	25971	0.35475	2838
3	25980	0.354875	2839
3	25989	0.355	2840
3	25998	0.355125	2841
3	26007	0.35525	2842
3	26016	0.355375	2843
3	26025	0.3555	2844
3	26034	0.355625	2845
3	26043	0.35575	2846
3	26052	0.355875	2847
3	26061	0.356	2848
3	26070	0.356125	2849
3	26079	0.35625	2850
3	26088	0.356375	2851
3	26097	0.3565	2852
3	26110	0.356625	2853
3	26119	0.35675	2854
3	26128	0.356875	2855
3	26137	0.357	2856
3	26146	0.357125	2857
3	26155	0.35725	2858
3	26164	0.357375	2859
3	26173	0.3575	2860
3	26182	0.357625	2861
3	26191	0.35775	2862
3	26200	0.357875	2863
3	26209	0.358	2864
3	26218	0.358125	2865
3	26227	0.35825	2866
3	26236	0.358375	2867
3	26245	0.3585	2868
3	26254	0.358625	2869
3	26263	0.35875	2870
3	26272	0.358875	2871
3	26281	0.359	2872
3	26290	0.359125	2873
3	26299	0.35925	2874
3	26308	0.359375	2875
3	26317	0.3595	2876
3	26326	0.359625	2877
3	26335	0.35975	2878
3	26344	0.359875	2879
3	26357	0.36	2880
3	26366	0.360125	2881
3	26375	0.36025	2882
3	26384	0.360375	2883
3	26393	0.3605	2884
3	26402	0.360625	2885
3	26411	0.36075	2886
3	26420	0.360875	2887
3	26429	0.361	2888
3	26438	0.361125	2889
3	26447	0.36125	2890
3	26456	0.361375	2891
3	26465	0.3615	2892
3	26474	0.361625	2893
3	26483	0.36175	2894
3	26492	0.361875	2895
3	26501	0.362	2896
3	26510	0.362125	2897
3	26519	0.36225	2898
3	26528	0.362375	2899
3	26537	0.3625	2900
3	26546	0.362625	2901
3	26555	0.36275	2902
3	26564	0.362875	2903
3	26573	0.363	2904
3	26582	0.363125	2905
3	26595	0.36325	2906
3	26604	0.363375	2907
3	26613	0.3635	2908
3	26622	0.363625	2909
3	26631	0.36375	2910
3	26640	0.363875	2911
3	26649	0.364	2912
3	26658	0.364125	2913
3	26667	0.36425	2914
3	26676	0.364375	2915
3	26685	0.3645	2916
3	26694	0.364625	2917
3	26703	0.36475	2918
3	26712	0.364875	2919
3	26721	0.365	2920
3	26730	0.365125	2921
3	26739	0.36525	2922
3	26748	0.365375	2923
3	26757	0.3655	2924
3	26766	0.365625	2925
3	26775	0.36575	2926
3	26784	0.365875	2927
3	26793	0.366	2928
3	26802	0.366125	2929
3	26811	0.36625	2930
3	26820	0.366375	2931
3	26833	0.3665	2932
3	26842	0.366625	2933
3	26851	0.36675	2934
3	26860	0.366875	2935
3	26869	0.367	2936
3	26878	0.367125	2937
3	26887	0.36725	2938
3	26896	0.367375	2939
3	26905	0.3675	2940
3	26914	0.367625	2941
3	26923	0.36775	2942
3	26932	0.367875	2943
3	26941	0.368	2944
3	26950	0.368125	2945
3	26959	0.36825	2946
3	26968	0.368375	2947
3	26977	0.3685	2948
3	26986	0.368625	2949
3	26995	0.36875	2950
3	27004	0.368875	2951
3	27013	0.369	2952
3	27022	0.369125	2953
3	27031	0.36925	2954
3	27040	0.369375	2955
3	27049	0.3695	2956
3	27058	0.369625	2957
3	27071	0.36975	2958
3	27080	0.369875	2959
3	27089	0.37	2960
3	27098	0.370125	2961
3	27107	0.37025	2962
3	27116	0.370375	2963
3	27125	0.3705	2964
3	27134	0.370625	2965
3	27143	0.37075	2966
3	27152	0.370875	2967
3	27161	0.371	2968
3	27170	0.371125	2969
3	27179	0.37125	2970
3	27188	0.371375	2971
3	27197	0.3715	2972
3	27206	0.371625	2973
3	27215	0.37175	2974
3	27224	0.371875	2975
3	27233	0.372	2976
3	27242	0.372125	2977
3	27251	0.37225	2978
3	27260	0.372375	2979
3	27269	0.3725	2980
3	27278	0.372625	2981
3	27287	0.37275	2982
3	27296	0.372875	2983
3	27309	0.373	2984
3	27318	0.373125	2985
3	27327	0.37325	2986
3	27336	0.373375	2987
3	27345	0.3735	2988
3	27354	0.373625	2989
3	27363	0.37375	2990
3	27372	0.373875	2991
3	27381	0.374	2992
3	27390	0.374125	2993
3	27399	0.37425	2994
3	27408	0.374375	2995
3	27417	0.3745	2996
3	27426	0.374625	2997
3	27435	0.37475	2998
3	27444	0.374875	2999
3	27453	0.375	3000
3	27462	0.375125	3001
3	27471	0.37525	3002
3	27480	0.375375	3003
3	27489	0.3755	3004
3	27498	0.375625	3005
3	27507	0.37575	3006
3	27516	0.375875	3007
3	27525	0.376	3008
3	27534	0.376125	3009
3	27543	0.37625	3010
3	27556	0.376375	3011
3	27565	0.3765	3012
3	27574	0.376625	3013
3	27583	0.37675	3014
3	27592	0.376875	3015
3	27601	0.377	3016
3	27610	0.377125	3017
3	27619	0.37725	3018
3	27628	0.377375	3019
3	27637	0.3775	3020
3	27646	0.377625	3021
3	27655	0.37775	3022
3	27664	0.377875	3023
3	27673	0.378	3024
3	27682	0.378125	3025
3	27691	0.37825	3026
3	27700	0.378375	3027
3	27709	0.3785	3028
3	27718	0.378625	3029
3	27727	0.37875	3030
3	27736	0.378875	3031
3	27745	0.379	3032
3	27754	0.379125	3033
3	27763	0.37925	3034
3	27772	0.379375	3035
3	27781	0.3795	3036
3	27794	0.379625	3037
3	27803	0.37975	3038
3	27812	0.379875	3039
3	27821	0.38	3040
3	27830	0.380125	3041
3	27839	0.38025	3042
3	27848	0.380375	3043
3	27857	0.3805	3044
3	27866	0.380625	3045
3	27875	0.38075	3046
3	27884	0.380875	3047
3	27893	0.381	3048
3	27902	0.381125	3049
3	27911	0.38125	3050
3	27920	0.381375	3051
3	27929	0.3815	3052
3	27938	0.381625	3053
3	27947	0.38175	3054
3	27956	0.381875	3055
3	27965	0.382	3056
3	27974	0.382125	3057
3	27983	0.38225	3058
3	27992	0.382375	3059
3	28001	0.3825	3060
3	28010	0.382625	3061
3	28019	0.38275	3062
3	28032	0.382875	3063
3	28041	0.383	3064
3	28050	0.383125	3065
3	28059	0.38325	3066
3	28068	0.383375	3067
3	28077	0.3835	3068
3	28086	0.383625	3069
3	28095	0.38375	3070
3	28104	0.383875	3071
3	28113	0.384	3072
3	28122	0.384125	3073
3	28131	0.38425	3074
3	28140	0.384375	3075
3	28149	0.3845	3076
3	28158	0.384625	3077
3	28167	0.38475	3078
3	28176	0.384875	3079
3	28185	0.385	3080
3	28194	0.385125	3081
3	28203	0.38525	3082
3	28212	0.385375	3083
3	28221	0.3855	3084
3	28230	0.385625	3085
3	28239	0.38575	3086
3	28248	0.385875	3087
3	28257	0.386	3088
3	28270	0.386125	3089
3	28279	0.38625	3090
3	28288	0.386375	3091
3	28297	0.3865	3092
3	28306	0.386625	3093
3	28315	0.38675	3094
3	28324	0.386875	3095
3	28333	0.387	3096
3	28342	0.387125	3097
3	28351	0.38725	3098
3	28360	0.387375	3099
3	28369	0.3875	3100
3	28378	0.387625	3101
3	28387	0.38775	3102
3	28396	0.387875	3103
3	28405	0.388	3104
3	28414	0.388125	3105
3	28423	0.38825	3106
3	28432	0.388375	3107
3	28441	0.3885	3108
3	28450	0.388625	3109
3	28459	0.38875	3110
3	28468	0.388875	3111
3	28477	0.389	3112
3	28486	0.389125	3113
3	28495	0.38925	3114
3	28508	0.389375	3115
3	28517	0.3895	3116
3	28526	0.389625	3117
3	28535	0.38975	3118
3	28544	0.389875	3119
3	28553	0.39	3120
3	28562	0.390125	3121
3	28571	0.39025	3122
3	28580	0.390375	3123
3	28589	0.3905	3124
3	28598	0.390625	3125
3	28607	0.39075	3126
3	28616	0.390875	3127
3	28625	0.391	3128
3	28634	0.391125	3129
3	28643	0.39125	3130
3	28652	0.391375	3131
3	28661	0.3915	3132
3	28670	0.391625	3133
3	28679	0.39175	3134
3	28688	0.391875	3135
3	28697	0.392	3136
3	28706	0.392125	3137
3	28715	0.39225	3138
3	28724	0.392375	3139
3	28733	0.3925	3140
3	28746	0.392625	3141
3	28755	0.39275	3142
3	28764	0.392875	3143
3	28773	0.393	3144
3	28782	0.393125	3145
3	28791	0.39325	3146
3	28800	0.393375	3147
3	28809	0.3935	3148
3	28818	0.393625	3149
3	28827	0.39375	3150
3	28836	0.393875	3151
3	28845	0.394	3152
3	28854	0.394125	3153
3	28863	0.39425	3154
3	28872	0.394375	3155
3	28881	0.3945	3156
3	28890	0.394625	3157
3	28899	0.39475	3158
3	28908	0.394875	3159
3	28917	0.395	3160
3	28926	0.395125	3161
3	28935	0.39525	3162
3	28944	0.395375	3163
3	28953	0.3955	3164
3	28962	0.395625	3165
3	28971	0.39575	3166
3	28980	0.395875	3167
3	28993	0.396	3168
3	29002	0.396125	3169
3	29011	0.39625	3170
3	29020	0.396375	3171
3	29029	0.3965	3172
3	29038	0.396625	3173
3	29047	0.39675	3174
3	29056	0.396875	3175
3	29065	0.397	3176
3	29074	0.397125	3177
3	29083	0.39725	3178
3	29092	0.397375	3179
3	29101	0.3975	3180
3	29110	0.397625	3181
3	29119	0.39775	3182
3	29128	0.397875	3183
3	29137	0.398	3184
3	29146	0.398125	3185
3	29155	0.39825	3186
3	29164	0.398375	3187
3	29173	0.3985	3188
3	29182	0.398625	3189
3	29191	0.39875	3190
3	29200	0.398875	3191
3	29209	0.399	3192
3	29218	0.399125	3193
3	29231	0.39925	3194
3	29240	0.399375	3195
3	29249	0.3995	3196
3	29258	0.399625	3197
3	29267	0.39975	3198
3	29276	0.399875	3199
3	29285	0.4	3200
3	29294	0.400125	3201
3	29303	0.40025	3202
3	29312	0.400375	3203
3	29321	0.4005	3204
3	29330	0.400625	3205
3	29339	0.40075	3206
3	29348	0.400875	3207
3	29357	0.401	3208
3	29366	0.401125	3209
3	29375	0.40125	3210
3	29384	0.401375	3211
3	29393	0.4015	3212
3	29402	0.401625	3213
3	29411	0.40175	3214
3	29420	0.401875	3215
3	29429	0.402	3216
3	29438	0.402125	3217
3	29447	0.40225	3218
3	29456	0.402375	3219
3	29469	0.4025	3220
3	29478	0.402625	3221
3	29487	0.40275	3222
3	29496	0.402875	3223
3	29505	0.403	3224
3	29514	0.403125	3225
3	29523	0.40325	3226
3	29532	0.403375	3227
3	29541	0.4035	3228
3	29550	0.403625	3229
3	29559	0.40375	3230
3	29568	0.403875	3231
3	29577	0.404	3232
3	29586	0.404125	3233
3	29595	0.40425	3234
3	29604	0.404375	3235
3	29613	0.4045	3236
3	29622	0.404625	3237
3	29631	0.40475	3238
3	29640	0.404875	3239
3	29649	0.405	3240
3	29658	0.405125	3241
3	29667	0.40525	3242
3	29676	0.405375	3243
3	29685	0.4055	3244
3	29694	0.405625	3245
3	29707	0.40575	3246
3	29716	0.405875	3247
3	29725	0.406	3248
3	29734	0.406125	3249
3	29743	0.40625	3250
3	29752	0.406375	3251
3	29761	0.4065	3252
3	29770	0.406625	3253
3	29779	0.40675	3254
3	29788	0.406875	3255
3	29797	0.407	3256
3	29806	0.407125	3257
3	29815	0.40725	3258
3	29824	0.407375	3259
3	29833	0.4075	3260
3	29842	0.407625	3261
3	29851	0.40775	3262
3	29860	0.407875	3263
3	29869	0.408	3264
3	29878	0.408125	3265
3	29887	0.40825	3266
3	29896	0.408375	3267
3	29905	0.4085	3268
3	29914	0.408625	3269
3	29923	0.40875	3270
3	29932	0.408875	3271
3	29945	0.409	3272
3	29954	0.409125	3273
3	29963	0.40925	3274
3	29972	0.409375	3275
3	29981	0.4095	3276
3	29990	0.409625	3277
3	29999	0.40975	3278
3	30008	0.409875	3279
3	30017	0.41	3280
3	30026	0.410125	3281
3	30035	0.41025	3282
3	30044	0.410375	3283
3	30053	0.4105	3284
3	30062	0.410625	3285
3	30071	0.41075	3286
3	30080	0.410875	3287
3	30089	0.411	3288
3	30098	0.411125	3289
3	30107	0.41125	3290
3	30116	0.411375	3291
3	30125	0.4115	3292
3	30134	0.411625	3293
3	30143	0.41175	3294
3	30152	0.411875	3295
3	30161	0.412	3296
3	30170	0.412125	3297
3	30183	0.41225	3298
3	30192	0.412375	3299
3	30201	0.4125	3300
3	30210	0.412625	3301
3	30219	0.41275	3302
3	30228	0.412875	3303
3	30237	0.413	3304
3	30246	0.413125	3305
3	30255	0.41325	3306
3	30264	0.413375	3307
3	30273	0.4135	3308
3	30282	0.413625	3309
3	30291	0.41375	3310
3	30300	0.413875	3311
3	30309	0.414	3312
3	30318	0.414125	3313
3	30327	0.41425	3314
3	30336	0.414375	3315
3	30345	0.4145	3316
3	30354	0.414625	3317
3	30363	0.41475	3318
3	30372	0.414875	3319
3	30381	0.415	3320
3	30390	0.415125	3321
3	30399	0.41525	3322
3	30408	0.415375	3323
3	30417	0.4155	3324
3	30430	0.415625	3325
3	30439	0.41575	3326
3	30448	0.415875	3327
3	30457	0.416	3328
3	30466	0.416125	3329
3	30475	0.41625	3330
3	30484	0.416375	3331
3	30493	0.4165	3332
3	30502	0.416625	3333
3	30511	0.41675	3334
3	30520	0.416875	3335
3	30529	0.417	3336
3	30538	0.417125	3337
3	30547	0.41725	3338
3	30556	0.417375	3339
3	30565	0.4175	3340
3	30574	0.417625	3341
3	30583	0.41775	3342
3	30592	0.417875	3343
3	30601	0.418	3344
3	30610	0.418125	3345
3	30619	0.41825	3346
3	30628	0.418375	3347
3	30637	0.4185	3348
3	30646	0.418625	3349
3	30655	0.41875	3350
3	30668	0.418875	3351
3	30677	0.419	3352
3	30686	0.419125	3353
3	30695	0.41925	3354
3	30704	0.419375	3355
3	30713	0.4195	3356
3	30722	0.419625	3357
3	30731	0.41975	3358
3	30740	0.419875	3359
3	30749	0.42	3360
3	30758	0.420125	3361
3	30767	0.42025	3362
3	30776	0.420375	3363
3	30785	0.4205	3364
3	30794	0.420625	3365
3	30803	0.42075	3366
3	30812	0.420875	3367
3	30821	0.421	3368
3	30830	0.421125	3369
3	30839	0.42125	3370
3	30848	0.421375	3371
3	30857	0.4215	3372
3	30866	0.421625	3373
3	30875	0.42175	3374
3	30884	0.421875	3375
3	30893	0.422	3376
3	30906	0.422125	3377
3	30915	0.42225	3378
3	30924	0.422375	3379
3	30933	0.4225	3380
3	30942	0.422625	3381
3	30951	0.42275	3382
3	30960	0.422875	3383
3	30969	0.423	3384
3	30978	0.423125	3385
3	30987	0.42325	3386
3	30996	0.423375	3387
3	31005	0.4235	3388
3	31014	0.423625	3389
3	31023	0.42375	3390
3	31032	0.423875	3391
3	31041	0.424	3392
3	31050	0.424125	3393
3	31059	0.42425	3394
3	31068	0.424375	3395
3	31077	0.4245	3396
3	31086	0.424625	3397
3	31095	0.42475	3398
3	31104	0.424875	3399
3	31113	0.425	3400
3	31122	0.425125	3401
3	31131	0.42525	3402
3	31144	0.425375	3403
3	31153	0.4255	3404
3	31162	0.425625	3405
3	31171	0.42575	3406
3	31180	0.425875	3407
3	31189	0.426	3408
3	31198	0.426125	3409
3	31207	0.42625	3410
3	31216	0.426375	3411
3	31225	0.4265	3412
3	31234	0.426625	3413
3	31243	0.42675	3414
3	31252	0.426875	3415
3	31261	0.427	3416
3	31270	0.427125	3417
3	31279	0.42725	3418
3	31288	0.427375	3419
3	31297	0.4275	3420
3	31306	0.427625	3421
3	31315	0.42775	3422
3	31324	0.427875	3423
3	31333	0.428	3424
3	31342	0.428125	3425
3	31351	0.42825	3426
3	31360	0.428375	3427
3	31369	0.4285	3428
3	31382	0.428625	3429
3	31391	0.42875	3430
3	31400	0.428875	3431
3	31409	0.429	3432
3	31418	0.429125	3433
3	31427	0.42925	3434
3	31436	0.429375	3435
3	31445	0.4295	3436
3	31454	0.429625	3437
3	31463	0.42975	3438
3	31472	0.429875	3439
3	31481	0.43	3440
3	31490	0.430125	3441
3	31499	0.43025	3442
3	31508	0.430375	3443
3	31517	0.4305	3444
3	31526	0.430625	3445
3	31535	0.43075	3446
3	31544	0.430875	3447
3	31553	0.431	3448
3	31562	0.431125	3449
3	31571	0.43125	3450
3	31580	0.431375	3451
3	31589	0.4315	3452
3	31598	0.431625	3453
3	31607	0.43175	3454
3	31620	0.431875	3455
3	31629	0.432	3456
3	31638	0.432125	3457
3	31647	0.43225	3458
3	31656	0.432375	3459
3	31665	0.4325	3460
3	31674	0.432625	3461
3	31683	0.43275	3462
3	31692	0.432875	3463
3	31701	0.433	3464
3	31710	0.433125	3465
3	31719	0.43325	3466
3	31728	0.433375	3467
3	31737	0.4335	3468
3	31746	0.433625	3469
3	31755	0.43375	3470
3	31764	0.433875	3471
3	31773	0.434	3472
3	31782	0.434125	3473
3	31791	0.43425	3474
3	31800	0.434375	3475
3	31809	0.4345	3476
3	31818	0.434625	3477
3	31827	0.43475	3478
3	31836	0.434875	3479
3	31845	0.435	3480
3	31854	0.435125	3481
3	31867	0.43525	3482
3	31876	0.435375	3483
3	31885	0.4355	3484
3	31894	0.435625	3485
3	31903	0.43575	3486
3	31912	0.435875	3487
3	31921	0.436	3488
3	31930	0.436125	3489
3	31939	0.43625	3490
3	31948	0.436375	3491
3	31957	0.4365	3492
3	31966	0.436625	3493
3	31975	0.43675	3494
3	31984	0.436875	3495
3	31993	0.437	3496
3	32002	0.437125	3497
3	32011	0.43725	3498
3	32020	0.437375	3499
3	32029	0.4375	3500
3	32038	0.437625	3501
3	32047	0.43775	3502
3	32056	0.437875	3503
3	32065	0.438	3504
3	32074	0.438125	3505
3	32083	0.43825	3506
3	32092	0.438375	3507
3	32105	0.4385	3508
3	32114	0.438625	3509
3	32123	0.43875	3510
3	32132	0.438875	3511
3	32141	0.439	3512
3	32150	0.439125	3513
3	32159	0.43925	3514
3	32168	0.439375	3515
3	32177	0.4395	3516
3	32186	0.439625	3517
3	32195	0.43975	3518
3	32204	0.439875	3519
3	32213	0.44	3520
3	32222	0.440125	3521
3	32231	0.44025	3522
3	32240	0.440375	3523
3	32249	0.4405	3524
3	32258	0.440625	3525
3	32267	0.44075	3526
3	32276	0.440875	3527
3	32285	0.441	3528
3	32294	0.441125	3529
3	32303	0.44125	3530
3	32312	0.441375	3531
3	32321	0.4415	3532
3	32330	0.441625	3533
3	32343	0.44175	3534
3	32352	0.441875	3535
3	32361	0.442	3536
3	32370	0.442125	3537
3	32379	0.44225	3538
3	32388	0.442375	3539
3	32397	0.4425	3540
3	32406	0.442625	3541
3	32415	0.44275	3542
3	32424	0.442875	3543
3	32433	0.443	3544
3	32442	0.443125	3545
3	32451	0.44325	3546
3	32460	0.443375	3547
3	32469	0.4435	3548
3	32478	0.443625	3549
3	32487	0.44375	3550
3	32496	0.443875	3551
3	32505	0.444	3552
3	32514	0.444125	3553
3	32523	0.44425	3554
3	32532	0.444375	3555
3	32541	0.4445	3556
3	32550	0.444625	3557
3	32559	0.44475	3558
3	32568	0.444875	3559
3	32581	0.445	3560
3	32590	0.445125	3561
3	32599	0.44525	3562
3	32608	0.445375	3563
3	32617	0.4455	3564
3	32626	0.445625	3565
3	32635	0.44575	3566
3	32644	0.445875	3567
3	32653	0.446	3568
3	32662	0.446125	3569
3	32671	0.44625	3570
3	32680	0.446375	3571
3	32689	0.4465	3572
3	32698	0.446625	3573
3	32707	0.44675	3574
3	32716	0.446875	3575
3	32725	0.447	3576
3	32734	0.447125	3577
3	32743	0.44725	3578
3	32752	0.447375	3579
3	32761	0.4475	3580
3	32770	0.447625	3581
3	32779	0.44775	3582
3	32788	0.447875	3583
3	32797	0.448	3584
3	32806	0.448125	3585
3	32819	0.44825	3586
3	32828	0.448375	3587
3	32837	0.4485	3588
3	32846	0.448625	3589
3	32855	0.44875	3590
3	32864	0.448875	3591
3	32873	0.449	3592
3	32882	0.449125	3593
3	32891	0.44925	3594
3	32900	0.449375	3595
3	32909	0.4495	3596
3	32918	0.449625	3597
3	32927	0.44975	3598
3	32936	0.449875	3599
3	32945	0.45	3600
3	32954	0.450125	3601
3	32963	0.45025	3602
3	32972	0.450375	3603
3	32981	0.4505	3604
3	32990	0.450625	3605
3	32999	0.45075	3606
3	33008	0.450875	3607
3	33017	0.451	3608
3	33026	0.451125	3609
3	33035	0.45125	3610
3	33044	0.451375	3611
3	33053	0.4515	3612
3	33066	0.451625	3613
3	33075	0.45175	3614
3	33084	0.451875	3615
3	33093	0.452	3616
3	33102	0.452125	3617
3	33111	0.45225	3618
3	33120	0.452375	3619
3	33129	0.4525	3620
3	33138	0.452625	3621
3	33147	0.45275	3622
3	33156	0.452875	3623
3	33165	0.453	3624
3	33174	0.453125	3625
3	33183	0.45325	3626
3	33192	0.453375	3627
3	33201	0.4535	3628
3	33210	0.453625	3629
3	33219	0.45375	3630
3	33228	0.453875	3631
3	33237	0.454	3632
3	33246	0.454125	3633
3	33255	0.45425	3634
3	33264	0.454375	3635
3	33273	0.4545	3636
3	33282	0.454625	3637
3	33291	0.45475	3638
3	33304	0.454875	3639
3	33313	0.455	3640
3	33322	0.455125	3641
3	33331	0.45525	3642
3	33340	0.455375	3643
3	33349	0.4555	3644
3	33358	0.455625	3645
3	33367	0.45575	3646
3	33376	0.455875	3647
3	33385	0.456	3648
3	33394	0.456125	3649
3	33403	0.45625	3650
3	33412	0.456375	3651
3	33421	0.4565	3652
3	33430	0.456625	3653
3	33439	0.45675	3654
3	33448	0.456875	3655
3	33457	0.457	3656
3	33466	0.457125	3657
3	33475	0.45725	3658
3	33484	0.457375	3659
3	33493	0.4575	3660
3	33502	0.457625	3661
3	33511	0.45775	3662
3	33520	0.457875	3663
3	33529	0.458	3664
3	33542	0.458125	3665
3	33551	0.45825	3666
3	33560	0.458375	3667
3	33569	0.4585	3668
3	33578	0.458625	3669
3	33587	0.45875	3670
3	33596	0.458875	3671
3	33605	0.459	3672
3	33614	0.459125	3673
3	33623	0.45925	3674
3	33632	0.459375	3675
3	33641	0.4595	3676
3	33650	0.459625	3677
3	33659	0.45975	3678
3	33668	0.459875	3679
3	33677	0.46	3680
3	33686	0.460125	3681
3	33695	0.46025	3682
3	33704	0.460375	3683
3	33713	0.4605	3684
3	33722	0.460625	3685
3	33731	0.46075	3686
3	33740	0.460875	3687
3	33749	0.461	3688
3	33758	0.461125	3689
3	33767	0.46125	3690
3	33780	0.461375	3691
3	33789	0.4615	3692
3	33798	0.461625	3693
3	33807	0.46175	3694
3	33816	0.461875	3695
3	33825	0.462	3696
3	33834	0.462125	3697
3	33843	0.46225	3698
3	33852	0.462375	3699
3	33861	0.4625	3700
3	33870	0.462625	3701
3	33879	0.46275	3702
3	33888	0.462875	3703
3	33897	0.463	3704
3	33906	0.463125	3705
3	33915	0.46325	3706
3	33924	0.463375	3707
3	33933	0.4635	3708
3	33942	0.463625	3709
3	33951	0.46375	3710
3	33960	0.463875	3711
3	33969	0.464	3712
3	33978	0.464125	3713
3	33987	0.46425	3714
3	33996	0.464375	3715
3	34005	0.4645	3716
3	34018	0.464625	3717
3	34027	0.46475	3718
3	34036	0.464875	3719
3	34045	0.465	3720
3	34054	0.465125	3721
3	34063	0.46525	3722
3	34072	0.465375	3723
3	34081	0.4655	3724
3	34090	0.465625	3725
3	34099	0.46575	3726
3	34108	0.465875	3727
3	34117	0.466	3728
3	34126	0.466125	3729
3	34135	0.46625	3730
3	34144	0.466375	3731
3	34153	0.4665	3732
3	34162	0.466625	3733
3	34171	0.46675	3734
3	34180	0.466875	3735
3	34189	0.467	3736
3	34198	0.467125	3737
3	34207	0.46725	3738
3	34216	0.467375	3739
3	34225	0.4675	3740
3	34234	0.467625	3741
3	34243	0.46775	3742
3	34256	0.467875	3743
3	34265	0.468	3744
3	34274	0.468125	3745
3	34283	0.46825	3746
3	34292	0.468375	3747
3	34301	0.4685	3748
3	34310	0.468625	3749
3	34319	0.46875	3750
3	34328	0.468875	3751
3	34337	0.469	3752
3	34346	0.469125	3753
3	34355	0.46925	3754
3	34364	0.469375	3755
3	34373	0.4695	3756
3	34382	0.469625	3757
3	34391	0.46975	3758
3	34400	0.469875	3759
3	34409	0.47	3760
3	34418	0.470125	3761
3	34427	0.47025	3762
3	34436	0.470375	3763
3	34445	0.4705	3764
3	34454	0.470625	3765
3	34463	0.47075	3766
3	34472	0.470875	3767
3	34481	0.471	3768
3	34490	0.471125	3769
3	34503	0.47125	3770
3	34512	0.471375	3771
3	34521	0.4715	3772
3	34530	0.471625	3773
3	34539	0.47175	3774
3	34548	0.471875	3775
3	34557	0.472	3776
3	34566	0.472125	3777
3	34575	0.47225	3778
3	34584	0.472375	3779
3	34593	0.4725	3780
3	34602	0.472625	3781
3	34611	0.47275	3782
3	34620	0.472875	3783
3	34629	0.473	3784
3	34638	0.473125	3785
3	34647	0.47325	3786
3	34656	0.473375	3787
3	34665	0.4735	3788
3	34674	0.473625	3789
3	34683	0.47375	3790
3	34692	0.473875	3791
3	34701	0.474	3792
3	34710	0.474125	3793
3	34719	0.47425	3794
3	34728	0.474375	3795
3	34741	0.4745	3796
3	34750	0.474625	3797
3	34759	0.47475	3798
3	34768	0.474875	3799
3	34777	0.475	3800
3	34786	0.475125	3801
3	34795	0.47525	3802
3	34804	0.475375	3803
3	34813	0.4755	3804
3	34822	0.475625	3805
3	34831	0.47575	3806
3	34840	0.475875	3807
3	34849	0.476	3808
3	34858	0.476125	3809
3	34867	0.47625	3810
3	34876	0.476375	3811
3	34885	0.4765	3812
3	34894	0.476625	3813
3	34903	0.47675	3814
3	34912	0.476875	3815
3	34921	0.477	3816
3	34930	0.477125	3817
3	34939	0.47725	3818
3	34948	0.477375	3819
3	34957	0.4775	3820
3	34966	0.477625	3821
3	34979	0.47775	3822
3	34988	0.477875	3823
3	34997	0.478	3824
3	35006	0.478125	3825
3	35015	0.47825	3826
3	35024	0.478375	3827
3	35033	0.4785	3828
3	35042	0.478625	3829
3	35051	0.47875	3830
3	35060	0.478875	3831
3	35069	0.479	3832
3	35078	0.479125	3833
3	35087	0.47925	3834
3	35096	0.479375	3835
3	35105	0.4795	3836
3	35114	0.479625	3837
3	35123	0.47975	3838
3	35132	0.479875	3839
3	35141	0.48	3840
3	35150	0.480125	3841
3	35159	0.48025	3842
3	35168	0.480375	3843
3	35177	0.4805	3844
3	35186	0.480625	3845
3	35195	0.48075	3846
3	35204	0.480875	3847
3	35217	0.481	3848
3	35226	0.481125	3849
3	35235	0.48125	3850
3	35244	0.481375	3851
3	35253	0.4815	3852
3	35262	0.481625	3853
3	35271	0.48175	3854
3	35280	0.481875	3855
3	35289	0.482	3856
3	35298	0.482125	3857
3	35307	0.48225	3858
3	35316	0.482375	3859
3	35325	0.4825	3860
3	35334	0.482625	3861
3	35343	0.48275	3862
3	35352	0.482875	3863
3	35361	0.483	3864
3	35370	0.483125	3865
3	35379	0.48325	3866
3	35388	0.483375	3867
3	35397	0.4835	3868
3	35406	0.483625	3869
3	35415	0.48375	3870
3	35424	0.483875	3871
3	35433	0.484	3872
3	35442	0.484125	3873
3	35455	0.48425	3874
3	35464	0.484375	3875
3	35473	0.4845	3876
3	35482	0.484625	3877
3	35491	0.48475	3878
3	35500	0.484875	3879
3	35509	0.485	3880
3	35518	0.485125	3881
3	35527	0.48525	3882
3	35536	0.485375	3883
3	35545	0.4855	3884
3	35554	0.485625	3885
3	35563	0.48575	3886
3	35572	0.485875	3887
3	35581	0.486	3888
3	35590	0.486125	3889
3	35599	0.48625	3890
3	35608	0.486375	3891
3	35617	0.4865	3892
3	35626	0.486625	3893
3	35635	0.48675	3894
3	35644	0.486875	3895
3	35653	0.487	3896
3	35662	0.487125	3897
3	35671	0.48725	3898
3	35680	0.487375	3899
3	35693	0.4875	3900
3	35702	0.487625	3901
3	35711	0.48775	3902
3	35720	0.487875	3903
3	35729	0.488	3904
3	35738	0.488125	3905
3	35747	0.48825	3906
3	35756	0.488375	3907
3	35765	0.4885	3908
3	35774	0.488625	3909
3	35783	0.48875	3910
3	35792	0.488875	3911
3	35801	0.489	3912
3	35810	0.489125	3913
3	35819	0.48925	3914
3	35828	0.489375	3915
3	35837	0.4895	3916
3	35846	0.489625	3917
3	35855	0.48975	3918
3	35864	0.489875	3919
3	35873	0.49	3920
3	35882	0.490125	3921
3	35891	0.49025	3922
3	35900	0.490375	3923
3	35909	0.4905	3924
3	35918	0.490625	3925
3	35927	0.49075	3926
3	35940	0.490875	3927
3	35949	0.491	3928
3	35958	0.491125	3929
3	35967	0.49125	3930
3	35976	0.491375	3931
3	35985	0.4915	3932
3	35994	0.491625	3933
3	36003	0.49175	3934
3	36012	0.491875	3935
3	36021	0.492	3936
3	36030	0.492125	3937
3	36039	0.49225	3938
3	36048	0.492375	3939
3	36057	0.4925	3940
3	36066	0.492625	3941
3	36075	0.49275	3942
3	36084	0.492875	3943
3	36093	0.493	3944
3	36102	0.493125	3945
3	36111	0.49325	3946
3	36120	0.493375	3947
3	36129	0.4935	3948
3	36138	0.493625	3949
3	36147	0.49375	3950
3	36156	0.493875	3951
3	36165	0.494	3952
3	36178	0.494125	3953
3	36187	0.49425	3954
3	36196	0.494375	3955
3	36205	0.4945	3956
3	36214	0.494625	3957
3	36223	0.49475	3958
3	36232	0.494875	3959
3	36241	0.495	3960
3	36250	0.495125	3961
3	36259	0.49525	3962
3	36268	0.495375	3963
3	36277	0.4955	3964
3	36286	0.495625	3965
3	36295	0.49575	3966
3	36304	0.495875	3967
3	36313	0.496	3968
3	36322	0.496125	3969
3	36331	0.49625	3970
3	36340	0.496375	3971
3	36349	0.4965	3972
3	36358	0.496625	3973
3	36367	0.49675	3974
3	36376	0.496875	3975
3	36385	0.497	3976
3	36394	0.497125	3977
3	36403	0.49725	3978
3	36416	0.497375	3979
3	36425	0.4975	3980
3	36434	0.497625	3981
3	36443	0.49775	3982
3	36452	0.497875	3983
3	36461	0.498	3984
3	36470	0.498125	3985
3	36479	0.49825	3986
3	36488	0.498375	3987
3	36497	0.4985	3988
3	36506	0.498625	3989
3	36515	0.49875	3990
3	36524	0.498875	3991
3	36533	0.499	3992
3	36542	0.499125	3993
3	36551	0.49925	3994
3	36560	0.499375	3995
3	36569	0.4995	3996
3	36578	0.499625	3997
3	36587	0.49975	3998
3	36596	0.499875	3999
3	36605	0.5	4000
3	36614	0.500125	4001
3	36623	0.50025	4002
3	36632	0.500375	4003
3	36641	0.5005	4004
3	36654	0.500625	4005
3	36663	0.50075	4006
3	36672	0.500875	4007
3	36681	0.501	4008
3	36690	0.501125	4009
3	36699	0.50125	4010
3	36708	0.501375	4011
3	36717	0.5015	4012
3	36726	0.501625	4013
3	36735	0.50175	4014
3	36744	0.501875	4015
3	36753	0.502	4016
3	36762	0.502125	4017
3	36771	0.50225	4018
3	36780	0.502375	4019
3	36789	0.5025	4020
3	36798	0.502625	4021
3	36807	0.50275	4022
3	36816	0.502875	4023
3	36825	0.503	4024
3	36834	0.503125	4025
3	36843	0.50325	4026
3	36852	0.503375	4027
3	36861	0.5035	4028
3	36870	0.503625	4029
3	36879	0.50375	4030
3	36892	0.503875	4031
3	36901	0.504	4032
3	36910	0.504125	4033
3	36919	0.50425	4034
3	36928	0.504375	4035
3	36937	0.5045	4036
3	36946	0.504625	4037
3	36955	0.50475	4038
3	36964	0.504875	4039
3	36973	0.505	4040
3	36982	0.505125	4041
3	36991	0.50525	4042
3	37000	0.505375	4043
3	37009	0.5055	4044
3	37018	0.505625	4045
3	37027	0.50575	4046
3	37036	0.505875	4047
3	37045	0.506	4048
3	37054	0.506125	4049
3	37063	0.50625	4050
3	37072	0.506375	4051
3	37081	0.5065	4052
3	37090	0.506625	4053
3	37099	0.50675	4054
3	37108	0.506875	4055
3	37117	0.507	4056
3	37130	0.507125	4057
3	37139	0.50725	4058
3	37148	0.507375	4059
3	37157	0.5075	4060
3	37166	0.507625	4061
3	37175	0.50775	4062
3	37184	0.507875	4063
3	37193	0.508	4064
3	37202	0.508125	4065
3	37211	0.50825	4066
3	37220	0.508375	4067
3	37229	0.5085	4068
3	37238	0.508625	4069
3	37247	0.50875	4070
3	37256	0.508875	4071
3	37265	0.509	4072
3	37274	0.509125	4073
3	37283	0.50925	4074
3	37292	0.509375	4075
3	37301	0.5095	4076
3	37310	0.509625	4077
3	37319	0.50975	4078
3	37328	0.509875	4079
3	37337	0.51	4080
3	37346	0.510125	4081
3	37355	0.51025	4082
3	37364	0.510375	4083
3	37377	0.5105	4084
3	37386	0.510625	4085
3	37395	0.51075	4086
3	37404	0.510875	4087
3	37413	0.511	4088
3	37422	0.511125	4089
3	37431	0.51125	4090
3	37440	0.511375	4091
3	37449	0.5115	4092
3	37458	0.511625	4093
3	37467	0.51175	4094
3	37476	0.511875	4095
3	37485	0.512	4096
3	37494	0.512125	4097
3	37503	0.51225	4098
3	37512	0.512375	4099
3	37521	0.5125	4100
3	37530	0.512625	4101
3	37539	0.51275	4102
3	37548	0.512875	4103
3	37557	0.513	4104
3	37566	0.513125	4105
3	37575	0.51325	4106
3	37584	0.513375	4107
3	37593	0.5135	4108
3	37602	0.513625	4109
3	37615	0.51375	4110
3	37624	0.513875	4111
3	37633	0.514	4112
3	37642	0.514125	4113
3	37651	0.51425	4114
3	37660	0.514375	4115
3	37669	0.5145	4116
3	37678	0.514625	4117
3	37687	0.51475	4118
3	37696	0.514875	4119
3	37705	0.515	4120
3	37714	0.515125	4121
3	37723	0.51525	4122
3	37732	0.515375	4123
3	37741	0.5155	4124
3	37750	0.515625	4125
3	37759	0.51575	4126
3	37768	0.515875	4127
3	37777	0.516	4128
3	37786	0.516125	4129
3	37795	0.51625	4130
3	37804	0.516375	4131
3	37813	0.5165	4132
3	37822	0.516625	4133
3	37831	0.51675	4134
3	37840	0.516875	4135
3	37853	0.517	4136
3	37862	0.517125	4137
3	37871	0.51725	4138
3	37880	0.517375	4139
3	37889	0.5175	4140
3	37898	0.517625	4141
3	37907	0.51775	4142
3	37916	0.517875	4143
3	37925	0.518	4144
3	37934	0.518125	4145
3	37943	0.51825	4146
3	37952	0.518375	4147
3	37961	0.5185	4148
3	37970	0.518625	4149
3	37979	0.51875	4150
3	37988	0.518875	4151
3	37997	0.519	4152
3	38006	0.519125	4153
3	38015	0.51925	4154
3	38024	0.519375	4155
3	38033	0.5195	4156
3	38042	0.519625	4157
3	38051	0.51975	4158
3	38060	0.519875	4159
3	38069	0.52	4160
3	38078	0.520125	4161
3	38091	0.52025	4162
3	38100	0.520375	4163
3	38109	0.5205	4164
3	38118	0.520625	4165
3	38127	0.52075	4166
3	38136	0.520875	4167
3	38145	0.521	4168
3	38154	0.521125	4169
3	38163	0.52125	4170
3	38172	0.521375	4171
3	38181	0.5215	4172
3	38190	0.521625	4173
3	38199	0.52175	4174
3	38208	0.521875	4175
3	38217	0.522	4176
3	38226	0.522125	4177
3	38235	0.52225	4178
3	38244	0.522375	4179
3	38253	0.5225	4180
3	38262	0.522625	4181
3	38271	0.52275	4182
3	38280	0.522875	4183
3	38289	0.523	4184
3	38298	0.523125	4185
3	38307	0.52325	4186
3	38316	0.523375	4187
3	38329	0.5235	4188
3	38338	0.523625	4189
3	38347	0.52375	4190
3	38356	0.523875	4191
3	38365	0.524	4192
3	38374	0.524125	4193
3	38383	0.52425	4194
3	38392	0.524375	4195
3	38401	0.5245	4196
3	38410	0.524625	4197
3	38419	0.52475	4198
3	38428	0.524875	4199
3	38437	0.525	4200
3	38446	0.525125	4201
3	38455	0.52525	4202
3	38464	0.525375	4203
3	38473	0.5255	4204
3	38482	0.525625	4205
3	38491	0.52575	4206
3	38500	0.525875	4207
3	38509	0.526	4208
3	38518	0.526125	4209
3	38527	0.52625	4210
3	38536	0.526375	4211
3	38545	0.5265	4212
3	38554	0.526625	4213
3	38563	0.52675	4214
3	38576	0.526875	4215
3	38585	0.527	4216
3	38594	0.527125	4217
3	38603	0.52725	4218
3	38612	0.527375	4219
3	38621	0.5275	4220
3	38630	0.527625	4221
3	38639	0.52775	4222
3	38648	0.527875	4223
3	38657	0.528	4224
3	38666	0.528125	4225
3	38675	0.52825	4226
3	38684	0.528375	4227
3	38693	0.5285	4228
3	38702	0.528625	4229
3	38711	0.52875	4230
3	38720	0.528875	4231
3	38729	0.529	4232
3	38738	0.529125	4233
3	38747	0.52925	4234
3	38756	0.529375	4235
3	38765	0.5295	4236
3	38774	0.529625	4237
3	38783	0.52975	4238
3	38792	0.529875	4239
3	38801	0.53	4240
3	38814	0.530125	4241
3	38823	0.53025	4242
3	38832	0.530375	4243
3	38841	0.5305	4244
3	38850	0.530625	4245
3	38859	0.53075	4246
3	38868	0.530875	4247
3	38877	0.531	4248
3	38886	0.531125	4249
3	38895	0.53125	4250
3	38904	0.531375	4251
3	38913	0.5315	4252
3	38922	0.531625	4253
3	38931	0.53175	4254
3	38940	0.531875	4255
3	38949	0.532	4256
3	38958	0.532125	4257
3	38967	0.53225	4258
3	38976	0.532375	4259
3	38985	0.5325	4260
3	38994	0.532625	4261
3	39003	0.53275	4262
3	39012	0.532875	4263
3	39021	0.533	4264
3	39030	0.533125	4265
3	39039	0.53325	4266
3	39052	0.533375	4267
3	39061	0.5335	4268
3	39070	0.533625	4269
3	39079	0.53375	4270
3	39088	0.533875	4271
3	39097	0.534	4272
3	39106	0.534125	4273
3	39115	0.53425	4274
3	39124	0.534375	4275
3	39133	0.5345	4276
3	39142	0.534625	4277
3	39151	0.53475	4278
3	39160	0.534875	4279
3	39169	0.535	4280
3	39178	0.535125	4281
3	39187	0.53525	4282
3	39196	0.535375	4283
3	39205	0.5355	4284
3	39214	0.535625	4285
3	39223	0.53575	4286
3	39232	0.535875	4287
3	39241	0.536	4288
3	39250	0.536125	4289
3	39259	0.53625	4290
3	39268	0.536375	4291
3	39277	0.5365	4292
3	39290	0.536625	4293
3	39299	0.53675	4294
3	39308	0.536875	4295
3	39317	0.537	4296
3	39326	0.537125	4297
3	39335	0.53725	4298
3	39344	0.537375	4299
3	39353	0.5375	4300
3	39362	0.537625	4301
3	39371	0.53775	4302
3	39380	0.537875	4303
3	39389	0.538	4304
3	39398	0.538125	4305
3	39407	0.53825	4306
3	39416	0.538375	4307
3	39425	0.5385	4308
3	39434	0.538625	4309
3	39443	0.53875	4310
3	39452	0.538875	4311
3	39461	0.539	4312
3	39470	0.539125	4313
3	39479	0.53925	4314
3	39488	0.539375	4315
3	39497	0.5395	4316
3	39506	0.539625	4317
3	39515	0.53975	4318
3	39528	0.539875	4319
3	39537	0.54	4320
3	39546	0.540125	4321
3	39555	0.54025	4322
3	39564	0.540375	4323
3	39573	0.5405	4324
3	39582	0.540625	4325
3	39591	0.54075	4326
3	39600	0.540875	4327
3	39609	0.541	4328
3	39618	0.541125	4329
3	39627	0.54125	4330
3	39636	0.541375	4331
3	39645	0.5415	4332
3	39654	0.541625	4333
3	39663	0.54175	4334
3	39672	0.541875	4335
3	39681	0.542	4336
3	39690	0.542125	4337
3	39699	0.54225	4338
3	39708	0.542375	4339
3	39717	0.5425	4340
3	39726	0.542625	4341
3	39735	0.54275	4342
3	39744	0.542875	4343
3	39753	0.543	4344
3	39766	0.543125	4345
3	39775	0.54325	4346
3	39784	0.543375	4347
3	39793	0.5435	4348
3	39802	0.543625	4349
3	39811	0.54375	4350
3	39820	0.543875	4351
3	39829	0.544	4352
3	39838	0.544125	4353
3	39847	0.54425	4354
3	39856	0.544375	4355
3	39865	0.5445	4356
3	39874	0.544625	4357
3	39883	0.54475	4358
3	39892	0.544875	4359
3	39901	0.545	4360
3	39910	0.545125	4361
3	39919	0.54525	4362
3	39928	0.545375	4363
3	39937	0.5455	4364
3	39946	0.545625	4365
3	39955	0.54575	4366
3	39964	0.545875	4367
3	39973	0.546	4368
3	39982	0.546125	4369
3	39991	0.54625	4370
3	40000	0.546375	4371
3	40013	0.5465	4372
3	40022	0.546625	4373
3	40031	0.54675	4374
3	40040	0.546875	4375
3	40049	0.547	4376
3	40058	0.547125	4377
3	40067	0.54725	4378
3	40076	0.547375	4379
3	40085	0.5475	4380
3	40094	0.547625	4381
3	40103	0.54775	4382
3	40112	0.547875	4383
3	40121	0.548	4384
3	40130	0.548125	4385
3	40139	0.54825	4386
3	40148	0.548375	4387
3	40157	0.5485	4388
3	40166	0.548625	4389
3	40175	0.54875	4390
3	40184	0.548875	4391
3	40193	0.549	4392
3	40202	0.549125	4393
3	40211	0.54925	4394
3	40220	0.549375	4395
3	40229	0.5495	4396
3	40238	0.549625	4397
3	40251	0.54975	4398
3	40260	0.549875	4399
3	40269	0.55	4400
3	40278	0.550125	4401
3	40287	0.55025	4402
3	40296	0.550375	4403
3	40305	0.5505	4404
3	40314	0.550625	4405
3	40323	0.55075	4406
3	40332	0.550875	4407
3	40341	0.551	4408
3	40350	0.551125	4409
3	40359	0.55125	4410
3	40368	0.551375	4411
3	40377	0.5515	4412
3	40386	0.551625	4413
3	40395	0.55175	4414
3	40404	0.551875	4415
3	40413	0.552	4416
3	40422	0.552125	4417
3	40431	0.55225	4418
3	40440	0.552375	4419
3	40449	0.5525	4420
3	40458	0.552625	4421
3	40467	0.55275	4422
3	40476	0.552875	4423
3	40489	0.553	4424
3	40498	0.553125	4425
3	40507	0.55325	4426
3	40516	0.553375	4427
3	40525	0.5535	4428
3	40534	0.553625	4429
3	40543	0.55375	4430
3	40552	0.553875	4431
3	40561	0.554	4432
3	40570	0.554125	4433
3	40579	0.55425	4434
3	40588	0.554375	4435
3	40597	0.5545	4436
3	40606	0.554625	4437
3	40615	0.55475	4438
3	40624	0.554875	4439
3	40633	0.555	4440
3	40642	0.555125	4441
3	40651	0.55525	4442
3	40660	0.555375	4443
3	40669	0.5555	4444
3	40678	0.555625	4445
3	40687	0.55575	4446
3	40696	0.555875	4447
3	40705	0.556	4448
3	40714	0.556125	4449
3	40727	0.55625	4450
3	40736	0.556375	4451
3	40745	0.5565	4452
3	40754	0.556625	4453
3	40763	0.55675	4454
3	40772	0.556875	4455
3	40781	0.557	4456
3	40790	0.557125	4457
3	40799	0.55725	4458
3	40808	0.557375	4459
3	40817	0.5575	4460
3	40826	0.557625	4461
3	40835	0.55775	4462
3	40844	0.557875	4463
3	40853	0.558	4464
3	40862	0.558125	4465
3	40871	0.55825	4466
3	40880	0.558375	4467
3	40889	0.5585	4468
3	40898	0.558625	4469
3	40907	0.55875	4470
3	40916	0.558875	4471
3	40925	0.559	4472
3	40934	0.559125	4473
3	40943	0.55925	4474
3	40952	0.559375	4475
3	40965	0.5595	4476
3	40974	0.559625	4477
3	40983	0.55975	4478
3	40992	0.559875	4479
3	41001	0.56	4480
3	41010	0.560125	4481
3	41019	0.56025	4482
3	41028	0.560375	4483
3	41037	0.5605	4484
3	41046	0.560625	4485
3	41055	0.56075	4486
3	41064	0.560875	4487
3	41073	0.561	4488
3	41082	0.561125	4489
3	41091	0.56125	4490
3	41100	0.561375	4491
3	41109	0.5615	4492
3	41118	0.561625	4493
3	41127	0.56175	4494
3	41136	0.561875	4495
3	41145	0.562	4496
3	41154	0.562125	4497
3	41163	0.56225	4498
3	41172	0.562375	4499
3	41181	0.5625	4500
3	41190	0.562625	4501
3	41203	0.56275	4502
3	41212	0.562875	4503
3	41221	0.563	4504
3	41230	0.563125	4505
3	41239	0.56325	4506
3	41248	0.563375	4507
3	41257	0.5635	4508
3	41266	0.563625	4509
3	41275	0.56375	4510
3	41284	0.563875	4511
3	41293	0.564	4512
3	41302	0.564125	4513
3	41311	0.56425	4514
3	41320	0.564375	4515
3	41329	0.5645	4516
3	41338	0.564625	4517
3	41347	0.56475	4518
3	41356	0.564875	4519
3	41365	0.565	4520
3	41374	0.565125	4521
3	41383	0.56525	4522
3	41392	0.565375	4523
3	41401	0.5655	4524
3	41410	0.565625	4525
3	41419	0.56575	4526
3	41428	0.565875	4527
3	41437	0.566	4528
3	41450	0.566125	4529
3	41459	0.56625	4530
3	41468	0.566375	4531
3	41477	0.5665	4532
3	41486	0.566625	4533
3	41495	0.56675	4534
3	41504	0.566875	4535
3	41513	0.567	4536
3	41522	0.567125	4537
3	41531	0.56725	4538
3	41540	0.567375	4539
3	41549	0.5675	4540
3	41558	0.567625	4541
3	41567	0.56775	4542
3	41576	0.567875	4543
3	41585	0.568	4544
3	41594	0.568125	4545
3	41603	0.56825	4546
3	41612	0.568375	4547
3	41621	0.5685	4548
3	41630	0.568625	4549
3	41639	0.56875	4550
3	41648	0.568875	4551
3	41657	0.569	4552
3	41666	0.569125	4553
3	41675	0.56925	4554
3	41688	0.569375	4555
3	41697	0.5695	4556
3	41706	0.569625	4557
3	41715	0.56975	4558
3	41724	0.569875	4559
3	41733	0.57	4560
3	41742	0.570125	4561
3	41751	0.57025	4562
3	41760	0.570375	4563
3	41769	0.5705	4564
3	41778	0.570625	4565
3	41787	0.57075	4566
3	41796	0.570875	4567
3	41805	0.571	4568
3	41814	0.571125	4569
3	41823	0.57125	4570
3	41832	0.571375	4571
3	41841	0.5715	4572
3	41850	0.571625	4573
3	41859	0.57175	4574
3	41868	0.571875	4575
3	41877	0.572	4576
3	41886	0.572125	4577
3	41895	0.57225	4578
3	41904	0.572375	4579
3	41913	0.5725	4580
3	41926	0.572625	4581
3	41935	0.57275	4582
3	41944	0.572875	4583
3	41953	0.573	4584
3	41962	0.573125	4585
3	41971	0.57325	4586
3	41980	0.573375	4587
3	41989	0.5735	4588
3	41998	0.573625	4589
3	42007	0.57375	4590
3	42016	0.573875	4591
3	42025	0.574	4592
3	42034	0.574125	4593
3	42043	0.57425	4594
3	42052	0.574375	4595
3	42061	0.5745	4596
3	42070	0.574625	4597
3	42079	0.57475	4598
3	42088	0.574875	4599
3	42097	0.575	4600
3	42106	0.575125	4601
3	42115	0.57525	4602
3	42124	0.575375	4603
3	42133	0.5755	4604
3	42142	0.575625	4605
3	42151	0.57575	4606
3	42164	0.575875	4607
3	42173	0.576	4608
3	42182	0.576125	4609
3	42191	0.57625	4610
3	42200	0.576375	4611
3	42209	0.5765	4612
3	42218	0.576625	4613
3	42227	0.57675	4614
3	42236	0.576875	4615
3	42245	0.577	4616
3	42254	0.577125	4617
3	42263	0.57725	4618
3	42272	0.577375	4619
3	42281	0.5775	4620
3	42290	0.577625	4621
3	42299	0.57775	4622
3	42308	0.577875	4623
3	42317	0.578	4624
3	42326	0.578125	4625
3	42335	0.57825	4626
3	42344	0.578375	4627
3	42353	0.5785	4628
3	42362	0.578625	4629
3	42371	0.57875	4630
3	42380	0.578875	4631
3	42389	0.579	4632
3	42402	0.579125	4633
3	42411	0.57925	4634
3	42420	0.579375	4635
3	42429	0.5795	4636
3	42438	0.579625	4637
3	42447	0.57975	4638
3	42456	0.579875	4639
3	42465	0.58	4640
3	42474	0.580125	4641
3	42483	0.58025	4642
3	42492	0.580375	4643
3	42501	0.5805	4644
3	42510	0.580625	4645
3	42519	0.58075	4646
3	42528	0.580875	4647
3	42537	0.581	4648
3	42546	0.581125	4649
3	42555	0.58125	4650
3	42564	0.581375	4651
3	42573	0.5815	4652
3	42582	0.581625	4653
3	42591	0.58175	4654
3	42600	0.581875	4655
3	42609	0.582	4656
3	42618	0.582125	4657
3	42627	0.58225	4658
3	42640	0.582375	4659
3	42649	0.5825	4660
3	42658	0.582625	4661
3	42667	0.58275	4662
3	42676	0.582875	4663
3	42685	0.583	4664
3	42694	0.583125	4665
3	42703	0.58325	4666
3	42712	0.583375	4667
3	42721	0.5835	4668
3	42730	0.583625	4669
3	42739	0.58375	4670
3	42748	0.583875	4671
3	42757	0.584	4672
3	42766	0.584125	4673
3	42775	0.58425	4674
3	42784	0.584375	4675
3	42793	0.5845	4676
3	42802	0.584625	4677
3	42811	0.58475	4678
3	42820	0.584875	4679
3	42829	0.585	4680
3	42838	0.585125	4681
3	42847	0.58525	4682
3	42856	0.585375	4683
3	42865	0.5855	4684
3	42874	0.585625	4685
3	42887	0.58575	4686
3	42896	0.585875	4687
3	42905	0.586	4688
3	42914	0.586125	4689
3	42923	0.58625	4690
3	42932	0.586375	4691
3	42941	0.5865	4692
3	42950	0.586625	4693
3	42959	0.58675	4694
3	42968	0.586875	4695
3	42977	0.587	4696
3	42986	0.587125	4697
3	42995	0.58725	4698
3	43004	0.587375	4699
3	43013	0.5875	4700
3	43022	0.587625	4701
3	43031	0.58775	4702
3	43040	0.587875	4703
3	43049	0.588	4704
3	43058	0.588125	4705
3	43067	0.58825	4706
3	43076	0.588375	4707
3	43085	0.5885	4708
3	43094	0.588625	4709
3	43103	0.58875	4710
3	43112	0.588875	4711
3	43125	0.589	4712
3	43134	0.589125	4713
3	43143	0.58925	4714
3	43152	0.589375	4715
3	43161	0.5895	4716
3	43170	0.589625	4717
3	43179	0.58975	4718
3	43188	0.589875	4719
3	43197	0.59	4720
3	43206	0.590125	4721
3	43215	0.59025	4722
3	43224	0.590375	4723
3	43233	0.5905	4724
3	43242	0.590625	4725
3	43251	0.59075	4726
3	43260	0.590875	4727
3	43269	0.591	4728
3	43278	0.591125	4729
3	43287	0.59125	4730
3	43296	0.591375	4731
3	43305	0.5915	4732
3	43314	0.591625	4733
3	43323	0.59175	4734
3	43332	0.591875	4735
3	43341	0.592	4736
3	43350	0.592125	4737
3	43363	0.59225	4738
3	43372	0.592375	4739
3	43381	0.5925	4740
3	43390	0.592625	4741
3	43399	0.59275	4742
3	43408	0.592875	4743
3	43417	0.593	4744
3	43426	0.593125	4745
3	43435	0.59325	4746
3	43444	0.593375	4747
3	43453	0.5935	4748
3	43462	0.593625	4749
3	43471	0.59375	4750
3	43480	0.593875	4751
3	43489	0.594	4752
3	43498	0.594125	4753
3	43507	0.59425	4754
3	43516	0.594375	4755
3	43525	0.5945	4756
3	43534	0.594625	4757
3	43543	0.59475	4758
3	43552	0.594875	4759
3	43561	0.595	4760
3	43570	0.595125	4761
3	43579	0.59525	4762
3	43588	0.595375	4763
3	43601	0.5955	4764
3	43610	0.595625	4765
3	43619	0.59575	4766
3	43628	0.595875	4767
3	43637	0.596	4768
3	43646	0.596125	4769
3	43655	0.59625	4770
3	43664	0.596375	4771
3	43673	0.5965	4772
3	43682	0.596625	4773
3	43691	0.59675	4774
3	43700	0.596875	4775
3	43709	0.597	4776
3	43718	0.597125	4777
3	43727	0.59725	4778
3	43736	0.597375	4779
3	43745	0.5975	4780
3	43754	0.597625	4781
3	43763	0.59775	4782
3	43772	0.597875	4783
3	43781	0.598	4784
3	43790	0.598125	4785
3	43799	0.59825	4786
3	43808	0.598375	4787
3	43817	0.5985	4788
3	43826	0.598625	4789
3	43839	0.59875	4790
3	43848	0.598875	4791
3	43857	0.599	4792
3	43866	0.599125	4793
3	43875	0.59925	4794
3	43884	0.599375	4795
3	43893	0.5995	4796
3	43902	0.599625	4797
3	43911	0.59975	4798
3	43920	0.599875	4799
3	43929	0.6	4800
3	43938	0.600125	4801
3	43947	0.60025	4802
3	43956	0.600375	4803
3	43965	0.6005	4804
3	43974	0.600625	4805
3	43983	0.60075	4806
3	43992	0.600875	4807
3	44001	0.601	4808
3	44010	0.601125	4809
3	44019	0.60125	4810
3	44028	0.601375	4811
3	44037	0.6015	4812
3	44046	0.601625	4813
3	44055	0.60175	4814
3	44064	0.601875	4815
3	44073	0.602	4816
3	44086	0.602125	4817
3	44095	0.60225	4818
3	44104	0.602375	4819
3	44113	0.6025	4820
3	44122	0.602625	4821
3	44131	0.60275	4822
3	44140	0.602875	4823
3	44149	0.603	4824
3	44158	0.603125	4825
3	44167	0.60325	4826
3	44176	0.603375	4827
3	44185	0.6035	4828
3	44194	0.603625	4829
3	44203	0.60375	4830
3	44212	0.603875	4831
3	44221	0.604	4832
3	44230	0.604125	4833
3	44239	0.60425	4834
3	44248	0.604375	4835
3	44257	0.6045	4836
3	44266	0.604625	4837
3	44275	0.60475	4838
3	44284	0.604875	4839
3	44293	0.605	4840
3	44302	0.605125	4841
3	44311	0.60525	4842
3	44324	0.605375	4843
3	44333	0.6055	4844
3	44342	0.605625	4845
3	44351	0.60575	4846
3	44360	0.605875	4847
3	44369	0.606	4848
3	44378	0.606125	4849
3	44387	0.60625	4850
3	44396	0.606375	4851
3	44405	0.6065	4852
3	44414	0.606625	4853
3	44423	0.60675	4854
3	44432	0.606875	4855
3	44441	0.607	4856
3	44450	0.607125	4857
3	44459	0.60725	4858
3	44468	0.607375	4859
3	44477	0.6075	4860
3	44486	0.607625	4861
3	44495	0.60775	4862
3	44504	0.607875	4863
3	44513	0.608	4864
3	44522	0.608125	4865
3	44531	0.60825	4866
3	44540	0.608375	4867
3	44549	0.6085	4868
3	44562	0.608625	4869
3	44571	0.60875	4870
3	44580	0.608875	4871
3	44589	0.609	4872
3	44598	0.609125	4873
3	44607	0.60925	4874
3	44616	0.609375	4875
3	44625	0.6095	4876
3	44634	0.609625	4877
3	44643	0.60975	4878
3	44652	0.609875	4879
3	44661	0.61	4880
3	44670	0.610125	4881
3	44679	0.61025	4882
3	44688	0.610375	4883
3	44697	0.6105	4884
3	44706	0.610625	4885
3	44715	0.61075	4886
3	44724	0.610875	4887
3	44733	0.611	4888
3	44742	0.611125	4889
3	44751	0.61125	4890
3	44760	0.611375	4891
3	44769	0.6115	4892
3	44778	0.611625	4893
3	44787	0.61175	4894
3	44800	0.611875	4895
3	44809	0.612	4896
3	44818	0.612125	4897
3	44827	0.61225	4898
3	44836	0.612375	4899
3	44845	0.6125	4900
3	44854	0.612625	4901
3	44863	0.61275	4902
3	44872	0.612875	4903
3	44881	0.613	4904
3	44890	0.613125	4905
3	44899	0.61325	4906
3	44908	0.613375	4907
3	44917	0.6135	4908
3	44926	0.613625	4909
3	44935	0.61375	4910
3	44944	0.613875	4911
3	44953	0.614	4912
3	44962	0.614125	4913
3	44971	0.61425	4914
3	44980	0.614375	4915
3	44989	0.6145	4916
3	44998	0.614625	4917
3	45007	0.61475	4918
3	45016	0.614875	4919
3	45025	0.615	4920
3	45038	0.615125	4921
3	45047	0.61525	4922
3	45056	0.615375	4923
3	45065	0.6155	4924
3	45074	0.615625	4925
3	45083	0.61575	4926
3	45092	0.615875	4927
3	45101	0.616	4928
3	45110	0.616125	4929
3	45119	0.61625	4930
3	45128	0.616375	4931
3	45137	0.6165	4932
3	45146	0.616625	4933
3	45155	0.61675	4934
3	45164	0.616875	4935
3	45173	0.617	4936
3	45182	0.617125	4937
3	45191	0.61725	4938
3	45200	0.617375	4939
3	45209	0.6175	4940
3	45218	0.617625	4941
3	45227	0.61775	4942
3	45236	0.617875	4943
3	45245	0.618	4944
3	45254	0.618125	4945
3	45263	0.61825	4946
3	45276	0.618375	4947
3	45285	0.6185	4948
3	45294	0.618625	4949
3	45303	0.61875	4950
3	45312	0.618875	4951
3	45321	0.619	4952
3	45330	0.619125	4953
3	45339	0.61925	4954
3	45348	0.619375	4955
3	45357	0.6195	4956
3	45366	0.619625	4957
3	45375	0.61975	4958
3	45384	0.619875	4959
3	45393	0.62	4960
3	45402	0.620125	4961
3	45411	0.62025	4962
3	45420	0.620375	4963
3	45429	0.6205	4964
3	45438	0.620625	4965
3	45447	0.62075	4966
3	45456	0.620875	4967
3	45465	0.621	4968
3	45474	0.621125	4969
3	45483	0.62125	4970
3	45492	0.621375	4971
3	45501	0.6215	4972
3	45510	0.621625	4973
3	45523	0.62175	4974
3	45532	0.621875	4975
3	45541	0.622	4976
3	45550	0.622125	4977
3	45559	0.62225	4978
3	45568	0.622375	4979
3	45577	0.6225	4980
3	45586	0.622625	4981
3	45595	0.62275	4982
3	45604	0.622875	4983
3	45613	0.623	4984
3	45622	0.623125	4985
3	45631	0.62325	4986
3	45640	0.623375	4987
3	45649	0.6235	4988
3	45658	0.623625	4989
3	45667	0.62375	4990
3	45676	0.623875	4991
3	45685	0.624	4992
3	45694	0.624125	4993
3	45703	0.62425	4994
3	45712	0.624375	4995
3	45721	0.6245	4996
3	45730	0.624625	4997
3	45739	0.62475	4998
3	45748	0.624875	4999
3	45761	0.625	5000
3	45770	0.625125	5001
3	45779	0.62525	5002
3	45788	0.625375	5003
3	45797	0.6255	5004
3	45806	0.625625	5005
3	45815	0.62575	5006
3	45824	0.625875	5007
3	45833	0.626	5008
3	45842	0.626125	5009
3	45851	0.62625	5010
3	45860	0.626375	5011
3	45869	0.6265	5012
3	45878	0.626625	5013
3	45887	0.62675	5014
3	45896	0.626875	5015
3	45905	0.627	5016
3	45914	0.627125	5017
3	45923	0.62725	5018
3	45932	0.627375	5019
3	45941	0.6275	5020
3	45950	0.627625	5021
3	45959	0.62775	5022
3	45968	0.627875	5023
3	45977	0.628	5024
3	45986	0.628125	5025
3	45999	0.62825	5026
3	46008	0.628375	5027
3	46017	0.6285	5028
3	46026	0.628625	5029
3	46035	0.62875	5030
3	46044	0.628875	5031
3	46053	0.629	5032
3	46062	0.629125	5033
3	46071	0.62925	5034
3	46080	0.629375	5035
3	46089	0.6295	5036
3	46098	0.629625	5037
3	46107	0.62975	5038
3	46116	0.629875	5039
3	46125	0.63	5040
3	46134	0.630125	5041
3	46143	0.63025	5042
3	46152	0.630375	5043
3	46161	0.6305	5044
3	46170	0.630625	5045
3	46179	0.63075	5046
3	46188	0.630875	5047
3	46197	0.631	5048
3	46206	0.631125	5049
3	46215	0.63125	5050
3	46224	0.631375	5051
3	46237	0.6315	5052
3	46246	0.631625	5053
3	46255	0.63175	5054
3	46264	0.631875	5055
3	46273	0.632	5056
3	46282	0.632125	5057
3	46291	0.63225	5058
3	46300	0.632375	5059
3	46309	0.6325	5060
3	46318	0.632625	5061
3	46327	0.63275	5062
3	46336	0.632875	5063
3	46345	0.633	5064
3	46354	0.633125	5065
3	46363	0.63325	5066
3	46372	0.633375	5067
3	46381	0.6335	5068
3	46390	0.633625	5069
3	46399	0.63375	5070
3	46408	0.633875	5071
3	46417	0.634	5072
3	46426	0.634125	5073
3	46435	0.63425	5074
3	46444	0.634375	5075
3	46453	0.6345	5076
3	46462	0.634625	5077
3	46475	0.63475	5078
3	46484	0.634875	5079
3	46493	0.635	5080
3	46502	0.635125	5081
3	46511	0.63525	5082
3	46520	0.635375	5083
3	46529	0.6355	5084
3	46538	0.635625	5085
3	46547	0.63575	5086
3	46556	0.635875	5087
3	46565	0.636	5088
3	46574	0.636125	5089
3	46583	0.63625	5090
3	46592	0.636375	5091
3	46601	0.6365	5092
3	46610	0.636625	5093
3	46619	0.63675	5094
3	46628	0.636875	5095
3	46637	0.637	5096
3	46646	0.637125	5097
3	46655	0.63725	5098
3	46664	0.637375	5099
3	46673	0.6375	5100
3	46682	0.637625	5101
3	46691	0.63775	5102
3	46700	0.637875	5103
3	46713	0.638	5104
3	46722	0.638125	5105
3	46731	0.63825	5106
3	46740	0.638375	5107
3	46749	0.6385	5108
3	46758	0.638625	5109
3	46767	0.63875	5110
3	46776	0.638875	5111
3	46785	0.639	5112
3	46794	0.639125	5113
3	46803	0.63925	5114
3	46812	0.639375	5115
3	46821	0.6395	5116
3	46830	0.639625	5117
3	46839	0.63975	5118
3	46848	0.639875	5119
3	46857	0.64	5120
3	46866	0.640125	5121
3	46875	0.64025	5122
3	46884	0.640375	5123
3	46893	0.6405	5124
3	46902	0.640625	5125
3	46911	0.64075	5126
3	46920	0.640875	5127
3	46929	0.641	5128
3	46938	0.641125	5129
3	46947	0.64125	5130
3	46960	0.641375	5131
3	46969	0.6415	5132
3	46978	0.641625	5133
3	46987	0.64175	5134
3	46996	0.641875	5135
3	47005	0.642	5136
3	47014	0.642125	5137
3	47023	0.64225	5138
3	47032	0.642375	5139
3	47041	0.6425	5140
3	47050	0.642625	5141
3	47059	0.64275	5142
3	47068	0.642875	5143
3	47077	0.643	5144
3	47086	0.643125	5145
3	47095	0.64325	5146
3	47104	0.643375	5147
3	47113	0.6435	5148
3	47122	0.643625	5149
3	47131	0.64375	5150
3	47140	0.643875	5151
3	47149	0.644	5152
3	47158	0.644125	5153
3	47167	0.64425	5154
3	47176	0.644375	5155
3	47185	0.6445	5156
3	47198	0.644625	5157
3	47207	0.64475	5158
3	47216	0.644875	5159
3	47225	0.645	5160
3	47234	0.645125	5161
3	47243	0.64525	5162
3	47252	0.645375	5163
3	47261	0.6455	5164
3	47270	0.645625	5165
3	47279	0.64575	5166
3	47288	0.645875	5167
3	47297	0.646	5168
3	47306	0.646125	5169
3	47315	0.64625	5170
3	47324	0.646375	5171
3	47333	0.6465	5172
3	47342	0.646625	5173
3	47351	0.64675	5174
3	47360	0.646875	5175
3	47369	0.647	5176
3	47378	0.647125	5177
3	47387	0.64725	5178
3	47396	0.647375	5179
3	47405	0.6475	5180
3	47414	0.647625	5181
3	47423	0.64775	5182
3	47436	0.647875	5183
3	47445	0.648	5184
3	47454	0.648125	5185
3	47463	0.64825	5186
3	47472	0.648375	5187
3	47481	0.6485	5188
3	47490	0.648625	5189
3	47499	0.64875	5190
3	47508	0.648875	5191
3	47517	0.649	5192
3	47526	0.649125	5193
3	47535	0.64925	5194
3	47544	0.649375	5195
3	47553	0.6495	5196
3	47562	0.649625	5197
3	47571	0.64975	5198
3	47580	0.649875	5199
3	47589	0.65	5200
3	47598	0.650125	5201
3	47607	0.65025	5202
3	47616	0.650375	5203
3	47625	0.6505	5204
3	47634	0.650625	5205
3	47643	0.65075	5206
3	47652	0.650875	5207
3	47661	0.651	5208
3	47674	0.651125	5209
3	47683	0.65125	5210
3	47692	0.651375	5211
3	47701	0.6515	5212
3	47710	0.651625	5213
3	47719	0.65175	5214
3	47728	0.651875	5215
3	47737	0.652	5216
3	47746	0.652125	5217
3	47755	0.65225	5218
3	47764	0.652375	5219
3	47773	0.6525	5220
3	47782	0.652625	5221
3	47791	0.65275	5222
3	47800	0.652875	5223
3	47809	0.653	5224
3	47818	0.653125	5225
3	47827	0.65325	5226
3	47836	0.653375	5227
3	47845	0.6535	5228
3	47854	0.653625	5229
3	47863	0.65375	5230
3	47872	0.653875	5231
3	47881	0.654	5232
3	47890	0.654125	5233
3	47899	0.65425	5234
3	47912	0.654375	5235
3	47921	0.6545	5236
3	47930	0.654625	5237
3	47939	0.65475	5238
3	47948	0.654875	5239
3	47957	0.655	5240
3	47966	0.655125	5241
3	47975	0.65525	5242
3	47984	0.655375	5243
3	47993	0.6555	5244
3	48002	0.655625	5245
3	48011	0.65575	5246
3	48020	0.655875	5247
3	48029	0.656	5248
3	48038	0.656125	5249
3	48047	0.65625	5250
3	48056	0.656375	5251
3	48065	0.6565	5252
3	48074	0.656625	5253
3	48083	0.65675	5254
3	48092	0.656875	5255
3	48101	0.657	5256
3	48110	0.657125	5257
3	48119	0.65725	5258
3	48128	0.657375	5259
3	48137	0.6575	5260
3	48150	0.657625	5261
3	48159	0.65775	5262
3	48168	0.657875	5263
3	48177	0.658	5264
3	48186	0.658125	5265
3	48195	0.65825	5266
3	48204	0.658375	5267
3	48213	0.6585	5268
3	48222	0.658625	5269
3	48231	0.65875	5270
3	48240	0.658875	5271
3	48249	0.659	5272
3	48258	0.659125	5273
3	48267	0.65925	5274
3	48276	0.659375	5275
3	48285	0.6595	5276
3	48294	0.659625	5277
3	48303	0.65975	5278
3	48312	0.659875	5279
3	48321	0.66	5280
3	48330	0.660125	5281
3	48339	0.66025	5282
3	48348	0.660375	5283
3	48357	0.6605	5284
3	48366	0.660625	5285
3	48375	0.66075	5286
3	48384	0.660875	5287
3	48397	0.661	5288
3	48406	0.661125	5289
3	48415	0.66125	5290
3	48424	0.661375	5291
3	48433	0.6615	5292
3	48442	0.661625	5293
3	48451	0.66175	5294
3	48460	0.661875	5295
3	48469	0.662	5296
3	48478	0.662125	5297
3	48487	0.66225	5298
3	48496	0.662375	5299
3	48505	0.6625	5300
3	48514	0.662625	5301
3	48523	0.66275	5302
3	48532	0.662875	5303
3	48541	0.663	5304
3	48550	0.663125	5305
3	48559	0.66325	5306
3	48568	0.663375	5307
3	48577	0.6635	5308
3	48586	0.663625	5309
3	48595	0.66375	5310
3	48604	0.663875	5311
3	48613	0.664	5312
3	48622	0.664125	5313
3	48635	0.66425	5314
3	48644	0.664375	5315
3	48653	0.6645	5316
3	48662	0.664625	5317
3	48671	0.66475	5318
3	48680	0.664875	5319
3	48689	0.665	5320
3	48698	0.665125	5321
3	48707	0.66525	5322
3	48716	0.665375	5323
3	48725	0.6655	5324
3	48734	0.665625	5325
3	48743	0.66575	5326
3	48752	0.665875	5327
3	48761	0.666	5328
3	48770	0.666125	5329
3	48779	0.66625	5330
3	48788	0.666375	5331
3	48797	0.6665	5332
3	48806	0.666625	5333
3	48815	0.66675	5334
3	48824	0.666875	5335
3	48833	0.667	5336
3	48842	0.667125	5337
3	48851	0.66725	5338
3	48860	0.667375	5339
3	48873	0.6675	5340
3	48882	0.667625	5341
3	48891	0.66775	5342
3	48900	0.667875	5343
3	48909	0.668	5344
3	48918	0.668125	5345
3	48927	0.66825	5346
3	48936	0.668375	5347
3	48945	0.6685	5348
3	48954	0.668625	5349
3	48963	0.66875	5350
3	48972	0.668875	5351
3	48981	0.669	5352
3	48990	0.669125	5353
3	48999	0.66925	5354
3	49008	0.669375	5355
3	49017	0.6695	5356
3	49026	0.669625	5357
3	49035	0.66975	5358
3	49044	0.669875	5359
3	49053	0.67	5360
3	49062	0.670125	5361
3	49071	0.67025	5362
3	49080	0.670375	5363
3	49089	0.6705	5364
3	49098	0.670625	5365
3	49111	0.67075	5366
3	49120	0.670875	5367
3	49129	0.671	5368
3	49138	0.671125	5369
3	49147	0.67125	5370
3	49156	0.671375	5371
3	49165	0.6715	5372
3	49174	0.671625	5373
3	49183	0.67175	5374
3	49192	0.671875	5375
3	49201	0.672	5376
3	49210	0.672125	5377
3	49219	0.67225	5378
3	49228	0.672375	5379
3	49237	0.6725	5380
3	49246	0.672625	5381
3	49255	0.67275	5382
3	49264	0.672875	5383
3	49273	0.673	5384
3	49282	0.673125	5385
3	49291	0.67325	5386
3	49300	0.673375	5387
3	49309	0.6735	5388
3	49318	0.673625	5389
3	49327	0.67375	5390
3	49336	0.673875	5391
3	49349	0.674	5392
3	49358	0.674125	5393
3	49367	0.67425	5394
3	49376	0.674375	5395
3	49385	0.6745	5396
3	49394	0.674625	5397
3	49403	0.67475	5398
3	49412	0.674875	5399
3	49421	0.675	5400
3	49430	0.675125	5401
3	49439	0.67525	5402
3	49448	0.675375	5403
3	49457	0.6755	5404
3	49466	0.675625	5405
3	49475	0.67575	5406
3	49484	0.675875	5407
3	49493	0.676	5408
3	49502	0.676125	5409
3	49511	0.67625	5410
3	49520	0.676375	5411
3	49529	0.6765	5412
3	49538	0.676625	5413
3	49547	0.67675	5414
3	49556	0.676875	5415
3	49565	0.677	5416
3	49574	0.677125	5417
3	49583	0.67725	5418
3	49596	0.677375	5419
3	49605	0.6775	5420
3	49614	0.677625	5421
3	49623	0.67775	5422
3	49632	0.677875	5423
3	49641	0.678	5424
3	49650	0.678125	5425
3	49659	0.67825	5426
3	49668	0.678375	5427
3	49677	0.6785	5428
3	49686	0.678625	5429
3	49695	0.67875	5430
3	49704	0.678875	5431
3	49713	0.679	5432
3	49722	0.679125	5433
3	49731	0.67925	5434
3	49740	0.679375	5435
3	49749	0.6795	5436
3	49758	0.679625	5437
3	49767	0.67975	5438
3	49776	0.679875	5439
3	49785	0.68	5440
3	49794	0.680125	5441
3	49803	0.68025	5442
3	49812	0.680375	5443
3	49821	0.6805	5444
3	49834	0.680625	5445
3	49843	0.68075	5446
3	49852	0.680875	5447
3	49861	0.681	5448
3	49870	0.681125	5449
3	49879	0.68125	5450
3	49888	0.681375	5451
3	49897	0.6815	5452
3	49906	0.681625	5453
3	49915	0.68175	5454
3	49924	0.681875	5455
3	49933	0.682	5456
3	49942	0.682125	5457
3	49951	0.68225	5458
3	49960	0.682375	5459
3	49969	0.6825	5460
3	49978	0.682625	5461
3	49987	0.68275	5462
3	49996	0.682875	5463
3	50005	0.683	5464
3	50014	0.683125	5465
3	50023	0.68325	5466
3	50032	0.683375	5467
3	50041	0.6835	5468
3	50050	0.683625	5469
3	50059	0.68375	5470
3	50072	0.683875	5471
3	50081	0.684	5472
3	50090	0.684125	5473
3	50099	0.68425	5474
3	50108	0.684375	5475
3	50117	0.6845	5476
3	50126	0.684625	5477
3	50135	0.68475	5478
3	50144	0.684875	5479
3	50153	0.685	5480
3	50162	0.685125	5481
3	50171	0.68525	5482
3	50180	0.685375	5483
3	50189	0.6855	5484
3	50198	0.685625	5485
3	50207	0.68575	5486
3	50216	0.685875	5487
3	50225	0.686	5488
3	50234	0.686125	5489
3	50243	0.68625	5490
3	50252	0.686375	5491
3	50261	0.6865	5492
3	50270	0.686625	5493
3	50279	0.68675	5494
3	50288	0.686875	5495
3	50297	0.687	5496
3	50310	0.687125	5497
3	50319	0.68725	5498
3	50328	0.687375	5499
3	50337	0.6875	5500
3	50346	0.687625	5501
3	50355	0.68775	5502
3	50364	0.687875	5503
3	50373	0.688	5504
3	50382	0.688125	5505
3	50391	0.68825	5506
3	50400	0.688375	5507
3	50409	0.6885	5508
3	50418	0.688625	5509
3	50427	0.68875	5510
3	50436	0.688875	5511
3	50445	0.689	5512
3	50454	0.689125	5513
3	50463	0.68925	5514
3	50472	0.689375	5515
3	50481	0.6895	5516
3	50490	0.689625	5517
3	50499	0.68975	5518
3	50508	0.689875	5519
3	50517	0.69	5520
3	50526	0.690125	5521
3	50535	0.69025	5522
3	50548	0.690375	5523
3	50557	0.6905	5524
3	50566	0.690625	5525
3	50575	0.69075	5526
3	50584	0.690875	5527
3	50593	0.691	5528
3	50602	0.691125	5529
3	50611	0.69125	5530
3	50620	0.691375	5531
3	50629	0.6915	5532
3	50638	0.691625	5533
3	50647	0.69175	5534
3	50656	0.691875	5535
3	50665	0.692	5536
3	50674	0.692125	5537
3	50683	0.69225	5538
3	50692	0.692375	5539
3	50701	0.6925	5540
3	50710	0.692625	5541
3	50719	0.69275	5542
3	50728	0.692875	5543
3	50737	0.693	5544
3	50746	0.693125	5545
3	50755	0.69325	5546
3	50764	0.693375	5547
3	50773	0.6935	5548
3	50786	0.693625	5549
3	50795	0.69375	5550
3	50804	0.693875	5551
3	50813	0.694	5552
3	50822	0.694125	5553
3	50831	0.69425	5554
3	50840	0.694375	5555
3	50849	0.6945	5556
3	50858	0.694625	5557
3	50867	0.69475	5558
3	50876	0.694875	5559
3	50885	0.695	5560
3	50894	0.695125	5561
3	50903	0.69525	5562
3	50912	0.695375	5563
3	50921	0.6955	5564
3	50930	0.695625	5565
3	50939	0.69575	5566
3	50948	0.695875	5567
3	50957	0.696	5568
3	50966	0.696125	5569
3	50975	0.69625	5570
3	50984	0.696375	5571
3	50993	0.6965	5572
3	51002	0.696625	5573
3	51011	0.69675	5574
3	51020	0.696875	5575
3	51033	0.697	5576
3	51042	0.697125	5577
3	51051	0.69725	5578
3	51060	0.697375	5579
3	51069	0.6975	5580
3	51078	0.697625	5581
3	51087	0.69775	5582
3	51096	0.697875	5583
3	51105	0.698	5584
3	51114	0.698125	5585
3	51123	0.69825	5586
3	51132	0.698375	5587
3	51141	0.6985	5588
3	51150	0.698625	5589
3	51159	0.69875	5590
3	51168	0.698875	5591
3	51177	0.699	5592
3	51186	0.699125	5593
3	51195	0.69925	5594
3	51204	0.699375	5595
3	51213	0.6995	5596
3	51222	0.699625	5597
3	51231	0.69975	5598
3	51240	0.699875	5599
3	51249	0.7	5600
3	51258	0.700125	5601
3	51271	0.70025	5602
3	51280	0.700375	5603
3	51289	0.7005	5604
3	51298	0.700625	5605
3	51307	0.70075	5606
3	51316	0.700875	5607
3	51325	0.701	5608
3	51334	0.701125	5609
3	51343	0.70125	5610
3	51352	0.701375	5611
3	51361	0.7015	5612
3	51370	0.701625	5613
3	51379	0.70175	5614
3	51388	0.701875	5615
3	51397	0.702	5616
3	51406	0.702125	5617
3	51415	0.70225	5618
3	51424	0.702375	5619
3	51433	0.7025	5620
3	51442	0.702625	5621
3	51451	0.70275	5622
3	51460	0.702875	5623
3	51469	0.703	5624
3	51478	0.703125	5625
3	51487	0.70325	5626
3	51496	0.703375	5627
3	51509	0.7035	5628
3	51518	0.703625	5629
3	51527	0.70375	5630
3	51536	0.703875	5631
3	51545	0.704	5632
3	51554	0.704125	5633
3	51563	0.70425	5634
3	51572	0.704375	5635
3	51581	0.7045	5636
3	51590	0.704625	5637
3	51599	0.70475	5638
3	51608	0.704875	5639
3	51617	0.705	5640
3	51626	0.705125	5641
3	51635	0.70525	5642
3	51644	0.705375	5643
3	51653	0.7055	5644
3	51662	0.705625	5645
3	51671	0.70575	5646
3	51680	0.705875	5647
3	51689	0.706	5648
3	51698	0.706125	5649
3	51707	0.70625	5650
3	51716	0.706375	5651
3	51725	0.7065	5652
3	51734	0.706625	5653
3	51747	0.70675	5654
3	51756	0.706875	5655
3	51765	0.707	5656
3	51774	0.707125	5657
3	51783	0.70725	5658
3	51792	0.707375	5659
3	51801	0.7075	5660
3	51810	0.707625	5661
3	51819	0.70775	5662
3	51828	0.707875	5663
3	51837	0.708	5664
3	51846	0.708125	5665
3	51855	0.70825	5666
3	51864	0.708375	5667
3	51873	0.7085	5668
3	51882	0.708625	5669
3	51891	0.70875	5670
3	51900	0.708875	5671
3	51909	0.709	5672
3	51918	0.709125	5673
3	51927	0.70925	5674
3	51936	0.709375	5675
3	51945	0.7095	5676
3	51954	0.709625	5677
3	51963	0.70975	5678
3	51972	0.709875	5679
3	51985	0.71	5680
3	51994	0.710125	5681
3	52003	0.71025	5682
3	52012	0.710375	5683
3	52021	0.7105	5684
3	52030	0.710625	5685
3	52039	0.71075	5686
3	52048	0.710875	5687
3	52057	0.711	5688
3	52066	0.711125	5689
3	52075	0.71125	5690
3	52084	0.711375	5691
3	52093	0.7115	5692
3	52102	0.711625	5693
3	52111	0.71175	5694
3	52120	0.711875	5695
3	52129	0.712	5696
3	52138	0.712125	5697
3	52147	0.71225	5698
3	52156	0.712375	5699
3	52165	0.7125	5700
3	52174	0.712625	5701
3	52183	0.71275	5702
3	52192	0.712875	5703
3	52201	0.713	5704
3	52210	0.713125	5705
3	52223	0.71325	5706
3	52232	0.713375	5707
3	52241	0.7135	5708
3	52250	0.713625	5709
3	52259	0.71375	5710
3	52268	0.713875	5711
3	52277	0.714	5712
3	52286	0.714125	5713
3	52295	0.71425	5714
3	52304	0.714375	5715
3	52313	0.7145	5716
3	52322	0.714625	5717
3	52331	0.71475	5718
3	52340	0.714875	5719
3	52349	0.715	5720
3	52358	0.715125	5721
3	52367	0.71525	5722
3	52376	0.715375	5723
3	52385	0.7155	5724
3	52394	0.715625	5725
3	52403	0.71575	5726
3	52412	0.715875	5727
3	52421	0.716	5728
3	52430	0.716125	5729
3	52439	0.71625	5730
3	52448	0.716375	5731
3	52457	0.7165	5732
3	52470	0.716625	5733
3	52479	0.71675	5734
3	52488	0.716875	5735
3	52497	0.717	5736
3	52506	0.717125	5737
3	52515	0.71725	5738
3	52524	0.717375	5739
3	52533	0.7175	5740
3	52542	0.717625	5741
3	52551	0.71775	5742
3	52560	0.717875	5743
3	52569	0.718	5744
3	52578	0.718125	5745
3	52587	0.71825	5746
3	52596	0.718375	5747
3	52605	0.7185	5748
3	52614	0.718625	5749
3	52623	0.71875	5750
3	52632	0.718875	5751
3	52641	0.719	5752
3	52650	0.719125	5753
3	52659	0.71925	5754
3	52668	0.719375	5755
3	52677	0.7195	5756
3	52686	0.719625	5757
3	52695	0.71975	5758
3	52708	0.719875	5759
3	52717	0.72	5760
3	52726	0.720125	5761
3	52735	0.72025	5762
3	52744	0.720375	5763
3	52753	0.7205	5764
3	52762	0.720625	5765
3	52771	0.72075	5766
3	52780	0.720875	5767
3	52789	0.721	5768
3	52798	0.721125	5769
3	52807	0.72125	5770
3	52816	0.721375	5771
3	52825	0.7215	5772
3	52834	0.721625	5773
3	52843	0.72175	5774
3	52852	0.721875	5775
3	52861	0.722	5776
3	52870	0.722125	5777
3	52879	0.72225	5778
3	52888	0.722375	5779
3	52897	0.7225	5780
3	52906	0.722625	5781
3	52915	0.72275	5782
3	52924	0.722875	5783
3	52933	0.723	5784
3	52946	0.723125	5785
3	52955	0.72325	5786
3	52964	0.723375	5787
3	52973	0.7235	5788
3	52982	0.723625	5789
3	52991	0.72375	5790
3	53000	0.723875	5791
3	53009	0.724	5792
3	53018	0.724125	5793
3	53027	0.72425	5794
3	53036	0.724375	5795
3	53045	0.7245	5796
3	53054	0.724625	5797
3	53063	0.72475	5798
3	53072	0.724875	5799
3	53081	0.725	5800
3	53090	0.725125	5801
3	53099	0.72525	5802
3	53108	0.725375	5803
3	53117	0.7255	5804
3	53126	0.725625	5805
3	53135	0.72575	5806
3	53144	0.725875	5807
3	53153	0.726	5808
3	53162	0.726125	5809
3	53171	0.72625	5810
3	53184	0.726375	5811
3	53193	0.7265	5812
3	53202	0.726625	5813
3	53211	0.72675	5814
3	53220	0.726875	5815
3	53229	0.727	5816
3	53238	0.727125	5817
3	53247	0.72725	5818
3	53256	0.727375	5819
3	53265	0.7275	5820
3	53274	0.727625	5821
3	53283	0.72775	5822
3	53292	0.727875	5823
3	53301	0.728	5824
3	53310	0.728125	5825
3	53319	0.72825	5826
3	53328	0.728375	5827
3	53337	0.7285	5828
3	53346	0.728625	5829
3	53355	0.72875	5830
3	53364	0.728875	5831
3	53373	0.729	5832
3	53382	0.729125	5833
3	53391	0.72925	5834
3	53400	0.729375	5835
3	53409	0.7295	5836
3	53422	0.729625	5837
3	53431	0.72975	5838
3	53440	0.729875	5839
3	53449	0.73	5840
3	53458	0.730125	5841
3	53467	0.73025	5842
3	53476	0.730375	5843
3	53485	0.7305	5844
3	53494	0.730625	5845
3	53503	0.73075	5846
3	53512	0.730875	5847
3	53521	0.731	5848
3	53530	0.731125	5849
3	53539	0.73125	5850
3	53548	0.731375	5851
3	53557	0.7315	5852
3	53566	0.731625	5853
3	53575	0.73175	5854
3	53584	0.731875	5855
3	53593	0.732	5856
3	53602	0.732125	5857
3	53611	0.73225	5858
3	53620	0.732375	5859
3	53629	0.7325	5860
3	53638	0.732625	5861
3	53647	0.73275	5862
3	53660	0.732875	5863
3	53669	0.733	5864
3	53678	0.733125	5865
3	53687	0.73325	5866
3	53696	0.733375	5867
3	53705	0.7335	5868
3	53714	0.733625	5869
3	53723	0.73375	5870
3	53732	0.733875	5871
3	53741	0.734	5872
3	53750	0.734125	5873
3	53759	0.73425	5874
3	53768	0.734375	5875
3	53777	0.7345	5876
3	53786	0.734625	5877
3	53795	0.73475	5878
3	53804	0.734875	5879
3	53813	0.735	5880
3	53822	0.735125	5881
3	53831	0.73525	5882
3	53840	0.735375	5883
3	53849	0.7355	5884
3	53858	0.735625	5885
3	53867	0.73575	5886
3	53876	0.735875	5887
3	53885	0.736	5888
3	53894	0.736125	5889
3	53907	0.73625	5890
3	53916	0.736375	5891
3	53925	0.7365	5892
3	53934	0.736625	5893
3	53943	0.73675	5894
3	53952	0.736875	5895
3	53961	0.737	5896
3	53970	0.737125	5897
3	53979	0.73725	5898
3	53988	0.737375	5899
3	53997	0.7375	5900
3	54006	0.737625	5901
3	54015	0.73775	5902
3	54024	0.737875	5903
3	54033	0.738	5904
3	54042	0.738125	5905
3	54051	0.73825	5906
3	54060	0.738375	5907
3	54069	0.7385	5908
3	54078	0.738625	5909
3	54087	0.73875	5910
3	54096	0.738875	5911
3	54105	0.739	5912
3	54114	0.739125	5913
3	54123	0.73925	5914
3	54132	0.739375	5915
3	54145	0.7395	5916
3	54154	0.739625	5917
3	54163	0.73975	5918
3	54172	0.739875	5919
3	54181	0.74	5920
3	54190	0.740125	5921
3	54199	0.74025	5922
3	54208	0.740375	5923
3	54217	0.7405	5924
3	54226	0.740625	5925
3	54235	0.74075	5926
3	54244	0.740875	5927
3	54253	0.741	5928
3	54262	0.741125	5929
3	54271	0.74125	5930
3	54280	0.741375	5931
3	54289	0.7415	5932
3	54298	0.741625	5933
3	54307	0.74175	5934
3	54316	0.741875	5935
3	54325	0.742	5936
3	54334	0.742125	5937
3	54343	0.74225	5938
3	54352	0.742375	5939
3	54361	0.7425	5940
3	54370	0.742625	5941
3	54383	0.74275	5942
3	54392	0.742875	5943
3	54401	0.743	5944
3	54410	0.743125	5945
3	54419	0.74325	5946
3	54428	0.743375	5947
3	54437	0.7435	5948
3	54446	0.743625	5949
3	54455	0.74375	5950
3	54464	0.743875	5951
3	54473	0.744	5952
3	54482	0.744125	5953
3	54491	0.74425	5954
3	54500	0.744375	5955
3	54509	0.7445	5956
3	54518	0.744625	5957
3	54527	0.74475	5958
3	54536	0.744875	5959
3	54545	0.745	5960
3	54554	0.745125	5961
3	54563	0.74525	5962
3	54572	0.745375	5963
3	54581	0.7455	5964
3	54590	0.745625	5965
3	54599	0.74575	5966
3	54608	0.745875	5967
3	54621	0.746	5968
3	54630	0.746125	5969
3	54639	0.74625	5970
3	54648	0.746375	5971
3	54657	0.7465	5972
3	54666	0.746625	5973
3	54675	0.74675	5974
3	54684	0.746875	5975
3	54693	0.747	5976
3	54702	0.747125	5977
3	54711	0.74725	5978
3	54720	0.747375	5979
3	54729	0.7475	5980
3	54738	0.747625	5981
3	54747	0.74775	5982
3	54756	0.747875	5983
3	54765	0.748	5984
3	54774	0.748125	5985
3	54783	0.74825	5986
3	54792	0.748375	5987
3	54801	0.7485	5988
3	54810	0.748625	5989
3	54819	0.74875	5990
3	54828	0.748875	5991
3	54837	0.749	5992
3	54846	0.749125	5993
3	54859	0.74925	5994
3	54868	0.749375	5995
3	54877	0.7495	5996
3	54886	0.749625	5997
3	54895	0.74975	5998
3	54904	0.749875	5999
3	54913	0.75	6000
3	54922	0.750125	6001
3	54931	0.75025	6002
3	54940	0.750375	6003
3	54949	0.7505	6004
3	54958	0.750625	6005
3	54967	0.75075	6006
3	54976	0.750875	6007
3	54985	0.751	6008
3	54994	0.751125	6009
3	55003	0.75125	6010
3	55012	0.751375	6011
3	55021	0.7515	6012
3	55030	0.751625	6013
3	55039	0.75175	6014
3	55048	0.751875	6015
3	55057	0.752	6016
3	55066	0.752125	6017
3	55075	0.75225	6018
3	55084	0.752375	6019
3	55093	0.7525	6020
3	55106	0.752625	6021
3	55115	0.75275	6022
3	55124	0.752875	6023
3	55133	0.753	6024
3	55142	0.753125	6025
3	55151	0.75325	6026
3	55160	0.753375	6027
3	55169	0.7535	6028
3	55178	0.753625	6029
3	55187	0.75375	6030
3	55196	0.753875	6031
3	55205	0.754	6032
3	55214	0.754125	6033
3	55223	0.75425	6034
3	55232	0.754375	6035
3	55241	0.7545	6036
3	55250	0.754625	6037
3	55259	0.75475	6038
3	55268	0.754875	6039
3	55277	0.755	6040
3	55286	0.755125	6041
3	55295	0.75525	6042
3	55304	0.755375	6043
3	55313	0.7555	6044
3	55322	0.755625	6045
3	55331	0.75575	6046
3	55344	0.755875	6047
3	55353	0.756	6048
3	55362	0.756125	6049
3	55371	0.75625	6050
3	55380	0.756375	6051
3	55389	0.7565	6052
3	55398	0.756625	6053
3	55407	0.75675	6054
3	55416	0.756875	6055
3	55425	0.757	6056
3	55434	0.757125	6057
3	55443	0.75725	6058
3	55452	0.757375	6059
3	55461	0.7575	6060
3	55470	0.757625	6061
3	55479	0.75775	6062
3	55488	0.757875	6063
3	55497	0.758	6064
3	55506	0.758125	6065
3	55515	0.75825	6066
3	55524	0.758375	6067
3	55533	0.7585	6068
3	55542	0.758625	6069
3	55551	0.75875	6070
3	55560	0.758875	6071
3	55569	0.759	6072
3	55582	0.759125	6073
3	55591	0.75925	6074
3	55600	0.759375	6075
3	55609	0.7595	6076
3	55618	0.759625	6077
3	55627	0.75975	6078
3	55636	0.759875	6079
3	55645	0.76	6080
3	55654	0.760125	6081
3	55663	0.76025	6082
3	55672	0.760375	6083
3	55681	0.7605	6084
3	55690	0.760625	6085
3	55699	0.76075	6086
3	55708	0.760875	6087
3	55717	0.761	6088
3	55726	0.761125	6089
3	55735	0.76125	6090
3	55744	0.761375	6091
3	55753	0.7615	6092
3	55762	0.761625	6093
3	55771	0.76175	6094
3	55780	0.761875	6095
3	55789	0.762	6096
3	55798	0.762125	6097
3	55807	0.76225	6098
3	55820	0.762375	6099
3	55829	0.7625	6100
3	55838	0.762625	6101
3	55847	0.76275	6102
3	55856	0.762875	6103
3	55865	0.763	6104
3	55874	0.763125	6105
3	55883	0.76325	6106
3	55892	0.763375	6107
3	55901	0.7635	6108
3	55910	0.763625	6109
3	55919	0.76375	6110
3	55928	0.763875	6111
3	55937	0.764	6112
3	55946	0.764125	6113
3	55955	0.76425	6114
3	55964	0.764375	6115
3	55973	0.7645	6116
3	55982	0.764625	6117
3	55991	0.76475	6118
3	56000	0.764875	6119
3	56009	0.765	6120
3	56018	0.765125	6121
3	56027	0.76525	6122
3	56036	0.765375	6123
3	56045	0.7655	6124
3	56058	0.765625	6125
3	56067	0.76575	6126
3	56076	0.765875	6127
3	56085	0.766	6128
3	56094	0.766125	6129
3	56103	0.76625	6130
3	56112	0.766375	6131
3	56121	0.7665	6132
3	56130	0.766625	6133
3	56139	0.76675	6134
3	56148	0.766875	6135
3	56157	0.767	6136
3	56166	0.767125	6137
3	56175	0.76725	6138
3	56184	0.767375	6139
3	56193	0.7675	6140
3	56202	0.767625	6141
3	56211	0.76775	6142
3	56220	0.767875	6143
3	56229	0.768	6144
3	56238	0.768125	6145
3	56247	0.76825	6146
3	56256	0.768375	6147
3	56265	0.7685	6148
3	56274	0.768625	6149
3	56283	0.76875	6150
3	56296	0.768875	6151
3	56305	0.769	6152
3	56314	0.769125	6153
3	56323	0.76925	6154
3	56332	0.769375	6155
3	56341	0.7695	6156
3	56350	0.769625	6157
3	56359	0.76975	6158
3	56368	0.769875	6159
3	56377	0.77	6160
3	56386	0.770125	6161
3	56395	0.77025	6162
3	56404	0.770375	6163
3	56413	0.7705	6164
3	56422	0.770625	6165
3	56431	0.77075	6166
3	56440	0.770875	6167
3	56449	0.771	6168
3	56458	0.771125	6169
3	56467	0.77125	6170
3	56476	0.771375	6171
3	56485	0.7715	6172
3	56494	0.771625	6173
3	56503	0.77175	6174
3	56512	0.771875	6175
3	56521	0.772	6176
3	56530	0.772125	6177
3	56543	0.77225	6178
3	56552	0.772375	6179
3	56561	0.7725	6180
3	56570	0.772625	6181
3	56579	0.77275	6182
3	56588	0.772875	6183
3	56597	0.773	6184
3	56606	0.773125	6185
3	56615	0.77325	6186
3	56624	0.773375	6187
3	56633	0.7735	6188
3	56642	0.773625	6189
3	56651	0.77375	6190
3	56660	0.773875	6191
3	56669	0.774	6192
3	56678	0.774125	6193
3	56687	0.77425	6194
3	56696	0.774375	6195
3	56705	0.7745	6196
3	56714	0.774625	6197
3	56723	0.77475	6198
3	56732	0.774875	6199
3	56741	0.775	6200
3	56750	0.775125	6201
3	56759	0.77525	6202
3	56768	0.775375	6203
3	56781	0.7755	6204
3	56790	0.775625	6205
3	56799	0.77575	6206
3	56808	0.775875	6207
3	56817	0.776	6208
3	56826	0.776125	6209
3	56835	0.77625	6210
3	56844	0.776375	6211
3	56853	0.7765	6212
3	56862	0.776625	6213
3	56871	0.77675	6214
3	56880	0.776875	6215
3	56889	0.777	6216
3	56898	0.777125	6217
3	56907	0.77725	6218
3	56916	0.777375	6219
3	56925	0.7775	6220
3	56934	0.777625	6221
3	56943	0.77775	6222
3	56952	0.777875	6223
3	56961	0.778	6224
3	56970	0.778125	6225
3	56979	0.77825	6226
3	56988	0.778375	6227
3	56997	0.7785	6228
3	57006	0.778625	6229
3	57019	0.77875	6230
3	57028	0.778875	6231
3	57037	0.779	6232
3	57046	0.779125	6233
3	57055	0.77925	6234
3	57064	0.779375	6235
3	57073	0.7795	6236
3	57082	0.779625	6237
3	57091	0.77975	6238
3	57100	0.779875	6239
3	57109	0.78	6240
3	57118	0.780125	6241
3	57127	0.78025	6242
3	57136	0.780375	6243
3	57145	0.7805	6244
3	57154	0.780625	6245
3	57163	0.78075	6246
3	57172	0.780875	6247
3	57181	0.781	6248
3	57190	0.781125	6249
3	57199	0.78125	6250
3	57208	0.781375	6251
3	57217	0.7815	6252
3	57226	0.781625	6253
3	57235	0.78175	6254
3	57244	0.781875	6255
3	57257	0.782	6256
3	57266	0.782125	6257
3	57275	0.78225	6258
3	57284	0.782375	6259
3	57293	0.7825	6260
3	57302	0.782625	6261
3	57311	0.78275	6262
3	57320	0.782875	6263
3	57329	0.783	6264
3	57338	0.783125	6265
3	57347	0.78325	6266
3	57356	0.783375	6267
3	57365	0.7835	6268
3	57374	0.783625	6269
3	57383	0.78375	6270
3	57392	0.783875	6271
3	57401	0.784	6272
3	57410	0.784125	6273
3	57419	0.78425	6274
3	57428	0.784375	6275
3	57437	0.7845	6276
3	57446	0.784625	6277
3	57455	0.78475	6278
3	57464	0.784875	6279
3	57473	0.785	6280
3	57482	0.785125	6281
3	57495	0.78525	6282
3	57504	0.785375	6283
3	57513	0.7855	6284
3	57522	0.785625	6285
3	57531	0.78575	6286
3	57540	0.785875	6287
3	57549	0.786	6288
3	57558	0.786125	6289
3	57567	0.78625	6290
3	57576	0.786375	6291
3	57585	0.7865	6292
3	57594	0.786625	6293
3	57603	0.78675	6294
3	57612	0.786875	6295
3	57621	0.787	6296
3	57630	0.787125	6297
3	57639	0.78725	6298
3	57648	0.787375	6299
3	57657	0.7875	6300
3	57666	0.787625	6301
3	57675	0.78775	6302
3	57684	0.787875	6303
3	57693	0.788	6304
3	57702	0.788125	6305
3	57711	0.78825	6306
3	57720	0.788375	6307
3	57733	0.7885	6308
3	57742	0.788625	6309
3	57751	0.78875	6310
3	57760	0.788875	6311
3	57769	0.789	6312
3	57778	0.789125	6313
3	57787	0.78925	6314
3	57796	0.789375	6315
3	57805	0.7895	6316
3	57814	0.789625	6317
3	57823	0.78975	6318
3	57832	0.789875	6319
3	57841	0.79	6320
3	57850	0.790125	6321
3	57859	0.79025	6322
3	57868	0.790375	6323
3	57877	0.7905	6324
3	57886	0.790625	6325
3	57895	0.79075	6326
3	57904	0.790875	6327
3	57913	0.791	6328
3	57922	0.791125	6329
3	57931	0.79125	6330
3	57940	0.791375	6331
3	57949	0.7915	6332
3	57958	0.791625	6333
3	57967	0.79175	6334
3	57980	0.791875	6335
3	57989	0.792	6336
3	57998	0.792125	6337
3	58007	0.79225	6338
3	58016	0.792375	6339
3	58025	0.7925	6340
3	58034	0.792625	6341
3	58043	0.79275	6342
3	58052	0.792875	6343
3	58061	0.793	6344
3	58070	0.793125	6345
3	58079	0.79325	6346
3	58088	0.793375	6347
3	58097	0.7935	6348
3	58106	0.793625	6349
3	58115	0.79375	6350
3	58124	0.793875	6351
3	58133	0.794	6352
3	58142	0.794125	6353
3	58151	0.79425	6354
3	58160	0.794375	6355
3	58169	0.7945	6356
3	58178	0.794625	6357
3	58187	0.79475	6358
3	58196	0.794875	6359
3	58205	0.795	6360
3	58218	0.795125	6361
3	58227	0.79525	6362
3	58236	0.795375	6363
3	58245	0.7955	6364
3	58254	0.795625	6365
3	58263	0.79575	6366
3	58272	0.795875	6367
3	58281	0.796	6368
3	58290	0.796125	6369
3	58299	0.79625	6370
3	58308	0.796375	6371
3	58317	0.7965	6372
3	58326	0.796625	6373
3	58335	0.79675	6374
3	58344	0.796875	6375
3	58353	0.797	6376
3	58362	0.797125	6377
3	58371	0.79725	6378
3	58380	0.797375	6379
3	58389	0.7975	6380
3	58398	0.797625	6381
3	58407	0.79775	6382
3	58416	0.797875	6383
3	58425	0.798	6384
3	58434	0.798125	6385
3	58443	0.79825	6386
3	58456	0.798375	6387
3	58465	0.7985	6388
3	58474	0.798625	6389
3	58483	0.79875	6390
3	58492	0.798875	6391
3	58501	0.799	6392
3	58510	0.799125	6393
3	58519	0.79925	6394
3	58528	0.799375	6395
3	58537	0.7995	6396
3	58546	0.799625	6397
3	58555	0.79975	6398
3	58564	0.799875	6399
3	58573	0.8	6400
3	58582	0.800125	6401
3	58591	0.80025	6402
3	58600	0.800375	6403
3	58609	0.8005	6404
3	58618	0.800625	6405
3	58627	0.80075	6406
3	58636	0.800875	6407
3	58645	0.801	6408
3	58654	0.801125	6409
3	58663	0.80125	6410
3	58672	0.801375	6411
3	58681	0.8015	6412
3	58694	0.801625	6413
3	58703	0.80175	6414
3	58712	0.801875	6415
3	58721	0.802	6416
3	58730	0.802125	6417
3	58739	0.80225	6418
3	58748	0.802375	6419
3	58757	0.8025	6420
3	58766	0.802625	6421
3	58775	0.80275	6422
3	58784	0.802875	6423
3	58793	0.803	6424
3	58802	0.803125	6425
3	58811	0.80325	6426
3	58820	0.803375	6427
3	58829	0.8035	6428
3	58838	0.803625	6429
3	58847	0.80375	6430
3	58856	0.803875	6431
3	58865	0.804	6432
3	58874	0.804125	6433
3	58883	0.80425	6434
3	58892	0.804375	6435
3	58901	0.8045	6436
3	58910	0.804625	6437
3	58919	0.80475	6438
3	58932	0.804875	6439
3	58941	0.805	6440
3	58950	0.805125	6441
3	58959	0.80525	6442
3	58968	0.805375	6443
3	58977	0.8055	6444
3	58986	0.805625	6445
3	58995	0.80575	6446
3	59004	0.805875	6447
3	59013	0.806	6448
3	59022	0.806125	6449
3	59031	0.80625	6450
3	59040	0.806375	6451
3	59049	0.8065	6452
3	59058	0.806625	6453
3	59067	0.80675	6454
3	59076	0.806875	6455
3	59085	0.807	6456
3	59094	0.807125	6457
3	59103	0.80725	6458
3	59112	0.807375	6459
3	59121	0.8075	6460
3	59130	0.807625	6461
3	59139	0.80775	6462
3	59148	0.807875	6463
3	59157	0.808	6464
3	59170	0.808125	6465
3	59179	0.80825	6466
3	59188	0.808375	6467
3	59197	0.8085	6468
3	59206	0.808625	6469
3	59215	0.80875	6470
3	59224	0.808875	6471
3	59233	0.809	6472
3	59242	0.809125	6473
3	59251	0.80925	6474
3	59260	0.809375	6475
3	59269	0.8095	6476
3	59278	0.809625	6477
3	59287	0.80975	6478
3	59296	0.809875	6479
3	59305	0.81	6480
3	59314	0.810125	6481
3	59323	0.81025	6482
3	59332	0.810375	6483
3	59341	0.8105	6484
3	59350	0.810625	6485
3	59359	0.81075	6486
3	59368	0.810875	6487
3	59377	0.811	6488
3	59386	0.811125	6489
3	59395	0.81125	6490
3	59404	0.811375	6491
3	59417	0.8115	6492
3	59426	0.811625	6493
3	59435	0.81175	6494
3	59444	0.811875	6495
3	59453	0.812	6496
3	59462	0.812125	6497
3	59471	0.81225	6498
3	59480	0.812375	6499
3	59489	0.8125	6500
3	59498	0.812625	6501
3	59507	0.81275	6502
3	59516	0.812875	6503
3	59525	0.813	6504
3	59534	0.813125	6505
3	59543	0.81325	6506
3	59552	0.813375	6507
3	59561	0.8135	6508
3	59570	0.813625	6509
3	59579	0.81375	6510
3	59588	0.813875	6511
3	59597	0.814	6512
3	59606	0.814125	6513
3	59615	0.81425	6514
3	59624	0.814375	6515
3	59633	0.8145	6516
3	59642	0.814625	6517
3	59655	0.81475	6518
3	59664	0.814875	6519
3	59673	0.815	6520
3	59682	0.815125	6521
3	59691	0.81525	6522
3	59700	0.815375	6523
3	59709	0.8155	6524
3	59718	0.815625	6525
3	59727	0.81575	6526
3	59736	0.815875	6527
3	59745	0.816	6528
3	59754	0.816125	6529
3	59763	0.81625	6530
3	59772	0.816375	6531
3	59781	0.8165	6532
3	59790	0.816625	6533
3	59799	0.81675	6534
3	59808	0.816875	6535
3	59817	0.817	6536
3	59826	0.817125	6537
3	59835	0.81725	6538
3	59844	0.817375	6539
3	59853	0.8175	6540
3	59862	0.817625	6541
3	59871	0.81775	6542
3	59880	0.817875	6543
3	59893	0.818	6544
3	59902	0.818125	6545
3	59911	0.81825	6546
3	59920	0.818375	6547
3	59929	0.8185	6548
3	59938	0.818625	6549
3	59947	0.81875	6550
3	59956	0.818875	6551
3	59965	0.819	6552
3	59974	0.819125	6553
3	59983	0.81925	6554
3	59992	0.819375	6555
3	60001	0.8195	6556
3	60010	0.819625	6557
3	60019	0.81975	6558
3	60028	0.819875	6559
3	60037	0.82	6560
3	60046	0.820125	6561
3	60055	0.82025	6562
3	60064	0.820375	6563
3	60073	0.8205	6564
3	60082	0.820625	6565
3	60091	0.82075	6566
3	60100	0.820875	6567
3	60109	0.821	6568
3	60118	0.821125	6569
3	60131	0.82125	6570
3	60140	0.821375	6571
3	60149	0.8215	6572
3	60158	0.821625	6573
3	60167	0.82175	6574
3	60176	0.821875	6575
3	60185	0.822	6576
3	60194	0.822125	6577
3	60203	0.82225	6578
3	60212	0.822375	6579
3	60221	0.8225	6580
3	60230	0.822625	6581
3	60239	0.82275	6582
3	60248	0.822875	6583
3	60257	0.823	6584
3	60266	0.823125	6585
3	60275	0.82325	6586
3	60284	0.823375	6587
3	60293	0.8235	6588
3	60302	0.823625	6589
3	60311	0.82375	6590
3	60320	0.823875	6591
3	60329	0.824	6592
3	60338	0.824125	6593
3	60347	0.82425	6594
3	60356	0.824375	6595
3	60369	0.8245	6596
3	60378	0.824625	6597
3	60387	0.82475	6598
3	60396	0.824875	6599
3	60405	0.825	6600
3	60414	0.825125	6601
3	60423	0.82525	6602
3	60432	0.825375	6603
3	60441	0.8255	6604
3	60450	0.825625	6605
3	60459	0.82575	6606
3	60468	0.825875	6607
3	60477	0.826	6608
3	60486	0.826125	6609
3	60495	0.82625	6610
3	60504	0.826375	6611
3	60513	0.8265	6612
3	60522	0.826625	6613
3	60531	0.82675	6614
3	60540	0.826875	6615
3	60549	0.827	6616
3	60558	0.827125	6617
3	60567	0.82725	6618
3	60576	0.827375	6619
3	60585	0.8275	6620
3	60594	0.827625	6621
3	60603	0.82775	6622
3	60616	0.827875	6623
3	60625	0.828	6624
3	60634	0.828125	6625
3	60643	0.82825	6626
3	60652	0.828375	6627
3	60661	0.8285	6628
3	60670	0.828625	6629
3	60679	0.82875	6630
3	60688	0.828875	6631
3	60697	0.829	6632
3	60706	0.829125	6633
3	60715	0.82925	6634
3	60724	0.829375	6635
3	60733	0.8295	6636
3	60742	0.829625	6637
3	60751	0.82975	6638
3	60760	0.829875	6639
3	60769	0.83	6640
3	60778	0.830125	6641
3	60787	0.83025	6642
3	60796	0.830375	6643
3	60805	0.8305	6644
3	60814	0.830625	6645
3	60823	0.83075	6646
3	60832	0.830875	6647
3	60841	0.831	6648
3	60854	0.831125	6649
3	60863	0.83125	6650
3	60872	0.831375	6651
3	60881	0.8315	6652
3	60890	0.831625	6653
3	60899	0.83175	6654
3	60908	0.831875	6655
3	60917	0.832	6656
3	60926	0.832125	6657
3	60935	0.83225	6658
3	60944	0.832375	6659
3	60953	0.8325	6660
3	60962	0.832625	6661
3	60971	0.83275	6662
3	60980	0.832875	6663
3	60989	0.833	6664
3	60998	0.833125	6665
3	61007	0.83325	6666
3	61016	0.833375	6667
3	61025	0.8335	6668
3	61034	0.833625	6669
3	61043	0.83375	6670
3	61052	0.833875	6671
3	61061	0.834	6672
3	61070	0.834125	6673
3	61079	0.83425	6674
3	61092	0.834375	6675
3	61101	0.8345	6676
3	61110	0.834625	6677
3	61119	0.83475	6678
3	61128	0.834875	6679
3	61137	0.835	6680
3	61146	0.835125	6681
3	61155	0.83525	6682
3	61164	0.835375	6683
3	61173	0.8355	6684
3	61182	0.835625	6685
3	61191	0.83575	6686
3	61200	0.835875	6687
3	61209	0.836	6688
3	61218	0.836125	6689
3	61227	0.83625	6690
3	61236	0.836375	6691
3	61245	0.8365	6692
3	61254	0.836625	6693
3	61263	0.83675	6694
3	61272	0.836875	6695
3	61281	0.837	6696
3	61290	0.837125	6697
3	61299	0.83725	6698
3	61308	0.837375	6699
3	61317	0.8375	6700
3	61330	0.837625	6701
3	61339	0.83775	6702
3	61348	0.837875	6703
3	61357	0.838	6704
3	61366	0.838125	6705
3	61375	0.83825	6706
3	61384	0.838375	6707
3	61393	0.8385	6708
3	61402	0.838625	6709
3	61411	0.83875	6710
3	61420	0.838875	6711
3	61429	0.839	6712
3	61438	0.839125	6713
3	61447	0.83925	6714
3	61456	0.839375	6715
3	61465	0.8395	6716
3	61474	0.839625	6717
3	61483	0.83975	6718
3	61492	0.839875	6719
3	61501	0.84	6720
3	61510	0.840125	6721
3	61519	0.84025	6722
3	61528	0.840375	6723
3	61537	0.8405	6724
3	61546	0.840625	6725
3	61555	0.84075	6726
3	61568	0.840875	6727
3	61577	0.841	6728
3	61586	0.841125	6729
3	61595	0.84125	6730
3	61604	0.841375	6731
3	61613	0.8415	6732
3	61622	0.841625	6733
3	61631	0.84175	6734
3	61640	0.841875	6735
3	61649	0.842	6736
3	61658	0.842125	6737
3	61667	0.84225	6738
3	61676	0.842375	6739
3	61685	0.8425	6740
3	61694	0.842625	6741
3	61703	0.84275	6742
3	61712	0.842875	6743
3	61721	0.843	6744
3	61730	0.843125	6745
3	61739	0.84325	6746
3	61748	0.843375	6747
3	61757	0.8435	6748
3	61766	0.843625	6749
3	61775	0.84375	6750
3	61784	0.843875	6751
3	61793	0.844	6752
3	61806	0.844125	6753
3	61815	0.84425	6754
3	61824	0.844375	6755
3	61833	0.8445	6756
3	61842	0.844625	6757
3	61851	0.84475	6758
3	61860	0.844875	6759
3	61869	0.845	6760
3	61878	0.845125	6761
3	61887	0.84525	6762
3	61896	0.845375	6763
3	61905	0.8455	6764
3	61914	0.845625	6765
3	61923	0.84575	6766
3	61932	0.845875	6767
3	61941	0.846	6768
3	61950	0.846125	6769
3	61959	0.84625	6770
3	61968	0.846375	6771
3	61977	0.8465	6772
3	61986	0.846625	6773
3	61995	0.84675	6774
3	62004	0.846875	6775
3	62013	0.847	6776
3	62022	0.847125	6777
3	62031	0.84725	6778
3	62040	0.847375	6779
3	62053	0.8475	6780
3	62062	0.847625	6781
3	62071	0.84775	6782
3	62080	0.847875	6783
3	62089	0.848	6784
3	62098	0.848125	6785
3	62107	0.84825	6786
3	62116	0.848375	6787
3	62125	0.8485	6788
3	62134	0.848625	6789
3	62143	0.84875	6790
3	62152	0.848875	6791
3	62161	0.849	6792
3	62170	0.849125	6793
3	62179	0.84925	6794
3	62188	0.849375	6795
3	62197	0.8495	6796
3	62206	0.849625	6797
3	62215	0.84975	6798
3	62224	0.849875	6799
3	62233	0.85	6800
3	62242	0.850125	6801
3	62251	0.85025	6802
3	62260	0.850375	6803
3	62269	0.8505	6804
3	62278	0.850625	6805
3	62291	0.85075	6806
3	62300	0.850875	6807
3	62309	0.851	6808
3	62318	0.851125	6809
3	62327	0.85125	6810
3	62336	0.851375	6811
3	62345	0.8515	6812
3	62354	0.851625	6813
3	62363	0.85175	6814
3	62372	0.851875	6815
3	62381	0.852	6816
3	62390	0.852125	6817
3	62399	0.85225	6818
3	62408	0.852375	6819
3	62417	0.8525	6820
3	62426	0.852625	6821
3	62435	0.85275	6822
3	62444	0.852875	6823
3	62453	0.853	6824
3	62462	0.853125	6825
3	62471	0.85325	6826
3	62480	0.853375	6827
3	62489	0.8535	6828
3	62498	0.853625	6829
3	62507	0.85375	6830
3	62516	0.853875	6831
3	62529	0.854	6832
3	62538	0.854125	6833
3	62547	0.85425	6834
3	62556	0.854375	6835
3	62565	0.8545	6836
3	62574	0.854625	6837
3	62583	0.85475	6838
3	62592	0.854875	6839
3	62601	0.855	6840
3	62610	0.855125	6841
3	62619	0.85525	6842
3	62628	0.855375	6843
3	62637	0.8555	6844
3	62646	0.855625	6845
3	62655	0.85575	6846
3	62664	0.855875	6847
3	62673	0.856	6848
3	62682	0.856125	6849
3	62691	0.85625	6850
3	62700	0.856375	6851
3	62709	0.8565	6852
3	62718	0.856625	6853
3	62727	0.85675	6854
3	62736	0.856875	6855
3	62745	0.857	6856
3	62754	0.857125	6857
3	62767	0.85725	6858
3	62776	0.857375	6859
3	62785	0.8575	6860
3	62794	0.857625	6861
3	62803	0.85775	6862
3	62812	0.857875	6863
3	62821	0.858	6864
3	62830	0.858125	6865
3	62839	0.85825	6866
3	62848	0.858375	6867
3	62857	0.8585	6868
3	62866	0.858625	6869
3	62875	0.85875	6870
3	62884	0.858875	6871
3	62893	0.859	6872
3	62902	0.859125	6873
3	62911	0.85925	6874
3	62920	0.859375	6875
3	62929	0.8595	6876
3	62938	0.859625	6877
3	62947	0.85975	6878
3	62956	0.859875	6879
3	62965	0.86	6880
3	62974	0.860125	6881
3	62983	0.86025	6882
3	62992	0.860375	6883
3	63005	0.8605	6884
3	63014	0.860625	6885
3	63023	0.86075	6886
3	63032	0.860875	6887
3	63041	0.861	6888
3	63050	0.861125	6889
3	63059	0.86125	6890
3	63068	0.861375	6891
3	63077	0.8615	6892
3	63086	0.861625	6893
3	63095	0.86175	6894
3	63104	0.861875	6895
3	63113	0.862	6896
3	63122	0.862125	6897
3	63131	0.86225	6898
3	63140	0.862375	6899
3	63149	0.8625	6900
3	63158	0.862625	6901
3	63167	0.86275	6902
3	63176	0.862875	6903
3	63185	0.863	6904
3	63194	0.863125	6905
3	63203	0.86325	6906
3	63212	0.863375	6907
3	63221	0.8635	6908
3	63230	0.863625	6909
3	63243	0.86375	6910
3	63252	0.863875	6911
3	63261	0.864	6912
3	63270	0.864125	6913
3	63279	0.86425	6914
3	63288	0.864375	6915
3	63297	0.8645	6916
3	63306	0.864625	6917
3	63315	0.86475	6918
3	63324	0.864875	6919
3	63333	0.865	6920
3	63342	0.865125	6921
3	63351	0.86525	6922
3	63360	0.865375	6923
3	63369	0.8655	6924
3	63378	0.865625	6925
3	63387	0.86575	6926
3	63396	0.865875	6927
3	63405	0.866	6928
3	63414	0.866125	6929
3	63423	0.86625	6930
3	63432	0.866375	6931
3	63441	0.8665	6932
3	63450	0.866625	6933
3	63459	0.86675	6934
3	63468	0.866875	6935
3	63477	0.867	6936
3	63490	0.867125	6937
3	63499	0.86725	6938
3	63508	0.867375	6939
3	63517	0.8675	6940
3	63526	0.867625	6941
3	63535	0.86775	6942
3	63544	0.867875	6943
3	63553	0.868	6944
3	63562	0.868125	6945
3	63571	0.86825	6946
3	63580	0.868375	6947
3	63589	0.8685	6948
3	63598	0.868625	6949
3	63607	0.86875	6950
3	63616	0.868875	6951
3	63625	0.869	6952
3	63634	0.869125	6953
3	63643	0.86925	6954
3	63652	0.869375	6955
3	63661	0.8695	6956
3	63670	0.869625	6957
3	63679	0.86975	6958
3	63688	0.869875	6959
3	63697	0.87	6960
3	63706	0.870125	6961
3	63715	0.87025	6962
3	63728	0.870375	6963
3	63737	0.8705	6964
3	63746	0.870625	6965
3	63755	0.87075	6966
3	63764	0.870875	6967
3	63773	0.871	6968
3	63782	0.871125	6969
3	63791	0.87125	6970
3	63800	0.871375	6971
3	63809	0.8715	6972
3	63818	0.871625	6973
3	63827	0.87175	6974
3	63836	0.871875	6975
3	63845	0.872	6976
3	63854	0.872125	6977
3	63863	0.87225	6978
3	63872	0.872375	6979
3	63881	0.8725	6980
3	63890	0.872625	6981
3	63899	0.87275	6982
3	63908	0.872875	6983
3	63917	0.873	6984
3	63926	0.873125	6985
3	63935	0.87325	6986
3	63944	0.873375	6987
3	63953	0.8735	6988
3	63966	0.873625	6989
3	63975	0.87375	6990
3	63984	0.873875	6991
3	63993	0.874	6992
3	64002	0.874125	6993
3	64011	0.87425	6994
3	64020	0.874375	6995
3	64029	0.8745	6996
3	64038	0.874625	6997
3	64047	0.87475	6998
3	64056	0.874875	6999
3	64065	0.875	7000
3	64074	0.875125	7001
3	64083	0.87525	7002
3	64092	0.875375	7003
3	64101	0.8755	7004
3	64110	0.875625	7005
3	64119	0.87575	7006
3	64128	0.875875	7007
3	64137	0.876	7008
3	64146	0.876125	7009
3	64155	0.87625	7010
3	64164	0.876375	7011
3	64173	0.8765	7012
3	64182	0.876625	7013
3	64191	0.87675	7014
3	64204	0.876875	7015
3	64213	0.877	7016
3	64222	0.877125	7017
3	64231	0.87725	7018
3	64240	0.877375	7019
3	64249	0.8775	7020
3	64258	0.877625	7021
3	64267	0.87775	7022
3	64276	0.877875	7023
3	64285	0.878	7024
3	64294	0.878125	7025
3	64303	0.87825	7026
3	64312	0.878375	7027
3	64321	0.8785	7028
3	64330	0.878625	7029
3	64339	0.87875	7030
3	64348	0.878875	7031
3	64357	0.879	7032
3	64366	0.879125	7033
3	64375	0.87925	7034
3	64384	0.879375	7035
3	64393	0.8795	7036
3	64402	0.879625	7037
3	64411	0.87975	7038
3	64420	0.879875	7039
3	64429	0.88	7040
3	64442	0.880125	7041
3	64451	0.88025	7042
3	64460	0.880375	7043
3	64469	0.8805	7044
3	64478	0.880625	7045
3	64487	0.88075	7046
3	64496	0.880875	7047
3	64505	0.881	7048
3	64514	0.881125	7049
3	64523	0.88125	7050
3	64532	0.881375	7051
3	64541	0.8815	7052
3	64550	0.881625	7053
3	64559	0.88175	7054
3	64568	0.881875	7055
3	64577	0.882	7056
3	64586	0.882125	7057
3	64595	0.88225	7058
3	64604	0.882375	7059
3	64613	0.8825	7060
3	64622	0.882625	7061
3	64631	0.88275	7062
3	64640	0.882875	7063
3	64649	0.883	7064
3	64658	0.883125	7065
3	64667	0.88325	7066
3	64680	0.883375	7067
3	64689	0.8835	7068
3	64698	0.883625	7069
3	64707	0.88375	7070
3	64716	0.883875	7071
3	64725	0.884	7072
3	64734	0.884125	7073
3	64743	0.88425	7074
3	64752	0.884375	7075
3	64761	0.8845	7076
3	64770	0.884625	7077
3	64779	0.88475	7078
3	64788	0.884875	7079
3	64797	0.885	7080
3	64806	0.885125	7081
3	64815	0.88525	7082
3	64824	0.885375	7083
3	64833	0.8855	7084
3	64842	0.885625	7085
3	64851	0.88575	7086
3	64860	0.885875	7087
3	64869	0.886	7088
3	64878	0.886125	7089
3	64887	0.88625	7090
3	64896	0.886375	7091
3	64905	0.8865	7092
3	64914	0.886625	7093
3	64927	0.88675	7094
3	64936	0.886875	7095
3	64945	0.887	7096
3	64954	0.887125	7097
3	64963	0.88725	7098
3	64972	0.887375	7099
3	64981	0.8875	7100
3	64990	0.887625	7101
3	64999	0.88775	7102
3	65008	0.887875	7103
3	65017	0.888	7104
3	65026	0.888125	7105
3	65035	0.88825	7106
3	65044	0.888375	7107
3	65053	0.8885	7108
3	65062	0.888625	7109
3	65071	0.88875	7110
3	65080	0.888875	7111
3	65089	0.889	7112
3	65098	0.889125	7113
3	65107	0.88925	7114
3	65116	0.889375	7115
3	65125	0.8895	7116
3	65134	0.889625	7117
3	65143	0.88975	7118
3	65152	0.889875	7119
3	65165	0.89	7120
3	65174	0.890125	7121
3	65183	0.89025	7122
3	65192	0.890375	7123
3	65201	0.8905	7124
3	65210	0.890625	7125
3	65219	0.89075	7126
3	65228	0.890875	7127
3	65237	0.891	7128
3	65246	0.891125	7129
3	65255	0.89125	7130
3	65264	0.891375	7131
3	65273	0.8915	7132
3	65282	0.891625	7133
3	65291	0.89175	7134
3	65300	0.891875	7135
3	65309	0.892	7136
3	65318	0.892125	7137
3	65327	0.89225	7138
3	65336	0.892375	7139
3	65345	0.8925	7140
3	65354	0.892625	7141
3	65363	0.89275	7142
3	65372	0.892875	7143
3	65381	0.893	7144
3	65390	0.893125	7145
3	65403	0.89325	7146
3	65412	0.893375	7147
3	65421	0.8935	7148
3	65430	0.893625	7149
3	65439	0.89375	7150
3	65448	0.893875	7151
3	65457	0.894	7152
3	65466	0.894125	7153
3	65475	0.89425	7154
3	65484	0.894375	7155
3	65493	0.8945	7156
3	65502	0.894625	7157
3	65511	0.89475	7158
3	65520	0.894875	7159
3	65529	0.895	7160
3	65538	0.895125	7161
3	65547	0.89525	7162
3	65556	0.895375	7163
3	65565	0.8955	7164
3	65574	0.895625	7165
3	65583	0.89575	7166
3	65592	0.895875	7167
3	65601	0.896	7168
3	65610	0.896125	7169
3	65619	0.89625	7170
3	65628	0.896375	7171
3	65641	0.8965	7172
3	65650	0.896625	7173
3	65659	0.89675	7174
3	65668	0.896875	7175
3	65677	0.897	7176
3	65686	0.897125	7177
3	65695	0.89725	7178
3	65704	0.897375	7179
3	65713	0.8975	7180
3	65722	0.897625	7181
3	65731	0.89775	7182
3	65740	0.897875	7183
3	65749	0.898	7184
3	65758	0.898125	7185
3	65767	0.89825	7186
3	65776	0.898375	7187
3	65785	0.8985	7188
3	65794	0.898625	7189
3	65803	0.89875	7190
3	65812	0.898875	7191
3	65821	0.899	7192
3	65830	0.899125	7193
3	65839	0.89925	7194
3	65848	0.899375	7195
3	65857	0.8995	7196
3	65866	0.899625	7197
3	65879	0.89975	7198
3	65888	0.899875	7199
3	65897	0.9	7200
3	65906	0.900125	7201
3	65915	0.90025	7202
3	65924	0.900375	7203
3	65933	0.9005	7204
3	65942	0.900625	7205
3	65951	0.90075	7206
3	65960	0.900875	7207
3	65969	0.901	7208
3	65978	0.901125	7209
3	65987	0.90125	7210
3	65996	0.901375	7211
3	66005	0.9015	7212
3	66014	0.901625	7213
3	66023	0.90175	7214
3	66032	0.901875	7215
3	66041	0.902	7216
3	66050	0.902125	7217
3	66059	0.90225	7218
3	66068	0.902375	7219
3	66077	0.9025	7220
3	66086	0.902625	7221
3	66095	0.90275	7222
3	66104	0.902875	7223
3	66113	0.903	7224
3	66126	0.903125	7225
3	66135	0.90325	7226
3	66144	0.903375	7227
3	66153	0.9035	7228
3	66162	0.903625	7229
3	66171	0.90375	7230
3	66180	0.903875	7231
3	66189	0.904	7232
3	66198	0.904125	7233
3	66207	0.90425	7234
3	66216	0.904375	7235
3	66225	0.9045	7236
3	66234	0.904625	7237
3	66243	0.90475	7238
3	66252	0.904875	7239
3	66261	0.905	7240
3	66270	0.905125	7241
3	66279	0.90525	7242
3	66288	0.905375	7243
3	66297	0.9055	7244
3	66306	0.905625	7245
3	66315	0.90575	7246
3	66324	0.905875	7247
3	66333	0.906	7248
3	66342	0.906125	7249
3	66351	0.90625	7250
3	66364	0.906375	7251
3	66373	0.9065	7252
3	66382	0.906625	7253
3	66391	0.90675	7254
3	66400	0.906875	7255
3	66409	0.907	7256
3	66418	0.907125	7257
3	66427	0.90725	7258
3	66436	0.907375	7259
3	66445	0.9075	7260
3	66454	0.907625	7261
3	66463	0.90775	7262
3	66472	0.907875	7263
3	66481	0.908	7264
3	66490	0.908125	7265
3	66499	0.90825	7266
3	66508	0.908375	7267
3	66517	0.9085	7268
3	66526	0.908625	7269
3	66535	0.90875	7270
3	66544	0.908875	7271
3	66553	0.909	7272
3	66562	0.909125	7273
3	66571	0.90925	7274
3	66580	0.909375	7275
3	66589	0.9095	7276
3	66602	0.909625	7277
3	66611	0.90975	7278
3	66620	0.909875	7279
3	66629	0.91	7280
3	66638	0.910125	7281
3	66647	0.91025	7282
3	66656	0.910375	7283
3	66665	0.9105	7284
3	66674	0.910625	7285
3	66683	0.91075	7286
3	66692	0.910875	7287
3	66701	0.911	7288
3	66710	0.911125	7289
3	66719	0.91125	7290
3	66728	0.911375	7291
3	66737	0.9115	7292
3	66746	0.911625	7293
3	66755	0.91175	7294
3	66764	0.911875	7295
3	66773	0.912	7296
3	66782	0.912125	7297
3	66791	0.91225	7298
3	66800	0.912375	7299
3	66809	0.9125	7300
3	66818	0.912625	7301
3	66827	0.91275	7302
3	66840	0.912875	7303
3	66849	0.913	7304
3	66858	0.913125	7305
3	66867	0.91325	7306
3	66876	0.913375	7307
3	66885	0.9135	7308
3	66894	0.913625	7309
3	66903	0.91375	7310
3	66912	0.913875	7311
3	66921	0.914	7312
3	66930	0.914125	7313
3	66939	0.91425	7314
3	66948	0.914375	7315
3	66957	0.9145	7316
3	66966	0.914625	7317
3	66975	0.91475	7318
3	66984	0.914875	7319
3	66993	0.915	7320
3	67002	0.915125	7321
3	67011	0.91525	7322
3	67020	0.915375	7323
3	67029	0.9155	7324
3	67038	0.915625	7325
3	67047	0.91575	7326
3	67056	0.915875	7327
3	67065	0.916	7328
3	67078	0.916125	7329
3	67087	0.91625	7330
3	67096	0.916375	7331
3	67105	0.9165	7332
3	67114	0.916625	7333
3	67123	0.91675	7334
3	67132	0.916875	7335
3	67141	0.917	7336
3	67150	0.917125	7337
3	67159	0.91725	7338
3	67168	0.917375	7339
3	67177	0.9175	7340
3	67186	0.917625	7341
3	67195	0.91775	7342
3	67204	0.917875	7343
3	67213	0.918	7344
3	67222	0.918125	7345
3	67231	0.91825	7346
3	67240	0.918375	7347
3	67249	0.9185	7348
3	67258	0.918625	7349
3	67267	0.91875	7350
3	67276	0.918875	7351
3	67285	0.919	7352
3	67294	0.919125	7353
3	67303	0.91925	7354
3	67316	0.919375	7355
3	67325	0.9195	7356
3	67334	0.919625	7357
3	67343	0.91975	7358
3	67352	0.919875	7359
3	67361	0.92	7360
3	67370	0.920125	7361
3	67379	0.92025	7362
3	67388	0.920375	7363
3	67397	0.9205	7364
3	67406	0.920625	7365
3	67415	0.92075	7366
3	67424	0.920875	7367
3	67433	0.921	7368
3	67442	0.921125	7369
3	67451	0.92125	7370
3	67460	0.921375	7371
3	67469	0.9215	7372
3	67478	0.921625	7373
3	67487	0.92175	7374
3	67496	0.921875	7375
3	67505	0.922	7376
3	67514	0.922125	7377
3	67523	0.92225	7378
3	67532	0.922375	7379
3	67541	0.9225	7380
3	67550	0.922625	7381
3	67563	0.92275	7382
3	67572	0.922875	7383
3	67581	0.923	7384
3	67590	0.923125	7385
3	67599	0.92325	7386
3	67608	0.923375	7387
3	67617	0.9235	7388
3	67626	0.923625	7389
3	67635	0.92375	7390
3	67644	0.923875	7391
3	67653	0.924	7392
3	67662	0.924125	7393
3	67671	0.92425	7394
3	67680	0.924375	7395
3	67689	0.9245	7396
3	67698	0.924625	7397
3	67707	0.92475	7398
3	67716	0.924875	7399
3	67725	0.925	7400
3	67734	0.925125	7401
3	67743	0.92525	7402
3	67752	0.925375	7403
3	67761	0.9255	7404
3	67770	0.925625	7405
3	67779	0.92575	7406
3	67788	0.925875	7407
3	67801	0.926	7408
3	67810	0.926125	7409
3	67819	0.92625	7410
3	67828	0.926375	7411
3	67837	0.9265	7412
3	67846	0.926625	7413
3	67855	0.92675	7414
3	67864	0.926875	7415
3	67873	0.927	7416
3	67882	0.927125	7417
3	67891	0.92725	7418
3	67900	0.927375	7419
3	67909	0.9275	7420
3	67918	0.927625	7421
3	67927	0.92775	7422
3	67936	0.927875	7423
3	67945	0.928	7424
3	67954	0.928125	7425
3	67963	0.92825	7426
3	67972	0.928375	7427
3	67981	0.9285	7428
3	67990	0.928625	7429
3	67999	0.92875	7430
3	68008	0.928875	7431
3	68017	0.929	7432
3	68026	0.929125	7433
3	68039	0.92925	7434
3	68048	0.929375	7435
3	68057	0.9295	7436
3	68066	0.929625	7437
3	68075	0.92975	7438
3	68084	0.929875	7439
3	68093	0.93	7440
3	68102	0.930125	7441
3	68111	0.93025	7442
3	68120	0.930375	7443
3	68129	0.9305	7444
3	68138	0.930625	7445
3	68147	0.93075	7446
3	68156	0.930875	7447
3	68165	0.931	7448
3	68174	0.931125	7449
3	68183	0.93125	7450
3	68192	0.931375	7451
3	68201	0.9315	7452
3	68210	0.931625	7453
3	68219	0.93175	7454
3	68228	0.931875	7455
3	68237	0.932	7456
3	68246	0.932125	7457
3	68255	0.93225	7458
3	68264	0.932375	7459
3	68277	0.9325	7460
3	68286	0.932625	7461
3	68295	0.93275	7462
3	68304	0.932875	7463
3	68313	0.933	7464
3	68322	0.933125	7465
3	68331	0.93325	7466
3	68340	0.933375	7467
3	68349	0.9335	7468
3	68358	0.933625	7469
3	68367	0.93375	7470
3	68376	0.933875	7471
3	68385	0.934	7472
3	68394	0.934125	7473
3	68403	0.93425	7474
3	68412	0.934375	7475
3	68421	0.9345	7476
3	68430	0.934625	7477
3	68439	0.93475	7478
3	68448	0.934875	7479
3	68457	0.935	7480
3	68466	0.935125	7481
3	68475	0.93525	7482
3	68484	0.935375	7483
3	68493	0.9355	7484
3	68502	0.935625	7485
3	68515	0.93575	7486
3	68524	0.935875	7487
3	68533	0.936	7488
3	68542	0.936125	7489
3	68551	0.93625	7490
3	68560	0.936375	7491
3	68569	0.9365	7492
3	68578	0.936625	7493
3	68587	0.93675	7494
3	68596	0.936875	7495
3	68605	0.937	7496
3	68614	0.937125	7497
3	68623	0.93725	7498
3	68632	0.937375	7499
3	68641	0.9375	7500
3	68650	0.937625	7501
3	68659	0.93775	7502
3	68668	0.937875	7503
3	68677	0.938	7504
3	68686	0.938125	7505
3	68695	0.93825	7506
3	68704	0.938375	7507
3	68713	0.9385	7508
3	68722	0.938625	7509
3	68731	0.93875	7510
3	68740	0.938875	7511
3	68753	0.939	7512
3	68762	0.939125	7513
3	68771	0.93925	7514
3	68780	0.939375	7515
3	68789	0.9395	7516
3	68798	0.939625	7517
3	68807	0.93975	7518
3	68816	0.939875	7519
3	68825	0.94	7520
3	68834	0.940125	7521
3	68843	0.94025	7522
3	68852	0.940375	7523
3	68861	0.9405	7524
3	68870	0.940625	7525
3	68879	0.94075	7526
3	68888	0.940875	7527
3	68897	0.941	7528
3	68906	0.941125	7529
3	68915	0.94125	7530
3	68924	0.941375	7531
3	68933	0.9415	7532
3	68942	0.941625	7533
3	68951	0.94175	7534
3	68960	0.941875	7535
3	68969	0.942	7536
3	68978	0.942125	7537
3	68987	0.94225	7538
3	69000	0.942375	7539
3	69009	0.9425	7540
3	69018	0.942625	7541
3	69027	0.94275	7542
3	69036	0.942875	7543
3	69045	0.943	7544
3	69054	0.943125	7545
3	69063	0.94325	7546
3	69072	0.943375	7547
3	69081	0.9435	7548
3	69090	0.943625	7549
3	69099	0.94375	7550
3	69108	0.943875	7551
3	69117	0.944	7552
3	69126	0.944125	7553
3	69135	0.94425	7554
3	69144	0.944375	7555
3	69153	0.9445	7556
3	69162	0.944625	7557
3	69171	0.94475	7558
3	69180	0.944875	7559
3	69189	0.945	7560
3	69198	0.945125	7561
3	69207	0.94525	7562
3	69216	0.945375	7563
3	69225	0.9455	7564
3	69238	0.945625	7565
3	69247	0.94575	7566
3	69256	0.945875	7567
3	69265	0.946	7568
3	69274	0.946125	7569
3	69283	0.94625	7570
3	69292	0.946375	7571
3	69301	0.9465	7572
3	69310	0.946625	7573
3	69319	0.94675	7574
3	69328	0.946875	7575
3	69337	0.947	7576
3	69346	0.947125	7577
3	69355	0.94725	7578
3	69364	0.947375	7579
3	69373	0.9475	7580
3	69382	0.947625	7581
3	69391	0.94775	7582
3	69400	0.947875	7583
3	69409	0.948	7584
3	69418	0.948125	7585
3	69427	0.94825	7586
3	69436	0.948375	7587
3	69445	0.9485	7588
3	69454	0.948625	7589
3	69463	0.94875	7590
3	69476	0.948875	7591
3	69485	0.949	7592
3	69494	0.949125	7593
3	69503	0.94925	7594
3	69512	0.949375	7595
3	69521	0.9495	7596
3	69530	0.949625	7597
3	69539	0.94975	7598
3	69548	0.949875	7599
3	69557	0.95	7600
3	69566	0.950125	7601
3	69575	0.95025	7602
3	69584	0.950375	7603
3	69593	0.9505	7604
3	69602	0.950625	7605
3	69611	0.95075	7606
3	69620	0.950875	7607
3	69629	0.951	7608
3	69638	0.951125	7609
3	69647	0.95125	7610
3	69656	0.951375	7611
3	69665	0.9515	7612
3	69674	0.951625	7613
3	69683	0.95175	7614
3	69692	0.951875	7615
3	69701	0.952	7616
3	69714	0.952125	7617
3	69723	0.95225	7618
3	69732	0.952375	7619
3	69741	0.9525	7620
3	69750	0.952625	7621
3	69759	0.95275	7622
3	69768	0.952875	7623
3	69777	0.953	7624
3	69786	0.953125	7625
3	69795	0.95325	7626
3	69804	0.953375	7627
3	69813	0.9535	7628
3	69822	0.953625	7629
3	69831	0.95375	7630
3	69840	0.953875	7631
3	69849	0.954	7632
3	69858	0.954125	7633
3	69867	0.95425	7634
3	69876	0.954375	7635
3	69885	0.9545	7636
3	69894	0.954625	7637
3	69903	0.95475	7638
3	69912	0.954875	7639
3	69921	0.955	7640
3	69930	0.955125	7641
3	69939	0.95525	7642
3	69952	0.955375	7643
3	69961	0.9555	7644
3	69970	0.955625	7645
3	69979	0.95575	7646
3	69988	0.955875	7647
3	69997	0.956	7648
3	70006	0.956125	7649
3	70015	0.95625	7650
3	70024	0.956375	7651
3	70033	0.9565	7652
3	70042	0.956625	7653
3	70051	0.95675	7654
3	70060	0.956875	7655
3	70069	0.957	7656
3	70078	0.957125	7657
3	70087	0.95725	7658
3	70096	0.957375	7659
3	70105	0.9575	7660
3	70114	0.957625	7661
3	70123	0.95775	7662
3	70132	0.957875	7663
3	70141	0.958	7664
3	70150	0.958125	7665
3	70159	0.95825	7666
3	70168	0.958375	7667
3	70177	0.9585	7668
3	70190	0.958625	7669
3	70199	0.95875	7670
3	70208	0.958875	7671
3	70217	0.959	7672
3	70226	0.959125	7673
3	70235	0.95925	7674
3	70244	0.959375	7675
3	70253	0.9595	7676
3	70262	0.959625	7677
3	70271	0.95975	7678
3	70280	0.959875	7679
3	70289	0.96	7680
3	70298	0.960125	7681
3	70307	0.96025	7682
3	70316	0.960375	7683
3	70325	0.9605	7684
3	70334	0.960625	7685
3	70343	0.96075	7686
3	70352	0.960875	7687
3	70361	0.961	7688
3	70370	0.961125	7689
3	70379	0.96125	7690
3	70388	0.961375	7691
3	70397	0.9615	7692
3	70406	0.961625	7693
3	70415	0.96175	7694
3	70424	0.961875	7695
3	70437	0.962	7696
3	70446	0.962125	7697
3	70455	0.96225	7698
3	70464	0.962375	7699
3	70473	0.9625	7700
3	70482	0.962625	7701
3	70491	0.96275	7702
3	70500	0.962875	7703
3	70509	0.963	7704
3	70518	0.963125	7705
3	70527	0.96325	7706
3	70536	0.963375	7707
3	70545	0.9635	7708
3	70554	0.963625	7709
3	70563	0.96375	7710
3	70572	0.963875	7711
3	70581	0.964	7712
3	70590	0.964125	7713
3	70599	0.96425	7714
3	70608	0.964375	7715
3	70617	0.9645	7716
3	70626	0.964625	7717
3	70635	0.96475	7718
3	70644	0.964875	7719
3	70653	0.965	7720
3	70662	0.965125	7721
3	70675	0.96525	7722
3	70684	0.965375	7723
3	70693	0.9655	7724
3	70702	0.965625	7725
3	70711	0.96575	7726
3	70720	0.965875	7727
3	70729	0.966	7728
3	70738	0.966125	7729
3	70747	0.96625	7730
3	70756	0.966375	7731
3	70765	0.9665	7732
3	70774	0.966625	7733
3	70783	0.96675	7734
3	70792	0.966875	7735
3	70801	0.967	7736
3	70810	0.967125	7737
3	70819	0.96725	7738
3	70828	0.967375	7739
3	70837	0.9675	7740
3	70846	0.967625	7741
3	70855	0.96775	7742
3	70864	0.967875	7743
3	70873	0.968	7744
3	70882	0.968125	7745
3	70891	0.96825	7746
3	70900	0.968375	7747
3	70913	0.9685	7748
3	70922	0.968625	7749
3	70931	0.96875	7750
3	70940	0.968875	7751
3	70949	0.969	7752
3	70958	0.969125	7753
3	70967	0.96925	7754
3	70976	0.969375	7755
3	70985	0.9695	7756
3	70994	0.969625	7757
3	71003	0.96975	7758
3	71012	0.969875	7759
3	71021	0.97	7760
3	71030	0.970125	7761
3	71039	0.97025	7762
3	71048	0.970375	7763
3	71057	0.9705	7764
3	71066	0.970625	7765
3	71075	0.97075	7766
3	71084	0.970875	7767
3	71093	0.971	7768
3	71102	0.971125	7769
3	71111	0.97125	7770
3	71120	0.971375	7771
3	71129	0.9715	7772
3	71138	0.971625	7773
3	71151	0.97175	7774
3	71160	0.971875	7775
3	71169	0.972	7776
3	71178	0.972125	7777
3	71187	0.97225	7778
3	71196	0.972375	7779
3	71205	0.9725	7780
3	71214	0.972625	7781
3	71223	0.97275	7782
3	71232	0.972875	7783
3	71241	0.973	7784
3	71250	0.973125	7785
3	71259	0.97325	7786
3	71268	0.973375	7787
3	71277	0.9735	7788
3	71286	0.973625	7789
3	71295	0.97375	7790
3	71304	0.973875	7791
3	71313	0.974	7792
3	71322	0.974125	7793
3	71331	0.97425	7794
3	71340	0.974375	7795
3	71349	0.9745	7796
3	71358	0.974625	7797
3	71367	0.97475	7798
3	71376	0.974875	7799
3	71389	0.975	7800
3	71398	0.975125	7801
3	71407	0.97525	7802
3	71416	0.975375	7803
3	71425	0.9755	7804
3	71434	0.975625	7805
3	71443	0.97575	7806
3	71452	0.975875	7807
3	71461	0.976	7808
3	71470	0.976125	7809
3	71479	0.97625	7810
3	71488	0.976375	7811
3	71497	0.9765	7812
3	71506	0.976625	7813
3	71515	0.97675	7814
3	71524	0.976875	7815
3	71533	0.977	7816
3	71542	0.977125	7817
3	71551	0.97725	7818
3	71560	0.977375	7819
3	71569	0.9775	7820
3	71578	0.977625	7821
3	71587	0.97775	7822
3	71596	0.977875	7823
3	71605	0.978	7824
3	71614	0.978125	7825
3	71623	0.97825	7826
3	71636	0.978375	7827
3	71645	0.9785	7828
3	71654	0.978625	7829
3	71663	0.97875	7830
3	71672	0.978875	7831
3	71681	0.979	7832
3	71690	0.979125	7833
3	71699	0.97925	7834
3	71708	0.979375	7835
3	71717	0.9795	7836
3	71726	0.979625	7837
3	71735	0.97975	7838
3	71744	0.979875	7839
3	71753	0.98	7840
3	71762	0.980125	7841
3	71771	0.98025	7842
3	71780	0.980375	7843
3	71789	0.9805	7844
3	71798	0.980625	7845
3	71807	0.98075	7846
3	71816	0.980875	7847
3	71825	0.981	7848
3	71834	0.981125	7849
3	71843	0.98125	7850
3	71852	0.981375	7851
3	71861	0.9815	7852
3	71874	0.981625	7853
3	71883	0.98175	7854
3	71892	0.981875	7855
3	71901	0.982	7856
3	71910	0.982125	7857
3	71919	0.98225	7858
3	71928	0.982375	7859
3	71937	0.9825	7860
3	71946	0.982625	7861
3	71955	0.98275	7862
3	71964	0.982875	7863
3	71973	0.983	7864
3	71982	0.983125	7865
3	71991	0.98325	7866
3	72000	0.983375	7867
3	72009	0.9835	7868
3	72018	0.983625	7869
3	72027	0.98375	7870
3	72036	0.983875	7871
3	72045	0.984	7872
3	72054	0.984125	7873
3	72063	0.98425	7874
3	72072	0.984375	7875
3	72081	0.9845	7876
3	72090	0.984625	7877
3	72099	0.98475	7878
3	72112	0.984875	7879
3	72121	0.985	7880
3	72130	0.985125	7881
3	72139	0.98525	7882
3	72148	0.985375	7883
3	72157	0.9855	7884
3	72166	0.985625	7885
3	72175	0.98575	7886
3	72184	0.985875	7887
3	72193	0.986	7888
3	72202	0.986125	7889
3	72211	0.98625	7890
3	72220	0.986375	7891
3	72229	0.9865	7892
3	72238	0.986625	7893
3	72247	0.98675	7894
3	72256	0.986875	7895
3	72265	0.987	7896
3	72274	0.987125	7897
3	72283	0.98725	7898
3	72292	0.987375	7899
3	72301	0.9875	7900
3	72310	0.987625	7901
3	72319	0.98775	7902
3	72328	0.987875	7903
3	72337	0.988	7904
3	72350	0.988125	7905
3	72359	0.98825	7906
3	72368	0.988375	7907
3	72377	0.9885	7908
3	72386	0.988625	7909
3	72395	0.98875	7910
3	72404	0.988875	7911
3	72413	0.989	7912
3	72422	0.989125	7913
3	72431	0.98925	7914
3	72440	0.989375	7915
3	72449	0.9895	7916
3	72458	0.989625	7917
3	72467	0.98975	7918
3	72476	0.989875	7919
3	72485	0.99	7920
3	72494	0.990125	7921
3	72503	0.99025	7922
3	72512	0.990375	7923
3	72521	0.9905	7924
3	72530	0.990625	7925
3	72539	0.99075	7926
3	72548	0.990875	7927
3	72557	0.991	7928
3	72566	0.991125	7929
3	72575	0.99125	7930
3	72588	0.991375	7931
3	72597	0.9915	7932
3	72606	0.991625	7933
3	72615	0.99175	7934
3	72624	0.991875	7935
3	72633	0.992	7936
3	72642	0.992125	7937
3	72651	0.99225	7938
3	72660	0.992375	7939
3	72669	0.9925	7940
3	72678	0.992625	7941
3	72687	0.99275	7942
3	72696	0.992875	7943
3	72705	0.993	7944
3	72714	0.993125	7945
3	72723	0.99325	7946
3	72732	0.993375	7947
3	72741	0.9935	7948
3	72750	0.993625	7949
3	72759	0.99375	7950
3	72768	0.993875	7951
3	72777	0.994	7952
3	72786	0.994125	7953
3	72795	0.99425	7954
3	72804	0.994375	7955
3	72813	0.9945	7956
3	72826	0.994625	7957
3	72835	0.99475	7958
3	72844	0.994875	7959
3	72853	0.995	7960
3	72862	0.995125	7961
3	72871	0.99525	7962
3	72880	0.995375	7963
3	72889	0.9955	7964
3	72898	0.995625	7965
3	72907	0.99575	7966
3	72916	0.995875	7967
3	72925	0.996	7968
3	72934	0.996125	7969
3	72943	0.99625	7970
3	72952	0.996375	7971
3	72961	0.9965	7972
3	72970	0.996625	7973
3	72979	0.99675	7974
3	72988	0.996875	7975
3	72997	0.997	7976
3	73006	0.997125	7977
3	73015	0.99725	7978
3	73024	0.997375	7979
3	73033	0.9975	7980
3	73042	0.997625	7981
3	73051	0.99775	7982
3	73060	0.997875	7983
3	73073	0.998	7984
3	73082	0.998125	7985
3	73091	0.99825	7986
3	73100	0.998375	7987
3	73109	0.9985	7988
3	73118	0.998625	7989
3	73127	0.99875	7990
3	73136	0.998875	7991
3	73145	0.999	7992
3	73154	0.999125	7993
3	73163	0.99925	7994
3	73172	0.999375	7995
3	73181	0.9995	7996
3	73190	0.999625	7997
3	73199	0.99975	7998
3	73208	0.999875	7999
3	73217	1	8000
4	7	0.000127	1
4	16	0.000252	2
4	25	0.000377	3
4	34	0.000502	4
4	43	0.000627	5
4	52	0.000752	6
4	61	0.000877	7
4	70	0.001002	8
4	79	0.001127	9
4	88	0.001252	10
4	97	0.001377	11
4	106	0.001502	12
4	115	0.001627	13
4	124	0.001752	14
4	133	0.001877	15
4	142	0.002002	16
4	151	0.002127	17
4	160	0.002252	18
4	169	0.002377	19
4	178	0.002502	20
4	187	0.002627	21
4	196	0.002752	22
4	205	0.002877	23
4	214	0.003002	24
4	223	0.003127	25
4	236	0.003252	26
4	245	0.003377	27
4	254	0.003502	28
4	263	0.003627	29
4	272	0.003752	30
4	281	0.003877	31
4	290	0.004002	32
4	299	0.004127	33
4	308	0.004252	34
4	317	0.004377	35
4	326	0.004502	36
4	335	0.004627	37
4	344	0.004752	38
4	353	0.004877	39
4	362	0.005002	40
4	371	0.005127	41
4	380	0.005252	42
4	389	0.005377	43
4	398	0.005502	44
4	407	0.005627	45
4	416	0.005752	46
4	425	0.005877	47
4	434	0.006002	48
4	443	0.006127	49
4	452	0.006252	50
4	461	0.006377	51
4	474	0.006502	52
4	483	0.006627	53
4	492	0.006752	54
4	501	0.006877	55
4	510	0.007002	56
4	519	0.007127	57
4	528	0.007252	58
4	537	0.007377	59
4	546	0.007502	60
4	555	0.007627	61
4	564	0.007752	62
4	573	0.007877	63
4	582	0.008002	64
4	591	0.008127	65
4	600	0.008252	66
4	609	0.008377	67
4	618	0.008502	68
4	627	0.008627	69
4	636	0.008752	70
4	645	0.008877	71
4	654	0.009002	72
4	663	0.009127	73
4	672	0.009252	74
4	681	0.009377	75
4	690	0.009502	76
4	699	0.009627	77
4	708	0.009752	78
4	721	0.009877	79
4	730	0.010002	80
4	739	0.010127	81
4	748	0.010252	82
4	757	0.010377	83
4	766	0.010502	84
4	775	0.010627	85
4	784	0.010752	86
4	793	0.010877	87
4	802	0.011002	88
4	811	0.011127	89
4	820	0.011252	90
4	829	0.011377	91
4	838	0.011502	92
4	847	0.011627	93
4	856	0.011752	94
4	865	0.011877	95
4	874	0.012002	96
4	883	0.012127	97
4	892	0.012252	98
4	901	0.012377	99
4	910	0.012502	100
4	919	0.012627	101
4	928	0.012752	102
4	937	0.012877	103
4	946	0.013002	104
4	959	0.013127	105
4	968	0.013252	106
4	977	0.013377	107
4	986	0.013502	108
4	995	0.013627	109
4	1004	0.013752	110
4	1013	0.013877	111
4	1022	0.014002	112
4	1031	0.014127	113
4	1040	0.014252	114
4	1049	0.014377	115
4	1058	0.014502	116
4	1067	0.014627	117
4	1076	0.014752	118
4	1085	0.014877	119
4	1094	0.015002	120
4	1103	0.015127	121
4	1112	0.015252	122
4	1121	0.015377	123
4	1130	0.015502	124
4	1139	0.015627	125
4	1148	0.015752	126
4	1157	0.015877	127
4	1166	0.016002	128
4	1175	0.016127	129
4	1184	0.016252	130
4	1197	0.016377	131
4	1206	0.016502	132
4	1215	0.016627	133
4	1224	0.016752	134
4	1233	0.016877	135
4	1242	0.017002	136
4	1251	0.017127	137
4	1260	0.017252	138
4	1269	0.017377	139
4	1278	0.017502	140
4	1287	0.017627	141
4	1296	0.017752	142
4	1305	0.017877	143
4	1314	0.018002	144
4	1323	0.018127	145
4	1332	0.018252	146
4	1341	0.018377	147
4	1350	0.018502	148
4	1359	0.018627	149
4	1368	0.018752	150
4	1377	0.018877	151
4	1386	0.019002	152
4	1395	0.019127	153
4	1404	0.019252	154
4	1413	0.019377	155
4	1422	0.019502	156
4	1435	0.019627	157
4	1444	0.019752	158
4	1453	0.019877	159
4	1462	0.020002	160
4	1471	0.020127	161
4	1480	0.020252	162
4	1489	0.020377	163
4	1498	0.020502	164
4	1507	0.020627	165
4	1516	0.020752	166
4	1525	0.020877	167
4	1534	0.021002	168
4	1543	0.021127	169
4	1552	0.021252	170
4	1561	0.021377	171
4	1570	0.021502	172
4	1579	0.021627	173
4	1588	0.021752	174
4	1597	0.021877	175
4	1606	0.022002	176
4	1615	0.022127	177
4	1624	0.022252	178
4	1633	0.022377	179
4	1642	0.022502	180
4	1651	0.022627	181
4	1660	0.022752	182
4	1673	0.022877	183
4	1682	0.023002	184
4	1691	0.023127	185
4	1700	0.023252	186
4	1709	0.023377	187
4	1718	0.023502	188
4	1727	0.023627	189
4	1736	0.023752	190
4	1745	0.023877	191
4	1754	0.024002	192
4	1763	0.024127	193
4	1772	0.024252	194
4	1781	0.024377	195
4	1790	0.024502	196
4	1799	0.024627	197
4	1808	0.024752	198
4	1817	0.024877	199
4	1826	0.025002	200
4	1835	0.025127	201
4	1844	0.025252	202
4	1853	0.025377	203
4	1862	0.025502	204
4	1871	0.025627	205
4	1880	0.025752	206
4	1889	0.025877	207
4	1898	0.026002	208
4	1911	0.026127	209
4	1920	0.026252	210
4	1929	0.026377	211
4	1938	0.026502	212
4	1947	0.026627	213
4	1956	0.026752	214
4	1965	0.026877	215
4	1974	0.027002	216
4	1983	0.027127	217
4	1992	0.027252	218
4	2001	0.027377	219
4	2010	0.027502	220
4	2019	0.027627	221
4	2028	0.027752	222
4	2037	0.027877	223
4	2046	0.028002	224
4	2055	0.028127	225
4	2064	0.028252	226
4	2073	0.028377	227
4	2082	0.028502	228
4	2091	0.028627	229
4	2100	0.028752	230
4	2109	0.028877	231
4	2118	0.029002	232
4	2127	0.029127	233
4	2136	0.029252	234
4	2145	0.029377	235
4	2158	0.029502	236
4	2167	0.029627	237
4	2176	0.029752	238
4	2185	0.029877	239
4	2194	0.030002	240
4	2203	0.030127	241
4	2212	0.030252	242
4	2221	0.030377	243
4	2230	0.030502	244
4	2239	0.030627	245
4	2248	0.030752	246
4	2257	0.030877	247
4	2266	0.031002	248
4	2275	0.031127	249
4	2284	0.031252	250
4	2293	0.031377	251
4	2302	0.031502	252
4	2311	0.031627	253
4	2320	0.031752	254
4	2329	0.031877	255
4	2338	0.032002	256
4	2347	0.032127	257
4	2356	0.032252	258
4	2365	0.032377	259
4	2374	0.032502	260
4	2383	0.032627	261
4	2396	0.032752	262
4	2405	0.032877	263
4	2414	0.033002	264
4	2423	0.033127	265
4	2432	0.033252	266
4	2441	0.033377	267
4	2450	0.033502	268
4	2459	0.033627	269
4	2468	0.033752	270
4	2477	0.033877	271
4	2486	0.034002	272
4	2495	0.034127	273
4	2504	0.034252	274
4	2513	0.034377	275
4	2522	0.034502	276
4	2531	0.034627	277
4	2540	0.034752	278
4	2549	0.034877	279
4	2558	0.035002	280
4	2567	0.035127	281
4	2576	0.035252	282
4	2585	0.035377	283
4	2594	0.035502	284
4	2603	0.035627	285
4	2612	0.035752	286
4	2621	0.035877	287
4	2634	0.036002	288
4	2643	0.036127	289
4	2652	0.036252	290
4	2661	0.036377	291
4	2670	0.036502	292
4	2679	0.036627	293
4	2688	0.036752	294
4	2697	0.036877	295
4	2706	0.037002	296
4	2715	0.037127	297
4	2724	0.037252	298
4	2733	0.037377	299
4	2742	0.037502	300
4	2751	0.037627	301
4	2760	0.037752	302
4	2769	0.037877	303
4	2778	0.038002	304
4	2787	0.038127	305
4	2796	0.038252	306
4	2805	0.038377	307
4	2814	0.038502	308
4	2823	0.038627	309
4	2832	0.038752	310
4	2841	0.038877	311
4	2850	0.039002	312
4	2859	0.039127	313
4	2872	0.039252	314
4	2881	0.039377	315
4	2890	0.039502	316
4	2899	0.039627	317
4	2908	0.039752	318
4	2917	0.039877	319
4	2926	0.040002	320
4	2935	0.040127	321
4	2944	0.040252	322
4	2953	0.040377	323
4	2962	0.040502	324
4	2971	0.040627	325
4	2980	0.040752	326
4	2989	0.040877	327
4	2998	0.041002	328
4	3007	0.041127	329
4	3016	0.041252	330
4	3025	0.041377	331
4	3034	0.041502	332
4	3043	0.041627	333
4	3052	0.041752	334
4	3061	0.041877	335
4	3070	0.042002	336
4	3079	0.042127	337
4	3088	0.042252	338
4	3097	0.042377	339
4	3110	0.042502	340
4	3119	0.042627	341
4	3128	0.042752	342
4	3137	0.042877	343
4	3146	0.043002	344
4	3155	0.043127	345
4	3164	0.043252	346
4	3173	0.043377	347
4	3182	0.043502	348
4	3191	0.043627	349
4	3200	0.043752	350
4	3209	0.043877	351
4	3218	0.044002	352
4	3227	0.044127	353
4	3236	0.044252	354
4	3245	0.044377	355
4	3254	0.044502	356
4	3263	0.044627	357
4	3272	0.044752	358
4	3281	0.044877	359
4	3290	0.045002	360
4	3299	0.045127	361
4	3308	0.045252	362
4	3317	0.045377	363
4	3326	0.045502	364
4	3335	0.045627	365
4	3346	0.045752	366
4	3357	0.045877	367
4	3366	0.046002	368
4	3375	0.046127	369
4	3384	0.046252	370
4	3393	0.046377	371
4	3402	0.046502	372
4	3411	0.046627	373
4	3420	0.046752	374
4	3429	0.046877	375
4	3438	0.047002	376
4	3447	0.047127	377
4	3456	0.047252	378
4	3465	0.047377	379
4	3474	0.047502	380
4	3483	0.047627	381
4	3492	0.047752	382
4	3501	0.047877	383
4	3510	0.048002	384
4	3519	0.048127	385
4	3528	0.048252	386
4	3537	0.048377	387
4	3546	0.048502	388
4	3555	0.048627	389
4	3564	0.048752	390
4	3573	0.048877	391
4	3582	0.049002	392
4	3595	0.049127	393
4	3604	0.049252	394
4	3613	0.049377	395
4	3622	0.049502	396
4	3631	0.049627	397
4	3640	0.049752	398
4	3649	0.049877	399
4	3658	0.050002	400
4	3667	0.050127	401
4	3676	0.050252	402
4	3685	0.050377	403
4	3694	0.050502	404
4	3703	0.050627	405
4	3712	0.050752	406
4	3721	0.050877	407
4	3730	0.051002	408
4	3739	0.051127	409
4	3748	0.051252	410
4	3757	0.051377	411
4	3766	0.051502	412
4	3775	0.051627	413
4	3784	0.051752	414
4	3793	0.051877	415
4	3802	0.052002	416
4	3811	0.052127	417
4	3820	0.052252	418
4	3833	0.052377	419
4	3842	0.052502	420
4	3851	0.052627	421
4	3860	0.052752	422
4	3869	0.052877	423
4	3878	0.053002	424
4	3887	0.053127	425
4	3896	0.053252	426
4	3905	0.053377	427
4	3914	0.053502	428
4	3923	0.053627	429
4	3932	0.053752	430
4	3941	0.053877	431
4	3950	0.054002	432
4	3959	0.054127	433
4	3968	0.054252	434
4	3977	0.054377	435
4	3986	0.054502	436
4	3995	0.054627	437
4	4004	0.054752	438
4	4013	0.054877	439
4	4022	0.055002	440
4	4031	0.055127	441
4	4040	0.055252	442
4	4049	0.055377	443
4	4058	0.055502	444
4	4071	0.055627	445
4	4080	0.055752	446
4	4089	0.055877	447
4	4098	0.056002	448
4	4107	0.056127	449
4	4116	0.056252	450
4	4125	0.056377	451
4	4134	0.056502	452
4	4143	0.056627	453
4	4152	0.056752	454
4	4161	0.056877	455
4	4170	0.057002	456
4	4179	0.057127	457
4	4188	0.057252	458
4	4197	0.057377	459
4	4206	0.057502	460
4	4215	0.057627	461
4	4224	0.057752	462
4	4233	0.057877	463
4	4242	0.058002	464
4	4251	0.058127	465
4	4260	0.058252	466
4	4269	0.058377	467
4	4278	0.058502	468
4	4287	0.058627	469
4	4296	0.058752	470
4	4309	0.058877	471
4	4318	0.059002	472
4	4327	0.059127	473
4	4336	0.059252	474
4	4345	0.059377	475
4	4354	0.059502	476
4	4363	0.059627	477
4	4372	0.059752	478
4	4381	0.059877	479
4	4390	0.060002	480
4	4399	0.060127	481
4	4408	0.060252	482
4	4417	0.060377	483
4	4426	0.060502	484
4	4435	0.060627	485
4	4444	0.060752	486
4	4453	0.060877	487
4	4462	0.061002	488
4	4471	0.061127	489
4	4480	0.061252	490
4	4489	0.061377	491
4	4498	0.061502	492
4	4507	0.061627	493
4	4516	0.061752	494
4	4525	0.061877	495
4	4534	0.062002	496
4	4547	0.062127	497
4	4556	0.062252	498
4	4565	0.062377	499
4	4574	0.062502	500
4	4583	0.062627	501
4	4592	0.062752	502
4	4601	0.062877	503
4	4610	0.063002	504
4	4619	0.063127	505
4	4628	0.063252	506
4	4637	0.063377	507
4	4646	0.063502	508
4	4655	0.063627	509
4	4664	0.063752	510
4	4673	0.063877	511
4	4682	0.064002	512
4	4691	0.064127	513
4	4700	0.064252	514
4	4709	0.064377	515
4	4718	0.064502	516
4	4727	0.064627	517
4	4736	0.064752	518
4	4745	0.064877	519
4	4754	0.065002	520
4	4763	0.065127	521
4	4772	0.065252	522
4	4781	0.065377	523
4	4794	0.065502	524
4	4803	0.065627	525
4	4812	0.065752	526
4	4821	0.065877	527
4	4830	0.066002	528
4	4839	0.066127	529
4	4848	0.066252	530
4	4857	0.066377	531
4	4866	0.066502	532
4	4875	0.066627	533
4	4884	0.066752	534
4	4893	0.066877	535
4	4902	0.067002	536
4	4911	0.067127	537
4	4920	0.067252	538
4	4929	0.067377	539
4	4938	0.067502	540
4	4947	0.067627	541
4	4956	0.067752	542
4	4965	0.067877	543
4	4974	0.068002	544
4	4983	0.068127	545
4	4992	0.068252	546
4	5001	0.068377	547
4	5010	0.068502	548
4	5019	0.068627	549
4	5032	0.068752	550
4	5041	0.068877	551
4	5050	0.069002	552
4	5059	0.069127	553
4	5068	0.069252	554
4	5077	0.069377	555
4	5086	0.069502	556
4	5095	0.069627	557
4	5104	0.069752	558
4	5113	0.069877	559
4	5122	0.070002	560
4	5131	0.070127	561
4	5140	0.070252	562
4	5149	0.070377	563
4	5158	0.070502	564
4	5167	0.070627	565
4	5176	0.070752	566
4	5185	0.070877	567
4	5194	0.071002	568
4	5203	0.071127	569
4	5212	0.071252	570
4	5221	0.071377	571
4	5230	0.071502	572
4	5239	0.071627	573
4	5248	0.071752	574
4	5257	0.071877	575
4	5270	0.072002	576
4	5279	0.072127	577
4	5288	0.072252	578
4	5297	0.072377	579
4	5306	0.072502	580
4	5315	0.072627	581
4	5324	0.072752	582
4	5333	0.072877	583
4	5342	0.073002	584
4	5351	0.073127	585
4	5360	0.073252	586
4	5369	0.073377	587
4	5378	0.073502	588
4	5387	0.073627	589
4	5396	0.073752	590
4	5405	0.073877	591
4	5414	0.074002	592
4	5423	0.074127	593
4	5432	0.074252	594
4	5441	0.074377	595
4	5450	0.074502	596
4	5459	0.074627	597
4	5468	0.074752	598
4	5477	0.074877	599
4	5486	0.075002	600
4	5495	0.075127	601
4	5508	0.075252	602
4	5517	0.075377	603
4	5526	0.075502	604
4	5535	0.075627	605
4	5544	0.075752	606
4	5553	0.075877	607
4	5562	0.076002	608
4	5571	0.076127	609
4	5580	0.076252	610
4	5589	0.076377	611
4	5598	0.076502	612
4	5607	0.076627	613
4	5616	0.076752	614
4	5625	0.076877	615
4	5634	0.077002	616
4	5643	0.077127	617
4	5652	0.077252	618
4	5661	0.077377	619
4	5670	0.077502	620
4	5679	0.077627	621
4	5688	0.077752	622
4	5697	0.077877	623
4	5706	0.078002	624
4	5715	0.078127	625
4	5724	0.078252	626
4	5733	0.078377	627
4	5746	0.078502	628
4	5755	0.078627	629
4	5764	0.078752	630
4	5773	0.078877	631
4	5782	0.079002	632
4	5791	0.079127	633
4	5800	0.079252	634
4	5809	0.079377	635
4	5818	0.079502	636
4	5827	0.079627	637
4	5836	0.079752	638
4	5845	0.079877	639
4	5854	0.080002	640
4	5863	0.080127	641
4	5872	0.080252	642
4	5881	0.080377	643
4	5890	0.080502	644
4	5899	0.080627	645
4	5908	0.080752	646
4	5917	0.080877	647
4	5926	0.081002	648
4	5935	0.081127	649
4	5944	0.081252	650
4	5953	0.081377	651
4	5962	0.081502	652
4	5971	0.081627	653
4	5984	0.081752	654
4	5993	0.081877	655
4	6002	0.082002	656
4	6011	0.082127	657
4	6020	0.082252	658
4	6029	0.082377	659
4	6038	0.082502	660
4	6047	0.082627	661
4	6056	0.082752	662
4	6065	0.082877	663
4	6074	0.083002	664
4	6083	0.083127	665
4	6092	0.083252	666
4	6101	0.083377	667
4	6110	0.083502	668
4	6119	0.083627	669
4	6128	0.083752	670
4	6137	0.083877	671
4	6146	0.084002	672
4	6155	0.084127	673
4	6164	0.084252	674
4	6173	0.084377	675
4	6182	0.084502	676
4	6191	0.084627	677
4	6200	0.084752	678
4	6209	0.084877	679
4	6218	0.085002	680
4	6231	0.085127	681
4	6240	0.085252	682
4	6249	0.085377	683
4	6258	0.085502	684
4	6267	0.085627	685
4	6276	0.085752	686
4	6285	0.085877	687
4	6294	0.086002	688
4	6303	0.086127	689
4	6312	0.086252	690
4	6321	0.086377	691
4	6330	0.086502	692
4	6339	0.086627	693
4	6348	0.086752	694
4	6357	0.086877	695
4	6366	0.087002	696
4	6375	0.087127	697
4	6384	0.087252	698
4	6393	0.087377	699
4	6402	0.087502	700
4	6411	0.087627	701
4	6420	0.087752	702
4	6429	0.087877	703
4	6438	0.088002	704
4	6447	0.088127	705
4	6456	0.088252	706
4	6469	0.088377	707
4	6478	0.088502	708
4	6487	0.088627	709
4	6496	0.088752	710
4	6505	0.088877	711
4	6514	0.089002	712
4	6523	0.089127	713
4	6532	0.089252	714
4	6541	0.089377	715
4	6550	0.089502	716
4	6559	0.089627	717
4	6568	0.089752	718
4	6577	0.089877	719
4	6586	0.090002	720
4	6595	0.090127	721
4	6604	0.090252	722
4	6613	0.090377	723
4	6622	0.090502	724
4	6631	0.090627	725
4	6640	0.090752	726
4	6649	0.090877	727
4	6658	0.091002	728
4	6667	0.091127	729
4	6676	0.091252	730
4	6685	0.091377	731
4	6694	0.091502	732
4	6707	0.091627	733
4	6716	0.091752	734
4	6725	0.091877	735
4	6734	0.092002	736
4	6743	0.092127	737
4	6752	0.092252	738
4	6761	0.092377	739
4	6770	0.092502	740
4	6779	0.092627	741
4	6788	0.092752	742
4	6797	0.092877	743
4	6806	0.093002	744
4	6815	0.093127	745
4	6824	0.093252	746
4	6833	0.093377	747
4	6842	0.093502	748
4	6851	0.093627	749
4	6860	0.093752	750
4	6869	0.093877	751
4	6878	0.094002	752
4	6887	0.094127	753
4	6896	0.094252	754
4	6905	0.094377	755
4	6914	0.094502	756
4	6923	0.094627	757
4	6932	0.094752	758
4	6945	0.094877	759
4	6954	0.095002	760
4	6963	0.095127	761
4	6972	0.095252	762
4	6981	0.095377	763
4	6990	0.095502	764
4	6999	0.095627	765
4	7008	0.095752	766
4	7017	0.095877	767
4	7026	0.096002	768
4	7035	0.096127	769
4	7044	0.096252	770
4	7053	0.096377	771
4	7062	0.096502	772
4	7071	0.096627	773
4	7080	0.096752	774
4	7089	0.096877	775
4	7098	0.097002	776
4	7107	0.097127	777
4	7116	0.097252	778
4	7125	0.097377	779
4	7134	0.097502	780
4	7143	0.097627	781
4	7152	0.097752	782
4	7161	0.097877	783
4	7170	0.098002	784
4	7183	0.098127	785
4	7192	0.098252	786
4	7201	0.098377	787
4	7210	0.098502	788
4	7219	0.098627	789
4	7228	0.098752	790
4	7237	0.098877	791
4	7246	0.099002	792
4	7255	0.099127	793
4	7264	0.099252	794
4	7273	0.099377	795
4	7282	0.099502	796
4	7291	0.099627	797
4	7300	0.099752	798
4	7309	0.099877	799
4	7318	0.100002	800
4	7327	0.100127	801
4	7336	0.100252	802
4	7345	0.100377	803
4	7354	0.100502	804
4	7363	0.100627	805
4	7372	0.100752	806
4	7381	0.100877	807
4	7390	0.101002	808
4	7399	0.101127	809
4	7408	0.101252	810
4	7421	0.101377	811
4	7430	0.101502	812
4	7439	0.101627	813
4	7448	0.101752	814
4	7457	0.101877	815
4	7466	0.102002	816
4	7475	0.102127	817
4	7484	0.102252	818
4	7493	0.102377	819
4	7502	0.102502	820
4	7511	0.102627	821
4	7520	0.102752	822
4	7529	0.102877	823
4	7538	0.103002	824
4	7547	0.103127	825
4	7556	0.103252	826
4	7565	0.103377	827
4	7574	0.103502	828
4	7583	0.103627	829
4	7592	0.103752	830
4	7601	0.103877	831
4	7610	0.104002	832
4	7619	0.104127	833
4	7628	0.104252	834
4	7637	0.104377	835
4	7646	0.104502	836
4	7655	0.104627	837
4	7668	0.104752	838
4	7677	0.104877	839
4	7686	0.105002	840
4	7695	0.105127	841
4	7704	0.105252	842
4	7713	0.105377	843
4	7722	0.105502	844
4	7731	0.105627	845
4	7740	0.105752	846
4	7749	0.105877	847
4	7758	0.106002	848
4	7767	0.106127	849
4	7776	0.106252	850
4	7785	0.106377	851
4	7794	0.106502	852
4	7803	0.106627	853
4	7812	0.106752	854
4	7821	0.106877	855
4	7830	0.107002	856
4	7839	0.107127	857
4	7848	0.107252	858
4	7857	0.107377	859
4	7866	0.107502	860
4	7875	0.107627	861
4	7884	0.107752	862
4	7893	0.107877	863
4	7906	0.108002	864
4	7915	0.108127	865
4	7924	0.108252	866
4	7933	0.108377	867
4	7942	0.108502	868
4	7951	0.108627	869
4	7960	0.108752	870
4	7969	0.108877	871
4	7978	0.109002	872
4	7987	0.109127	873
4	7996	0.109252	874
4	8005	0.109377	875
4	8014	0.109502	876
4	8023	0.109627	877
4	8032	0.109752	878
4	8041	0.109877	879
4	8050	0.110002	880
4	8059	0.110127	881
4	8068	0.110252	882
4	8077	0.110377	883
4	8086	0.110502	884
4	8095	0.110627	885
4	8104	0.110752	886
4	8113	0.110877	887
4	8122	0.111002	888
4	8131	0.111127	889
4	8144	0.111252	890
4	8153	0.111377	891
4	8162	0.111502	892
4	8171	0.111627	893
4	8180	0.111752	894
4	8189	0.111877	895
4	8198	0.112002	896
4	8207	0.112127	897
4	8216	0.112252	898
4	8225	0.112377	899
4	8234	0.112502	900
4	8243	0.112627	901
4	8252	0.112752	902
4	8261	0.112877	903
4	8270	0.113002	904
4	8279	0.113127	905
4	8288	0.113252	906
4	8297	0.113377	907
4	8306	0.113502	908
4	8315	0.113627	909
4	8324	0.113752	910
4	8333	0.113877	911
4	8342	0.114002	912
4	8351	0.114127	913
4	8360	0.114252	914
4	8369	0.114377	915
4	8382	0.114502	916
4	8391	0.114627	917
4	8400	0.114752	918
4	8409	0.114877	919
4	8418	0.115002	920
4	8427	0.115127	921
4	8436	0.115252	922
4	8445	0.115377	923
4	8454	0.115502	924
4	8463	0.115627	925
4	8472	0.115752	926
4	8481	0.115877	927
4	8490	0.116002	928
4	8499	0.116127	929
4	8508	0.116252	930
4	8517	0.116377	931
4	8526	0.116502	932
4	8535	0.116627	933
4	8544	0.116752	934
4	8553	0.116877	935
4	8562	0.117002	936
4	8571	0.117127	937
4	8580	0.117252	938
4	8589	0.117377	939
4	8598	0.117502	940
4	8607	0.117627	941
4	8620	0.117752	942
4	8629	0.117877	943
4	8638	0.118002	944
4	8647	0.118127	945
4	8656	0.118252	946
4	8665	0.118377	947
4	8674	0.118502	948
4	8683	0.118627	949
4	8692	0.118752	950
4	8701	0.118877	951
4	8710	0.119002	952
4	8719	0.119127	953
4	8728	0.119252	954
4	8737	0.119377	955
4	8746	0.119502	956
4	8755	0.119627	957
4	8764	0.119752	958
4	8773	0.119877	959
4	8782	0.120002	960
4	8791	0.120127	961
4	8800	0.120252	962
4	8809	0.120377	963
4	8818	0.120502	964
4	8827	0.120627	965
4	8836	0.120752	966
4	8845	0.120877	967
4	8856	0.121002	968
4	8867	0.121127	969
4	8876	0.121252	970
4	8885	0.121377	971
4	8894	0.121502	972
4	8903	0.121627	973
4	8912	0.121752	974
4	8921	0.121877	975
4	8930	0.122002	976
4	8939	0.122127	977
4	8948	0.122252	978
4	8957	0.122377	979
4	8966	0.122502	980
4	8975	0.122627	981
4	8984	0.122752	982
4	8993	0.122877	983
4	9002	0.123002	984
4	9011	0.123127	985
4	9020	0.123252	986
4	9029	0.123377	987
4	9038	0.123502	988
4	9047	0.123627	989
4	9056	0.123752	990
4	9065	0.123877	991
4	9074	0.124002	992
4	9083	0.124127	993
4	9092	0.124252	994
4	9105	0.124377	995
4	9114	0.124502	996
4	9123	0.124627	997
4	9132	0.124752	998
4	9141	0.124877	999
4	9150	0.125002	1000
4	9159	0.125127	1001
4	9168	0.125252	1002
4	9177	0.125377	1003
4	9186	0.125502	1004
4	9195	0.125627	1005
4	9204	0.125752	1006
4	9213	0.125877	1007
4	9222	0.126002	1008
4	9231	0.126127	1009
4	9240	0.126252	1010
4	9249	0.126377	1011
4	9258	0.126502	1012
4	9267	0.126627	1013
4	9276	0.126752	1014
4	9285	0.126877	1015
4	9294	0.127002	1016
4	9303	0.127127	1017
4	9312	0.127252	1018
4	9321	0.127377	1019
4	9330	0.127502	1020
4	9343	0.127627	1021
4	9352	0.127752	1022
4	9361	0.127877	1023
4	9370	0.128002	1024
4	9379	0.128127	1025
4	9388	0.128252	1026
4	9397	0.128377	1027
4	9406	0.128502	1028
4	9415	0.128627	1029
4	9424	0.128752	1030
4	9433	0.128877	1031
4	9442	0.129002	1032
4	9451	0.129127	1033
4	9460	0.129252	1034
4	9469	0.129377	1035
4	9478	0.129502	1036
4	9487	0.129627	1037
4	9496	0.129752	1038
4	9505	0.129877	1039
4	9514	0.130002	1040
4	9523	0.130127	1041
4	9532	0.130252	1042
4	9541	0.130377	1043
4	9550	0.130502	1044
4	9559	0.130627	1045
4	9568	0.130752	1046
4	9581	0.130877	1047
4	9590	0.131002	1048
4	9599	0.131127	1049
4	9608	0.131252	1050
4	9617	0.131377	1051
4	9626	0.131502	1052
4	9635	0.131627	1053
4	9644	0.131752	1054
4	9653	0.131877	1055
4	9662	0.132002	1056
4	9671	0.132127	1057
4	9680	0.132252	1058
4	9689	0.132377	1059
4	9698	0.132502	1060
4	9707	0.132627	1061
4	9716	0.132752	1062
4	9725	0.132877	1063
4	9734	0.133002	1064
4	9743	0.133127	1065
4	9752	0.133252	1066
4	9761	0.133377	1067
4	9770	0.133502	1068
4	9779	0.133627	1069
4	9788	0.133752	1070
4	9797	0.133877	1071
4	9806	0.134002	1072
4	9819	0.134127	1073
4	9828	0.134252	1074
4	9837	0.134377	1075
4	9846	0.134502	1076
4	9855	0.134627	1077
4	9864	0.134752	1078
4	9873	0.134877	1079
4	9882	0.135002	1080
4	9891	0.135127	1081
4	9900	0.135252	1082
4	9909	0.135377	1083
4	9918	0.135502	1084
4	9927	0.135627	1085
4	9936	0.135752	1086
4	9945	0.135877	1087
4	9954	0.136002	1088
4	9963	0.136127	1089
4	9972	0.136252	1090
4	9981	0.136377	1091
4	9990	0.136502	1092
4	9999	0.136627	1093
4	10008	0.136752	1094
4	10017	0.136877	1095
4	10026	0.137002	1096
4	10035	0.137127	1097
4	10044	0.137252	1098
4	10057	0.137377	1099
4	10066	0.137502	1100
4	10075	0.137627	1101
4	10084	0.137752	1102
4	10093	0.137877	1103
4	10102	0.138002	1104
4	10111	0.138127	1105
4	10120	0.138252	1106
4	10129	0.138377	1107
4	10138	0.138502	1108
4	10147	0.138627	1109
4	10156	0.138752	1110
4	10165	0.138877	1111
4	10174	0.139002	1112
4	10183	0.139127	1113
4	10192	0.139252	1114
4	10201	0.139377	1115
4	10210	0.139502	1116
4	10219	0.139627	1117
4	10228	0.139752	1118
4	10237	0.139877	1119
4	10246	0.140002	1120
4	10255	0.140127	1121
4	10264	0.140252	1122
4	10273	0.140377	1123
4	10282	0.140502	1124
4	10291	0.140627	1125
4	10304	0.140752	1126
4	10313	0.140877	1127
4	10322	0.141002	1128
4	10331	0.141127	1129
4	10340	0.141252	1130
4	10349	0.141377	1131
4	10358	0.141502	1132
4	10367	0.141627	1133
4	10376	0.141752	1134
4	10385	0.141877	1135
4	10394	0.142002	1136
4	10403	0.142127	1137
4	10412	0.142252	1138
4	10421	0.142377	1139
4	10430	0.142502	1140
4	10439	0.142627	1141
4	10448	0.142752	1142
4	10457	0.142877	1143
4	10466	0.143002	1144
4	10475	0.143127	1145
4	10484	0.143252	1146
4	10493	0.143377	1147
4	10502	0.143502	1148
4	10511	0.143627	1149
4	10520	0.143752	1150
4	10529	0.143877	1151
4	10542	0.144002	1152
4	10551	0.144127	1153
4	10560	0.144252	1154
4	10569	0.144377	1155
4	10578	0.144502	1156
4	10587	0.144627	1157
4	10596	0.144752	1158
4	10605	0.144877	1159
4	10614	0.145002	1160
4	10623	0.145127	1161
4	10632	0.145252	1162
4	10641	0.145377	1163
4	10650	0.145502	1164
4	10659	0.145627	1165
4	10668	0.145752	1166
4	10677	0.145877	1167
4	10686	0.146002	1168
4	10695	0.146127	1169
4	10704	0.146252	1170
4	10713	0.146377	1171
4	10722	0.146502	1172
4	10731	0.146627	1173
4	10740	0.146752	1174
4	10749	0.146877	1175
4	10758	0.147002	1176
4	10767	0.147127	1177
4	10780	0.147252	1178
4	10789	0.147377	1179
4	10798	0.147502	1180
4	10807	0.147627	1181
4	10816	0.147752	1182
4	10825	0.147877	1183
4	10834	0.148002	1184
4	10843	0.148127	1185
4	10852	0.148252	1186
4	10861	0.148377	1187
4	10870	0.148502	1188
4	10879	0.148627	1189
4	10888	0.148752	1190
4	10897	0.148877	1191
4	10906	0.149002	1192
4	10915	0.149127	1193
4	10924	0.149252	1194
4	10933	0.149377	1195
4	10942	0.149502	1196
4	10951	0.149627	1197
4	10960	0.149752	1198
4	10969	0.149877	1199
4	10978	0.150002	1200
4	10987	0.150127	1201
4	10996	0.150252	1202
4	11005	0.150377	1203
4	11018	0.150502	1204
4	11027	0.150627	1205
4	11036	0.150752	1206
4	11045	0.150877	1207
4	11054	0.151002	1208
4	11063	0.151127	1209
4	11072	0.151252	1210
4	11081	0.151377	1211
4	11090	0.151502	1212
4	11099	0.151627	1213
4	11108	0.151752	1214
4	11117	0.151877	1215
4	11126	0.152002	1216
4	11135	0.152127	1217
4	11144	0.152252	1218
4	11153	0.152377	1219
4	11162	0.152502	1220
4	11171	0.152627	1221
4	11180	0.152752	1222
4	11189	0.152877	1223
4	11198	0.153002	1224
4	11207	0.153127	1225
4	11216	0.153252	1226
4	11225	0.153377	1227
4	11234	0.153502	1228
4	11243	0.153627	1229
4	11256	0.153752	1230
4	11265	0.153877	1231
4	11274	0.154002	1232
4	11283	0.154127	1233
4	11292	0.154252	1234
4	11301	0.154377	1235
4	11310	0.154502	1236
4	11319	0.154627	1237
4	11328	0.154752	1238
4	11337	0.154877	1239
4	11346	0.155002	1240
4	11355	0.155127	1241
4	11364	0.155252	1242
4	11373	0.155377	1243
4	11382	0.155502	1244
4	11391	0.155627	1245
4	11400	0.155752	1246
4	11409	0.155877	1247
4	11418	0.156002	1248
4	11427	0.156127	1249
4	11436	0.156252	1250
4	11445	0.156377	1251
4	11454	0.156502	1252
4	11463	0.156627	1253
4	11472	0.156752	1254
4	11481	0.156877	1255
4	11494	0.157002	1256
4	11503	0.157127	1257
4	11512	0.157252	1258
4	11521	0.157377	1259
4	11530	0.157502	1260
4	11539	0.157627	1261
4	11548	0.157752	1262
4	11557	0.157877	1263
4	11566	0.158002	1264
4	11575	0.158127	1265
4	11584	0.158252	1266
4	11593	0.158377	1267
4	11602	0.158502	1268
4	11611	0.158627	1269
4	11620	0.158752	1270
4	11629	0.158877	1271
4	11638	0.159002	1272
4	11647	0.159127	1273
4	11656	0.159252	1274
4	11665	0.159377	1275
4	11674	0.159502	1276
4	11683	0.159627	1277
4	11692	0.159752	1278
4	11701	0.159877	1279
4	11710	0.160002	1280
4	11719	0.160127	1281
4	11728	0.160252	1282
4	11741	0.160377	1283
4	11750	0.160502	1284
4	11759	0.160627	1285
4	11768	0.160752	1286
4	11777	0.160877	1287
4	11786	0.161002	1288
4	11795	0.161127	1289
4	11804	0.161252	1290
4	11813	0.161377	1291
4	11822	0.161502	1292
4	11831	0.161627	1293
4	11840	0.161752	1294
4	11849	0.161877	1295
4	11858	0.162002	1296
4	11867	0.162127	1297
4	11876	0.162252	1298
4	11885	0.162377	1299
4	11894	0.162502	1300
4	11903	0.162627	1301
4	11912	0.162752	1302
4	11921	0.162877	1303
4	11930	0.163002	1304
4	11939	0.163127	1305
4	11948	0.163252	1306
4	11957	0.163377	1307
4	11966	0.163502	1308
4	11979	0.163627	1309
4	11988	0.163752	1310
4	11997	0.163877	1311
4	12006	0.164002	1312
4	12015	0.164127	1313
4	12024	0.164252	1314
4	12033	0.164377	1315
4	12042	0.164502	1316
4	12051	0.164627	1317
4	12060	0.164752	1318
4	12069	0.164877	1319
4	12078	0.165002	1320
4	12087	0.165127	1321
4	12096	0.165252	1322
4	12105	0.165377	1323
4	12114	0.165502	1324
4	12123	0.165627	1325
4	12132	0.165752	1326
4	12141	0.165877	1327
4	12150	0.166002	1328
4	12159	0.166127	1329
4	12168	0.166252	1330
4	12177	0.166377	1331
4	12186	0.166502	1332
4	12195	0.166627	1333
4	12204	0.166752	1334
4	12217	0.166877	1335
4	12226	0.167002	1336
4	12235	0.167127	1337
4	12244	0.167252	1338
4	12253	0.167377	1339
4	12262	0.167502	1340
4	12271	0.167627	1341
4	12280	0.167752	1342
4	12289	0.167877	1343
4	12298	0.168002	1344
4	12307	0.168127	1345
4	12316	0.168252	1346
4	12325	0.168377	1347
4	12334	0.168502	1348
4	12343	0.168627	1349
4	12352	0.168752	1350
4	12361	0.168877	1351
4	12370	0.169002	1352
4	12379	0.169127	1353
4	12388	0.169252	1354
4	12397	0.169377	1355
4	12406	0.169502	1356
4	12415	0.169627	1357
4	12424	0.169752	1358
4	12433	0.169877	1359
4	12442	0.170002	1360
4	12455	0.170127	1361
4	12464	0.170252	1362
4	12473	0.170377	1363
4	12482	0.170502	1364
4	12491	0.170627	1365
4	12500	0.170752	1366
4	12509	0.170877	1367
4	12518	0.171002	1368
4	12527	0.171127	1369
4	12536	0.171252	1370
4	12545	0.171377	1371
4	12554	0.171502	1372
4	12563	0.171627	1373
4	12572	0.171752	1374
4	12581	0.171877	1375
4	12590	0.172002	1376
4	12599	0.172127	1377
4	12608	0.172252	1378
4	12617	0.172377	1379
4	12626	0.172502	1380
4	12635	0.172627	1381
4	12644	0.172752	1382
4	12653	0.172877	1383
4	12662	0.173002	1384
4	12671	0.173127	1385
4	12680	0.173252	1386
4	12693	0.173377	1387
4	12702	0.173502	1388
4	12711	0.173627	1389
4	12720	0.173752	1390
4	12729	0.173877	1391
4	12738	0.174002	1392
4	12747	0.174127	1393
4	12756	0.174252	1394
4	12765	0.174377	1395
4	12774	0.174502	1396
4	12783	0.174627	1397
4	12792	0.174752	1398
4	12801	0.174877	1399
4	12810	0.175002	1400
4	12819	0.175127	1401
4	12828	0.175252	1402
4	12837	0.175377	1403
4	12846	0.175502	1404
4	12855	0.175627	1405
4	12864	0.175752	1406
4	12873	0.175877	1407
4	12882	0.176002	1408
4	12891	0.176127	1409
4	12900	0.176252	1410
4	12909	0.176377	1411
4	12918	0.176502	1412
4	12931	0.176627	1413
4	12940	0.176752	1414
4	12949	0.176877	1415
4	12958	0.177002	1416
4	12967	0.177127	1417
4	12976	0.177252	1418
4	12985	0.177377	1419
4	12994	0.177502	1420
4	13003	0.177627	1421
4	13012	0.177752	1422
4	13021	0.177877	1423
4	13030	0.178002	1424
4	13039	0.178127	1425
4	13048	0.178252	1426
4	13057	0.178377	1427
4	13066	0.178502	1428
4	13075	0.178627	1429
4	13084	0.178752	1430
4	13093	0.178877	1431
4	13102	0.179002	1432
4	13111	0.179127	1433
4	13120	0.179252	1434
4	13129	0.179377	1435
4	13138	0.179502	1436
4	13147	0.179627	1437
4	13156	0.179752	1438
4	13165	0.179877	1439
4	13178	0.180002	1440
4	13187	0.180127	1441
4	13196	0.180252	1442
4	13205	0.180377	1443
4	13214	0.180502	1444
4	13223	0.180627	1445
4	13232	0.180752	1446
4	13241	0.180877	1447
4	13250	0.181002	1448
4	13259	0.181127	1449
4	13268	0.181252	1450
4	13277	0.181377	1451
4	13286	0.181502	1452
4	13295	0.181627	1453
4	13304	0.181752	1454
4	13313	0.181877	1455
4	13322	0.182002	1456
4	13331	0.182127	1457
4	13340	0.182252	1458
4	13349	0.182377	1459
4	13358	0.182502	1460
4	13367	0.182627	1461
4	13376	0.182752	1462
4	13385	0.182877	1463
4	13394	0.183002	1464
4	13403	0.183127	1465
4	13416	0.183252	1466
4	13425	0.183377	1467
4	13434	0.183502	1468
4	13443	0.183627	1469
4	13452	0.183752	1470
4	13461	0.183877	1471
4	13470	0.184002	1472
4	13479	0.184127	1473
4	13488	0.184252	1474
4	13497	0.184377	1475
4	13506	0.184502	1476
4	13515	0.184627	1477
4	13524	0.184752	1478
4	13533	0.184877	1479
4	13542	0.185002	1480
4	13551	0.185127	1481
4	13560	0.185252	1482
4	13569	0.185377	1483
4	13578	0.185502	1484
4	13587	0.185627	1485
4	13596	0.185752	1486
4	13605	0.185877	1487
4	13614	0.186002	1488
4	13623	0.186127	1489
4	13632	0.186252	1490
4	13641	0.186377	1491
4	13654	0.186502	1492
4	13663	0.186627	1493
4	13672	0.186752	1494
4	13681	0.186877	1495
4	13690	0.187002	1496
4	13699	0.187127	1497
4	13708	0.187252	1498
4	13717	0.187377	1499
4	13726	0.187502	1500
4	13735	0.187627	1501
4	13744	0.187752	1502
4	13753	0.187877	1503
4	13762	0.188002	1504
4	13771	0.188127	1505
4	13780	0.188252	1506
4	13789	0.188377	1507
4	13798	0.188502	1508
4	13807	0.188627	1509
4	13816	0.188752	1510
4	13825	0.188877	1511
4	13834	0.189002	1512
4	13843	0.189127	1513
4	13852	0.189252	1514
4	13861	0.189377	1515
4	13870	0.189502	1516
4	13879	0.189627	1517
4	13892	0.189752	1518
4	13901	0.189877	1519
4	13910	0.190002	1520
4	13919	0.190127	1521
4	13928	0.190252	1522
4	13937	0.190377	1523
4	13946	0.190502	1524
4	13955	0.190627	1525
4	13964	0.190752	1526
4	13973	0.190877	1527
4	13982	0.191002	1528
4	13991	0.191127	1529
4	14000	0.191252	1530
4	14009	0.191377	1531
4	14018	0.191502	1532
4	14027	0.191627	1533
4	14036	0.191752	1534
4	14045	0.191877	1535
4	14054	0.192002	1536
4	14063	0.192127	1537
4	14072	0.192252	1538
4	14081	0.192377	1539
4	14090	0.192502	1540
4	14099	0.192627	1541
4	14108	0.192752	1542
4	14117	0.192877	1543
4	14130	0.193002	1544
4	14139	0.193127	1545
4	14148	0.193252	1546
4	14157	0.193377	1547
4	14166	0.193502	1548
4	14175	0.193627	1549
4	14184	0.193752	1550
4	14193	0.193877	1551
4	14202	0.194002	1552
4	14211	0.194127	1553
4	14220	0.194252	1554
4	14229	0.194377	1555
4	14238	0.194502	1556
4	14247	0.194627	1557
4	14256	0.194752	1558
4	14265	0.194877	1559
4	14274	0.195002	1560
4	14283	0.195127	1561
4	14292	0.195252	1562
4	14301	0.195377	1563
4	14310	0.195502	1564
4	14319	0.195627	1565
4	14328	0.195752	1566
4	14337	0.195877	1567
4	14346	0.196002	1568
4	14355	0.196127	1569
4	14366	0.196252	1570
4	14377	0.196377	1571
4	14386	0.196502	1572
4	14395	0.196627	1573
4	14404	0.196752	1574
4	14413	0.196877	1575
4	14422	0.197002	1576
4	14431	0.197127	1577
4	14440	0.197252	1578
4	14449	0.197377	1579
4	14458	0.197502	1580
4	14467	0.197627	1581
4	14476	0.197752	1582
4	14485	0.197877	1583
4	14494	0.198002	1584
4	14503	0.198127	1585
4	14512	0.198252	1586
4	14521	0.198377	1587
4	14530	0.198502	1588
4	14539	0.198627	1589
4	14548	0.198752	1590
4	14557	0.198877	1591
4	14566	0.199002	1592
4	14575	0.199127	1593
4	14584	0.199252	1594
4	14593	0.199377	1595
4	14602	0.199502	1596
4	14615	0.199627	1597
4	14624	0.199752	1598
4	14633	0.199877	1599
4	14642	0.200002	1600
4	14651	0.200127	1601
4	14660	0.200252	1602
4	14669	0.200377	1603
4	14678	0.200502	1604
4	14687	0.200627	1605
4	14696	0.200752	1606
4	14705	0.200877	1607
4	14714	0.201002	1608
4	14723	0.201127	1609
4	14732	0.201252	1610
4	14741	0.201377	1611
4	14750	0.201502	1612
4	14759	0.201627	1613
4	14768	0.201752	1614
4	14777	0.201877	1615
4	14786	0.202002	1616
4	14795	0.202127	1617
4	14804	0.202252	1618
4	14813	0.202377	1619
4	14822	0.202502	1620
4	14831	0.202627	1621
4	14840	0.202752	1622
4	14853	0.202877	1623
4	14862	0.203002	1624
4	14871	0.203127	1625
4	14880	0.203252	1626
4	14889	0.203377	1627
4	14898	0.203502	1628
4	14907	0.203627	1629
4	14916	0.203752	1630
4	14925	0.203877	1631
4	14934	0.204002	1632
4	14943	0.204127	1633
4	14952	0.204252	1634
4	14961	0.204377	1635
4	14970	0.204502	1636
4	14979	0.204627	1637
4	14988	0.204752	1638
4	14997	0.204877	1639
4	15006	0.205002	1640
4	15015	0.205127	1641
4	15024	0.205252	1642
4	15033	0.205377	1643
4	15042	0.205502	1644
4	15051	0.205627	1645
4	15060	0.205752	1646
4	15069	0.205877	1647
4	15078	0.206002	1648
4	15091	0.206127	1649
4	15100	0.206252	1650
4	15109	0.206377	1651
4	15118	0.206502	1652
4	15127	0.206627	1653
4	15136	0.206752	1654
4	15145	0.206877	1655
4	15154	0.207002	1656
4	15163	0.207127	1657
4	15172	0.207252	1658
4	15181	0.207377	1659
4	15190	0.207502	1660
4	15199	0.207627	1661
4	15208	0.207752	1662
4	15217	0.207877	1663
4	15226	0.208002	1664
4	15235	0.208127	1665
4	15244	0.208252	1666
4	15253	0.208377	1667
4	15262	0.208502	1668
4	15271	0.208627	1669
4	15280	0.208752	1670
4	15289	0.208877	1671
4	15298	0.209002	1672
4	15307	0.209127	1673
4	15316	0.209252	1674
4	15329	0.209377	1675
4	15338	0.209502	1676
4	15347	0.209627	1677
4	15356	0.209752	1678
4	15365	0.209877	1679
4	15374	0.210002	1680
4	15383	0.210127	1681
4	15392	0.210252	1682
4	15401	0.210377	1683
4	15410	0.210502	1684
4	15419	0.210627	1685
4	15428	0.210752	1686
4	15437	0.210877	1687
4	15446	0.211002	1688
4	15455	0.211127	1689
4	15464	0.211252	1690
4	15473	0.211377	1691
4	15482	0.211502	1692
4	15491	0.211627	1693
4	15500	0.211752	1694
4	15509	0.211877	1695
4	15518	0.212002	1696
4	15527	0.212127	1697
4	15536	0.212252	1698
4	15545	0.212377	1699
4	15554	0.212502	1700
4	15567	0.212627	1701
4	15576	0.212752	1702
4	15585	0.212877	1703
4	15594	0.213002	1704
4	15603	0.213127	1705
4	15612	0.213252	1706
4	15621	0.213377	1707
4	15630	0.213502	1708
4	15639	0.213627	1709
4	15648	0.213752	1710
4	15657	0.213877	1711
4	15666	0.214002	1712
4	15675	0.214127	1713
4	15684	0.214252	1714
4	15693	0.214377	1715
4	15702	0.214502	1716
4	15711	0.214627	1717
4	15720	0.214752	1718
4	15729	0.214877	1719
4	15738	0.215002	1720
4	15747	0.215127	1721
4	15756	0.215252	1722
4	15765	0.215377	1723
4	15774	0.215502	1724
4	15783	0.215627	1725
4	15792	0.215752	1726
4	15801	0.215877	1727
4	15814	0.216002	1728
4	15823	0.216127	1729
4	15832	0.216252	1730
4	15841	0.216377	1731
4	15850	0.216502	1732
4	15859	0.216627	1733
4	15868	0.216752	1734
4	15877	0.216877	1735
4	15886	0.217002	1736
4	15895	0.217127	1737
4	15904	0.217252	1738
4	15913	0.217377	1739
4	15922	0.217502	1740
4	15931	0.217627	1741
4	15940	0.217752	1742
4	15949	0.217877	1743
4	15958	0.218002	1744
4	15967	0.218127	1745
4	15976	0.218252	1746
4	15985	0.218377	1747
4	15994	0.218502	1748
4	16003	0.218627	1749
4	16012	0.218752	1750
4	16021	0.218877	1751
4	16030	0.219002	1752
4	16039	0.219127	1753
4	16052	0.219252	1754
4	16061	0.219377	1755
4	16070	0.219502	1756
4	16079	0.219627	1757
4	16088	0.219752	1758
4	16097	0.219877	1759
4	16106	0.220002	1760
4	16115	0.220127	1761
4	16124	0.220252	1762
4	16133	0.220377	1763
4	16142	0.220502	1764
4	16151	0.220627	1765
4	16160	0.220752	1766
4	16169	0.220877	1767
4	16178	0.221002	1768
4	16187	0.221127	1769
4	16196	0.221252	1770
4	16205	0.221377	1771
4	16214	0.221502	1772
4	16223	0.221627	1773
4	16232	0.221752	1774
4	16241	0.221877	1775
4	16250	0.222002	1776
4	16259	0.222127	1777
4	16268	0.222252	1778
4	16277	0.222377	1779
4	16290	0.222502	1780
4	16299	0.222627	1781
4	16308	0.222752	1782
4	16317	0.222877	1783
4	16326	0.223002	1784
4	16335	0.223127	1785
4	16344	0.223252	1786
4	16353	0.223377	1787
4	16362	0.223502	1788
4	16371	0.223627	1789
4	16380	0.223752	1790
4	16389	0.223877	1791
4	16398	0.224002	1792
4	16407	0.224127	1793
4	16416	0.224252	1794
4	16425	0.224377	1795
4	16434	0.224502	1796
4	16443	0.224627	1797
4	16452	0.224752	1798
4	16461	0.224877	1799
4	16470	0.225002	1800
4	16479	0.225127	1801
4	16488	0.225252	1802
4	16497	0.225377	1803
4	16506	0.225502	1804
4	16515	0.225627	1805
4	16528	0.225752	1806
4	16537	0.225877	1807
4	16546	0.226002	1808
4	16555	0.226127	1809
4	16564	0.226252	1810
4	16573	0.226377	1811
4	16582	0.226502	1812
4	16591	0.226627	1813
4	16600	0.226752	1814
4	16609	0.226877	1815
4	16618	0.227002	1816
4	16627	0.227127	1817
4	16636	0.227252	1818
4	16645	0.227377	1819
4	16654	0.227502	1820
4	16663	0.227627	1821
4	16672	0.227752	1822
4	16681	0.227877	1823
4	16690	0.228002	1824
4	16699	0.228127	1825
4	16708	0.228252	1826
4	16717	0.228377	1827
4	16726	0.228502	1828
4	16735	0.228627	1829
4	16744	0.228752	1830
4	16753	0.228877	1831
4	16766	0.229002	1832
4	16775	0.229127	1833
4	16784	0.229252	1834
4	16793	0.229377	1835
4	16802	0.229502	1836
4	16811	0.229627	1837
4	16820	0.229752	1838
4	16829	0.229877	1839
4	16838	0.230002	1840
4	16847	0.230127	1841
4	16856	0.230252	1842
4	16865	0.230377	1843
4	16874	0.230502	1844
4	16883	0.230627	1845
4	16892	0.230752	1846
4	16901	0.230877	1847
4	16910	0.231002	1848
4	16919	0.231127	1849
4	16928	0.231252	1850
4	16937	0.231377	1851
4	16946	0.231502	1852
4	16955	0.231627	1853
4	16964	0.231752	1854
4	16973	0.231877	1855
4	16982	0.232002	1856
4	16991	0.232127	1857
4	17004	0.232252	1858
4	17013	0.232377	1859
4	17022	0.232502	1860
4	17031	0.232627	1861
4	17040	0.232752	1862
4	17049	0.232877	1863
4	17058	0.233002	1864
4	17067	0.233127	1865
4	17076	0.233252	1866
4	17085	0.233377	1867
4	17094	0.233502	1868
4	17103	0.233627	1869
4	17112	0.233752	1870
4	17121	0.233877	1871
4	17130	0.234002	1872
4	17139	0.234127	1873
4	17148	0.234252	1874
4	17157	0.234377	1875
4	17166	0.234502	1876
4	17175	0.234627	1877
4	17184	0.234752	1878
4	17193	0.234877	1879
4	17202	0.235002	1880
4	17211	0.235127	1881
4	17220	0.235252	1882
4	17229	0.235377	1883
4	17238	0.235502	1884
4	17251	0.235627	1885
4	17260	0.235752	1886
4	17269	0.235877	1887
4	17278	0.236002	1888
4	17287	0.236127	1889
4	17296	0.236252	1890
4	17305	0.236377	1891
4	17314	0.236502	1892
4	17323	0.236627	1893
4	17332	0.236752	1894
4	17341	0.236877	1895
4	17350	0.237002	1896
4	17359	0.237127	1897
4	17368	0.237252	1898
4	17377	0.237377	1899
4	17386	0.237502	1900
4	17395	0.237627	1901
4	17404	0.237752	1902
4	17413	0.237877	1903
4	17422	0.238002	1904
4	17431	0.238127	1905
4	17440	0.238252	1906
4	17449	0.238377	1907
4	17458	0.238502	1908
4	17467	0.238627	1909
4	17476	0.238752	1910
4	17489	0.238877	1911
4	17498	0.239002	1912
4	17507	0.239127	1913
4	17516	0.239252	1914
4	17525	0.239377	1915
4	17534	0.239502	1916
4	17543	0.239627	1917
4	17552	0.239752	1918
4	17561	0.239877	1919
4	17570	0.240002	1920
4	17579	0.240127	1921
4	17588	0.240252	1922
4	17597	0.240377	1923
4	17606	0.240502	1924
4	17615	0.240627	1925
4	17624	0.240752	1926
4	17633	0.240877	1927
4	17642	0.241002	1928
4	17651	0.241127	1929
4	17660	0.241252	1930
4	17669	0.241377	1931
4	17678	0.241502	1932
4	17687	0.241627	1933
4	17696	0.241752	1934
4	17705	0.241877	1935
4	17714	0.242002	1936
4	17727	0.242127	1937
4	17736	0.242252	1938
4	17745	0.242377	1939
4	17754	0.242502	1940
4	17763	0.242627	1941
4	17772	0.242752	1942
4	17781	0.242877	1943
4	17790	0.243002	1944
4	17799	0.243127	1945
4	17808	0.243252	1946
4	17817	0.243377	1947
4	17826	0.243502	1948
4	17835	0.243627	1949
4	17844	0.243752	1950
4	17853	0.243877	1951
4	17862	0.244002	1952
4	17871	0.244127	1953
4	17880	0.244252	1954
4	17889	0.244377	1955
4	17898	0.244502	1956
4	17907	0.244627	1957
4	17916	0.244752	1958
4	17925	0.244877	1959
4	17934	0.245002	1960
4	17943	0.245127	1961
4	17952	0.245252	1962
4	17965	0.245377	1963
4	17974	0.245502	1964
4	17983	0.245627	1965
4	17992	0.245752	1966
4	18001	0.245877	1967
4	18010	0.246002	1968
4	18019	0.246127	1969
4	18028	0.246252	1970
4	18037	0.246377	1971
4	18046	0.246502	1972
4	18055	0.246627	1973
4	18064	0.246752	1974
4	18073	0.246877	1975
4	18082	0.247002	1976
4	18091	0.247127	1977
4	18100	0.247252	1978
4	18109	0.247377	1979
4	18118	0.247502	1980
4	18127	0.247627	1981
4	18136	0.247752	1982
4	18145	0.247877	1983
4	18154	0.248002	1984
4	18163	0.248127	1985
4	18172	0.248252	1986
4	18181	0.248377	1987
4	18190	0.248502	1988
4	18203	0.248627	1989
4	18212	0.248752	1990
4	18221	0.248877	1991
4	18230	0.249002	1992
4	18239	0.249127	1993
4	18248	0.249252	1994
4	18257	0.249377	1995
4	18266	0.249502	1996
4	18275	0.249627	1997
4	18284	0.249752	1998
4	18293	0.249877	1999
4	18302	0.250002	2000
4	18311	0.250127	2001
4	18320	0.250252	2002
4	18329	0.250377	2003
4	18338	0.250502	2004
4	18347	0.250627	2005
4	18356	0.250752	2006
4	18365	0.250877	2007
4	18374	0.251002	2008
4	18383	0.251127	2009
4	18392	0.251252	2010
4	18401	0.251377	2011
4	18410	0.251502	2012
4	18419	0.251627	2013
4	18428	0.251752	2014
4	18441	0.251877	2015
4	18450	0.252002	2016
4	18459	0.252127	2017
4	18468	0.252252	2018
4	18477	0.252377	2019
4	18486	0.252502	2020
4	18495	0.252627	2021
4	18504	0.252752	2022
4	18513	0.252877	2023
4	18522	0.253002	2024
4	18531	0.253127	2025
4	18540	0.253252	2026
4	18549	0.253377	2027
4	18558	0.253502	2028
4	18567	0.253627	2029
4	18576	0.253752	2030
4	18585	0.253877	2031
4	18594	0.254002	2032
4	18603	0.254127	2033
4	18612	0.254252	2034
4	18621	0.254377	2035
4	18630	0.254502	2036
4	18639	0.254627	2037
4	18648	0.254752	2038
4	18657	0.254877	2039
4	18666	0.255002	2040
4	18675	0.255127	2041
4	18688	0.255252	2042
4	18697	0.255377	2043
4	18706	0.255502	2044
4	18715	0.255627	2045
4	18724	0.255752	2046
4	18733	0.255877	2047
4	18742	0.256002	2048
4	18751	0.256127	2049
4	18760	0.256252	2050
4	18769	0.256377	2051
4	18778	0.256502	2052
4	18787	0.256627	2053
4	18796	0.256752	2054
4	18805	0.256877	2055
4	18814	0.257002	2056
4	18823	0.257127	2057
4	18832	0.257252	2058
4	18841	0.257377	2059
4	18850	0.257502	2060
4	18859	0.257627	2061
4	18868	0.257752	2062
4	18877	0.257877	2063
4	18886	0.258002	2064
4	18895	0.258127	2065
4	18904	0.258252	2066
4	18913	0.258377	2067
4	18926	0.258502	2068
4	18935	0.258627	2069
4	18944	0.258752	2070
4	18953	0.258877	2071
4	18962	0.259002	2072
4	18971	0.259127	2073
4	18980	0.259252	2074
4	18989	0.259377	2075
4	18998	0.259502	2076
4	19007	0.259627	2077
4	19016	0.259752	2078
4	19025	0.259877	2079
4	19034	0.260002	2080
4	19043	0.260127	2081
4	19052	0.260252	2082
4	19061	0.260377	2083
4	19070	0.260502	2084
4	19079	0.260627	2085
4	19088	0.260752	2086
4	19097	0.260877	2087
4	19106	0.261002	2088
4	19115	0.261127	2089
4	19124	0.261252	2090
4	19133	0.261377	2091
4	19142	0.261502	2092
4	19151	0.261627	2093
4	19164	0.261752	2094
4	19173	0.261877	2095
4	19182	0.262002	2096
4	19191	0.262127	2097
4	19200	0.262252	2098
4	19209	0.262377	2099
4	19218	0.262502	2100
4	19227	0.262627	2101
4	19236	0.262752	2102
4	19245	0.262877	2103
4	19254	0.263002	2104
4	19263	0.263127	2105
4	19272	0.263252	2106
4	19281	0.263377	2107
4	19290	0.263502	2108
4	19299	0.263627	2109
4	19308	0.263752	2110
4	19317	0.263877	2111
4	19326	0.264002	2112
4	19335	0.264127	2113
4	19344	0.264252	2114
4	19353	0.264377	2115
4	19362	0.264502	2116
4	19371	0.264627	2117
4	19380	0.264752	2118
4	19389	0.264877	2119
4	19402	0.265002	2120
4	19411	0.265127	2121
4	19420	0.265252	2122
4	19429	0.265377	2123
4	19438	0.265502	2124
4	19447	0.265627	2125
4	19456	0.265752	2126
4	19465	0.265877	2127
4	19474	0.266002	2128
4	19483	0.266127	2129
4	19492	0.266252	2130
4	19501	0.266377	2131
4	19510	0.266502	2132
4	19519	0.266627	2133
4	19528	0.266752	2134
4	19537	0.266877	2135
4	19546	0.267002	2136
4	19555	0.267127	2137
4	19564	0.267252	2138
4	19573	0.267377	2139
4	19582	0.267502	2140
4	19591	0.267627	2141
4	19600	0.267752	2142
4	19609	0.267877	2143
4	19618	0.268002	2144
4	19627	0.268127	2145
4	19640	0.268252	2146
4	19649	0.268377	2147
4	19658	0.268502	2148
4	19667	0.268627	2149
4	19676	0.268752	2150
4	19685	0.268877	2151
4	19694	0.269002	2152
4	19703	0.269127	2153
4	19712	0.269252	2154
4	19721	0.269377	2155
4	19730	0.269502	2156
4	19739	0.269627	2157
4	19748	0.269752	2158
4	19757	0.269877	2159
4	19766	0.270002	2160
4	19775	0.270127	2161
4	19784	0.270252	2162
4	19793	0.270377	2163
4	19802	0.270502	2164
4	19811	0.270627	2165
4	19820	0.270752	2166
4	19829	0.270877	2167
4	19838	0.271002	2168
4	19847	0.271127	2169
4	19856	0.271252	2170
4	19865	0.271377	2171
4	19876	0.271502	2172
4	19887	0.271627	2173
4	19896	0.271752	2174
4	19905	0.271877	2175
4	19914	0.272002	2176
4	19923	0.272127	2177
4	19932	0.272252	2178
4	19941	0.272377	2179
4	19950	0.272502	2180
4	19959	0.272627	2181
4	19968	0.272752	2182
4	19977	0.272877	2183
4	19986	0.273002	2184
4	19995	0.273127	2185
4	20004	0.273252	2186
4	20013	0.273377	2187
4	20022	0.273502	2188
4	20031	0.273627	2189
4	20040	0.273752	2190
4	20049	0.273877	2191
4	20058	0.274002	2192
4	20067	0.274127	2193
4	20076	0.274252	2194
4	20085	0.274377	2195
4	20094	0.274502	2196
4	20103	0.274627	2197
4	20112	0.274752	2198
4	20125	0.274877	2199
4	20134	0.275002	2200
4	20143	0.275127	2201
4	20152	0.275252	2202
4	20161	0.275377	2203
4	20170	0.275502	2204
4	20179	0.275627	2205
4	20188	0.275752	2206
4	20197	0.275877	2207
4	20206	0.276002	2208
4	20215	0.276127	2209
4	20224	0.276252	2210
4	20233	0.276377	2211
4	20242	0.276502	2212
4	20251	0.276627	2213
4	20260	0.276752	2214
4	20269	0.276877	2215
4	20278	0.277002	2216
4	20287	0.277127	2217
4	20296	0.277252	2218
4	20305	0.277377	2219
4	20314	0.277502	2220
4	20323	0.277627	2221
4	20332	0.277752	2222
4	20341	0.277877	2223
4	20350	0.278002	2224
4	20363	0.278127	2225
4	20372	0.278252	2226
4	20381	0.278377	2227
4	20390	0.278502	2228
4	20399	0.278627	2229
4	20408	0.278752	2230
4	20417	0.278877	2231
4	20426	0.279002	2232
4	20435	0.279127	2233
4	20444	0.279252	2234
4	20453	0.279377	2235
4	20462	0.279502	2236
4	20471	0.279627	2237
4	20480	0.279752	2238
4	20489	0.279877	2239
4	20498	0.280002	2240
4	20507	0.280127	2241
4	20516	0.280252	2242
4	20525	0.280377	2243
4	20534	0.280502	2244
4	20543	0.280627	2245
4	20552	0.280752	2246
4	20561	0.280877	2247
4	20570	0.281002	2248
4	20579	0.281127	2249
4	20588	0.281252	2250
4	20601	0.281377	2251
4	20610	0.281502	2252
4	20619	0.281627	2253
4	20628	0.281752	2254
4	20637	0.281877	2255
4	20646	0.282002	2256
4	20655	0.282127	2257
4	20664	0.282252	2258
4	20673	0.282377	2259
4	20682	0.282502	2260
4	20691	0.282627	2261
4	20700	0.282752	2262
4	20709	0.282877	2263
4	20718	0.283002	2264
4	20727	0.283127	2265
4	20736	0.283252	2266
4	20745	0.283377	2267
4	20754	0.283502	2268
4	20763	0.283627	2269
4	20772	0.283752	2270
4	20781	0.283877	2271
4	20790	0.284002	2272
4	20799	0.284127	2273
4	20808	0.284252	2274
4	20817	0.284377	2275
4	20826	0.284502	2276
4	20839	0.284627	2277
4	20848	0.284752	2278
4	20857	0.284877	2279
4	20866	0.285002	2280
4	20875	0.285127	2281
4	20884	0.285252	2282
4	20893	0.285377	2283
4	20902	0.285502	2284
4	20911	0.285627	2285
4	20920	0.285752	2286
4	20929	0.285877	2287
4	20938	0.286002	2288
4	20947	0.286127	2289
4	20956	0.286252	2290
4	20965	0.286377	2291
4	20974	0.286502	2292
4	20983	0.286627	2293
4	20992	0.286752	2294
4	21001	0.286877	2295
4	21010	0.287002	2296
4	21019	0.287127	2297
4	21028	0.287252	2298
4	21037	0.287377	2299
4	21046	0.287502	2300
4	21055	0.287627	2301
4	21064	0.287752	2302
4	21077	0.287877	2303
4	21086	0.288002	2304
4	21095	0.288127	2305
4	21104	0.288252	2306
4	21113	0.288377	2307
4	21122	0.288502	2308
4	21131	0.288627	2309
4	21140	0.288752	2310
4	21149	0.288877	2311
4	21158	0.289002	2312
4	21167	0.289127	2313
4	21176	0.289252	2314
4	21185	0.289377	2315
4	21194	0.289502	2316
4	21203	0.289627	2317
4	21212	0.289752	2318
4	21221	0.289877	2319
4	21230	0.290002	2320
4	21239	0.290127	2321
4	21248	0.290252	2322
4	21257	0.290377	2323
4	21266	0.290502	2324
4	21275	0.290627	2325
4	21284	0.290752	2326
4	21293	0.290877	2327
4	21302	0.291002	2328
4	21311	0.291127	2329
4	21324	0.291252	2330
4	21333	0.291377	2331
4	21342	0.291502	2332
4	21351	0.291627	2333
4	21360	0.291752	2334
4	21369	0.291877	2335
4	21378	0.292002	2336
4	21387	0.292127	2337
4	21396	0.292252	2338
4	21405	0.292377	2339
4	21414	0.292502	2340
4	21423	0.292627	2341
4	21432	0.292752	2342
4	21441	0.292877	2343
4	21450	0.293002	2344
4	21459	0.293127	2345
4	21468	0.293252	2346
4	21477	0.293377	2347
4	21486	0.293502	2348
4	21495	0.293627	2349
4	21504	0.293752	2350
4	21513	0.293877	2351
4	21522	0.294002	2352
4	21531	0.294127	2353
4	21540	0.294252	2354
4	21549	0.294377	2355
4	21562	0.294502	2356
4	21571	0.294627	2357
4	21580	0.294752	2358
4	21589	0.294877	2359
4	21598	0.295002	2360
4	21607	0.295127	2361
4	21616	0.295252	2362
4	21625	0.295377	2363
4	21634	0.295502	2364
4	21643	0.295627	2365
4	21652	0.295752	2366
4	21661	0.295877	2367
4	21670	0.296002	2368
4	21679	0.296127	2369
4	21688	0.296252	2370
4	21697	0.296377	2371
4	21706	0.296502	2372
4	21715	0.296627	2373
4	21724	0.296752	2374
4	21733	0.296877	2375
4	21742	0.297002	2376
4	21751	0.297127	2377
4	21760	0.297252	2378
4	21769	0.297377	2379
4	21778	0.297502	2380
4	21787	0.297627	2381
4	21800	0.297752	2382
4	21809	0.297877	2383
4	21818	0.298002	2384
4	21827	0.298127	2385
4	21836	0.298252	2386
4	21845	0.298377	2387
4	21854	0.298502	2388
4	21863	0.298627	2389
4	21872	0.298752	2390
4	21881	0.298877	2391
4	21890	0.299002	2392
4	21899	0.299127	2393
4	21908	0.299252	2394
4	21917	0.299377	2395
4	21926	0.299502	2396
4	21935	0.299627	2397
4	21944	0.299752	2398
4	21953	0.299877	2399
4	21962	0.300002	2400
4	21971	0.300127	2401
4	21980	0.300252	2402
4	21989	0.300377	2403
4	21998	0.300502	2404
4	22007	0.300627	2405
4	22016	0.300752	2406
4	22025	0.300877	2407
4	22038	0.301002	2408
4	22047	0.301127	2409
4	22056	0.301252	2410
4	22065	0.301377	2411
4	22074	0.301502	2412
4	22083	0.301627	2413
4	22092	0.301752	2414
4	22101	0.301877	2415
4	22110	0.302002	2416
4	22119	0.302127	2417
4	22128	0.302252	2418
4	22137	0.302377	2419
4	22146	0.302502	2420
4	22155	0.302627	2421
4	22164	0.302752	2422
4	22173	0.302877	2423
4	22182	0.303002	2424
4	22191	0.303127	2425
4	22200	0.303252	2426
4	22209	0.303377	2427
4	22218	0.303502	2428
4	22227	0.303627	2429
4	22236	0.303752	2430
4	22245	0.303877	2431
4	22254	0.304002	2432
4	22263	0.304127	2433
4	22276	0.304252	2434
4	22285	0.304377	2435
4	22294	0.304502	2436
4	22303	0.304627	2437
4	22312	0.304752	2438
4	22321	0.304877	2439
4	22330	0.305002	2440
4	22339	0.305127	2441
4	22348	0.305252	2442
4	22357	0.305377	2443
4	22366	0.305502	2444
4	22375	0.305627	2445
4	22384	0.305752	2446
4	22393	0.305877	2447
4	22402	0.306002	2448
4	22411	0.306127	2449
4	22420	0.306252	2450
4	22429	0.306377	2451
4	22438	0.306502	2452
4	22447	0.306627	2453
4	22456	0.306752	2454
4	22465	0.306877	2455
4	22474	0.307002	2456
4	22483	0.307127	2457
4	22492	0.307252	2458
4	22501	0.307377	2459
4	22514	0.307502	2460
4	22523	0.307627	2461
4	22532	0.307752	2462
4	22541	0.307877	2463
4	22550	0.308002	2464
4	22559	0.308127	2465
4	22568	0.308252	2466
4	22577	0.308377	2467
4	22586	0.308502	2468
4	22595	0.308627	2469
4	22604	0.308752	2470
4	22613	0.308877	2471
4	22622	0.309002	2472
4	22631	0.309127	2473
4	22640	0.309252	2474
4	22649	0.309377	2475
4	22658	0.309502	2476
4	22667	0.309627	2477
4	22676	0.309752	2478
4	22685	0.309877	2479
4	22694	0.310002	2480
4	22703	0.310127	2481
4	22712	0.310252	2482
4	22721	0.310377	2483
4	22730	0.310502	2484
4	22739	0.310627	2485
4	22748	0.310752	2486
4	22761	0.310877	2487
4	22770	0.311002	2488
4	22779	0.311127	2489
4	22788	0.311252	2490
4	22797	0.311377	2491
4	22806	0.311502	2492
4	22815	0.311627	2493
4	22824	0.311752	2494
4	22833	0.311877	2495
4	22842	0.312002	2496
4	22851	0.312127	2497
4	22860	0.312252	2498
4	22869	0.312377	2499
4	22878	0.312502	2500
4	22887	0.312627	2501
4	22896	0.312752	2502
4	22905	0.312877	2503
4	22914	0.313002	2504
4	22923	0.313127	2505
4	22932	0.313252	2506
4	22941	0.313377	2507
4	22950	0.313502	2508
4	22959	0.313627	2509
4	22968	0.313752	2510
4	22977	0.313877	2511
4	22986	0.314002	2512
4	22999	0.314127	2513
4	23008	0.314252	2514
4	23017	0.314377	2515
4	23026	0.314502	2516
4	23035	0.314627	2517
4	23044	0.314752	2518
4	23053	0.314877	2519
4	23062	0.315002	2520
4	23071	0.315127	2521
4	23080	0.315252	2522
4	23089	0.315377	2523
4	23098	0.315502	2524
4	23107	0.315627	2525
4	23116	0.315752	2526
4	23125	0.315877	2527
4	23134	0.316002	2528
4	23143	0.316127	2529
4	23152	0.316252	2530
4	23161	0.316377	2531
4	23170	0.316502	2532
4	23179	0.316627	2533
4	23188	0.316752	2534
4	23197	0.316877	2535
4	23206	0.317002	2536
4	23215	0.317127	2537
4	23224	0.317252	2538
4	23237	0.317377	2539
4	23246	0.317502	2540
4	23255	0.317627	2541
4	23264	0.317752	2542
4	23273	0.317877	2543
4	23282	0.318002	2544
4	23291	0.318127	2545
4	23300	0.318252	2546
4	23309	0.318377	2547
4	23318	0.318502	2548
4	23327	0.318627	2549
4	23336	0.318752	2550
4	23345	0.318877	2551
4	23354	0.319002	2552
4	23363	0.319127	2553
4	23372	0.319252	2554
4	23381	0.319377	2555
4	23390	0.319502	2556
4	23399	0.319627	2557
4	23408	0.319752	2558
4	23417	0.319877	2559
4	23426	0.320002	2560
4	23435	0.320127	2561
4	23444	0.320252	2562
4	23453	0.320377	2563
4	23462	0.320502	2564
4	23475	0.320627	2565
4	23484	0.320752	2566
4	23493	0.320877	2567
4	23502	0.321002	2568
4	23511	0.321127	2569
4	23520	0.321252	2570
4	23529	0.321377	2571
4	23538	0.321502	2572
4	23547	0.321627	2573
4	23556	0.321752	2574
4	23565	0.321877	2575
4	23574	0.322002	2576
4	23583	0.322127	2577
4	23592	0.322252	2578
4	23601	0.322377	2579
4	23610	0.322502	2580
4	23619	0.322627	2581
4	23628	0.322752	2582
4	23637	0.322877	2583
4	23646	0.323002	2584
4	23655	0.323127	2585
4	23664	0.323252	2586
4	23673	0.323377	2587
4	23682	0.323502	2588
4	23691	0.323627	2589
4	23700	0.323752	2590
4	23713	0.323877	2591
4	23722	0.324002	2592
4	23731	0.324127	2593
4	23740	0.324252	2594
4	23749	0.324377	2595
4	23758	0.324502	2596
4	23767	0.324627	2597
4	23776	0.324752	2598
4	23785	0.324877	2599
4	23794	0.325002	2600
4	23803	0.325127	2601
4	23812	0.325252	2602
4	23821	0.325377	2603
4	23830	0.325502	2604
4	23839	0.325627	2605
4	23848	0.325752	2606
4	23857	0.325877	2607
4	23866	0.326002	2608
4	23875	0.326127	2609
4	23884	0.326252	2610
4	23893	0.326377	2611
4	23902	0.326502	2612
4	23911	0.326627	2613
4	23920	0.326752	2614
4	23929	0.326877	2615
4	23938	0.327002	2616
4	23951	0.327127	2617
4	23960	0.327252	2618
4	23969	0.327377	2619
4	23978	0.327502	2620
4	23987	0.327627	2621
4	23996	0.327752	2622
4	24005	0.327877	2623
4	24014	0.328002	2624
4	24023	0.328127	2625
4	24032	0.328252	2626
4	24041	0.328377	2627
4	24050	0.328502	2628
4	24059	0.328627	2629
4	24068	0.328752	2630
4	24077	0.328877	2631
4	24086	0.329002	2632
4	24095	0.329127	2633
4	24104	0.329252	2634
4	24113	0.329377	2635
4	24122	0.329502	2636
4	24131	0.329627	2637
4	24140	0.329752	2638
4	24149	0.329877	2639
4	24158	0.330002	2640
4	24167	0.330127	2641
4	24176	0.330252	2642
4	24185	0.330377	2643
4	24198	0.330502	2644
4	24207	0.330627	2645
4	24216	0.330752	2646
4	24225	0.330877	2647
4	24234	0.331002	2648
4	24243	0.331127	2649
4	24252	0.331252	2650
4	24261	0.331377	2651
4	24270	0.331502	2652
4	24279	0.331627	2653
4	24288	0.331752	2654
4	24297	0.331877	2655
4	24306	0.332002	2656
4	24315	0.332127	2657
4	24324	0.332252	2658
4	24333	0.332377	2659
4	24342	0.332502	2660
4	24351	0.332627	2661
4	24360	0.332752	2662
4	24369	0.332877	2663
4	24378	0.333002	2664
4	24387	0.333127	2665
4	24396	0.333252	2666
4	24405	0.333377	2667
4	24414	0.333502	2668
4	24423	0.333627	2669
4	24436	0.333752	2670
4	24445	0.333877	2671
4	24454	0.334002	2672
4	24463	0.334127	2673
4	24472	0.334252	2674
4	24481	0.334377	2675
4	24490	0.334502	2676
4	24499	0.334627	2677
4	24508	0.334752	2678
4	24517	0.334877	2679
4	24526	0.335002	2680
4	24535	0.335127	2681
4	24544	0.335252	2682
4	24553	0.335377	2683
4	24562	0.335502	2684
4	24571	0.335627	2685
4	24580	0.335752	2686
4	24589	0.335877	2687
4	24598	0.336002	2688
4	24607	0.336127	2689
4	24616	0.336252	2690
4	24625	0.336377	2691
4	24634	0.336502	2692
4	24643	0.336627	2693
4	24652	0.336752	2694
4	24661	0.336877	2695
4	24674	0.337002	2696
4	24683	0.337127	2697
4	24692	0.337252	2698
4	24701	0.337377	2699
4	24710	0.337502	2700
4	24719	0.337627	2701
4	24728	0.337752	2702
4	24737	0.337877	2703
4	24746	0.338002	2704
4	24755	0.338127	2705
4	24764	0.338252	2706
4	24773	0.338377	2707
4	24782	0.338502	2708
4	24791	0.338627	2709
4	24800	0.338752	2710
4	24809	0.338877	2711
4	24818	0.339002	2712
4	24827	0.339127	2713
4	24836	0.339252	2714
4	24845	0.339377	2715
4	24854	0.339502	2716
4	24863	0.339627	2717
4	24872	0.339752	2718
4	24881	0.339877	2719
4	24890	0.340002	2720
4	24899	0.340127	2721
4	24912	0.340252	2722
4	24921	0.340377	2723
4	24930	0.340502	2724
4	24939	0.340627	2725
4	24948	0.340752	2726
4	24957	0.340877	2727
4	24966	0.341002	2728
4	24975	0.341127	2729
4	24984	0.341252	2730
4	24993	0.341377	2731
4	25002	0.341502	2732
4	25011	0.341627	2733
4	25020	0.341752	2734
4	25029	0.341877	2735
4	25038	0.342002	2736
4	25047	0.342127	2737
4	25056	0.342252	2738
4	25065	0.342377	2739
4	25074	0.342502	2740
4	25083	0.342627	2741
4	25092	0.342752	2742
4	25101	0.342877	2743
4	25110	0.343002	2744
4	25119	0.343127	2745
4	25128	0.343252	2746
4	25137	0.343377	2747
4	25150	0.343502	2748
4	25159	0.343627	2749
4	25168	0.343752	2750
4	25177	0.343877	2751
4	25186	0.344002	2752
4	25195	0.344127	2753
4	25204	0.344252	2754
4	25213	0.344377	2755
4	25222	0.344502	2756
4	25231	0.344627	2757
4	25240	0.344752	2758
4	25249	0.344877	2759
4	25258	0.345002	2760
4	25267	0.345127	2761
4	25276	0.345252	2762
4	25285	0.345377	2763
4	25294	0.345502	2764
4	25303	0.345627	2765
4	25312	0.345752	2766
4	25321	0.345877	2767
4	25330	0.346002	2768
4	25339	0.346127	2769
4	25348	0.346252	2770
4	25357	0.346377	2771
4	25366	0.346502	2772
4	25375	0.346627	2773
4	25386	0.346752	2774
4	25397	0.346877	2775
4	25406	0.347002	2776
4	25415	0.347127	2777
4	25424	0.347252	2778
4	25433	0.347377	2779
4	25442	0.347502	2780
4	25451	0.347627	2781
4	25460	0.347752	2782
4	25469	0.347877	2783
4	25478	0.348002	2784
4	25487	0.348127	2785
4	25496	0.348252	2786
4	25505	0.348377	2787
4	25514	0.348502	2788
4	25523	0.348627	2789
4	25532	0.348752	2790
4	25541	0.348877	2791
4	25550	0.349002	2792
4	25559	0.349127	2793
4	25568	0.349252	2794
4	25577	0.349377	2795
4	25586	0.349502	2796
4	25595	0.349627	2797
4	25604	0.349752	2798
4	25613	0.349877	2799
4	25622	0.350002	2800
4	25635	0.350127	2801
4	25644	0.350252	2802
4	25653	0.350377	2803
4	25662	0.350502	2804
4	25671	0.350627	2805
4	25680	0.350752	2806
4	25689	0.350877	2807
4	25698	0.351002	2808
4	25707	0.351127	2809
4	25716	0.351252	2810
4	25725	0.351377	2811
4	25734	0.351502	2812
4	25743	0.351627	2813
4	25752	0.351752	2814
4	25761	0.351877	2815
4	25770	0.352002	2816
4	25779	0.352127	2817
4	25788	0.352252	2818
4	25797	0.352377	2819
4	25806	0.352502	2820
4	25815	0.352627	2821
4	25824	0.352752	2822
4	25833	0.352877	2823
4	25842	0.353002	2824
4	25851	0.353127	2825
4	25860	0.353252	2826
4	25873	0.353377	2827
4	25882	0.353502	2828
4	25891	0.353627	2829
4	25900	0.353752	2830
4	25909	0.353877	2831
4	25918	0.354002	2832
4	25927	0.354127	2833
4	25936	0.354252	2834
4	25945	0.354377	2835
4	25954	0.354502	2836
4	25963	0.354627	2837
4	25972	0.354752	2838
4	25981	0.354877	2839
4	25990	0.355002	2840
4	25999	0.355127	2841
4	26008	0.355252	2842
4	26017	0.355377	2843
4	26026	0.355502	2844
4	26035	0.355627	2845
4	26044	0.355752	2846
4	26053	0.355877	2847
4	26062	0.356002	2848
4	26071	0.356127	2849
4	26080	0.356252	2850
4	26089	0.356377	2851
4	26098	0.356502	2852
4	26111	0.356627	2853
4	26120	0.356752	2854
4	26129	0.356877	2855
4	26138	0.357002	2856
4	26147	0.357127	2857
4	26156	0.357252	2858
4	26165	0.357377	2859
4	26174	0.357502	2860
4	26183	0.357627	2861
4	26192	0.357752	2862
4	26201	0.357877	2863
4	26210	0.358002	2864
4	26219	0.358127	2865
4	26228	0.358252	2866
4	26237	0.358377	2867
4	26246	0.358502	2868
4	26255	0.358627	2869
4	26264	0.358752	2870
4	26273	0.358877	2871
4	26282	0.359002	2872
4	26291	0.359127	2873
4	26300	0.359252	2874
4	26309	0.359377	2875
4	26318	0.359502	2876
4	26327	0.359627	2877
4	26336	0.359752	2878
4	26349	0.359877	2879
4	26358	0.360002	2880
4	26367	0.360127	2881
4	26376	0.360252	2882
4	26385	0.360377	2883
4	26394	0.360502	2884
4	26403	0.360627	2885
4	26412	0.360752	2886
4	26421	0.360877	2887
4	26430	0.361002	2888
4	26439	0.361127	2889
4	26448	0.361252	2890
4	26457	0.361377	2891
4	26466	0.361502	2892
4	26475	0.361627	2893
4	26484	0.361752	2894
4	26493	0.361877	2895
4	26502	0.362002	2896
4	26511	0.362127	2897
4	26520	0.362252	2898
4	26529	0.362377	2899
4	26538	0.362502	2900
4	26547	0.362627	2901
4	26556	0.362752	2902
4	26565	0.362877	2903
4	26574	0.363002	2904
4	26587	0.363127	2905
4	26596	0.363252	2906
4	26605	0.363377	2907
4	26614	0.363502	2908
4	26623	0.363627	2909
4	26632	0.363752	2910
4	26641	0.363877	2911
4	26650	0.364002	2912
4	26659	0.364127	2913
4	26668	0.364252	2914
4	26677	0.364377	2915
4	26686	0.364502	2916
4	26695	0.364627	2917
4	26704	0.364752	2918
4	26713	0.364877	2919
4	26722	0.365002	2920
4	26731	0.365127	2921
4	26740	0.365252	2922
4	26749	0.365377	2923
4	26758	0.365502	2924
4	26767	0.365627	2925
4	26776	0.365752	2926
4	26785	0.365877	2927
4	26794	0.366002	2928
4	26803	0.366127	2929
4	26812	0.366252	2930
4	26821	0.366377	2931
4	26834	0.366502	2932
4	26843	0.366627	2933
4	26852	0.366752	2934
4	26861	0.366877	2935
4	26870	0.367002	2936
4	26879	0.367127	2937
4	26888	0.367252	2938
4	26897	0.367377	2939
4	26906	0.367502	2940
4	26915	0.367627	2941
4	26924	0.367752	2942
4	26933	0.367877	2943
4	26942	0.368002	2944
4	26951	0.368127	2945
4	26960	0.368252	2946
4	26969	0.368377	2947
4	26978	0.368502	2948
4	26987	0.368627	2949
4	26996	0.368752	2950
4	27005	0.368877	2951
4	27014	0.369002	2952
4	27023	0.369127	2953
4	27032	0.369252	2954
4	27041	0.369377	2955
4	27050	0.369502	2956
4	27059	0.369627	2957
4	27072	0.369752	2958
4	27081	0.369877	2959
4	27090	0.370002	2960
4	27099	0.370127	2961
4	27108	0.370252	2962
4	27117	0.370377	2963
4	27126	0.370502	2964
4	27135	0.370627	2965
4	27144	0.370752	2966
4	27153	0.370877	2967
4	27162	0.371002	2968
4	27171	0.371127	2969
4	27180	0.371252	2970
4	27189	0.371377	2971
4	27198	0.371502	2972
4	27207	0.371627	2973
4	27216	0.371752	2974
4	27225	0.371877	2975
4	27234	0.372002	2976
4	27243	0.372127	2977
4	27252	0.372252	2978
4	27261	0.372377	2979
4	27270	0.372502	2980
4	27279	0.372627	2981
4	27288	0.372752	2982
4	27297	0.372877	2983
4	27310	0.373002	2984
4	27319	0.373127	2985
4	27328	0.373252	2986
4	27337	0.373377	2987
4	27346	0.373502	2988
4	27355	0.373627	2989
4	27364	0.373752	2990
4	27373	0.373877	2991
4	27382	0.374002	2992
4	27391	0.374127	2993
4	27400	0.374252	2994
4	27409	0.374377	2995
4	27418	0.374502	2996
4	27427	0.374627	2997
4	27436	0.374752	2998
4	27445	0.374877	2999
4	27454	0.375002	3000
4	27463	0.375127	3001
4	27472	0.375252	3002
4	27481	0.375377	3003
4	27490	0.375502	3004
4	27499	0.375627	3005
4	27508	0.375752	3006
4	27517	0.375877	3007
4	27526	0.376002	3008
4	27535	0.376127	3009
4	27548	0.376252	3010
4	27557	0.376377	3011
4	27566	0.376502	3012
4	27575	0.376627	3013
4	27584	0.376752	3014
4	27593	0.376877	3015
4	27602	0.377002	3016
4	27611	0.377127	3017
4	27620	0.377252	3018
4	27629	0.377377	3019
4	27638	0.377502	3020
4	27647	0.377627	3021
4	27656	0.377752	3022
4	27665	0.377877	3023
4	27674	0.378002	3024
4	27683	0.378127	3025
4	27692	0.378252	3026
4	27701	0.378377	3027
4	27710	0.378502	3028
4	27719	0.378627	3029
4	27728	0.378752	3030
4	27737	0.378877	3031
4	27746	0.379002	3032
4	27755	0.379127	3033
4	27764	0.379252	3034
4	27773	0.379377	3035
4	27786	0.379502	3036
4	27795	0.379627	3037
4	27804	0.379752	3038
4	27813	0.379877	3039
4	27822	0.380002	3040
4	27831	0.380127	3041
4	27840	0.380252	3042
4	27849	0.380377	3043
4	27858	0.380502	3044
4	27867	0.380627	3045
4	27876	0.380752	3046
4	27885	0.380877	3047
4	27894	0.381002	3048
4	27903	0.381127	3049
4	27912	0.381252	3050
4	27921	0.381377	3051
4	27930	0.381502	3052
4	27939	0.381627	3053
4	27948	0.381752	3054
4	27957	0.381877	3055
4	27966	0.382002	3056
4	27975	0.382127	3057
4	27984	0.382252	3058
4	27993	0.382377	3059
4	28002	0.382502	3060
4	28011	0.382627	3061
4	28024	0.382752	3062
4	28033	0.382877	3063
4	28042	0.383002	3064
4	28051	0.383127	3065
4	28060	0.383252	3066
4	28069	0.383377	3067
4	28078	0.383502	3068
4	28087	0.383627	3069
4	28096	0.383752	3070
4	28105	0.383877	3071
4	28114	0.384002	3072
4	28123	0.384127	3073
4	28132	0.384252	3074
4	28141	0.384377	3075
4	28150	0.384502	3076
4	28159	0.384627	3077
4	28168	0.384752	3078
4	28177	0.384877	3079
4	28186	0.385002	3080
4	28195	0.385127	3081
4	28204	0.385252	3082
4	28213	0.385377	3083
4	28222	0.385502	3084
4	28231	0.385627	3085
4	28240	0.385752	3086
4	28249	0.385877	3087
4	28258	0.386002	3088
4	28271	0.386127	3089
4	28280	0.386252	3090
4	28289	0.386377	3091
4	28298	0.386502	3092
4	28307	0.386627	3093
4	28316	0.386752	3094
4	28325	0.386877	3095
4	28334	0.387002	3096
4	28343	0.387127	3097
4	28352	0.387252	3098
4	28361	0.387377	3099
4	28370	0.387502	3100
4	28379	0.387627	3101
4	28388	0.387752	3102
4	28397	0.387877	3103
4	28406	0.388002	3104
4	28415	0.388127	3105
4	28424	0.388252	3106
4	28433	0.388377	3107
4	28442	0.388502	3108
4	28451	0.388627	3109
4	28460	0.388752	3110
4	28469	0.388877	3111
4	28478	0.389002	3112
4	28487	0.389127	3113
4	28496	0.389252	3114
4	28509	0.389377	3115
4	28518	0.389502	3116
4	28527	0.389627	3117
4	28536	0.389752	3118
4	28545	0.389877	3119
4	28554	0.390002	3120
4	28563	0.390127	3121
4	28572	0.390252	3122
4	28581	0.390377	3123
4	28590	0.390502	3124
4	28599	0.390627	3125
4	28608	0.390752	3126
4	28617	0.390877	3127
4	28626	0.391002	3128
4	28635	0.391127	3129
4	28644	0.391252	3130
4	28653	0.391377	3131
4	28662	0.391502	3132
4	28671	0.391627	3133
4	28680	0.391752	3134
4	28689	0.391877	3135
4	28698	0.392002	3136
4	28707	0.392127	3137
4	28716	0.392252	3138
4	28725	0.392377	3139
4	28734	0.392502	3140
4	28747	0.392627	3141
4	28756	0.392752	3142
4	28765	0.392877	3143
4	28774	0.393002	3144
4	28783	0.393127	3145
4	28792	0.393252	3146
4	28801	0.393377	3147
4	28810	0.393502	3148
4	28819	0.393627	3149
4	28828	0.393752	3150
4	28837	0.393877	3151
4	28846	0.394002	3152
4	28855	0.394127	3153
4	28864	0.394252	3154
4	28873	0.394377	3155
4	28882	0.394502	3156
4	28891	0.394627	3157
4	28900	0.394752	3158
4	28909	0.394877	3159
4	28918	0.395002	3160
4	28927	0.395127	3161
4	28936	0.395252	3162
4	28945	0.395377	3163
4	28954	0.395502	3164
4	28963	0.395627	3165
4	28972	0.395752	3166
4	28985	0.395877	3167
4	28994	0.396002	3168
4	29003	0.396127	3169
4	29012	0.396252	3170
4	29021	0.396377	3171
4	29030	0.396502	3172
4	29039	0.396627	3173
4	29048	0.396752	3174
4	29057	0.396877	3175
4	29066	0.397002	3176
4	29075	0.397127	3177
4	29084	0.397252	3178
4	29093	0.397377	3179
4	29102	0.397502	3180
4	29111	0.397627	3181
4	29120	0.397752	3182
4	29129	0.397877	3183
4	29138	0.398002	3184
4	29147	0.398127	3185
4	29156	0.398252	3186
4	29165	0.398377	3187
4	29174	0.398502	3188
4	29183	0.398627	3189
4	29192	0.398752	3190
4	29201	0.398877	3191
4	29210	0.399002	3192
4	29223	0.399127	3193
4	29232	0.399252	3194
4	29241	0.399377	3195
4	29250	0.399502	3196
4	29259	0.399627	3197
4	29268	0.399752	3198
4	29277	0.399877	3199
4	29286	0.400002	3200
4	29295	0.400127	3201
4	29304	0.400252	3202
4	29313	0.400377	3203
4	29322	0.400502	3204
4	29331	0.400627	3205
4	29340	0.400752	3206
4	29349	0.400877	3207
4	29358	0.401002	3208
4	29367	0.401127	3209
4	29376	0.401252	3210
4	29385	0.401377	3211
4	29394	0.401502	3212
4	29403	0.401627	3213
4	29412	0.401752	3214
4	29421	0.401877	3215
4	29430	0.402002	3216
4	29439	0.402127	3217
4	29448	0.402252	3218
4	29461	0.402377	3219
4	29470	0.402502	3220
4	29479	0.402627	3221
4	29488	0.402752	3222
4	29497	0.402877	3223
4	29506	0.403002	3224
4	29515	0.403127	3225
4	29524	0.403252	3226
4	29533	0.403377	3227
4	29542	0.403502	3228
4	29551	0.403627	3229
4	29560	0.403752	3230
4	29569	0.403877	3231
4	29578	0.404002	3232
4	29587	0.404127	3233
4	29596	0.404252	3234
4	29605	0.404377	3235
4	29614	0.404502	3236
4	29623	0.404627	3237
4	29632	0.404752	3238
4	29641	0.404877	3239
4	29650	0.405002	3240
4	29659	0.405127	3241
4	29668	0.405252	3242
4	29677	0.405377	3243
4	29686	0.405502	3244
4	29695	0.405627	3245
4	29708	0.405752	3246
4	29717	0.405877	3247
4	29726	0.406002	3248
4	29735	0.406127	3249
4	29744	0.406252	3250
4	29753	0.406377	3251
4	29762	0.406502	3252
4	29771	0.406627	3253
4	29780	0.406752	3254
4	29789	0.406877	3255
4	29798	0.407002	3256
4	29807	0.407127	3257
4	29816	0.407252	3258
4	29825	0.407377	3259
4	29834	0.407502	3260
4	29843	0.407627	3261
4	29852	0.407752	3262
4	29861	0.407877	3263
4	29870	0.408002	3264
4	29879	0.408127	3265
4	29888	0.408252	3266
4	29897	0.408377	3267
4	29906	0.408502	3268
4	29915	0.408627	3269
4	29924	0.408752	3270
4	29933	0.408877	3271
4	29946	0.409002	3272
4	29955	0.409127	3273
4	29964	0.409252	3274
4	29973	0.409377	3275
4	29982	0.409502	3276
4	29991	0.409627	3277
4	30000	0.409752	3278
4	30009	0.409877	3279
4	30018	0.410002	3280
4	30027	0.410127	3281
4	30036	0.410252	3282
4	30045	0.410377	3283
4	30054	0.410502	3284
4	30063	0.410627	3285
4	30072	0.410752	3286
4	30081	0.410877	3287
4	30090	0.411002	3288
4	30099	0.411127	3289
4	30108	0.411252	3290
4	30117	0.411377	3291
4	30126	0.411502	3292
4	30135	0.411627	3293
4	30144	0.411752	3294
4	30153	0.411877	3295
4	30162	0.412002	3296
4	30171	0.412127	3297
4	30184	0.412252	3298
4	30193	0.412377	3299
4	30202	0.412502	3300
4	30211	0.412627	3301
4	30220	0.412752	3302
4	30229	0.412877	3303
4	30238	0.413002	3304
4	30247	0.413127	3305
4	30256	0.413252	3306
4	30265	0.413377	3307
4	30274	0.413502	3308
4	30283	0.413627	3309
4	30292	0.413752	3310
4	30301	0.413877	3311
4	30310	0.414002	3312
4	30319	0.414127	3313
4	30328	0.414252	3314
4	30337	0.414377	3315
4	30346	0.414502	3316
4	30355	0.414627	3317
4	30364	0.414752	3318
4	30373	0.414877	3319
4	30382	0.415002	3320
4	30391	0.415127	3321
4	30400	0.415252	3322
4	30409	0.415377	3323
4	30422	0.415502	3324
4	30431	0.415627	3325
4	30440	0.415752	3326
4	30449	0.415877	3327
4	30458	0.416002	3328
4	30467	0.416127	3329
4	30476	0.416252	3330
4	30485	0.416377	3331
4	30494	0.416502	3332
4	30503	0.416627	3333
4	30512	0.416752	3334
4	30521	0.416877	3335
4	30530	0.417002	3336
4	30539	0.417127	3337
4	30548	0.417252	3338
4	30557	0.417377	3339
4	30566	0.417502	3340
4	30575	0.417627	3341
4	30584	0.417752	3342
4	30593	0.417877	3343
4	30602	0.418002	3344
4	30611	0.418127	3345
4	30620	0.418252	3346
4	30629	0.418377	3347
4	30638	0.418502	3348
4	30647	0.418627	3349
4	30660	0.418752	3350
4	30669	0.418877	3351
4	30678	0.419002	3352
4	30687	0.419127	3353
4	30696	0.419252	3354
4	30705	0.419377	3355
4	30714	0.419502	3356
4	30723	0.419627	3357
4	30732	0.419752	3358
4	30741	0.419877	3359
4	30750	0.420002	3360
4	30759	0.420127	3361
4	30768	0.420252	3362
4	30777	0.420377	3363
4	30786	0.420502	3364
4	30795	0.420627	3365
4	30804	0.420752	3366
4	30813	0.420877	3367
4	30822	0.421002	3368
4	30831	0.421127	3369
4	30840	0.421252	3370
4	30849	0.421377	3371
4	30858	0.421502	3372
4	30867	0.421627	3373
4	30876	0.421752	3374
4	30885	0.421877	3375
4	30896	0.422002	3376
4	30907	0.422127	3377
4	30916	0.422252	3378
4	30925	0.422377	3379
4	30934	0.422502	3380
4	30943	0.422627	3381
4	30952	0.422752	3382
4	30961	0.422877	3383
4	30970	0.423002	3384
4	30979	0.423127	3385
4	30988	0.423252	3386
4	30997	0.423377	3387
4	31006	0.423502	3388
4	31015	0.423627	3389
4	31024	0.423752	3390
4	31033	0.423877	3391
4	31042	0.424002	3392
4	31051	0.424127	3393
4	31060	0.424252	3394
4	31069	0.424377	3395
4	31078	0.424502	3396
4	31087	0.424627	3397
4	31096	0.424752	3398
4	31105	0.424877	3399
4	31114	0.425002	3400
4	31123	0.425127	3401
4	31132	0.425252	3402
4	31145	0.425377	3403
4	31154	0.425502	3404
4	31163	0.425627	3405
4	31172	0.425752	3406
4	31181	0.425877	3407
4	31190	0.426002	3408
4	31199	0.426127	3409
4	31208	0.426252	3410
4	31217	0.426377	3411
4	31226	0.426502	3412
4	31235	0.426627	3413
4	31244	0.426752	3414
4	31253	0.426877	3415
4	31262	0.427002	3416
4	31271	0.427127	3417
4	31280	0.427252	3418
4	31289	0.427377	3419
4	31298	0.427502	3420
4	31307	0.427627	3421
4	31316	0.427752	3422
4	31325	0.427877	3423
4	31334	0.428002	3424
4	31343	0.428127	3425
4	31352	0.428252	3426
4	31361	0.428377	3427
4	31370	0.428502	3428
4	31383	0.428627	3429
4	31392	0.428752	3430
4	31401	0.428877	3431
4	31410	0.429002	3432
4	31419	0.429127	3433
4	31428	0.429252	3434
4	31437	0.429377	3435
4	31446	0.429502	3436
4	31455	0.429627	3437
4	31464	0.429752	3438
4	31473	0.429877	3439
4	31482	0.430002	3440
4	31491	0.430127	3441
4	31500	0.430252	3442
4	31509	0.430377	3443
4	31518	0.430502	3444
4	31527	0.430627	3445
4	31536	0.430752	3446
4	31545	0.430877	3447
4	31554	0.431002	3448
4	31563	0.431127	3449
4	31572	0.431252	3450
4	31581	0.431377	3451
4	31590	0.431502	3452
4	31599	0.431627	3453
4	31608	0.431752	3454
4	31621	0.431877	3455
4	31630	0.432002	3456
4	31639	0.432127	3457
4	31648	0.432252	3458
4	31657	0.432377	3459
4	31666	0.432502	3460
4	31675	0.432627	3461
4	31684	0.432752	3462
4	31693	0.432877	3463
4	31702	0.433002	3464
4	31711	0.433127	3465
4	31720	0.433252	3466
4	31729	0.433377	3467
4	31738	0.433502	3468
4	31747	0.433627	3469
4	31756	0.433752	3470
4	31765	0.433877	3471
4	31774	0.434002	3472
4	31783	0.434127	3473
4	31792	0.434252	3474
4	31801	0.434377	3475
4	31810	0.434502	3476
4	31819	0.434627	3477
4	31828	0.434752	3478
4	31837	0.434877	3479
4	31846	0.435002	3480
4	31859	0.435127	3481
4	31868	0.435252	3482
4	31877	0.435377	3483
4	31886	0.435502	3484
4	31895	0.435627	3485
4	31904	0.435752	3486
4	31913	0.435877	3487
4	31922	0.436002	3488
4	31931	0.436127	3489
4	31940	0.436252	3490
4	31949	0.436377	3491
4	31958	0.436502	3492
4	31967	0.436627	3493
4	31976	0.436752	3494
4	31985	0.436877	3495
4	31994	0.437002	3496
4	32003	0.437127	3497
4	32012	0.437252	3498
4	32021	0.437377	3499
4	32030	0.437502	3500
4	32039	0.437627	3501
4	32048	0.437752	3502
4	32057	0.437877	3503
4	32066	0.438002	3504
4	32075	0.438127	3505
4	32084	0.438252	3506
4	32097	0.438377	3507
4	32106	0.438502	3508
4	32115	0.438627	3509
4	32124	0.438752	3510
4	32133	0.438877	3511
4	32142	0.439002	3512
4	32151	0.439127	3513
4	32160	0.439252	3514
4	32169	0.439377	3515
4	32178	0.439502	3516
4	32187	0.439627	3517
4	32196	0.439752	3518
4	32205	0.439877	3519
4	32214	0.440002	3520
4	32223	0.440127	3521
4	32232	0.440252	3522
4	32241	0.440377	3523
4	32250	0.440502	3524
4	32259	0.440627	3525
4	32268	0.440752	3526
4	32277	0.440877	3527
4	32286	0.441002	3528
4	32295	0.441127	3529
4	32304	0.441252	3530
4	32313	0.441377	3531
4	32322	0.441502	3532
4	32331	0.441627	3533
4	32344	0.441752	3534
4	32353	0.441877	3535
4	32362	0.442002	3536
4	32371	0.442127	3537
4	32380	0.442252	3538
4	32389	0.442377	3539
4	32398	0.442502	3540
4	32407	0.442627	3541
4	32416	0.442752	3542
4	32425	0.442877	3543
4	32434	0.443002	3544
4	32443	0.443127	3545
4	32452	0.443252	3546
4	32461	0.443377	3547
4	32470	0.443502	3548
4	32479	0.443627	3549
4	32488	0.443752	3550
4	32497	0.443877	3551
4	32506	0.444002	3552
4	32515	0.444127	3553
4	32524	0.444252	3554
4	32533	0.444377	3555
4	32542	0.444502	3556
4	32551	0.444627	3557
4	32560	0.444752	3558
4	32569	0.444877	3559
4	32582	0.445002	3560
4	32591	0.445127	3561
4	32600	0.445252	3562
4	32609	0.445377	3563
4	32618	0.445502	3564
4	32627	0.445627	3565
4	32636	0.445752	3566
4	32645	0.445877	3567
4	32654	0.446002	3568
4	32663	0.446127	3569
4	32672	0.446252	3570
4	32681	0.446377	3571
4	32690	0.446502	3572
4	32699	0.446627	3573
4	32708	0.446752	3574
4	32717	0.446877	3575
4	32726	0.447002	3576
4	32735	0.447127	3577
4	32744	0.447252	3578
4	32753	0.447377	3579
4	32762	0.447502	3580
4	32771	0.447627	3581
4	32780	0.447752	3582
4	32789	0.447877	3583
4	32798	0.448002	3584
4	32807	0.448127	3585
4	32820	0.448252	3586
4	32829	0.448377	3587
4	32838	0.448502	3588
4	32847	0.448627	3589
4	32856	0.448752	3590
4	32865	0.448877	3591
4	32874	0.449002	3592
4	32883	0.449127	3593
4	32892	0.449252	3594
4	32901	0.449377	3595
4	32910	0.449502	3596
4	32919	0.449627	3597
4	32928	0.449752	3598
4	32937	0.449877	3599
4	32946	0.450002	3600
4	32955	0.450127	3601
4	32964	0.450252	3602
4	32973	0.450377	3603
4	32982	0.450502	3604
4	32991	0.450627	3605
4	33000	0.450752	3606
4	33009	0.450877	3607
4	33018	0.451002	3608
4	33027	0.451127	3609
4	33036	0.451252	3610
4	33045	0.451377	3611
4	33058	0.451502	3612
4	33067	0.451627	3613
4	33076	0.451752	3614
4	33085	0.451877	3615
4	33094	0.452002	3616
4	33103	0.452127	3617
4	33112	0.452252	3618
4	33121	0.452377	3619
4	33130	0.452502	3620
4	33139	0.452627	3621
4	33148	0.452752	3622
4	33157	0.452877	3623
4	33166	0.453002	3624
4	33175	0.453127	3625
4	33184	0.453252	3626
4	33193	0.453377	3627
4	33202	0.453502	3628
4	33211	0.453627	3629
4	33220	0.453752	3630
4	33229	0.453877	3631
4	33238	0.454002	3632
4	33247	0.454127	3633
4	33256	0.454252	3634
4	33265	0.454377	3635
4	33274	0.454502	3636
4	33283	0.454627	3637
4	33296	0.454752	3638
4	33305	0.454877	3639
4	33314	0.455002	3640
4	33323	0.455127	3641
4	33332	0.455252	3642
4	33341	0.455377	3643
4	33350	0.455502	3644
4	33359	0.455627	3645
4	33368	0.455752	3646
4	33377	0.455877	3647
4	33386	0.456002	3648
4	33395	0.456127	3649
4	33404	0.456252	3650
4	33413	0.456377	3651
4	33422	0.456502	3652
4	33431	0.456627	3653
4	33440	0.456752	3654
4	33449	0.456877	3655
4	33458	0.457002	3656
4	33467	0.457127	3657
4	33476	0.457252	3658
4	33485	0.457377	3659
4	33494	0.457502	3660
4	33503	0.457627	3661
4	33512	0.457752	3662
4	33521	0.457877	3663
4	33534	0.458002	3664
4	33543	0.458127	3665
4	33552	0.458252	3666
4	33561	0.458377	3667
4	33570	0.458502	3668
4	33579	0.458627	3669
4	33588	0.458752	3670
4	33597	0.458877	3671
4	33606	0.459002	3672
4	33615	0.459127	3673
4	33624	0.459252	3674
4	33633	0.459377	3675
4	33642	0.459502	3676
4	33651	0.459627	3677
4	33660	0.459752	3678
4	33669	0.459877	3679
4	33678	0.460002	3680
4	33687	0.460127	3681
4	33696	0.460252	3682
4	33705	0.460377	3683
4	33714	0.460502	3684
4	33723	0.460627	3685
4	33732	0.460752	3686
4	33741	0.460877	3687
4	33750	0.461002	3688
4	33759	0.461127	3689
4	33768	0.461252	3690
4	33781	0.461377	3691
4	33790	0.461502	3692
4	33799	0.461627	3693
4	33808	0.461752	3694
4	33817	0.461877	3695
4	33826	0.462002	3696
4	33835	0.462127	3697
4	33844	0.462252	3698
4	33853	0.462377	3699
4	33862	0.462502	3700
4	33871	0.462627	3701
4	33880	0.462752	3702
4	33889	0.462877	3703
4	33898	0.463002	3704
4	33907	0.463127	3705
4	33916	0.463252	3706
4	33925	0.463377	3707
4	33934	0.463502	3708
4	33943	0.463627	3709
4	33952	0.463752	3710
4	33961	0.463877	3711
4	33970	0.464002	3712
4	33979	0.464127	3713
4	33988	0.464252	3714
4	33997	0.464377	3715
4	34006	0.464502	3716
4	34019	0.464627	3717
4	34028	0.464752	3718
4	34037	0.464877	3719
4	34046	0.465002	3720
4	34055	0.465127	3721
4	34064	0.465252	3722
4	34073	0.465377	3723
4	34082	0.465502	3724
4	34091	0.465627	3725
4	34100	0.465752	3726
4	34109	0.465877	3727
4	34118	0.466002	3728
4	34127	0.466127	3729
4	34136	0.466252	3730
4	34145	0.466377	3731
4	34154	0.466502	3732
4	34163	0.466627	3733
4	34172	0.466752	3734
4	34181	0.466877	3735
4	34190	0.467002	3736
4	34199	0.467127	3737
4	34208	0.467252	3738
4	34217	0.467377	3739
4	34226	0.467502	3740
4	34235	0.467627	3741
4	34244	0.467752	3742
4	34257	0.467877	3743
4	34266	0.468002	3744
4	34275	0.468127	3745
4	34284	0.468252	3746
4	34293	0.468377	3747
4	34302	0.468502	3748
4	34311	0.468627	3749
4	34320	0.468752	3750
4	34329	0.468877	3751
4	34338	0.469002	3752
4	34347	0.469127	3753
4	34356	0.469252	3754
4	34365	0.469377	3755
4	34374	0.469502	3756
4	34383	0.469627	3757
4	34392	0.469752	3758
4	34401	0.469877	3759
4	34410	0.470002	3760
4	34419	0.470127	3761
4	34428	0.470252	3762
4	34437	0.470377	3763
4	34446	0.470502	3764
4	34455	0.470627	3765
4	34464	0.470752	3766
4	34473	0.470877	3767
4	34482	0.471002	3768
4	34495	0.471127	3769
4	34504	0.471252	3770
4	34513	0.471377	3771
4	34522	0.471502	3772
4	34531	0.471627	3773
4	34540	0.471752	3774
4	34549	0.471877	3775
4	34558	0.472002	3776
4	34567	0.472127	3777
4	34576	0.472252	3778
4	34585	0.472377	3779
4	34594	0.472502	3780
4	34603	0.472627	3781
4	34612	0.472752	3782
4	34621	0.472877	3783
4	34630	0.473002	3784
4	34639	0.473127	3785
4	34648	0.473252	3786
4	34657	0.473377	3787
4	34666	0.473502	3788
4	34675	0.473627	3789
4	34684	0.473752	3790
4	34693	0.473877	3791
4	34702	0.474002	3792
4	34711	0.474127	3793
4	34720	0.474252	3794
4	34733	0.474377	3795
4	34742	0.474502	3796
4	34751	0.474627	3797
4	34760	0.474752	3798
4	34769	0.474877	3799
4	34778	0.475002	3800
4	34787	0.475127	3801
4	34796	0.475252	3802
4	34805	0.475377	3803
4	34814	0.475502	3804
4	34823	0.475627	3805
4	34832	0.475752	3806
4	34841	0.475877	3807
4	34850	0.476002	3808
4	34859	0.476127	3809
4	34868	0.476252	3810
4	34877	0.476377	3811
4	34886	0.476502	3812
4	34895	0.476627	3813
4	34904	0.476752	3814
4	34913	0.476877	3815
4	34922	0.477002	3816
4	34931	0.477127	3817
4	34940	0.477252	3818
4	34949	0.477377	3819
4	34958	0.477502	3820
4	34971	0.477627	3821
4	34980	0.477752	3822
4	34989	0.477877	3823
4	34998	0.478002	3824
4	35007	0.478127	3825
4	35016	0.478252	3826
4	35025	0.478377	3827
4	35034	0.478502	3828
4	35043	0.478627	3829
4	35052	0.478752	3830
4	35061	0.478877	3831
4	35070	0.479002	3832
4	35079	0.479127	3833
4	35088	0.479252	3834
4	35097	0.479377	3835
4	35106	0.479502	3836
4	35115	0.479627	3837
4	35124	0.479752	3838
4	35133	0.479877	3839
4	35142	0.480002	3840
4	35151	0.480127	3841
4	35160	0.480252	3842
4	35169	0.480377	3843
4	35178	0.480502	3844
4	35187	0.480627	3845
4	35196	0.480752	3846
4	35205	0.480877	3847
4	35218	0.481002	3848
4	35227	0.481127	3849
4	35236	0.481252	3850
4	35245	0.481377	3851
4	35254	0.481502	3852
4	35263	0.481627	3853
4	35272	0.481752	3854
4	35281	0.481877	3855
4	35290	0.482002	3856
4	35299	0.482127	3857
4	35308	0.482252	3858
4	35317	0.482377	3859
4	35326	0.482502	3860
4	35335	0.482627	3861
4	35344	0.482752	3862
4	35353	0.482877	3863
4	35362	0.483002	3864
4	35371	0.483127	3865
4	35380	0.483252	3866
4	35389	0.483377	3867
4	35398	0.483502	3868
4	35407	0.483627	3869
4	35416	0.483752	3870
4	35425	0.483877	3871
4	35434	0.484002	3872
4	35443	0.484127	3873
4	35456	0.484252	3874
4	35465	0.484377	3875
4	35474	0.484502	3876
4	35483	0.484627	3877
4	35492	0.484752	3878
4	35501	0.484877	3879
4	35510	0.485002	3880
4	35519	0.485127	3881
4	35528	0.485252	3882
4	35537	0.485377	3883
4	35546	0.485502	3884
4	35555	0.485627	3885
4	35564	0.485752	3886
4	35573	0.485877	3887
4	35582	0.486002	3888
4	35591	0.486127	3889
4	35600	0.486252	3890
4	35609	0.486377	3891
4	35618	0.486502	3892
4	35627	0.486627	3893
4	35636	0.486752	3894
4	35645	0.486877	3895
4	35654	0.487002	3896
4	35663	0.487127	3897
4	35672	0.487252	3898
4	35681	0.487377	3899
4	35694	0.487502	3900
4	35703	0.487627	3901
4	35712	0.487752	3902
4	35721	0.487877	3903
4	35730	0.488002	3904
4	35739	0.488127	3905
4	35748	0.488252	3906
4	35757	0.488377	3907
4	35766	0.488502	3908
4	35775	0.488627	3909
4	35784	0.488752	3910
4	35793	0.488877	3911
4	35802	0.489002	3912
4	35811	0.489127	3913
4	35820	0.489252	3914
4	35829	0.489377	3915
4	35838	0.489502	3916
4	35847	0.489627	3917
4	35856	0.489752	3918
4	35865	0.489877	3919
4	35874	0.490002	3920
4	35883	0.490127	3921
4	35892	0.490252	3922
4	35901	0.490377	3923
4	35910	0.490502	3924
4	35919	0.490627	3925
4	35932	0.490752	3926
4	35941	0.490877	3927
4	35950	0.491002	3928
4	35959	0.491127	3929
4	35968	0.491252	3930
4	35977	0.491377	3931
4	35986	0.491502	3932
4	35995	0.491627	3933
4	36004	0.491752	3934
4	36013	0.491877	3935
4	36022	0.492002	3936
4	36031	0.492127	3937
4	36040	0.492252	3938
4	36049	0.492377	3939
4	36058	0.492502	3940
4	36067	0.492627	3941
4	36076	0.492752	3942
4	36085	0.492877	3943
4	36094	0.493002	3944
4	36103	0.493127	3945
4	36112	0.493252	3946
4	36121	0.493377	3947
4	36130	0.493502	3948
4	36139	0.493627	3949
4	36148	0.493752	3950
4	36157	0.493877	3951
4	36170	0.494002	3952
4	36179	0.494127	3953
4	36188	0.494252	3954
4	36197	0.494377	3955
4	36206	0.494502	3956
4	36215	0.494627	3957
4	36224	0.494752	3958
4	36233	0.494877	3959
4	36242	0.495002	3960
4	36251	0.495127	3961
4	36260	0.495252	3962
4	36269	0.495377	3963
4	36278	0.495502	3964
4	36287	0.495627	3965
4	36296	0.495752	3966
4	36305	0.495877	3967
4	36314	0.496002	3968
4	36323	0.496127	3969
4	36332	0.496252	3970
4	36341	0.496377	3971
4	36350	0.496502	3972
4	36359	0.496627	3973
4	36368	0.496752	3974
4	36377	0.496877	3975
4	36386	0.497002	3976
4	36395	0.497127	3977
4	36406	0.497252	3978
4	36417	0.497377	3979
4	36426	0.497502	3980
4	36435	0.497627	3981
4	36444	0.497752	3982
4	36453	0.497877	3983
4	36462	0.498002	3984
4	36471	0.498127	3985
4	36480	0.498252	3986
4	36489	0.498377	3987
4	36498	0.498502	3988
4	36507	0.498627	3989
4	36516	0.498752	3990
4	36525	0.498877	3991
4	36534	0.499002	3992
4	36543	0.499127	3993
4	36552	0.499252	3994
4	36561	0.499377	3995
4	36570	0.499502	3996
4	36579	0.499627	3997
4	36588	0.499752	3998
4	36597	0.499877	3999
4	36606	0.500002	4000
4	36615	0.500127	4001
4	36624	0.500252	4002
4	36633	0.500377	4003
4	36642	0.500502	4004
4	36655	0.500627	4005
4	36664	0.500752	4006
4	36673	0.500877	4007
4	36682	0.501002	4008
4	36691	0.501127	4009
4	36700	0.501252	4010
4	36709	0.501377	4011
4	36718	0.501502	4012
4	36727	0.501627	4013
4	36736	0.501752	4014
4	36745	0.501877	4015
4	36754	0.502002	4016
4	36763	0.502127	4017
4	36772	0.502252	4018
4	36781	0.502377	4019
4	36790	0.502502	4020
4	36799	0.502627	4021
4	36808	0.502752	4022
4	36817	0.502877	4023
4	36826	0.503002	4024
4	36835	0.503127	4025
4	36844	0.503252	4026
4	36853	0.503377	4027
4	36862	0.503502	4028
4	36871	0.503627	4029
4	36880	0.503752	4030
4	36893	0.503877	4031
4	36902	0.504002	4032
4	36911	0.504127	4033
4	36920	0.504252	4034
4	36929	0.504377	4035
4	36938	0.504502	4036
4	36947	0.504627	4037
4	36956	0.504752	4038
4	36965	0.504877	4039
4	36974	0.505002	4040
4	36983	0.505127	4041
4	36992	0.505252	4042
4	37001	0.505377	4043
4	37010	0.505502	4044
4	37019	0.505627	4045
4	37028	0.505752	4046
4	37037	0.505877	4047
4	37046	0.506002	4048
4	37055	0.506127	4049
4	37064	0.506252	4050
4	37073	0.506377	4051
4	37082	0.506502	4052
4	37091	0.506627	4053
4	37100	0.506752	4054
4	37109	0.506877	4055
4	37118	0.507002	4056
4	37131	0.507127	4057
4	37140	0.507252	4058
4	37149	0.507377	4059
4	37158	0.507502	4060
4	37167	0.507627	4061
4	37176	0.507752	4062
4	37185	0.507877	4063
4	37194	0.508002	4064
4	37203	0.508127	4065
4	37212	0.508252	4066
4	37221	0.508377	4067
4	37230	0.508502	4068
4	37239	0.508627	4069
4	37248	0.508752	4070
4	37257	0.508877	4071
4	37266	0.509002	4072
4	37275	0.509127	4073
4	37284	0.509252	4074
4	37293	0.509377	4075
4	37302	0.509502	4076
4	37311	0.509627	4077
4	37320	0.509752	4078
4	37329	0.509877	4079
4	37338	0.510002	4080
4	37347	0.510127	4081
4	37356	0.510252	4082
4	37369	0.510377	4083
4	37378	0.510502	4084
4	37387	0.510627	4085
4	37396	0.510752	4086
4	37405	0.510877	4087
4	37414	0.511002	4088
4	37423	0.511127	4089
4	37432	0.511252	4090
4	37441	0.511377	4091
4	37450	0.511502	4092
4	37459	0.511627	4093
4	37468	0.511752	4094
4	37477	0.511877	4095
4	37486	0.512002	4096
4	37495	0.512127	4097
4	37504	0.512252	4098
4	37513	0.512377	4099
4	37522	0.512502	4100
4	37531	0.512627	4101
4	37540	0.512752	4102
4	37549	0.512877	4103
4	37558	0.513002	4104
4	37567	0.513127	4105
4	37576	0.513252	4106
4	37585	0.513377	4107
4	37594	0.513502	4108
4	37607	0.513627	4109
4	37616	0.513752	4110
4	37625	0.513877	4111
4	37634	0.514002	4112
4	37643	0.514127	4113
4	37652	0.514252	4114
4	37661	0.514377	4115
4	37670	0.514502	4116
4	37679	0.514627	4117
4	37688	0.514752	4118
4	37697	0.514877	4119
4	37706	0.515002	4120
4	37715	0.515127	4121
4	37724	0.515252	4122
4	37733	0.515377	4123
4	37742	0.515502	4124
4	37751	0.515627	4125
4	37760	0.515752	4126
4	37769	0.515877	4127
4	37778	0.516002	4128
4	37787	0.516127	4129
4	37796	0.516252	4130
4	37805	0.516377	4131
4	37814	0.516502	4132
4	37823	0.516627	4133
4	37832	0.516752	4134
4	37841	0.516877	4135
4	37854	0.517002	4136
4	37863	0.517127	4137
4	37872	0.517252	4138
4	37881	0.517377	4139
4	37890	0.517502	4140
4	37899	0.517627	4141
4	37908	0.517752	4142
4	37917	0.517877	4143
4	37926	0.518002	4144
4	37935	0.518127	4145
4	37944	0.518252	4146
4	37953	0.518377	4147
4	37962	0.518502	4148
4	37971	0.518627	4149
4	37980	0.518752	4150
4	37989	0.518877	4151
4	37998	0.519002	4152
4	38007	0.519127	4153
4	38016	0.519252	4154
4	38025	0.519377	4155
4	38034	0.519502	4156
4	38043	0.519627	4157
4	38052	0.519752	4158
4	38061	0.519877	4159
4	38070	0.520002	4160
4	38079	0.520127	4161
4	38092	0.520252	4162
4	38101	0.520377	4163
4	38110	0.520502	4164
4	38119	0.520627	4165
4	38128	0.520752	4166
4	38137	0.520877	4167
4	38146	0.521002	4168
4	38155	0.521127	4169
4	38164	0.521252	4170
4	38173	0.521377	4171
4	38182	0.521502	4172
4	38191	0.521627	4173
4	38200	0.521752	4174
4	38209	0.521877	4175
4	38218	0.522002	4176
4	38227	0.522127	4177
4	38236	0.522252	4178
4	38245	0.522377	4179
4	38254	0.522502	4180
4	38263	0.522627	4181
4	38272	0.522752	4182
4	38281	0.522877	4183
4	38290	0.523002	4184
4	38299	0.523127	4185
4	38308	0.523252	4186
4	38317	0.523377	4187
4	38330	0.523502	4188
4	38339	0.523627	4189
4	38348	0.523752	4190
4	38357	0.523877	4191
4	38366	0.524002	4192
4	38375	0.524127	4193
4	38384	0.524252	4194
4	38393	0.524377	4195
4	38402	0.524502	4196
4	38411	0.524627	4197
4	38420	0.524752	4198
4	38429	0.524877	4199
4	38438	0.525002	4200
4	38447	0.525127	4201
4	38456	0.525252	4202
4	38465	0.525377	4203
4	38474	0.525502	4204
4	38483	0.525627	4205
4	38492	0.525752	4206
4	38501	0.525877	4207
4	38510	0.526002	4208
4	38519	0.526127	4209
4	38528	0.526252	4210
4	38537	0.526377	4211
4	38546	0.526502	4212
4	38555	0.526627	4213
4	38568	0.526752	4214
4	38577	0.526877	4215
4	38586	0.527002	4216
4	38595	0.527127	4217
4	38604	0.527252	4218
4	38613	0.527377	4219
4	38622	0.527502	4220
4	38631	0.527627	4221
4	38640	0.527752	4222
4	38649	0.527877	4223
4	38658	0.528002	4224
4	38667	0.528127	4225
4	38676	0.528252	4226
4	38685	0.528377	4227
4	38694	0.528502	4228
4	38703	0.528627	4229
4	38712	0.528752	4230
4	38721	0.528877	4231
4	38730	0.529002	4232
4	38739	0.529127	4233
4	38748	0.529252	4234
4	38757	0.529377	4235
4	38766	0.529502	4236
4	38775	0.529627	4237
4	38784	0.529752	4238
4	38793	0.529877	4239
4	38806	0.530002	4240
4	38815	0.530127	4241
4	38824	0.530252	4242
4	38833	0.530377	4243
4	38842	0.530502	4244
4	38851	0.530627	4245
4	38860	0.530752	4246
4	38869	0.530877	4247
4	38878	0.531002	4248
4	38887	0.531127	4249
4	38896	0.531252	4250
4	38905	0.531377	4251
4	38914	0.531502	4252
4	38923	0.531627	4253
4	38932	0.531752	4254
4	38941	0.531877	4255
4	38950	0.532002	4256
4	38959	0.532127	4257
4	38968	0.532252	4258
4	38977	0.532377	4259
4	38986	0.532502	4260
4	38995	0.532627	4261
4	39004	0.532752	4262
4	39013	0.532877	4263
4	39022	0.533002	4264
4	39031	0.533127	4265
4	39044	0.533252	4266
4	39053	0.533377	4267
4	39062	0.533502	4268
4	39071	0.533627	4269
4	39080	0.533752	4270
4	39089	0.533877	4271
4	39098	0.534002	4272
4	39107	0.534127	4273
4	39116	0.534252	4274
4	39125	0.534377	4275
4	39134	0.534502	4276
4	39143	0.534627	4277
4	39152	0.534752	4278
4	39161	0.534877	4279
4	39170	0.535002	4280
4	39179	0.535127	4281
4	39188	0.535252	4282
4	39197	0.535377	4283
4	39206	0.535502	4284
4	39215	0.535627	4285
4	39224	0.535752	4286
4	39233	0.535877	4287
4	39242	0.536002	4288
4	39251	0.536127	4289
4	39260	0.536252	4290
4	39269	0.536377	4291
4	39278	0.536502	4292
4	39291	0.536627	4293
4	39300	0.536752	4294
4	39309	0.536877	4295
4	39318	0.537002	4296
4	39327	0.537127	4297
4	39336	0.537252	4298
4	39345	0.537377	4299
4	39354	0.537502	4300
4	39363	0.537627	4301
4	39372	0.537752	4302
4	39381	0.537877	4303
4	39390	0.538002	4304
4	39399	0.538127	4305
4	39408	0.538252	4306
4	39417	0.538377	4307
4	39426	0.538502	4308
4	39435	0.538627	4309
4	39444	0.538752	4310
4	39453	0.538877	4311
4	39462	0.539002	4312
4	39471	0.539127	4313
4	39480	0.539252	4314
4	39489	0.539377	4315
4	39498	0.539502	4316
4	39507	0.539627	4317
4	39516	0.539752	4318
4	39529	0.539877	4319
4	39538	0.540002	4320
4	39547	0.540127	4321
4	39556	0.540252	4322
4	39565	0.540377	4323
4	39574	0.540502	4324
4	39583	0.540627	4325
4	39592	0.540752	4326
4	39601	0.540877	4327
4	39610	0.541002	4328
4	39619	0.541127	4329
4	39628	0.541252	4330
4	39637	0.541377	4331
4	39646	0.541502	4332
4	39655	0.541627	4333
4	39664	0.541752	4334
4	39673	0.541877	4335
4	39682	0.542002	4336
4	39691	0.542127	4337
4	39700	0.542252	4338
4	39709	0.542377	4339
4	39718	0.542502	4340
4	39727	0.542627	4341
4	39736	0.542752	4342
4	39745	0.542877	4343
4	39754	0.543002	4344
4	39767	0.543127	4345
4	39776	0.543252	4346
4	39785	0.543377	4347
4	39794	0.543502	4348
4	39803	0.543627	4349
4	39812	0.543752	4350
4	39821	0.543877	4351
4	39830	0.544002	4352
4	39839	0.544127	4353
4	39848	0.544252	4354
4	39857	0.544377	4355
4	39866	0.544502	4356
4	39875	0.544627	4357
4	39884	0.544752	4358
4	39893	0.544877	4359
4	39902	0.545002	4360
4	39911	0.545127	4361
4	39920	0.545252	4362
4	39929	0.545377	4363
4	39938	0.545502	4364
4	39947	0.545627	4365
4	39956	0.545752	4366
4	39965	0.545877	4367
4	39974	0.546002	4368
4	39983	0.546127	4369
4	39992	0.546252	4370
4	40005	0.546377	4371
4	40014	0.546502	4372
4	40023	0.546627	4373
4	40032	0.546752	4374
4	40041	0.546877	4375
4	40050	0.547002	4376
4	40059	0.547127	4377
4	40068	0.547252	4378
4	40077	0.547377	4379
4	40086	0.547502	4380
4	40095	0.547627	4381
4	40104	0.547752	4382
4	40113	0.547877	4383
4	40122	0.548002	4384
4	40131	0.548127	4385
4	40140	0.548252	4386
4	40149	0.548377	4387
4	40158	0.548502	4388
4	40167	0.548627	4389
4	40176	0.548752	4390
4	40185	0.548877	4391
4	40194	0.549002	4392
4	40203	0.549127	4393
4	40212	0.549252	4394
4	40221	0.549377	4395
4	40230	0.549502	4396
4	40243	0.549627	4397
4	40252	0.549752	4398
4	40261	0.549877	4399
4	40270	0.550002	4400
4	40279	0.550127	4401
4	40288	0.550252	4402
4	40297	0.550377	4403
4	40306	0.550502	4404
4	40315	0.550627	4405
4	40324	0.550752	4406
4	40333	0.550877	4407
4	40342	0.551002	4408
4	40351	0.551127	4409
4	40360	0.551252	4410
4	40369	0.551377	4411
4	40378	0.551502	4412
4	40387	0.551627	4413
4	40396	0.551752	4414
4	40405	0.551877	4415
4	40414	0.552002	4416
4	40423	0.552127	4417
4	40432	0.552252	4418
4	40441	0.552377	4419
4	40450	0.552502	4420
4	40459	0.552627	4421
4	40468	0.552752	4422
4	40481	0.552877	4423
4	40490	0.553002	4424
4	40499	0.553127	4425
4	40508	0.553252	4426
4	40517	0.553377	4427
4	40526	0.553502	4428
4	40535	0.553627	4429
4	40544	0.553752	4430
4	40553	0.553877	4431
4	40562	0.554002	4432
4	40571	0.554127	4433
4	40580	0.554252	4434
4	40589	0.554377	4435
4	40598	0.554502	4436
4	40607	0.554627	4437
4	40616	0.554752	4438
4	40625	0.554877	4439
4	40634	0.555002	4440
4	40643	0.555127	4441
4	40652	0.555252	4442
4	40661	0.555377	4443
4	40670	0.555502	4444
4	40679	0.555627	4445
4	40688	0.555752	4446
4	40697	0.555877	4447
4	40706	0.556002	4448
4	40715	0.556127	4449
4	40728	0.556252	4450
4	40737	0.556377	4451
4	40746	0.556502	4452
4	40755	0.556627	4453
4	40764	0.556752	4454
4	40773	0.556877	4455
4	40782	0.557002	4456
4	40791	0.557127	4457
4	40800	0.557252	4458
4	40809	0.557377	4459
4	40818	0.557502	4460
4	40827	0.557627	4461
4	40836	0.557752	4462
4	40845	0.557877	4463
4	40854	0.558002	4464
4	40863	0.558127	4465
4	40872	0.558252	4466
4	40881	0.558377	4467
4	40890	0.558502	4468
4	40899	0.558627	4469
4	40908	0.558752	4470
4	40917	0.558877	4471
4	40926	0.559002	4472
4	40935	0.559127	4473
4	40944	0.559252	4474
4	40953	0.559377	4475
4	40966	0.559502	4476
4	40975	0.559627	4477
4	40984	0.559752	4478
4	40993	0.559877	4479
4	41002	0.560002	4480
4	41011	0.560127	4481
4	41020	0.560252	4482
4	41029	0.560377	4483
4	41038	0.560502	4484
4	41047	0.560627	4485
4	41056	0.560752	4486
4	41065	0.560877	4487
4	41074	0.561002	4488
4	41083	0.561127	4489
4	41092	0.561252	4490
4	41101	0.561377	4491
4	41110	0.561502	4492
4	41119	0.561627	4493
4	41128	0.561752	4494
4	41137	0.561877	4495
4	41146	0.562002	4496
4	41155	0.562127	4497
4	41164	0.562252	4498
4	41173	0.562377	4499
4	41182	0.562502	4500
4	41191	0.562627	4501
4	41204	0.562752	4502
4	41213	0.562877	4503
4	41222	0.563002	4504
4	41231	0.563127	4505
4	41240	0.563252	4506
4	41249	0.563377	4507
4	41258	0.563502	4508
4	41267	0.563627	4509
4	41276	0.563752	4510
4	41285	0.563877	4511
4	41294	0.564002	4512
4	41303	0.564127	4513
4	41312	0.564252	4514
4	41321	0.564377	4515
4	41330	0.564502	4516
4	41339	0.564627	4517
4	41348	0.564752	4518
4	41357	0.564877	4519
4	41366	0.565002	4520
4	41375	0.565127	4521
4	41384	0.565252	4522
4	41393	0.565377	4523
4	41402	0.565502	4524
4	41411	0.565627	4525
4	41420	0.565752	4526
4	41429	0.565877	4527
4	41442	0.566002	4528
4	41451	0.566127	4529
4	41460	0.566252	4530
4	41469	0.566377	4531
4	41478	0.566502	4532
4	41487	0.566627	4533
4	41496	0.566752	4534
4	41505	0.566877	4535
4	41514	0.567002	4536
4	41523	0.567127	4537
4	41532	0.567252	4538
4	41541	0.567377	4539
4	41550	0.567502	4540
4	41559	0.567627	4541
4	41568	0.567752	4542
4	41577	0.567877	4543
4	41586	0.568002	4544
4	41595	0.568127	4545
4	41604	0.568252	4546
4	41613	0.568377	4547
4	41622	0.568502	4548
4	41631	0.568627	4549
4	41640	0.568752	4550
4	41649	0.568877	4551
4	41658	0.569002	4552
4	41667	0.569127	4553
4	41680	0.569252	4554
4	41689	0.569377	4555
4	41698	0.569502	4556
4	41707	0.569627	4557
4	41716	0.569752	4558
4	41725	0.569877	4559
4	41734	0.570002	4560
4	41743	0.570127	4561
4	41752	0.570252	4562
4	41761	0.570377	4563
4	41770	0.570502	4564
4	41779	0.570627	4565
4	41788	0.570752	4566
4	41797	0.570877	4567
4	41806	0.571002	4568
4	41815	0.571127	4569
4	41824	0.571252	4570
4	41833	0.571377	4571
4	41842	0.571502	4572
4	41851	0.571627	4573
4	41860	0.571752	4574
4	41869	0.571877	4575
4	41878	0.572002	4576
4	41887	0.572127	4577
4	41896	0.572252	4578
4	41905	0.572377	4579
4	41916	0.572502	4580
4	41927	0.572627	4581
4	41936	0.572752	4582
4	41945	0.572877	4583
4	41954	0.573002	4584
4	41963	0.573127	4585
4	41972	0.573252	4586
4	41981	0.573377	4587
4	41990	0.573502	4588
4	41999	0.573627	4589
4	42008	0.573752	4590
4	42017	0.573877	4591
4	42026	0.574002	4592
4	42035	0.574127	4593
4	42044	0.574252	4594
4	42053	0.574377	4595
4	42062	0.574502	4596
4	42071	0.574627	4597
4	42080	0.574752	4598
4	42089	0.574877	4599
4	42098	0.575002	4600
4	42107	0.575127	4601
4	42116	0.575252	4602
4	42125	0.575377	4603
4	42134	0.575502	4604
4	42143	0.575627	4605
4	42152	0.575752	4606
4	42165	0.575877	4607
4	42174	0.576002	4608
4	42183	0.576127	4609
4	42192	0.576252	4610
4	42201	0.576377	4611
4	42210	0.576502	4612
4	42219	0.576627	4613
4	42228	0.576752	4614
4	42237	0.576877	4615
4	42246	0.577002	4616
4	42255	0.577127	4617
4	42264	0.577252	4618
4	42273	0.577377	4619
4	42282	0.577502	4620
4	42291	0.577627	4621
4	42300	0.577752	4622
4	42309	0.577877	4623
4	42318	0.578002	4624
4	42327	0.578127	4625
4	42336	0.578252	4626
4	42345	0.578377	4627
4	42354	0.578502	4628
4	42363	0.578627	4629
4	42372	0.578752	4630
4	42381	0.578877	4631
4	42390	0.579002	4632
4	42403	0.579127	4633
4	42412	0.579252	4634
4	42421	0.579377	4635
4	42430	0.579502	4636
4	42439	0.579627	4637
4	42448	0.579752	4638
4	42457	0.579877	4639
4	42466	0.580002	4640
4	42475	0.580127	4641
4	42484	0.580252	4642
4	42493	0.580377	4643
4	42502	0.580502	4644
4	42511	0.580627	4645
4	42520	0.580752	4646
4	42529	0.580877	4647
4	42538	0.581002	4648
4	42547	0.581127	4649
4	42556	0.581252	4650
4	42565	0.581377	4651
4	42574	0.581502	4652
4	42583	0.581627	4653
4	42592	0.581752	4654
4	42601	0.581877	4655
4	42610	0.582002	4656
4	42619	0.582127	4657
4	42628	0.582252	4658
4	42641	0.582377	4659
4	42650	0.582502	4660
4	42659	0.582627	4661
4	42668	0.582752	4662
4	42677	0.582877	4663
4	42686	0.583002	4664
4	42695	0.583127	4665
4	42704	0.583252	4666
4	42713	0.583377	4667
4	42722	0.583502	4668
4	42731	0.583627	4669
4	42740	0.583752	4670
4	42749	0.583877	4671
4	42758	0.584002	4672
4	42767	0.584127	4673
4	42776	0.584252	4674
4	42785	0.584377	4675
4	42794	0.584502	4676
4	42803	0.584627	4677
4	42812	0.584752	4678
4	42821	0.584877	4679
4	42830	0.585002	4680
4	42839	0.585127	4681
4	42848	0.585252	4682
4	42857	0.585377	4683
4	42866	0.585502	4684
4	42879	0.585627	4685
4	42888	0.585752	4686
4	42897	0.585877	4687
4	42906	0.586002	4688
4	42915	0.586127	4689
4	42924	0.586252	4690
4	42933	0.586377	4691
4	42942	0.586502	4692
4	42951	0.586627	4693
4	42960	0.586752	4694
4	42969	0.586877	4695
4	42978	0.587002	4696
4	42987	0.587127	4697
4	42996	0.587252	4698
4	43005	0.587377	4699
4	43014	0.587502	4700
4	43023	0.587627	4701
4	43032	0.587752	4702
4	43041	0.587877	4703
4	43050	0.588002	4704
4	43059	0.588127	4705
4	43068	0.588252	4706
4	43077	0.588377	4707
4	43086	0.588502	4708
4	43095	0.588627	4709
4	43104	0.588752	4710
4	43117	0.588877	4711
4	43126	0.589002	4712
4	43135	0.589127	4713
4	43144	0.589252	4714
4	43153	0.589377	4715
4	43162	0.589502	4716
4	43171	0.589627	4717
4	43180	0.589752	4718
4	43189	0.589877	4719
4	43198	0.590002	4720
4	43207	0.590127	4721
4	43216	0.590252	4722
4	43225	0.590377	4723
4	43234	0.590502	4724
4	43243	0.590627	4725
4	43252	0.590752	4726
4	43261	0.590877	4727
4	43270	0.591002	4728
4	43279	0.591127	4729
4	43288	0.591252	4730
4	43297	0.591377	4731
4	43306	0.591502	4732
4	43315	0.591627	4733
4	43324	0.591752	4734
4	43333	0.591877	4735
4	43342	0.592002	4736
4	43351	0.592127	4737
4	43364	0.592252	4738
4	43373	0.592377	4739
4	43382	0.592502	4740
4	43391	0.592627	4741
4	43400	0.592752	4742
4	43409	0.592877	4743
4	43418	0.593002	4744
4	43427	0.593127	4745
4	43436	0.593252	4746
4	43445	0.593377	4747
4	43454	0.593502	4748
4	43463	0.593627	4749
4	43472	0.593752	4750
4	43481	0.593877	4751
4	43490	0.594002	4752
4	43499	0.594127	4753
4	43508	0.594252	4754
4	43517	0.594377	4755
4	43526	0.594502	4756
4	43535	0.594627	4757
4	43544	0.594752	4758
4	43553	0.594877	4759
4	43562	0.595002	4760
4	43571	0.595127	4761
4	43580	0.595252	4762
4	43589	0.595377	4763
4	43602	0.595502	4764
4	43611	0.595627	4765
4	43620	0.595752	4766
4	43629	0.595877	4767
4	43638	0.596002	4768
4	43647	0.596127	4769
4	43656	0.596252	4770
4	43665	0.596377	4771
4	43674	0.596502	4772
4	43683	0.596627	4773
4	43692	0.596752	4774
4	43701	0.596877	4775
4	43710	0.597002	4776
4	43719	0.597127	4777
4	43728	0.597252	4778
4	43737	0.597377	4779
4	43746	0.597502	4780
4	43755	0.597627	4781
4	43764	0.597752	4782
4	43773	0.597877	4783
4	43782	0.598002	4784
4	43791	0.598127	4785
4	43800	0.598252	4786
4	43809	0.598377	4787
4	43818	0.598502	4788
4	43827	0.598627	4789
4	43840	0.598752	4790
4	43849	0.598877	4791
4	43858	0.599002	4792
4	43867	0.599127	4793
4	43876	0.599252	4794
4	43885	0.599377	4795
4	43894	0.599502	4796
4	43903	0.599627	4797
4	43912	0.599752	4798
4	43921	0.599877	4799
4	43930	0.600002	4800
4	43939	0.600127	4801
4	43948	0.600252	4802
4	43957	0.600377	4803
4	43966	0.600502	4804
4	43975	0.600627	4805
4	43984	0.600752	4806
4	43993	0.600877	4807
4	44002	0.601002	4808
4	44011	0.601127	4809
4	44020	0.601252	4810
4	44029	0.601377	4811
4	44038	0.601502	4812
4	44047	0.601627	4813
4	44056	0.601752	4814
4	44065	0.601877	4815
4	44078	0.602002	4816
4	44087	0.602127	4817
4	44096	0.602252	4818
4	44105	0.602377	4819
4	44114	0.602502	4820
4	44123	0.602627	4821
4	44132	0.602752	4822
4	44141	0.602877	4823
4	44150	0.603002	4824
4	44159	0.603127	4825
4	44168	0.603252	4826
4	44177	0.603377	4827
4	44186	0.603502	4828
4	44195	0.603627	4829
4	44204	0.603752	4830
4	44213	0.603877	4831
4	44222	0.604002	4832
4	44231	0.604127	4833
4	44240	0.604252	4834
4	44249	0.604377	4835
4	44258	0.604502	4836
4	44267	0.604627	4837
4	44276	0.604752	4838
4	44285	0.604877	4839
4	44294	0.605002	4840
4	44303	0.605127	4841
4	44316	0.605252	4842
4	44325	0.605377	4843
4	44334	0.605502	4844
4	44343	0.605627	4845
4	44352	0.605752	4846
4	44361	0.605877	4847
4	44370	0.606002	4848
4	44379	0.606127	4849
4	44388	0.606252	4850
4	44397	0.606377	4851
4	44406	0.606502	4852
4	44415	0.606627	4853
4	44424	0.606752	4854
4	44433	0.606877	4855
4	44442	0.607002	4856
4	44451	0.607127	4857
4	44460	0.607252	4858
4	44469	0.607377	4859
4	44478	0.607502	4860
4	44487	0.607627	4861
4	44496	0.607752	4862
4	44505	0.607877	4863
4	44514	0.608002	4864
4	44523	0.608127	4865
4	44532	0.608252	4866
4	44541	0.608377	4867
4	44554	0.608502	4868
4	44563	0.608627	4869
4	44572	0.608752	4870
4	44581	0.608877	4871
4	44590	0.609002	4872
4	44599	0.609127	4873
4	44608	0.609252	4874
4	44617	0.609377	4875
4	44626	0.609502	4876
4	44635	0.609627	4877
4	44644	0.609752	4878
4	44653	0.609877	4879
4	44662	0.610002	4880
4	44671	0.610127	4881
4	44680	0.610252	4882
4	44689	0.610377	4883
4	44698	0.610502	4884
4	44707	0.610627	4885
4	44716	0.610752	4886
4	44725	0.610877	4887
4	44734	0.611002	4888
4	44743	0.611127	4889
4	44752	0.611252	4890
4	44761	0.611377	4891
4	44770	0.611502	4892
4	44779	0.611627	4893
4	44788	0.611752	4894
4	44801	0.611877	4895
4	44810	0.612002	4896
4	44819	0.612127	4897
4	44828	0.612252	4898
4	44837	0.612377	4899
4	44846	0.612502	4900
4	44855	0.612627	4901
4	44864	0.612752	4902
4	44873	0.612877	4903
4	44882	0.613002	4904
4	44891	0.613127	4905
4	44900	0.613252	4906
4	44909	0.613377	4907
4	44918	0.613502	4908
4	44927	0.613627	4909
4	44936	0.613752	4910
4	44945	0.613877	4911
4	44954	0.614002	4912
4	44963	0.614127	4913
4	44972	0.614252	4914
4	44981	0.614377	4915
4	44990	0.614502	4916
4	44999	0.614627	4917
4	45008	0.614752	4918
4	45017	0.614877	4919
4	45026	0.615002	4920
4	45039	0.615127	4921
4	45048	0.615252	4922
4	45057	0.615377	4923
4	45066	0.615502	4924
4	45075	0.615627	4925
4	45084	0.615752	4926
4	45093	0.615877	4927
4	45102	0.616002	4928
4	45111	0.616127	4929
4	45120	0.616252	4930
4	45129	0.616377	4931
4	45138	0.616502	4932
4	45147	0.616627	4933
4	45156	0.616752	4934
4	45165	0.616877	4935
4	45174	0.617002	4936
4	45183	0.617127	4937
4	45192	0.617252	4938
4	45201	0.617377	4939
4	45210	0.617502	4940
4	45219	0.617627	4941
4	45228	0.617752	4942
4	45237	0.617877	4943
4	45246	0.618002	4944
4	45255	0.618127	4945
4	45264	0.618252	4946
4	45277	0.618377	4947
4	45286	0.618502	4948
4	45295	0.618627	4949
4	45304	0.618752	4950
4	45313	0.618877	4951
4	45322	0.619002	4952
4	45331	0.619127	4953
4	45340	0.619252	4954
4	45349	0.619377	4955
4	45358	0.619502	4956
4	45367	0.619627	4957
4	45376	0.619752	4958
4	45385	0.619877	4959
4	45394	0.620002	4960
4	45403	0.620127	4961
4	45412	0.620252	4962
4	45421	0.620377	4963
4	45430	0.620502	4964
4	45439	0.620627	4965
4	45448	0.620752	4966
4	45457	0.620877	4967
4	45466	0.621002	4968
4	45475	0.621127	4969
4	45484	0.621252	4970
4	45493	0.621377	4971
4	45502	0.621502	4972
4	45515	0.621627	4973
4	45524	0.621752	4974
4	45533	0.621877	4975
4	45542	0.622002	4976
4	45551	0.622127	4977
4	45560	0.622252	4978
4	45569	0.622377	4979
4	45578	0.622502	4980
4	45587	0.622627	4981
4	45596	0.622752	4982
4	45605	0.622877	4983
4	45614	0.623002	4984
4	45623	0.623127	4985
4	45632	0.623252	4986
4	45641	0.623377	4987
4	45650	0.623502	4988
4	45659	0.623627	4989
4	45668	0.623752	4990
4	45677	0.623877	4991
4	45686	0.624002	4992
4	45695	0.624127	4993
4	45704	0.624252	4994
4	45713	0.624377	4995
4	45722	0.624502	4996
4	45731	0.624627	4997
4	45740	0.624752	4998
4	45753	0.624877	4999
4	45762	0.625002	5000
4	45771	0.625127	5001
4	45780	0.625252	5002
4	45789	0.625377	5003
4	45798	0.625502	5004
4	45807	0.625627	5005
4	45816	0.625752	5006
4	45825	0.625877	5007
4	45834	0.626002	5008
4	45843	0.626127	5009
4	45852	0.626252	5010
4	45861	0.626377	5011
4	45870	0.626502	5012
4	45879	0.626627	5013
4	45888	0.626752	5014
4	45897	0.626877	5015
4	45906	0.627002	5016
4	45915	0.627127	5017
4	45924	0.627252	5018
4	45933	0.627377	5019
4	45942	0.627502	5020
4	45951	0.627627	5021
4	45960	0.627752	5022
4	45969	0.627877	5023
4	45978	0.628002	5024
4	45991	0.628127	5025
4	46000	0.628252	5026
4	46009	0.628377	5027
4	46018	0.628502	5028
4	46027	0.628627	5029
4	46036	0.628752	5030
4	46045	0.628877	5031
4	46054	0.629002	5032
4	46063	0.629127	5033
4	46072	0.629252	5034
4	46081	0.629377	5035
4	46090	0.629502	5036
4	46099	0.629627	5037
4	46108	0.629752	5038
4	46117	0.629877	5039
4	46126	0.630002	5040
4	46135	0.630127	5041
4	46144	0.630252	5042
4	46153	0.630377	5043
4	46162	0.630502	5044
4	46171	0.630627	5045
4	46180	0.630752	5046
4	46189	0.630877	5047
4	46198	0.631002	5048
4	46207	0.631127	5049
4	46216	0.631252	5050
4	46225	0.631377	5051
4	46238	0.631502	5052
4	46247	0.631627	5053
4	46256	0.631752	5054
4	46265	0.631877	5055
4	46274	0.632002	5056
4	46283	0.632127	5057
4	46292	0.632252	5058
4	46301	0.632377	5059
4	46310	0.632502	5060
4	46319	0.632627	5061
4	46328	0.632752	5062
4	46337	0.632877	5063
4	46346	0.633002	5064
4	46355	0.633127	5065
4	46364	0.633252	5066
4	46373	0.633377	5067
4	46382	0.633502	5068
4	46391	0.633627	5069
4	46400	0.633752	5070
4	46409	0.633877	5071
4	46418	0.634002	5072
4	46427	0.634127	5073
4	46436	0.634252	5074
4	46445	0.634377	5075
4	46454	0.634502	5076
4	46463	0.634627	5077
4	46476	0.634752	5078
4	46485	0.634877	5079
4	46494	0.635002	5080
4	46503	0.635127	5081
4	46512	0.635252	5082
4	46521	0.635377	5083
4	46530	0.635502	5084
4	46539	0.635627	5085
4	46548	0.635752	5086
4	46557	0.635877	5087
4	46566	0.636002	5088
4	46575	0.636127	5089
4	46584	0.636252	5090
4	46593	0.636377	5091
4	46602	0.636502	5092
4	46611	0.636627	5093
4	46620	0.636752	5094
4	46629	0.636877	5095
4	46638	0.637002	5096
4	46647	0.637127	5097
4	46656	0.637252	5098
4	46665	0.637377	5099
4	46674	0.637502	5100
4	46683	0.637627	5101
4	46692	0.637752	5102
4	46701	0.637877	5103
4	46714	0.638002	5104
4	46723	0.638127	5105
4	46732	0.638252	5106
4	46741	0.638377	5107
4	46750	0.638502	5108
4	46759	0.638627	5109
4	46768	0.638752	5110
4	46777	0.638877	5111
4	46786	0.639002	5112
4	46795	0.639127	5113
4	46804	0.639252	5114
4	46813	0.639377	5115
4	46822	0.639502	5116
4	46831	0.639627	5117
4	46840	0.639752	5118
4	46849	0.639877	5119
4	46858	0.640002	5120
4	46867	0.640127	5121
4	46876	0.640252	5122
4	46885	0.640377	5123
4	46894	0.640502	5124
4	46903	0.640627	5125
4	46912	0.640752	5126
4	46921	0.640877	5127
4	46930	0.641002	5128
4	46939	0.641127	5129
4	46952	0.641252	5130
4	46961	0.641377	5131
4	46970	0.641502	5132
4	46979	0.641627	5133
4	46988	0.641752	5134
4	46997	0.641877	5135
4	47006	0.642002	5136
4	47015	0.642127	5137
4	47024	0.642252	5138
4	47033	0.642377	5139
4	47042	0.642502	5140
4	47051	0.642627	5141
4	47060	0.642752	5142
4	47069	0.642877	5143
4	47078	0.643002	5144
4	47087	0.643127	5145
4	47096	0.643252	5146
4	47105	0.643377	5147
4	47114	0.643502	5148
4	47123	0.643627	5149
4	47132	0.643752	5150
4	47141	0.643877	5151
4	47150	0.644002	5152
4	47159	0.644127	5153
4	47168	0.644252	5154
4	47177	0.644377	5155
4	47190	0.644502	5156
4	47199	0.644627	5157
4	47208	0.644752	5158
4	47217	0.644877	5159
4	47226	0.645002	5160
4	47235	0.645127	5161
4	47244	0.645252	5162
4	47253	0.645377	5163
4	47262	0.645502	5164
4	47271	0.645627	5165
4	47280	0.645752	5166
4	47289	0.645877	5167
4	47298	0.646002	5168
4	47307	0.646127	5169
4	47316	0.646252	5170
4	47325	0.646377	5171
4	47334	0.646502	5172
4	47343	0.646627	5173
4	47352	0.646752	5174
4	47361	0.646877	5175
4	47370	0.647002	5176
4	47379	0.647127	5177
4	47388	0.647252	5178
4	47397	0.647377	5179
4	47406	0.647502	5180
4	47415	0.647627	5181
4	47426	0.647752	5182
4	47437	0.647877	5183
4	47446	0.648002	5184
4	47455	0.648127	5185
4	47464	0.648252	5186
4	47473	0.648377	5187
4	47482	0.648502	5188
4	47491	0.648627	5189
4	47500	0.648752	5190
4	47509	0.648877	5191
4	47518	0.649002	5192
4	47527	0.649127	5193
4	47536	0.649252	5194
4	47545	0.649377	5195
4	47554	0.649502	5196
4	47563	0.649627	5197
4	47572	0.649752	5198
4	47581	0.649877	5199
4	47590	0.650002	5200
4	47599	0.650127	5201
4	47608	0.650252	5202
4	47617	0.650377	5203
4	47626	0.650502	5204
4	47635	0.650627	5205
4	47644	0.650752	5206
4	47653	0.650877	5207
4	47662	0.651002	5208
4	47675	0.651127	5209
4	47684	0.651252	5210
4	47693	0.651377	5211
4	47702	0.651502	5212
4	47711	0.651627	5213
4	47720	0.651752	5214
4	47729	0.651877	5215
4	47738	0.652002	5216
4	47747	0.652127	5217
4	47756	0.652252	5218
4	47765	0.652377	5219
4	47774	0.652502	5220
4	47783	0.652627	5221
4	47792	0.652752	5222
4	47801	0.652877	5223
4	47810	0.653002	5224
4	47819	0.653127	5225
4	47828	0.653252	5226
4	47837	0.653377	5227
4	47846	0.653502	5228
4	47855	0.653627	5229
4	47864	0.653752	5230
4	47873	0.653877	5231
4	47882	0.654002	5232
4	47891	0.654127	5233
4	47900	0.654252	5234
4	47913	0.654377	5235
4	47922	0.654502	5236
4	47931	0.654627	5237
4	47940	0.654752	5238
4	47949	0.654877	5239
4	47958	0.655002	5240
4	47967	0.655127	5241
4	47976	0.655252	5242
4	47985	0.655377	5243
4	47994	0.655502	5244
4	48003	0.655627	5245
4	48012	0.655752	5246
4	48021	0.655877	5247
4	48030	0.656002	5248
4	48039	0.656127	5249
4	48048	0.656252	5250
4	48057	0.656377	5251
4	48066	0.656502	5252
4	48075	0.656627	5253
4	48084	0.656752	5254
4	48093	0.656877	5255
4	48102	0.657002	5256
4	48111	0.657127	5257
4	48120	0.657252	5258
4	48129	0.657377	5259
4	48138	0.657502	5260
4	48151	0.657627	5261
4	48160	0.657752	5262
4	48169	0.657877	5263
4	48178	0.658002	5264
4	48187	0.658127	5265
4	48196	0.658252	5266
4	48205	0.658377	5267
4	48214	0.658502	5268
4	48223	0.658627	5269
4	48232	0.658752	5270
4	48241	0.658877	5271
4	48250	0.659002	5272
4	48259	0.659127	5273
4	48268	0.659252	5274
4	48277	0.659377	5275
4	48286	0.659502	5276
4	48295	0.659627	5277
4	48304	0.659752	5278
4	48313	0.659877	5279
4	48322	0.660002	5280
4	48331	0.660127	5281
4	48340	0.660252	5282
4	48349	0.660377	5283
4	48358	0.660502	5284
4	48367	0.660627	5285
4	48376	0.660752	5286
4	48389	0.660877	5287
4	48398	0.661002	5288
4	48407	0.661127	5289
4	48416	0.661252	5290
4	48425	0.661377	5291
4	48434	0.661502	5292
4	48443	0.661627	5293
4	48452	0.661752	5294
4	48461	0.661877	5295
4	48470	0.662002	5296
4	48479	0.662127	5297
4	48488	0.662252	5298
4	48497	0.662377	5299
4	48506	0.662502	5300
4	48515	0.662627	5301
4	48524	0.662752	5302
4	48533	0.662877	5303
4	48542	0.663002	5304
4	48551	0.663127	5305
4	48560	0.663252	5306
4	48569	0.663377	5307
4	48578	0.663502	5308
4	48587	0.663627	5309
4	48596	0.663752	5310
4	48605	0.663877	5311
4	48614	0.664002	5312
4	48627	0.664127	5313
4	48636	0.664252	5314
4	48645	0.664377	5315
4	48654	0.664502	5316
4	48663	0.664627	5317
4	48672	0.664752	5318
4	48681	0.664877	5319
4	48690	0.665002	5320
4	48699	0.665127	5321
4	48708	0.665252	5322
4	48717	0.665377	5323
4	48726	0.665502	5324
4	48735	0.665627	5325
4	48744	0.665752	5326
4	48753	0.665877	5327
4	48762	0.666002	5328
4	48771	0.666127	5329
4	48780	0.666252	5330
4	48789	0.666377	5331
4	48798	0.666502	5332
4	48807	0.666627	5333
4	48816	0.666752	5334
4	48825	0.666877	5335
4	48834	0.667002	5336
4	48843	0.667127	5337
4	48852	0.667252	5338
4	48861	0.667377	5339
4	48874	0.667502	5340
4	48883	0.667627	5341
4	48892	0.667752	5342
4	48901	0.667877	5343
4	48910	0.668002	5344
4	48919	0.668127	5345
4	48928	0.668252	5346
4	48937	0.668377	5347
4	48946	0.668502	5348
4	48955	0.668627	5349
4	48964	0.668752	5350
4	48973	0.668877	5351
4	48982	0.669002	5352
4	48991	0.669127	5353
4	49000	0.669252	5354
4	49009	0.669377	5355
4	49018	0.669502	5356
4	49027	0.669627	5357
4	49036	0.669752	5358
4	49045	0.669877	5359
4	49054	0.670002	5360
4	49063	0.670127	5361
4	49072	0.670252	5362
4	49081	0.670377	5363
4	49090	0.670502	5364
4	49099	0.670627	5365
4	49112	0.670752	5366
4	49121	0.670877	5367
4	49130	0.671002	5368
4	49139	0.671127	5369
4	49148	0.671252	5370
4	49157	0.671377	5371
4	49166	0.671502	5372
4	49175	0.671627	5373
4	49184	0.671752	5374
4	49193	0.671877	5375
4	49202	0.672002	5376
4	49211	0.672127	5377
4	49220	0.672252	5378
4	49229	0.672377	5379
4	49238	0.672502	5380
4	49247	0.672627	5381
4	49256	0.672752	5382
4	49265	0.672877	5383
4	49274	0.673002	5384
4	49283	0.673127	5385
4	49292	0.673252	5386
4	49301	0.673377	5387
4	49310	0.673502	5388
4	49319	0.673627	5389
4	49328	0.673752	5390
4	49337	0.673877	5391
4	49350	0.674002	5392
4	49359	0.674127	5393
4	49368	0.674252	5394
4	49377	0.674377	5395
4	49386	0.674502	5396
4	49395	0.674627	5397
4	49404	0.674752	5398
4	49413	0.674877	5399
4	49422	0.675002	5400
4	49431	0.675127	5401
4	49440	0.675252	5402
4	49449	0.675377	5403
4	49458	0.675502	5404
4	49467	0.675627	5405
4	49476	0.675752	5406
4	49485	0.675877	5407
4	49494	0.676002	5408
4	49503	0.676127	5409
4	49512	0.676252	5410
4	49521	0.676377	5411
4	49530	0.676502	5412
4	49539	0.676627	5413
4	49548	0.676752	5414
4	49557	0.676877	5415
4	49566	0.677002	5416
4	49575	0.677127	5417
4	49588	0.677252	5418
4	49597	0.677377	5419
4	49606	0.677502	5420
4	49615	0.677627	5421
4	49624	0.677752	5422
4	49633	0.677877	5423
4	49642	0.678002	5424
4	49651	0.678127	5425
4	49660	0.678252	5426
4	49669	0.678377	5427
4	49678	0.678502	5428
4	49687	0.678627	5429
4	49696	0.678752	5430
4	49705	0.678877	5431
4	49714	0.679002	5432
4	49723	0.679127	5433
4	49732	0.679252	5434
4	49741	0.679377	5435
4	49750	0.679502	5436
4	49759	0.679627	5437
4	49768	0.679752	5438
4	49777	0.679877	5439
4	49786	0.680002	5440
4	49795	0.680127	5441
4	49804	0.680252	5442
4	49813	0.680377	5443
4	49826	0.680502	5444
4	49835	0.680627	5445
4	49844	0.680752	5446
4	49853	0.680877	5447
4	49862	0.681002	5448
4	49871	0.681127	5449
4	49880	0.681252	5450
4	49889	0.681377	5451
4	49898	0.681502	5452
4	49907	0.681627	5453
4	49916	0.681752	5454
4	49925	0.681877	5455
4	49934	0.682002	5456
4	49943	0.682127	5457
4	49952	0.682252	5458
4	49961	0.682377	5459
4	49970	0.682502	5460
4	49979	0.682627	5461
4	49988	0.682752	5462
4	49997	0.682877	5463
4	50006	0.683002	5464
4	50015	0.683127	5465
4	50024	0.683252	5466
4	50033	0.683377	5467
4	50042	0.683502	5468
4	50051	0.683627	5469
4	50064	0.683752	5470
4	50073	0.683877	5471
4	50082	0.684002	5472
4	50091	0.684127	5473
4	50100	0.684252	5474
4	50109	0.684377	5475
4	50118	0.684502	5476
4	50127	0.684627	5477
4	50136	0.684752	5478
4	50145	0.684877	5479
4	50154	0.685002	5480
4	50163	0.685127	5481
4	50172	0.685252	5482
4	50181	0.685377	5483
4	50190	0.685502	5484
4	50199	0.685627	5485
4	50208	0.685752	5486
4	50217	0.685877	5487
4	50226	0.686002	5488
4	50235	0.686127	5489
4	50244	0.686252	5490
4	50253	0.686377	5491
4	50262	0.686502	5492
4	50271	0.686627	5493
4	50280	0.686752	5494
4	50289	0.686877	5495
4	50298	0.687002	5496
4	50311	0.687127	5497
4	50320	0.687252	5498
4	50329	0.687377	5499
4	50338	0.687502	5500
4	50347	0.687627	5501
4	50356	0.687752	5502
4	50365	0.687877	5503
4	50374	0.688002	5504
4	50383	0.688127	5505
4	50392	0.688252	5506
4	50401	0.688377	5507
4	50410	0.688502	5508
4	50419	0.688627	5509
4	50428	0.688752	5510
4	50437	0.688877	5511
4	50446	0.689002	5512
4	50455	0.689127	5513
4	50464	0.689252	5514
4	50473	0.689377	5515
4	50482	0.689502	5516
4	50491	0.689627	5517
4	50500	0.689752	5518
4	50509	0.689877	5519
4	50518	0.690002	5520
4	50527	0.690127	5521
4	50536	0.690252	5522
4	50549	0.690377	5523
4	50558	0.690502	5524
4	50567	0.690627	5525
4	50576	0.690752	5526
4	50585	0.690877	5527
4	50594	0.691002	5528
4	50603	0.691127	5529
4	50612	0.691252	5530
4	50621	0.691377	5531
4	50630	0.691502	5532
4	50639	0.691627	5533
4	50648	0.691752	5534
4	50657	0.691877	5535
4	50666	0.692002	5536
4	50675	0.692127	5537
4	50684	0.692252	5538
4	50693	0.692377	5539
4	50702	0.692502	5540
4	50711	0.692627	5541
4	50720	0.692752	5542
4	50729	0.692877	5543
4	50738	0.693002	5544
4	50747	0.693127	5545
4	50756	0.693252	5546
4	50765	0.693377	5547
4	50774	0.693502	5548
4	50787	0.693627	5549
4	50796	0.693752	5550
4	50805	0.693877	5551
4	50814	0.694002	5552
4	50823	0.694127	5553
4	50832	0.694252	5554
4	50841	0.694377	5555
4	50850	0.694502	5556
4	50859	0.694627	5557
4	50868	0.694752	5558
4	50877	0.694877	5559
4	50886	0.695002	5560
4	50895	0.695127	5561
4	50904	0.695252	5562
4	50913	0.695377	5563
4	50922	0.695502	5564
4	50931	0.695627	5565
4	50940	0.695752	5566
4	50949	0.695877	5567
4	50958	0.696002	5568
4	50967	0.696127	5569
4	50976	0.696252	5570
4	50985	0.696377	5571
4	50994	0.696502	5572
4	51003	0.696627	5573
4	51012	0.696752	5574
4	51025	0.696877	5575
4	51034	0.697002	5576
4	51043	0.697127	5577
4	51052	0.697252	5578
4	51061	0.697377	5579
4	51070	0.697502	5580
4	51079	0.697627	5581
4	51088	0.697752	5582
4	51097	0.697877	5583
4	51106	0.698002	5584
4	51115	0.698127	5585
4	51124	0.698252	5586
4	51133	0.698377	5587
4	51142	0.698502	5588
4	51151	0.698627	5589
4	51160	0.698752	5590
4	51169	0.698877	5591
4	51178	0.699002	5592
4	51187	0.699127	5593
4	51196	0.699252	5594
4	51205	0.699377	5595
4	51214	0.699502	5596
4	51223	0.699627	5597
4	51232	0.699752	5598
4	51241	0.699877	5599
4	51250	0.700002	5600
4	51263	0.700127	5601
4	51272	0.700252	5602
4	51281	0.700377	5603
4	51290	0.700502	5604
4	51299	0.700627	5605
4	51308	0.700752	5606
4	51317	0.700877	5607
4	51326	0.701002	5608
4	51335	0.701127	5609
4	51344	0.701252	5610
4	51353	0.701377	5611
4	51362	0.701502	5612
4	51371	0.701627	5613
4	51380	0.701752	5614
4	51389	0.701877	5615
4	51398	0.702002	5616
4	51407	0.702127	5617
4	51416	0.702252	5618
4	51425	0.702377	5619
4	51434	0.702502	5620
4	51443	0.702627	5621
4	51452	0.702752	5622
4	51461	0.702877	5623
4	51470	0.703002	5624
4	51479	0.703127	5625
4	51488	0.703252	5626
4	51501	0.703377	5627
4	51510	0.703502	5628
4	51519	0.703627	5629
4	51528	0.703752	5630
4	51537	0.703877	5631
4	51546	0.704002	5632
4	51555	0.704127	5633
4	51564	0.704252	5634
4	51573	0.704377	5635
4	51582	0.704502	5636
4	51591	0.704627	5637
4	51600	0.704752	5638
4	51609	0.704877	5639
4	51618	0.705002	5640
4	51627	0.705127	5641
4	51636	0.705252	5642
4	51645	0.705377	5643
4	51654	0.705502	5644
4	51663	0.705627	5645
4	51672	0.705752	5646
4	51681	0.705877	5647
4	51690	0.706002	5648
4	51699	0.706127	5649
4	51708	0.706252	5650
4	51717	0.706377	5651
4	51726	0.706502	5652
4	51735	0.706627	5653
4	51748	0.706752	5654
4	51757	0.706877	5655
4	51766	0.707002	5656
4	51775	0.707127	5657
4	51784	0.707252	5658
4	51793	0.707377	5659
4	51802	0.707502	5660
4	51811	0.707627	5661
4	51820	0.707752	5662
4	51829	0.707877	5663
4	51838	0.708002	5664
4	51847	0.708127	5665
4	51856	0.708252	5666
4	51865	0.708377	5667
4	51874	0.708502	5668
4	51883	0.708627	5669
4	51892	0.708752	5670
4	51901	0.708877	5671
4	51910	0.709002	5672
4	51919	0.709127	5673
4	51928	0.709252	5674
4	51937	0.709377	5675
4	51946	0.709502	5676
4	51955	0.709627	5677
4	51964	0.709752	5678
4	51973	0.709877	5679
4	51986	0.710002	5680
4	51995	0.710127	5681
4	52004	0.710252	5682
4	52013	0.710377	5683
4	52022	0.710502	5684
4	52031	0.710627	5685
4	52040	0.710752	5686
4	52049	0.710877	5687
4	52058	0.711002	5688
4	52067	0.711127	5689
4	52076	0.711252	5690
4	52085	0.711377	5691
4	52094	0.711502	5692
4	52103	0.711627	5693
4	52112	0.711752	5694
4	52121	0.711877	5695
4	52130	0.712002	5696
4	52139	0.712127	5697
4	52148	0.712252	5698
4	52157	0.712377	5699
4	52166	0.712502	5700
4	52175	0.712627	5701
4	52184	0.712752	5702
4	52193	0.712877	5703
4	52202	0.713002	5704
4	52211	0.713127	5705
4	52224	0.713252	5706
4	52233	0.713377	5707
4	52242	0.713502	5708
4	52251	0.713627	5709
4	52260	0.713752	5710
4	52269	0.713877	5711
4	52278	0.714002	5712
4	52287	0.714127	5713
4	52296	0.714252	5714
4	52305	0.714377	5715
4	52314	0.714502	5716
4	52323	0.714627	5717
4	52332	0.714752	5718
4	52341	0.714877	5719
4	52350	0.715002	5720
4	52359	0.715127	5721
4	52368	0.715252	5722
4	52377	0.715377	5723
4	52386	0.715502	5724
4	52395	0.715627	5725
4	52404	0.715752	5726
4	52413	0.715877	5727
4	52422	0.716002	5728
4	52431	0.716127	5729
4	52440	0.716252	5730
4	52449	0.716377	5731
4	52462	0.716502	5732
4	52471	0.716627	5733
4	52480	0.716752	5734
4	52489	0.716877	5735
4	52498	0.717002	5736
4	52507	0.717127	5737
4	52516	0.717252	5738
4	52525	0.717377	5739
4	52534	0.717502	5740
4	52543	0.717627	5741
4	52552	0.717752	5742
4	52561	0.717877	5743
4	52570	0.718002	5744
4	52579	0.718127	5745
4	52588	0.718252	5746
4	52597	0.718377	5747
4	52606	0.718502	5748
4	52615	0.718627	5749
4	52624	0.718752	5750
4	52633	0.718877	5751
4	52642	0.719002	5752
4	52651	0.719127	5753
4	52660	0.719252	5754
4	52669	0.719377	5755
4	52678	0.719502	5756
4	52687	0.719627	5757
4	52700	0.719752	5758
4	52709	0.719877	5759
4	52718	0.720002	5760
4	52727	0.720127	5761
4	52736	0.720252	5762
4	52745	0.720377	5763
4	52754	0.720502	5764
4	52763	0.720627	5765
4	52772	0.720752	5766
4	52781	0.720877	5767
4	52790	0.721002	5768
4	52799	0.721127	5769
4	52808	0.721252	5770
4	52817	0.721377	5771
4	52826	0.721502	5772
4	52835	0.721627	5773
4	52844	0.721752	5774
4	52853	0.721877	5775
4	52862	0.722002	5776
4	52871	0.722127	5777
4	52880	0.722252	5778
4	52889	0.722377	5779
4	52898	0.722502	5780
4	52907	0.722627	5781
4	52916	0.722752	5782
4	52925	0.722877	5783
4	52936	0.723002	5784
4	52947	0.723127	5785
4	52956	0.723252	5786
4	52965	0.723377	5787
4	52974	0.723502	5788
4	52983	0.723627	5789
4	52992	0.723752	5790
4	53001	0.723877	5791
4	53010	0.724002	5792
4	53019	0.724127	5793
4	53028	0.724252	5794
4	53037	0.724377	5795
4	53046	0.724502	5796
4	53055	0.724627	5797
4	53064	0.724752	5798
4	53073	0.724877	5799
4	53082	0.725002	5800
4	53091	0.725127	5801
4	53100	0.725252	5802
4	53109	0.725377	5803
4	53118	0.725502	5804
4	53127	0.725627	5805
4	53136	0.725752	5806
4	53145	0.725877	5807
4	53154	0.726002	5808
4	53163	0.726127	5809
4	53172	0.726252	5810
4	53185	0.726377	5811
4	53194	0.726502	5812
4	53203	0.726627	5813
4	53212	0.726752	5814
4	53221	0.726877	5815
4	53230	0.727002	5816
4	53239	0.727127	5817
4	53248	0.727252	5818
4	53257	0.727377	5819
4	53266	0.727502	5820
4	53275	0.727627	5821
4	53284	0.727752	5822
4	53293	0.727877	5823
4	53302	0.728002	5824
4	53311	0.728127	5825
4	53320	0.728252	5826
4	53329	0.728377	5827
4	53338	0.728502	5828
4	53347	0.728627	5829
4	53356	0.728752	5830
4	53365	0.728877	5831
4	53374	0.729002	5832
4	53383	0.729127	5833
4	53392	0.729252	5834
4	53401	0.729377	5835
4	53410	0.729502	5836
4	53423	0.729627	5837
4	53432	0.729752	5838
4	53441	0.729877	5839
4	53450	0.730002	5840
4	53459	0.730127	5841
4	53468	0.730252	5842
4	53477	0.730377	5843
4	53486	0.730502	5844
4	53495	0.730627	5845
4	53504	0.730752	5846
4	53513	0.730877	5847
4	53522	0.731002	5848
4	53531	0.731127	5849
4	53540	0.731252	5850
4	53549	0.731377	5851
4	53558	0.731502	5852
4	53567	0.731627	5853
4	53576	0.731752	5854
4	53585	0.731877	5855
4	53594	0.732002	5856
4	53603	0.732127	5857
4	53612	0.732252	5858
4	53621	0.732377	5859
4	53630	0.732502	5860
4	53639	0.732627	5861
4	53648	0.732752	5862
4	53661	0.732877	5863
4	53670	0.733002	5864
4	53679	0.733127	5865
4	53688	0.733252	5866
4	53697	0.733377	5867
4	53706	0.733502	5868
4	53715	0.733627	5869
4	53724	0.733752	5870
4	53733	0.733877	5871
4	53742	0.734002	5872
4	53751	0.734127	5873
4	53760	0.734252	5874
4	53769	0.734377	5875
4	53778	0.734502	5876
4	53787	0.734627	5877
4	53796	0.734752	5878
4	53805	0.734877	5879
4	53814	0.735002	5880
4	53823	0.735127	5881
4	53832	0.735252	5882
4	53841	0.735377	5883
4	53850	0.735502	5884
4	53859	0.735627	5885
4	53868	0.735752	5886
4	53877	0.735877	5887
4	53886	0.736002	5888
4	53899	0.736127	5889
4	53908	0.736252	5890
4	53917	0.736377	5891
4	53926	0.736502	5892
4	53935	0.736627	5893
4	53944	0.736752	5894
4	53953	0.736877	5895
4	53962	0.737002	5896
4	53971	0.737127	5897
4	53980	0.737252	5898
4	53989	0.737377	5899
4	53998	0.737502	5900
4	54007	0.737627	5901
4	54016	0.737752	5902
4	54025	0.737877	5903
4	54034	0.738002	5904
4	54043	0.738127	5905
4	54052	0.738252	5906
4	54061	0.738377	5907
4	54070	0.738502	5908
4	54079	0.738627	5909
4	54088	0.738752	5910
4	54097	0.738877	5911
4	54106	0.739002	5912
4	54115	0.739127	5913
4	54124	0.739252	5914
4	54137	0.739377	5915
4	54146	0.739502	5916
4	54155	0.739627	5917
4	54164	0.739752	5918
4	54173	0.739877	5919
4	54182	0.740002	5920
4	54191	0.740127	5921
4	54200	0.740252	5922
4	54209	0.740377	5923
4	54218	0.740502	5924
4	54227	0.740627	5925
4	54236	0.740752	5926
4	54245	0.740877	5927
4	54254	0.741002	5928
4	54263	0.741127	5929
4	54272	0.741252	5930
4	54281	0.741377	5931
4	54290	0.741502	5932
4	54299	0.741627	5933
4	54308	0.741752	5934
4	54317	0.741877	5935
4	54326	0.742002	5936
4	54335	0.742127	5937
4	54344	0.742252	5938
4	54353	0.742377	5939
4	54362	0.742502	5940
4	54371	0.742627	5941
4	54384	0.742752	5942
4	54393	0.742877	5943
4	54402	0.743002	5944
4	54411	0.743127	5945
4	54420	0.743252	5946
4	54429	0.743377	5947
4	54438	0.743502	5948
4	54447	0.743627	5949
4	54456	0.743752	5950
4	54465	0.743877	5951
4	54474	0.744002	5952
4	54483	0.744127	5953
4	54492	0.744252	5954
4	54501	0.744377	5955
4	54510	0.744502	5956
4	54519	0.744627	5957
4	54528	0.744752	5958
4	54537	0.744877	5959
4	54546	0.745002	5960
4	54555	0.745127	5961
4	54564	0.745252	5962
4	54573	0.745377	5963
4	54582	0.745502	5964
4	54591	0.745627	5965
4	54600	0.745752	5966
4	54609	0.745877	5967
4	54622	0.746002	5968
4	54631	0.746127	5969
4	54640	0.746252	5970
4	54649	0.746377	5971
4	54658	0.746502	5972
4	54667	0.746627	5973
4	54676	0.746752	5974
4	54685	0.746877	5975
4	54694	0.747002	5976
4	54703	0.747127	5977
4	54712	0.747252	5978
4	54721	0.747377	5979
4	54730	0.747502	5980
4	54739	0.747627	5981
4	54748	0.747752	5982
4	54757	0.747877	5983
4	54766	0.748002	5984
4	54775	0.748127	5985
4	54784	0.748252	5986
4	54793	0.748377	5987
4	54802	0.748502	5988
4	54811	0.748627	5989
4	54820	0.748752	5990
4	54829	0.748877	5991
4	54838	0.749002	5992
4	54847	0.749127	5993
4	54860	0.749252	5994
4	54869	0.749377	5995
4	54878	0.749502	5996
4	54887	0.749627	5997
4	54896	0.749752	5998
4	54905	0.749877	5999
4	54914	0.750002	6000
4	54923	0.750127	6001
4	54932	0.750252	6002
4	54941	0.750377	6003
4	54950	0.750502	6004
4	54959	0.750627	6005
4	54968	0.750752	6006
4	54977	0.750877	6007
4	54986	0.751002	6008
4	54995	0.751127	6009
4	55004	0.751252	6010
4	55013	0.751377	6011
4	55022	0.751502	6012
4	55031	0.751627	6013
4	55040	0.751752	6014
4	55049	0.751877	6015
4	55058	0.752002	6016
4	55067	0.752127	6017
4	55076	0.752252	6018
4	55085	0.752377	6019
4	55098	0.752502	6020
4	55107	0.752627	6021
4	55116	0.752752	6022
4	55125	0.752877	6023
4	55134	0.753002	6024
4	55143	0.753127	6025
4	55152	0.753252	6026
4	55161	0.753377	6027
4	55170	0.753502	6028
4	55179	0.753627	6029
4	55188	0.753752	6030
4	55197	0.753877	6031
4	55206	0.754002	6032
4	55215	0.754127	6033
4	55224	0.754252	6034
4	55233	0.754377	6035
4	55242	0.754502	6036
4	55251	0.754627	6037
4	55260	0.754752	6038
4	55269	0.754877	6039
4	55278	0.755002	6040
4	55287	0.755127	6041
4	55296	0.755252	6042
4	55305	0.755377	6043
4	55314	0.755502	6044
4	55323	0.755627	6045
4	55336	0.755752	6046
4	55345	0.755877	6047
4	55354	0.756002	6048
4	55363	0.756127	6049
4	55372	0.756252	6050
4	55381	0.756377	6051
4	55390	0.756502	6052
4	55399	0.756627	6053
4	55408	0.756752	6054
4	55417	0.756877	6055
4	55426	0.757002	6056
4	55435	0.757127	6057
4	55444	0.757252	6058
4	55453	0.757377	6059
4	55462	0.757502	6060
4	55471	0.757627	6061
4	55480	0.757752	6062
4	55489	0.757877	6063
4	55498	0.758002	6064
4	55507	0.758127	6065
4	55516	0.758252	6066
4	55525	0.758377	6067
4	55534	0.758502	6068
4	55543	0.758627	6069
4	55552	0.758752	6070
4	55561	0.758877	6071
4	55574	0.759002	6072
4	55583	0.759127	6073
4	55592	0.759252	6074
4	55601	0.759377	6075
4	55610	0.759502	6076
4	55619	0.759627	6077
4	55628	0.759752	6078
4	55637	0.759877	6079
4	55646	0.760002	6080
4	55655	0.760127	6081
4	55664	0.760252	6082
4	55673	0.760377	6083
4	55682	0.760502	6084
4	55691	0.760627	6085
4	55700	0.760752	6086
4	55709	0.760877	6087
4	55718	0.761002	6088
4	55727	0.761127	6089
4	55736	0.761252	6090
4	55745	0.761377	6091
4	55754	0.761502	6092
4	55763	0.761627	6093
4	55772	0.761752	6094
4	55781	0.761877	6095
4	55790	0.762002	6096
4	55799	0.762127	6097
4	55808	0.762252	6098
4	55821	0.762377	6099
4	55830	0.762502	6100
4	55839	0.762627	6101
4	55848	0.762752	6102
4	55857	0.762877	6103
4	55866	0.763002	6104
4	55875	0.763127	6105
4	55884	0.763252	6106
4	55893	0.763377	6107
4	55902	0.763502	6108
4	55911	0.763627	6109
4	55920	0.763752	6110
4	55929	0.763877	6111
4	55938	0.764002	6112
4	55947	0.764127	6113
4	55956	0.764252	6114
4	55965	0.764377	6115
4	55974	0.764502	6116
4	55983	0.764627	6117
4	55992	0.764752	6118
4	56001	0.764877	6119
4	56010	0.765002	6120
4	56019	0.765127	6121
4	56028	0.765252	6122
4	56037	0.765377	6123
4	56046	0.765502	6124
4	56059	0.765627	6125
4	56068	0.765752	6126
4	56077	0.765877	6127
4	56086	0.766002	6128
4	56095	0.766127	6129
4	56104	0.766252	6130
4	56113	0.766377	6131
4	56122	0.766502	6132
4	56131	0.766627	6133
4	56140	0.766752	6134
4	56149	0.766877	6135
4	56158	0.767002	6136
4	56167	0.767127	6137
4	56176	0.767252	6138
4	56185	0.767377	6139
4	56194	0.767502	6140
4	56203	0.767627	6141
4	56212	0.767752	6142
4	56221	0.767877	6143
4	56230	0.768002	6144
4	56239	0.768127	6145
4	56248	0.768252	6146
4	56257	0.768377	6147
4	56266	0.768502	6148
4	56275	0.768627	6149
4	56284	0.768752	6150
4	56297	0.768877	6151
4	56306	0.769002	6152
4	56315	0.769127	6153
4	56324	0.769252	6154
4	56333	0.769377	6155
4	56342	0.769502	6156
4	56351	0.769627	6157
4	56360	0.769752	6158
4	56369	0.769877	6159
4	56378	0.770002	6160
4	56387	0.770127	6161
4	56396	0.770252	6162
4	56405	0.770377	6163
4	56414	0.770502	6164
4	56423	0.770627	6165
4	56432	0.770752	6166
4	56441	0.770877	6167
4	56450	0.771002	6168
4	56459	0.771127	6169
4	56468	0.771252	6170
4	56477	0.771377	6171
4	56486	0.771502	6172
4	56495	0.771627	6173
4	56504	0.771752	6174
4	56513	0.771877	6175
4	56522	0.772002	6176
4	56535	0.772127	6177
4	56544	0.772252	6178
4	56553	0.772377	6179
4	56562	0.772502	6180
4	56571	0.772627	6181
4	56580	0.772752	6182
4	56589	0.772877	6183
4	56598	0.773002	6184
4	56607	0.773127	6185
4	56616	0.773252	6186
4	56625	0.773377	6187
4	56634	0.773502	6188
4	56643	0.773627	6189
4	56652	0.773752	6190
4	56661	0.773877	6191
4	56670	0.774002	6192
4	56679	0.774127	6193
4	56688	0.774252	6194
4	56697	0.774377	6195
4	56706	0.774502	6196
4	56715	0.774627	6197
4	56724	0.774752	6198
4	56733	0.774877	6199
4	56742	0.775002	6200
4	56751	0.775127	6201
4	56760	0.775252	6202
4	56773	0.775377	6203
4	56782	0.775502	6204
4	56791	0.775627	6205
4	56800	0.775752	6206
4	56809	0.775877	6207
4	56818	0.776002	6208
4	56827	0.776127	6209
4	56836	0.776252	6210
4	56845	0.776377	6211
4	56854	0.776502	6212
4	56863	0.776627	6213
4	56872	0.776752	6214
4	56881	0.776877	6215
4	56890	0.777002	6216
4	56899	0.777127	6217
4	56908	0.777252	6218
4	56917	0.777377	6219
4	56926	0.777502	6220
4	56935	0.777627	6221
4	56944	0.777752	6222
4	56953	0.777877	6223
4	56962	0.778002	6224
4	56971	0.778127	6225
4	56980	0.778252	6226
4	56989	0.778377	6227
4	56998	0.778502	6228
4	57011	0.778627	6229
4	57020	0.778752	6230
4	57029	0.778877	6231
4	57038	0.779002	6232
4	57047	0.779127	6233
4	57056	0.779252	6234
4	57065	0.779377	6235
4	57074	0.779502	6236
4	57083	0.779627	6237
4	57092	0.779752	6238
4	57101	0.779877	6239
4	57110	0.780002	6240
4	57119	0.780127	6241
4	57128	0.780252	6242
4	57137	0.780377	6243
4	57146	0.780502	6244
4	57155	0.780627	6245
4	57164	0.780752	6246
4	57173	0.780877	6247
4	57182	0.781002	6248
4	57191	0.781127	6249
4	57200	0.781252	6250
4	57209	0.781377	6251
4	57218	0.781502	6252
4	57227	0.781627	6253
4	57236	0.781752	6254
4	57245	0.781877	6255
4	57258	0.782002	6256
4	57267	0.782127	6257
4	57276	0.782252	6258
4	57285	0.782377	6259
4	57294	0.782502	6260
4	57303	0.782627	6261
4	57312	0.782752	6262
4	57321	0.782877	6263
4	57330	0.783002	6264
4	57339	0.783127	6265
4	57348	0.783252	6266
4	57357	0.783377	6267
4	57366	0.783502	6268
4	57375	0.783627	6269
4	57384	0.783752	6270
4	57393	0.783877	6271
4	57402	0.784002	6272
4	57411	0.784127	6273
4	57420	0.784252	6274
4	57429	0.784377	6275
4	57438	0.784502	6276
4	57447	0.784627	6277
4	57456	0.784752	6278
4	57465	0.784877	6279
4	57474	0.785002	6280
4	57483	0.785127	6281
4	57496	0.785252	6282
4	57505	0.785377	6283
4	57514	0.785502	6284
4	57523	0.785627	6285
4	57532	0.785752	6286
4	57541	0.785877	6287
4	57550	0.786002	6288
4	57559	0.786127	6289
4	57568	0.786252	6290
4	57577	0.786377	6291
4	57586	0.786502	6292
4	57595	0.786627	6293
4	57604	0.786752	6294
4	57613	0.786877	6295
4	57622	0.787002	6296
4	57631	0.787127	6297
4	57640	0.787252	6298
4	57649	0.787377	6299
4	57658	0.787502	6300
4	57667	0.787627	6301
4	57676	0.787752	6302
4	57685	0.787877	6303
4	57694	0.788002	6304
4	57703	0.788127	6305
4	57712	0.788252	6306
4	57721	0.788377	6307
4	57734	0.788502	6308
4	57743	0.788627	6309
4	57752	0.788752	6310
4	57761	0.788877	6311
4	57770	0.789002	6312
4	57779	0.789127	6313
4	57788	0.789252	6314
4	57797	0.789377	6315
4	57806	0.789502	6316
4	57815	0.789627	6317
4	57824	0.789752	6318
4	57833	0.789877	6319
4	57842	0.790002	6320
4	57851	0.790127	6321
4	57860	0.790252	6322
4	57869	0.790377	6323
4	57878	0.790502	6324
4	57887	0.790627	6325
4	57896	0.790752	6326
4	57905	0.790877	6327
4	57914	0.791002	6328
4	57923	0.791127	6329
4	57932	0.791252	6330
4	57941	0.791377	6331
4	57950	0.791502	6332
4	57959	0.791627	6333
4	57972	0.791752	6334
4	57981	0.791877	6335
4	57990	0.792002	6336
4	57999	0.792127	6337
4	58008	0.792252	6338
4	58017	0.792377	6339
4	58026	0.792502	6340
4	58035	0.792627	6341
4	58044	0.792752	6342
4	58053	0.792877	6343
4	58062	0.793002	6344
4	58071	0.793127	6345
4	58080	0.793252	6346
4	58089	0.793377	6347
4	58098	0.793502	6348
4	58107	0.793627	6349
4	58116	0.793752	6350
4	58125	0.793877	6351
4	58134	0.794002	6352
4	58143	0.794127	6353
4	58152	0.794252	6354
4	58161	0.794377	6355
4	58170	0.794502	6356
4	58179	0.794627	6357
4	58188	0.794752	6358
4	58197	0.794877	6359
4	58210	0.795002	6360
4	58219	0.795127	6361
4	58228	0.795252	6362
4	58237	0.795377	6363
4	58246	0.795502	6364
4	58255	0.795627	6365
4	58264	0.795752	6366
4	58273	0.795877	6367
4	58282	0.796002	6368
4	58291	0.796127	6369
4	58300	0.796252	6370
4	58309	0.796377	6371
4	58318	0.796502	6372
4	58327	0.796627	6373
4	58336	0.796752	6374
4	58345	0.796877	6375
4	58354	0.797002	6376
4	58363	0.797127	6377
4	58372	0.797252	6378
4	58381	0.797377	6379
4	58390	0.797502	6380
4	58399	0.797627	6381
4	58408	0.797752	6382
4	58417	0.797877	6383
4	58426	0.798002	6384
4	58435	0.798127	6385
4	58446	0.798252	6386
4	58457	0.798377	6387
4	58466	0.798502	6388
4	58475	0.798627	6389
4	58484	0.798752	6390
4	58493	0.798877	6391
4	58502	0.799002	6392
4	58511	0.799127	6393
4	58520	0.799252	6394
4	58529	0.799377	6395
4	58538	0.799502	6396
4	58547	0.799627	6397
4	58556	0.799752	6398
4	58565	0.799877	6399
4	58574	0.800002	6400
4	58583	0.800127	6401
4	58592	0.800252	6402
4	58601	0.800377	6403
4	58610	0.800502	6404
4	58619	0.800627	6405
4	58628	0.800752	6406
4	58637	0.800877	6407
4	58646	0.801002	6408
4	58655	0.801127	6409
4	58664	0.801252	6410
4	58673	0.801377	6411
4	58682	0.801502	6412
4	58695	0.801627	6413
4	58704	0.801752	6414
4	58713	0.801877	6415
4	58722	0.802002	6416
4	58731	0.802127	6417
4	58740	0.802252	6418
4	58749	0.802377	6419
4	58758	0.802502	6420
4	58767	0.802627	6421
4	58776	0.802752	6422
4	58785	0.802877	6423
4	58794	0.803002	6424
4	58803	0.803127	6425
4	58812	0.803252	6426
4	58821	0.803377	6427
4	58830	0.803502	6428
4	58839	0.803627	6429
4	58848	0.803752	6430
4	58857	0.803877	6431
4	58866	0.804002	6432
4	58875	0.804127	6433
4	58884	0.804252	6434
4	58893	0.804377	6435
4	58902	0.804502	6436
4	58911	0.804627	6437
4	58920	0.804752	6438
4	58933	0.804877	6439
4	58942	0.805002	6440
4	58951	0.805127	6441
4	58960	0.805252	6442
4	58969	0.805377	6443
4	58978	0.805502	6444
4	58987	0.805627	6445
4	58996	0.805752	6446
4	59005	0.805877	6447
4	59014	0.806002	6448
4	59023	0.806127	6449
4	59032	0.806252	6450
4	59041	0.806377	6451
4	59050	0.806502	6452
4	59059	0.806627	6453
4	59068	0.806752	6454
4	59077	0.806877	6455
4	59086	0.807002	6456
4	59095	0.807127	6457
4	59104	0.807252	6458
4	59113	0.807377	6459
4	59122	0.807502	6460
4	59131	0.807627	6461
4	59140	0.807752	6462
4	59149	0.807877	6463
4	59158	0.808002	6464
4	59171	0.808127	6465
4	59180	0.808252	6466
4	59189	0.808377	6467
4	59198	0.808502	6468
4	59207	0.808627	6469
4	59216	0.808752	6470
4	59225	0.808877	6471
4	59234	0.809002	6472
4	59243	0.809127	6473
4	59252	0.809252	6474
4	59261	0.809377	6475
4	59270	0.809502	6476
4	59279	0.809627	6477
4	59288	0.809752	6478
4	59297	0.809877	6479
4	59306	0.810002	6480
4	59315	0.810127	6481
4	59324	0.810252	6482
4	59333	0.810377	6483
4	59342	0.810502	6484
4	59351	0.810627	6485
4	59360	0.810752	6486
4	59369	0.810877	6487
4	59378	0.811002	6488
4	59387	0.811127	6489
4	59396	0.811252	6490
4	59409	0.811377	6491
4	59418	0.811502	6492
4	59427	0.811627	6493
4	59436	0.811752	6494
4	59445	0.811877	6495
4	59454	0.812002	6496
4	59463	0.812127	6497
4	59472	0.812252	6498
4	59481	0.812377	6499
4	59490	0.812502	6500
4	59499	0.812627	6501
4	59508	0.812752	6502
4	59517	0.812877	6503
4	59526	0.813002	6504
4	59535	0.813127	6505
4	59544	0.813252	6506
4	59553	0.813377	6507
4	59562	0.813502	6508
4	59571	0.813627	6509
4	59580	0.813752	6510
4	59589	0.813877	6511
4	59598	0.814002	6512
4	59607	0.814127	6513
4	59616	0.814252	6514
4	59625	0.814377	6515
4	59634	0.814502	6516
4	59647	0.814627	6517
4	59656	0.814752	6518
4	59665	0.814877	6519
4	59674	0.815002	6520
4	59683	0.815127	6521
4	59692	0.815252	6522
4	59701	0.815377	6523
4	59710	0.815502	6524
4	59719	0.815627	6525
4	59728	0.815752	6526
4	59737	0.815877	6527
4	59746	0.816002	6528
4	59755	0.816127	6529
4	59764	0.816252	6530
4	59773	0.816377	6531
4	59782	0.816502	6532
4	59791	0.816627	6533
4	59800	0.816752	6534
4	59809	0.816877	6535
4	59818	0.817002	6536
4	59827	0.817127	6537
4	59836	0.817252	6538
4	59845	0.817377	6539
4	59854	0.817502	6540
4	59863	0.817627	6541
4	59872	0.817752	6542
4	59881	0.817877	6543
4	59894	0.818002	6544
4	59903	0.818127	6545
4	59912	0.818252	6546
4	59921	0.818377	6547
4	59930	0.818502	6548
4	59939	0.818627	6549
4	59948	0.818752	6550
4	59957	0.818877	6551
4	59966	0.819002	6552
4	59975	0.819127	6553
4	59984	0.819252	6554
4	59993	0.819377	6555
4	60002	0.819502	6556
4	60011	0.819627	6557
4	60020	0.819752	6558
4	60029	0.819877	6559
4	60038	0.820002	6560
4	60047	0.820127	6561
4	60056	0.820252	6562
4	60065	0.820377	6563
4	60074	0.820502	6564
4	60083	0.820627	6565
4	60092	0.820752	6566
4	60101	0.820877	6567
4	60110	0.821002	6568
4	60119	0.821127	6569
4	60132	0.821252	6570
4	60141	0.821377	6571
4	60150	0.821502	6572
4	60159	0.821627	6573
4	60168	0.821752	6574
4	60177	0.821877	6575
4	60186	0.822002	6576
4	60195	0.822127	6577
4	60204	0.822252	6578
4	60213	0.822377	6579
4	60222	0.822502	6580
4	60231	0.822627	6581
4	60240	0.822752	6582
4	60249	0.822877	6583
4	60258	0.823002	6584
4	60267	0.823127	6585
4	60276	0.823252	6586
4	60285	0.823377	6587
4	60294	0.823502	6588
4	60303	0.823627	6589
4	60312	0.823752	6590
4	60321	0.823877	6591
4	60330	0.824002	6592
4	60339	0.824127	6593
4	60348	0.824252	6594
4	60357	0.824377	6595
4	60370	0.824502	6596
4	60379	0.824627	6597
4	60388	0.824752	6598
4	60397	0.824877	6599
4	60406	0.825002	6600
4	60415	0.825127	6601
4	60424	0.825252	6602
4	60433	0.825377	6603
4	60442	0.825502	6604
4	60451	0.825627	6605
4	60460	0.825752	6606
4	60469	0.825877	6607
4	60478	0.826002	6608
4	60487	0.826127	6609
4	60496	0.826252	6610
4	60505	0.826377	6611
4	60514	0.826502	6612
4	60523	0.826627	6613
4	60532	0.826752	6614
4	60541	0.826877	6615
4	60550	0.827002	6616
4	60559	0.827127	6617
4	60568	0.827252	6618
4	60577	0.827377	6619
4	60586	0.827502	6620
4	60595	0.827627	6621
4	60608	0.827752	6622
4	60617	0.827877	6623
4	60626	0.828002	6624
4	60635	0.828127	6625
4	60644	0.828252	6626
4	60653	0.828377	6627
4	60662	0.828502	6628
4	60671	0.828627	6629
4	60680	0.828752	6630
4	60689	0.828877	6631
4	60698	0.829002	6632
4	60707	0.829127	6633
4	60716	0.829252	6634
4	60725	0.829377	6635
4	60734	0.829502	6636
4	60743	0.829627	6637
4	60752	0.829752	6638
4	60761	0.829877	6639
4	60770	0.830002	6640
4	60779	0.830127	6641
4	60788	0.830252	6642
4	60797	0.830377	6643
4	60806	0.830502	6644
4	60815	0.830627	6645
4	60824	0.830752	6646
4	60833	0.830877	6647
4	60846	0.831002	6648
4	60855	0.831127	6649
4	60864	0.831252	6650
4	60873	0.831377	6651
4	60882	0.831502	6652
4	60891	0.831627	6653
4	60900	0.831752	6654
4	60909	0.831877	6655
4	60918	0.832002	6656
4	60927	0.832127	6657
4	60936	0.832252	6658
4	60945	0.832377	6659
4	60954	0.832502	6660
4	60963	0.832627	6661
4	60972	0.832752	6662
4	60981	0.832877	6663
4	60990	0.833002	6664
4	60999	0.833127	6665
4	61008	0.833252	6666
4	61017	0.833377	6667
4	61026	0.833502	6668
4	61035	0.833627	6669
4	61044	0.833752	6670
4	61053	0.833877	6671
4	61062	0.834002	6672
4	61071	0.834127	6673
4	61084	0.834252	6674
4	61093	0.834377	6675
4	61102	0.834502	6676
4	61111	0.834627	6677
4	61120	0.834752	6678
4	61129	0.834877	6679
4	61138	0.835002	6680
4	61147	0.835127	6681
4	61156	0.835252	6682
4	61165	0.835377	6683
4	61174	0.835502	6684
4	61183	0.835627	6685
4	61192	0.835752	6686
4	61201	0.835877	6687
4	61210	0.836002	6688
4	61219	0.836127	6689
4	61228	0.836252	6690
4	61237	0.836377	6691
4	61246	0.836502	6692
4	61255	0.836627	6693
4	61264	0.836752	6694
4	61273	0.836877	6695
4	61282	0.837002	6696
4	61291	0.837127	6697
4	61300	0.837252	6698
4	61309	0.837377	6699
4	61318	0.837502	6700
4	61331	0.837627	6701
4	61340	0.837752	6702
4	61349	0.837877	6703
4	61358	0.838002	6704
4	61367	0.838127	6705
4	61376	0.838252	6706
4	61385	0.838377	6707
4	61394	0.838502	6708
4	61403	0.838627	6709
4	61412	0.838752	6710
4	61421	0.838877	6711
4	61430	0.839002	6712
4	61439	0.839127	6713
4	61448	0.839252	6714
4	61457	0.839377	6715
4	61466	0.839502	6716
4	61475	0.839627	6717
4	61484	0.839752	6718
4	61493	0.839877	6719
4	61502	0.840002	6720
4	61511	0.840127	6721
4	61520	0.840252	6722
4	61529	0.840377	6723
4	61538	0.840502	6724
4	61547	0.840627	6725
4	61556	0.840752	6726
4	61569	0.840877	6727
4	61578	0.841002	6728
4	61587	0.841127	6729
4	61596	0.841252	6730
4	61605	0.841377	6731
4	61614	0.841502	6732
4	61623	0.841627	6733
4	61632	0.841752	6734
4	61641	0.841877	6735
4	61650	0.842002	6736
4	61659	0.842127	6737
4	61668	0.842252	6738
4	61677	0.842377	6739
4	61686	0.842502	6740
4	61695	0.842627	6741
4	61704	0.842752	6742
4	61713	0.842877	6743
4	61722	0.843002	6744
4	61731	0.843127	6745
4	61740	0.843252	6746
4	61749	0.843377	6747
4	61758	0.843502	6748
4	61767	0.843627	6749
4	61776	0.843752	6750
4	61785	0.843877	6751
4	61794	0.844002	6752
4	61807	0.844127	6753
4	61816	0.844252	6754
4	61825	0.844377	6755
4	61834	0.844502	6756
4	61843	0.844627	6757
4	61852	0.844752	6758
4	61861	0.844877	6759
4	61870	0.845002	6760
4	61879	0.845127	6761
4	61888	0.845252	6762
4	61897	0.845377	6763
4	61906	0.845502	6764
4	61915	0.845627	6765
4	61924	0.845752	6766
4	61933	0.845877	6767
4	61942	0.846002	6768
4	61951	0.846127	6769
4	61960	0.846252	6770
4	61969	0.846377	6771
4	61978	0.846502	6772
4	61987	0.846627	6773
4	61996	0.846752	6774
4	62005	0.846877	6775
4	62014	0.847002	6776
4	62023	0.847127	6777
4	62032	0.847252	6778
4	62045	0.847377	6779
4	62054	0.847502	6780
4	62063	0.847627	6781
4	62072	0.847752	6782
4	62081	0.847877	6783
4	62090	0.848002	6784
4	62099	0.848127	6785
4	62108	0.848252	6786
4	62117	0.848377	6787
4	62126	0.848502	6788
4	62135	0.848627	6789
4	62144	0.848752	6790
4	62153	0.848877	6791
4	62162	0.849002	6792
4	62171	0.849127	6793
4	62180	0.849252	6794
4	62189	0.849377	6795
4	62198	0.849502	6796
4	62207	0.849627	6797
4	62216	0.849752	6798
4	62225	0.849877	6799
4	62234	0.850002	6800
4	62243	0.850127	6801
4	62252	0.850252	6802
4	62261	0.850377	6803
4	62270	0.850502	6804
4	62283	0.850627	6805
4	62292	0.850752	6806
4	62301	0.850877	6807
4	62310	0.851002	6808
4	62319	0.851127	6809
4	62328	0.851252	6810
4	62337	0.851377	6811
4	62346	0.851502	6812
4	62355	0.851627	6813
4	62364	0.851752	6814
4	62373	0.851877	6815
4	62382	0.852002	6816
4	62391	0.852127	6817
4	62400	0.852252	6818
4	62409	0.852377	6819
4	62418	0.852502	6820
4	62427	0.852627	6821
4	62436	0.852752	6822
4	62445	0.852877	6823
4	62454	0.853002	6824
4	62463	0.853127	6825
4	62472	0.853252	6826
4	62481	0.853377	6827
4	62490	0.853502	6828
4	62499	0.853627	6829
4	62508	0.853752	6830
4	62521	0.853877	6831
4	62530	0.854002	6832
4	62539	0.854127	6833
4	62548	0.854252	6834
4	62557	0.854377	6835
4	62566	0.854502	6836
4	62575	0.854627	6837
4	62584	0.854752	6838
4	62593	0.854877	6839
4	62602	0.855002	6840
4	62611	0.855127	6841
4	62620	0.855252	6842
4	62629	0.855377	6843
4	62638	0.855502	6844
4	62647	0.855627	6845
4	62656	0.855752	6846
4	62665	0.855877	6847
4	62674	0.856002	6848
4	62683	0.856127	6849
4	62692	0.856252	6850
4	62701	0.856377	6851
4	62710	0.856502	6852
4	62719	0.856627	6853
4	62728	0.856752	6854
4	62737	0.856877	6855
4	62746	0.857002	6856
4	62755	0.857127	6857
4	62768	0.857252	6858
4	62777	0.857377	6859
4	62786	0.857502	6860
4	62795	0.857627	6861
4	62804	0.857752	6862
4	62813	0.857877	6863
4	62822	0.858002	6864
4	62831	0.858127	6865
4	62840	0.858252	6866
4	62849	0.858377	6867
4	62858	0.858502	6868
4	62867	0.858627	6869
4	62876	0.858752	6870
4	62885	0.858877	6871
4	62894	0.859002	6872
4	62903	0.859127	6873
4	62912	0.859252	6874
4	62921	0.859377	6875
4	62930	0.859502	6876
4	62939	0.859627	6877
4	62948	0.859752	6878
4	62957	0.859877	6879
4	62966	0.860002	6880
4	62975	0.860127	6881
4	62984	0.860252	6882
4	62993	0.860377	6883
4	63006	0.860502	6884
4	63015	0.860627	6885
4	63024	0.860752	6886
4	63033	0.860877	6887
4	63042	0.861002	6888
4	63051	0.861127	6889
4	63060	0.861252	6890
4	63069	0.861377	6891
4	63078	0.861502	6892
4	63087	0.861627	6893
4	63096	0.861752	6894
4	63105	0.861877	6895
4	63114	0.862002	6896
4	63123	0.862127	6897
4	63132	0.862252	6898
4	63141	0.862377	6899
4	63150	0.862502	6900
4	63159	0.862627	6901
4	63168	0.862752	6902
4	63177	0.862877	6903
4	63186	0.863002	6904
4	63195	0.863127	6905
4	63204	0.863252	6906
4	63213	0.863377	6907
4	63222	0.863502	6908
4	63231	0.863627	6909
4	63244	0.863752	6910
4	63253	0.863877	6911
4	63262	0.864002	6912
4	63271	0.864127	6913
4	63280	0.864252	6914
4	63289	0.864377	6915
4	63298	0.864502	6916
4	63307	0.864627	6917
4	63316	0.864752	6918
4	63325	0.864877	6919
4	63334	0.865002	6920
4	63343	0.865127	6921
4	63352	0.865252	6922
4	63361	0.865377	6923
4	63370	0.865502	6924
4	63379	0.865627	6925
4	63388	0.865752	6926
4	63397	0.865877	6927
4	63406	0.866002	6928
4	63415	0.866127	6929
4	63424	0.866252	6930
4	63433	0.866377	6931
4	63442	0.866502	6932
4	63451	0.866627	6933
4	63460	0.866752	6934
4	63469	0.866877	6935
4	63482	0.867002	6936
4	63491	0.867127	6937
4	63500	0.867252	6938
4	63509	0.867377	6939
4	63518	0.867502	6940
4	63527	0.867627	6941
4	63536	0.867752	6942
4	63545	0.867877	6943
4	63554	0.868002	6944
4	63563	0.868127	6945
4	63572	0.868252	6946
4	63581	0.868377	6947
4	63590	0.868502	6948
4	63599	0.868627	6949
4	63608	0.868752	6950
4	63617	0.868877	6951
4	63626	0.869002	6952
4	63635	0.869127	6953
4	63644	0.869252	6954
4	63653	0.869377	6955
4	63662	0.869502	6956
4	63671	0.869627	6957
4	63680	0.869752	6958
4	63689	0.869877	6959
4	63698	0.870002	6960
4	63707	0.870127	6961
4	63720	0.870252	6962
4	63729	0.870377	6963
4	63738	0.870502	6964
4	63747	0.870627	6965
4	63756	0.870752	6966
4	63765	0.870877	6967
4	63774	0.871002	6968
4	63783	0.871127	6969
4	63792	0.871252	6970
4	63801	0.871377	6971
4	63810	0.871502	6972
4	63819	0.871627	6973
4	63828	0.871752	6974
4	63837	0.871877	6975
4	63846	0.872002	6976
4	63855	0.872127	6977
4	63864	0.872252	6978
4	63873	0.872377	6979
4	63882	0.872502	6980
4	63891	0.872627	6981
4	63900	0.872752	6982
4	63909	0.872877	6983
4	63918	0.873002	6984
4	63927	0.873127	6985
4	63936	0.873252	6986
4	63945	0.873377	6987
4	63956	0.873502	6988
4	63967	0.873627	6989
4	63976	0.873752	6990
4	63985	0.873877	6991
4	63994	0.874002	6992
4	64003	0.874127	6993
4	64012	0.874252	6994
4	64021	0.874377	6995
4	64030	0.874502	6996
4	64039	0.874627	6997
4	64048	0.874752	6998
4	64057	0.874877	6999
4	64066	0.875002	7000
4	64075	0.875127	7001
4	64084	0.875252	7002
4	64093	0.875377	7003
4	64102	0.875502	7004
4	64111	0.875627	7005
4	64120	0.875752	7006
4	64129	0.875877	7007
4	64138	0.876002	7008
4	64147	0.876127	7009
4	64156	0.876252	7010
4	64165	0.876377	7011
4	64174	0.876502	7012
4	64183	0.876627	7013
4	64192	0.876752	7014
4	64205	0.876877	7015
4	64214	0.877002	7016
4	64223	0.877127	7017
4	64232	0.877252	7018
4	64241	0.877377	7019
4	64250	0.877502	7020
4	64259	0.877627	7021
4	64268	0.877752	7022
4	64277	0.877877	7023
4	64286	0.878002	7024
4	64295	0.878127	7025
4	64304	0.878252	7026
4	64313	0.878377	7027
4	64322	0.878502	7028
4	64331	0.878627	7029
4	64340	0.878752	7030
4	64349	0.878877	7031
4	64358	0.879002	7032
4	64367	0.879127	7033
4	64376	0.879252	7034
4	64385	0.879377	7035
4	64394	0.879502	7036
4	64403	0.879627	7037
4	64412	0.879752	7038
4	64421	0.879877	7039
4	64430	0.880002	7040
4	64443	0.880127	7041
4	64452	0.880252	7042
4	64461	0.880377	7043
4	64470	0.880502	7044
4	64479	0.880627	7045
4	64488	0.880752	7046
4	64497	0.880877	7047
4	64506	0.881002	7048
4	64515	0.881127	7049
4	64524	0.881252	7050
4	64533	0.881377	7051
4	64542	0.881502	7052
4	64551	0.881627	7053
4	64560	0.881752	7054
4	64569	0.881877	7055
4	64578	0.882002	7056
4	64587	0.882127	7057
4	64596	0.882252	7058
4	64605	0.882377	7059
4	64614	0.882502	7060
4	64623	0.882627	7061
4	64632	0.882752	7062
4	64641	0.882877	7063
4	64650	0.883002	7064
4	64659	0.883127	7065
4	64668	0.883252	7066
4	64681	0.883377	7067
4	64690	0.883502	7068
4	64699	0.883627	7069
4	64708	0.883752	7070
4	64717	0.883877	7071
4	64726	0.884002	7072
4	64735	0.884127	7073
4	64744	0.884252	7074
4	64753	0.884377	7075
4	64762	0.884502	7076
4	64771	0.884627	7077
4	64780	0.884752	7078
4	64789	0.884877	7079
4	64798	0.885002	7080
4	64807	0.885127	7081
4	64816	0.885252	7082
4	64825	0.885377	7083
4	64834	0.885502	7084
4	64843	0.885627	7085
4	64852	0.885752	7086
4	64861	0.885877	7087
4	64870	0.886002	7088
4	64879	0.886127	7089
4	64888	0.886252	7090
4	64897	0.886377	7091
4	64906	0.886502	7092
4	64919	0.886627	7093
4	64928	0.886752	7094
4	64937	0.886877	7095
4	64946	0.887002	7096
4	64955	0.887127	7097
4	64964	0.887252	7098
4	64973	0.887377	7099
4	64982	0.887502	7100
4	64991	0.887627	7101
4	65000	0.887752	7102
4	65009	0.887877	7103
4	65018	0.888002	7104
4	65027	0.888127	7105
4	65036	0.888252	7106
4	65045	0.888377	7107
4	65054	0.888502	7108
4	65063	0.888627	7109
4	65072	0.888752	7110
4	65081	0.888877	7111
4	65090	0.889002	7112
4	65099	0.889127	7113
4	65108	0.889252	7114
4	65117	0.889377	7115
4	65126	0.889502	7116
4	65135	0.889627	7117
4	65144	0.889752	7118
4	65157	0.889877	7119
4	65166	0.890002	7120
4	65175	0.890127	7121
4	65184	0.890252	7122
4	65193	0.890377	7123
4	65202	0.890502	7124
4	65211	0.890627	7125
4	65220	0.890752	7126
4	65229	0.890877	7127
4	65238	0.891002	7128
4	65247	0.891127	7129
4	65256	0.891252	7130
4	65265	0.891377	7131
4	65274	0.891502	7132
4	65283	0.891627	7133
4	65292	0.891752	7134
4	65301	0.891877	7135
4	65310	0.892002	7136
4	65319	0.892127	7137
4	65328	0.892252	7138
4	65337	0.892377	7139
4	65346	0.892502	7140
4	65355	0.892627	7141
4	65364	0.892752	7142
4	65373	0.892877	7143
4	65382	0.893002	7144
4	65391	0.893127	7145
4	65404	0.893252	7146
4	65413	0.893377	7147
4	65422	0.893502	7148
4	65431	0.893627	7149
4	65440	0.893752	7150
4	65449	0.893877	7151
4	65458	0.894002	7152
4	65467	0.894127	7153
4	65476	0.894252	7154
4	65485	0.894377	7155
4	65494	0.894502	7156
4	65503	0.894627	7157
4	65512	0.894752	7158
4	65521	0.894877	7159
4	65530	0.895002	7160
4	65539	0.895127	7161
4	65548	0.895252	7162
4	65557	0.895377	7163
4	65566	0.895502	7164
4	65575	0.895627	7165
4	65584	0.895752	7166
4	65593	0.895877	7167
4	65602	0.896002	7168
4	65611	0.896127	7169
4	65620	0.896252	7170
4	65629	0.896377	7171
4	65642	0.896502	7172
4	65651	0.896627	7173
4	65660	0.896752	7174
4	65669	0.896877	7175
4	65678	0.897002	7176
4	65687	0.897127	7177
4	65696	0.897252	7178
4	65705	0.897377	7179
4	65714	0.897502	7180
4	65723	0.897627	7181
4	65732	0.897752	7182
4	65741	0.897877	7183
4	65750	0.898002	7184
4	65759	0.898127	7185
4	65768	0.898252	7186
4	65777	0.898377	7187
4	65786	0.898502	7188
4	65795	0.898627	7189
4	65804	0.898752	7190
4	65813	0.898877	7191
4	65822	0.899002	7192
4	65831	0.899127	7193
4	65840	0.899252	7194
4	65849	0.899377	7195
4	65858	0.899502	7196
4	65867	0.899627	7197
4	65880	0.899752	7198
4	65889	0.899877	7199
4	65898	0.900002	7200
4	65907	0.900127	7201
4	65916	0.900252	7202
4	65925	0.900377	7203
4	65934	0.900502	7204
4	65943	0.900627	7205
4	65952	0.900752	7206
4	65961	0.900877	7207
4	65970	0.901002	7208
4	65979	0.901127	7209
4	65988	0.901252	7210
4	65997	0.901377	7211
4	66006	0.901502	7212
4	66015	0.901627	7213
4	66024	0.901752	7214
4	66033	0.901877	7215
4	66042	0.902002	7216
4	66051	0.902127	7217
4	66060	0.902252	7218
4	66069	0.902377	7219
4	66078	0.902502	7220
4	66087	0.902627	7221
4	66096	0.902752	7222
4	66105	0.902877	7223
4	66118	0.903002	7224
4	66127	0.903127	7225
4	66136	0.903252	7226
4	66145	0.903377	7227
4	66154	0.903502	7228
4	66163	0.903627	7229
4	66172	0.903752	7230
4	66181	0.903877	7231
4	66190	0.904002	7232
4	66199	0.904127	7233
4	66208	0.904252	7234
4	66217	0.904377	7235
4	66226	0.904502	7236
4	66235	0.904627	7237
4	66244	0.904752	7238
4	66253	0.904877	7239
4	66262	0.905002	7240
4	66271	0.905127	7241
4	66280	0.905252	7242
4	66289	0.905377	7243
4	66298	0.905502	7244
4	66307	0.905627	7245
4	66316	0.905752	7246
4	66325	0.905877	7247
4	66334	0.906002	7248
4	66343	0.906127	7249
4	66356	0.906252	7250
4	66365	0.906377	7251
4	66374	0.906502	7252
4	66383	0.906627	7253
4	66392	0.906752	7254
4	66401	0.906877	7255
4	66410	0.907002	7256
4	66419	0.907127	7257
4	66428	0.907252	7258
4	66437	0.907377	7259
4	66446	0.907502	7260
4	66455	0.907627	7261
4	66464	0.907752	7262
4	66473	0.907877	7263
4	66482	0.908002	7264
4	66491	0.908127	7265
4	66500	0.908252	7266
4	66509	0.908377	7267
4	66518	0.908502	7268
4	66527	0.908627	7269
4	66536	0.908752	7270
4	66545	0.908877	7271
4	66554	0.909002	7272
4	66563	0.909127	7273
4	66572	0.909252	7274
4	66581	0.909377	7275
4	66594	0.909502	7276
4	66603	0.909627	7277
4	66612	0.909752	7278
4	66621	0.909877	7279
4	66630	0.910002	7280
4	66639	0.910127	7281
4	66648	0.910252	7282
4	66657	0.910377	7283
4	66666	0.910502	7284
4	66675	0.910627	7285
4	66684	0.910752	7286
4	66693	0.910877	7287
4	66702	0.911002	7288
4	66711	0.911127	7289
4	66720	0.911252	7290
4	66729	0.911377	7291
4	66738	0.911502	7292
4	66747	0.911627	7293
4	66756	0.911752	7294
4	66765	0.911877	7295
4	66774	0.912002	7296
4	66783	0.912127	7297
4	66792	0.912252	7298
4	66801	0.912377	7299
4	66810	0.912502	7300
4	66819	0.912627	7301
4	66828	0.912752	7302
4	66841	0.912877	7303
4	66850	0.913002	7304
4	66859	0.913127	7305
4	66868	0.913252	7306
4	66877	0.913377	7307
4	66886	0.913502	7308
4	66895	0.913627	7309
4	66904	0.913752	7310
4	66913	0.913877	7311
4	66922	0.914002	7312
4	66931	0.914127	7313
4	66940	0.914252	7314
4	66949	0.914377	7315
4	66958	0.914502	7316
4	66967	0.914627	7317
4	66976	0.914752	7318
4	66985	0.914877	7319
4	66994	0.915002	7320
4	67003	0.915127	7321
4	67012	0.915252	7322
4	67021	0.915377	7323
4	67030	0.915502	7324
4	67039	0.915627	7325
4	67048	0.915752	7326
4	67057	0.915877	7327
4	67066	0.916002	7328
4	67079	0.916127	7329
4	67088	0.916252	7330
4	67097	0.916377	7331
4	67106	0.916502	7332
4	67115	0.916627	7333
4	67124	0.916752	7334
4	67133	0.916877	7335
4	67142	0.917002	7336
4	67151	0.917127	7337
4	67160	0.917252	7338
4	67169	0.917377	7339
4	67178	0.917502	7340
4	67187	0.917627	7341
4	67196	0.917752	7342
4	67205	0.917877	7343
4	67214	0.918002	7344
4	67223	0.918127	7345
4	67232	0.918252	7346
4	67241	0.918377	7347
4	67250	0.918502	7348
4	67259	0.918627	7349
4	67268	0.918752	7350
4	67277	0.918877	7351
4	67286	0.919002	7352
4	67295	0.919127	7353
4	67304	0.919252	7354
4	67317	0.919377	7355
4	67326	0.919502	7356
4	67335	0.919627	7357
4	67344	0.919752	7358
4	67353	0.919877	7359
4	67362	0.920002	7360
4	67371	0.920127	7361
4	67380	0.920252	7362
4	67389	0.920377	7363
4	67398	0.920502	7364
4	67407	0.920627	7365
4	67416	0.920752	7366
4	67425	0.920877	7367
4	67434	0.921002	7368
4	67443	0.921127	7369
4	67452	0.921252	7370
4	67461	0.921377	7371
4	67470	0.921502	7372
4	67479	0.921627	7373
4	67488	0.921752	7374
4	67497	0.921877	7375
4	67506	0.922002	7376
4	67515	0.922127	7377
4	67524	0.922252	7378
4	67533	0.922377	7379
4	67542	0.922502	7380
4	67555	0.922627	7381
4	67564	0.922752	7382
4	67573	0.922877	7383
4	67582	0.923002	7384
4	67591	0.923127	7385
4	67600	0.923252	7386
4	67609	0.923377	7387
4	67618	0.923502	7388
4	67627	0.923627	7389
4	67636	0.923752	7390
4	67645	0.923877	7391
4	67654	0.924002	7392
4	67663	0.924127	7393
4	67672	0.924252	7394
4	67681	0.924377	7395
4	67690	0.924502	7396
4	67699	0.924627	7397
4	67708	0.924752	7398
4	67717	0.924877	7399
4	67726	0.925002	7400
4	67735	0.925127	7401
4	67744	0.925252	7402
4	67753	0.925377	7403
4	67762	0.925502	7404
4	67771	0.925627	7405
4	67780	0.925752	7406
4	67793	0.925877	7407
4	67802	0.926002	7408
4	67811	0.926127	7409
4	67820	0.926252	7410
4	67829	0.926377	7411
4	67838	0.926502	7412
4	67847	0.926627	7413
4	67856	0.926752	7414
4	67865	0.926877	7415
4	67874	0.927002	7416
4	67883	0.927127	7417
4	67892	0.927252	7418
4	67901	0.927377	7419
4	67910	0.927502	7420
4	67919	0.927627	7421
4	67928	0.927752	7422
4	67937	0.927877	7423
4	67946	0.928002	7424
4	67955	0.928127	7425
4	67964	0.928252	7426
4	67973	0.928377	7427
4	67982	0.928502	7428
4	67991	0.928627	7429
4	68000	0.928752	7430
4	68009	0.928877	7431
4	68018	0.929002	7432
4	68031	0.929127	7433
4	68040	0.929252	7434
4	68049	0.929377	7435
4	68058	0.929502	7436
4	68067	0.929627	7437
4	68076	0.929752	7438
4	68085	0.929877	7439
4	68094	0.930002	7440
4	68103	0.930127	7441
4	68112	0.930252	7442
4	68121	0.930377	7443
4	68130	0.930502	7444
4	68139	0.930627	7445
4	68148	0.930752	7446
4	68157	0.930877	7447
4	68166	0.931002	7448
4	68175	0.931127	7449
4	68184	0.931252	7450
4	68193	0.931377	7451
4	68202	0.931502	7452
4	68211	0.931627	7453
4	68220	0.931752	7454
4	68229	0.931877	7455
4	68238	0.932002	7456
4	68247	0.932127	7457
4	68256	0.932252	7458
4	68265	0.932377	7459
4	68278	0.932502	7460
4	68287	0.932627	7461
4	68296	0.932752	7462
4	68305	0.932877	7463
4	68314	0.933002	7464
4	68323	0.933127	7465
4	68332	0.933252	7466
4	68341	0.933377	7467
4	68350	0.933502	7468
4	68359	0.933627	7469
4	68368	0.933752	7470
4	68377	0.933877	7471
4	68386	0.934002	7472
4	68395	0.934127	7473
4	68404	0.934252	7474
4	68413	0.934377	7475
4	68422	0.934502	7476
4	68431	0.934627	7477
4	68440	0.934752	7478
4	68449	0.934877	7479
4	68458	0.935002	7480
4	68467	0.935127	7481
4	68476	0.935252	7482
4	68485	0.935377	7483
4	68494	0.935502	7484
4	68503	0.935627	7485
4	68516	0.935752	7486
4	68525	0.935877	7487
4	68534	0.936002	7488
4	68543	0.936127	7489
4	68552	0.936252	7490
4	68561	0.936377	7491
4	68570	0.936502	7492
4	68579	0.936627	7493
4	68588	0.936752	7494
4	68597	0.936877	7495
4	68606	0.937002	7496
4	68615	0.937127	7497
4	68624	0.937252	7498
4	68633	0.937377	7499
4	68642	0.937502	7500
4	68651	0.937627	7501
4	68660	0.937752	7502
4	68669	0.937877	7503
4	68678	0.938002	7504
4	68687	0.938127	7505
4	68696	0.938252	7506
4	68705	0.938377	7507
4	68714	0.938502	7508
4	68723	0.938627	7509
4	68732	0.938752	7510
4	68741	0.938877	7511
4	68754	0.939002	7512
4	68763	0.939127	7513
4	68772	0.939252	7514
4	68781	0.939377	7515
4	68790	0.939502	7516
4	68799	0.939627	7517
4	68808	0.939752	7518
4	68817	0.939877	7519
4	68826	0.940002	7520
4	68835	0.940127	7521
4	68844	0.940252	7522
4	68853	0.940377	7523
4	68862	0.940502	7524
4	68871	0.940627	7525
4	68880	0.940752	7526
4	68889	0.940877	7527
4	68898	0.941002	7528
4	68907	0.941127	7529
4	68916	0.941252	7530
4	68925	0.941377	7531
4	68934	0.941502	7532
4	68943	0.941627	7533
4	68952	0.941752	7534
4	68961	0.941877	7535
4	68970	0.942002	7536
4	68979	0.942127	7537
4	68992	0.942252	7538
4	69001	0.942377	7539
4	69010	0.942502	7540
4	69019	0.942627	7541
4	69028	0.942752	7542
4	69037	0.942877	7543
4	69046	0.943002	7544
4	69055	0.943127	7545
4	69064	0.943252	7546
4	69073	0.943377	7547
4	69082	0.943502	7548
4	69091	0.943627	7549
4	69100	0.943752	7550
4	69109	0.943877	7551
4	69118	0.944002	7552
4	69127	0.944127	7553
4	69136	0.944252	7554
4	69145	0.944377	7555
4	69154	0.944502	7556
4	69163	0.944627	7557
4	69172	0.944752	7558
4	69181	0.944877	7559
4	69190	0.945002	7560
4	69199	0.945127	7561
4	69208	0.945252	7562
4	69217	0.945377	7563
4	69230	0.945502	7564
4	69239	0.945627	7565
4	69248	0.945752	7566
4	69257	0.945877	7567
4	69266	0.946002	7568
4	69275	0.946127	7569
4	69284	0.946252	7570
4	69293	0.946377	7571
4	69302	0.946502	7572
4	69311	0.946627	7573
4	69320	0.946752	7574
4	69329	0.946877	7575
4	69338	0.947002	7576
4	69347	0.947127	7577
4	69356	0.947252	7578
4	69365	0.947377	7579
4	69374	0.947502	7580
4	69383	0.947627	7581
4	69392	0.947752	7582
4	69401	0.947877	7583
4	69410	0.948002	7584
4	69419	0.948127	7585
4	69428	0.948252	7586
4	69437	0.948377	7587
4	69446	0.948502	7588
4	69455	0.948627	7589
4	69466	0.948752	7590
4	69477	0.948877	7591
4	69486	0.949002	7592
4	69495	0.949127	7593
4	69504	0.949252	7594
4	69513	0.949377	7595
4	69522	0.949502	7596
4	69531	0.949627	7597
4	69540	0.949752	7598
4	69549	0.949877	7599
4	69558	0.950002	7600
4	69567	0.950127	7601
4	69576	0.950252	7602
4	69585	0.950377	7603
4	69594	0.950502	7604
4	69603	0.950627	7605
4	69612	0.950752	7606
4	69621	0.950877	7607
4	69630	0.951002	7608
4	69639	0.951127	7609
4	69648	0.951252	7610
4	69657	0.951377	7611
4	69666	0.951502	7612
4	69675	0.951627	7613
4	69684	0.951752	7614
4	69693	0.951877	7615
4	69702	0.952002	7616
4	69715	0.952127	7617
4	69724	0.952252	7618
4	69733	0.952377	7619
4	69742	0.952502	7620
4	69751	0.952627	7621
4	69760	0.952752	7622
4	69769	0.952877	7623
4	69778	0.953002	7624
4	69787	0.953127	7625
4	69796	0.953252	7626
4	69805	0.953377	7627
4	69814	0.953502	7628
4	69823	0.953627	7629
4	69832	0.953752	7630
4	69841	0.953877	7631
4	69850	0.954002	7632
4	69859	0.954127	7633
4	69868	0.954252	7634
4	69877	0.954377	7635
4	69886	0.954502	7636
4	69895	0.954627	7637
4	69904	0.954752	7638
4	69913	0.954877	7639
4	69922	0.955002	7640
4	69931	0.955127	7641
4	69940	0.955252	7642
4	69953	0.955377	7643
4	69962	0.955502	7644
4	69971	0.955627	7645
4	69980	0.955752	7646
4	69989	0.955877	7647
4	69998	0.956002	7648
4	70007	0.956127	7649
4	70016	0.956252	7650
4	70025	0.956377	7651
4	70034	0.956502	7652
4	70043	0.956627	7653
4	70052	0.956752	7654
4	70061	0.956877	7655
4	70070	0.957002	7656
4	70079	0.957127	7657
4	70088	0.957252	7658
4	70097	0.957377	7659
4	70106	0.957502	7660
4	70115	0.957627	7661
4	70124	0.957752	7662
4	70133	0.957877	7663
4	70142	0.958002	7664
4	70151	0.958127	7665
4	70160	0.958252	7666
4	70169	0.958377	7667
4	70178	0.958502	7668
4	70191	0.958627	7669
4	70200	0.958752	7670
4	70209	0.958877	7671
4	70218	0.959002	7672
4	70227	0.959127	7673
4	70236	0.959252	7674
4	70245	0.959377	7675
4	70254	0.959502	7676
4	70263	0.959627	7677
4	70272	0.959752	7678
4	70281	0.959877	7679
4	70290	0.960002	7680
4	70299	0.960127	7681
4	70308	0.960252	7682
4	70317	0.960377	7683
4	70326	0.960502	7684
4	70335	0.960627	7685
4	70344	0.960752	7686
4	70353	0.960877	7687
4	70362	0.961002	7688
4	70371	0.961127	7689
4	70380	0.961252	7690
4	70389	0.961377	7691
4	70398	0.961502	7692
4	70407	0.961627	7693
4	70416	0.961752	7694
4	70429	0.961877	7695
4	70438	0.962002	7696
4	70447	0.962127	7697
4	70456	0.962252	7698
4	70465	0.962377	7699
4	70474	0.962502	7700
4	70483	0.962627	7701
4	70492	0.962752	7702
4	70501	0.962877	7703
4	70510	0.963002	7704
4	70519	0.963127	7705
4	70528	0.963252	7706
4	70537	0.963377	7707
4	70546	0.963502	7708
4	70555	0.963627	7709
4	70564	0.963752	7710
4	70573	0.963877	7711
4	70582	0.964002	7712
4	70591	0.964127	7713
4	70600	0.964252	7714
4	70609	0.964377	7715
4	70618	0.964502	7716
4	70627	0.964627	7717
4	70636	0.964752	7718
4	70645	0.964877	7719
4	70654	0.965002	7720
4	70667	0.965127	7721
4	70676	0.965252	7722
4	70685	0.965377	7723
4	70694	0.965502	7724
4	70703	0.965627	7725
4	70712	0.965752	7726
4	70721	0.965877	7727
4	70730	0.966002	7728
4	70739	0.966127	7729
4	70748	0.966252	7730
4	70757	0.966377	7731
4	70766	0.966502	7732
4	70775	0.966627	7733
4	70784	0.966752	7734
4	70793	0.966877	7735
4	70802	0.967002	7736
4	70811	0.967127	7737
4	70820	0.967252	7738
4	70829	0.967377	7739
4	70838	0.967502	7740
4	70847	0.967627	7741
4	70856	0.967752	7742
4	70865	0.967877	7743
4	70874	0.968002	7744
4	70883	0.968127	7745
4	70892	0.968252	7746
4	70901	0.968377	7747
4	70914	0.968502	7748
4	70923	0.968627	7749
4	70932	0.968752	7750
4	70941	0.968877	7751
4	70950	0.969002	7752
4	70959	0.969127	7753
4	70968	0.969252	7754
4	70977	0.969377	7755
4	70986	0.969502	7756
4	70995	0.969627	7757
4	71004	0.969752	7758
4	71013	0.969877	7759
4	71022	0.970002	7760
4	71031	0.970127	7761
4	71040	0.970252	7762
4	71049	0.970377	7763
4	71058	0.970502	7764
4	71067	0.970627	7765
4	71076	0.970752	7766
4	71085	0.970877	7767
4	71094	0.971002	7768
4	71103	0.971127	7769
4	71112	0.971252	7770
4	71121	0.971377	7771
4	71130	0.971502	7772
4	71139	0.971627	7773
4	71152	0.971752	7774
4	71161	0.971877	7775
4	71170	0.972002	7776
4	71179	0.972127	7777
4	71188	0.972252	7778
4	71197	0.972377	7779
4	71206	0.972502	7780
4	71215	0.972627	7781
4	71224	0.972752	7782
4	71233	0.972877	7783
4	71242	0.973002	7784
4	71251	0.973127	7785
4	71260	0.973252	7786
4	71269	0.973377	7787
4	71278	0.973502	7788
4	71287	0.973627	7789
4	71296	0.973752	7790
4	71305	0.973877	7791
4	71314	0.974002	7792
4	71323	0.974127	7793
4	71332	0.974252	7794
4	71341	0.974377	7795
4	71350	0.974502	7796
4	71359	0.974627	7797
4	71368	0.974752	7798
4	71377	0.974877	7799
4	71390	0.975002	7800
4	71399	0.975127	7801
4	71408	0.975252	7802
4	71417	0.975377	7803
4	71426	0.975502	7804
4	71435	0.975627	7805
4	71444	0.975752	7806
4	71453	0.975877	7807
4	71462	0.976002	7808
4	71471	0.976127	7809
4	71480	0.976252	7810
4	71489	0.976377	7811
4	71498	0.976502	7812
4	71507	0.976627	7813
4	71516	0.976752	7814
4	71525	0.976877	7815
4	71534	0.977002	7816
4	71543	0.977127	7817
4	71552	0.977252	7818
4	71561	0.977377	7819
4	71570	0.977502	7820
4	71579	0.977627	7821
4	71588	0.977752	7822
4	71597	0.977877	7823
4	71606	0.978002	7824
4	71615	0.978127	7825
4	71628	0.978252	7826
4	71637	0.978377	7827
4	71646	0.978502	7828
4	71655	0.978627	7829
4	71664	0.978752	7830
4	71673	0.978877	7831
4	71682	0.979002	7832
4	71691	0.979127	7833
4	71700	0.979252	7834
4	71709	0.979377	7835
4	71718	0.979502	7836
4	71727	0.979627	7837
4	71736	0.979752	7838
4	71745	0.979877	7839
4	71754	0.980002	7840
4	71763	0.980127	7841
4	71772	0.980252	7842
4	71781	0.980377	7843
4	71790	0.980502	7844
4	71799	0.980627	7845
4	71808	0.980752	7846
4	71817	0.980877	7847
4	71826	0.981002	7848
4	71835	0.981127	7849
4	71844	0.981252	7850
4	71853	0.981377	7851
4	71866	0.981502	7852
4	71875	0.981627	7853
4	71884	0.981752	7854
4	71893	0.981877	7855
4	71902	0.982002	7856
4	71911	0.982127	7857
4	71920	0.982252	7858
4	71929	0.982377	7859
4	71938	0.982502	7860
4	71947	0.982627	7861
4	71956	0.982752	7862
4	71965	0.982877	7863
4	71974	0.983002	7864
4	71983	0.983127	7865
4	71992	0.983252	7866
4	72001	0.983377	7867
4	72010	0.983502	7868
4	72019	0.983627	7869
4	72028	0.983752	7870
4	72037	0.983877	7871
4	72046	0.984002	7872
4	72055	0.984127	7873
4	72064	0.984252	7874
4	72073	0.984377	7875
4	72082	0.984502	7876
4	72091	0.984627	7877
4	72104	0.984752	7878
4	72113	0.984877	7879
4	72122	0.985002	7880
4	72131	0.985127	7881
4	72140	0.985252	7882
4	72149	0.985377	7883
4	72158	0.985502	7884
4	72167	0.985627	7885
4	72176	0.985752	7886
4	72185	0.985877	7887
4	72194	0.986002	7888
4	72203	0.986127	7889
4	72212	0.986252	7890
4	72221	0.986377	7891
4	72230	0.986502	7892
4	72239	0.986627	7893
4	72248	0.986752	7894
4	72257	0.986877	7895
4	72266	0.987002	7896
4	72275	0.987127	7897
4	72284	0.987252	7898
4	72293	0.987377	7899
4	72302	0.987502	7900
4	72311	0.987627	7901
4	72320	0.987752	7902
4	72329	0.987877	7903
4	72338	0.988002	7904
4	72351	0.988127	7905
4	72360	0.988252	7906
4	72369	0.988377	7907
4	72378	0.988502	7908
4	72387	0.988627	7909
4	72396	0.988752	7910
4	72405	0.988877	7911
4	72414	0.989002	7912
4	72423	0.989127	7913
4	72432	0.989252	7914
4	72441	0.989377	7915
4	72450	0.989502	7916
4	72459	0.989627	7917
4	72468	0.989752	7918
4	72477	0.989877	7919
4	72486	0.990002	7920
4	72495	0.990127	7921
4	72504	0.990252	7922
4	72513	0.990377	7923
4	72522	0.990502	7924
4	72531	0.990627	7925
4	72540	0.990752	7926
4	72549	0.990877	7927
4	72558	0.991002	7928
4	72567	0.991127	7929
4	72576	0.991252	7930
4	72589	0.991377	7931
4	72598	0.991502	7932
4	72607	0.991627	7933
4	72616	0.991752	7934
4	72625	0.991877	7935
4	72634	0.992002	7936
4	72643	0.992127	7937
4	72652	0.992252	7938
4	72661	0.992377	7939
4	72670	0.992502	7940
4	72679	0.992627	7941
4	72688	0.992752	7942
4	72697	0.992877	7943
4	72706	0.993002	7944
4	72715	0.993127	7945
4	72724	0.993252	7946
4	72733	0.993377	7947
4	72742	0.993502	7948
4	72751	0.993627	7949
4	72760	0.993752	7950
4	72769	0.993877	7951
4	72778	0.994002	7952
4	72787	0.994127	7953
4	72796	0.994252	7954
4	72805	0.994377	7955
4	72814	0.994502	7956
4	72827	0.994627	7957
4	72836	0.994752	7958
4	72845	0.994877	7959
4	72854	0.995002	7960
4	72863	0.995127	7961
4	72872	0.995252	7962
4	72881	0.995377	7963
4	72890	0.995502	7964
4	72899	0.995627	7965
4	72908	0.995752	7966
4	72917	0.995877	7967
4	72926	0.996002	7968
4	72935	0.996127	7969
4	72944	0.996252	7970
4	72953	0.996377	7971
4	72962	0.996502	7972
4	72971	0.996627	7973
4	72980	0.996752	7974
4	72989	0.996877	7975
4	72998	0.997002	7976
4	73007	0.997127	7977
4	73016	0.997252	7978
4	73025	0.997377	7979
4	73034	0.997502	7980
4	73043	0.997627	7981
4	73052	0.997752	7982
4	73065	0.997877	7983
4	73074	0.998002	7984
4	73083	0.998127	7985
4	73092	0.998252	7986
4	73101	0.998377	7987
4	73110	0.998502	7988
4	73119	0.998627	7989
4	73128	0.998752	7990
4	73137	0.998877	7991
4	73146	0.999002	7992
4	73155	0.999127	7993
4	73164	0.999252	7994
4	73173	0.999377	7995
4	73182	0.999502	7996
4	73191	0.999627	7997
4	73200	0.999752	7998
4	73209	0.999877	7999
5	8	0.000127	1
5	17	0.000252	2
5	26	0.000377	3
5	35	0.000502	4
5	44	0.000627	5
5	53	0.000752	6
5	62	0.000877	7
5	71	0.001002	8
5	80	0.001127	9
5	89	0.001252	10
5	98	0.001377	11
5	107	0.001502	12
5	116	0.001627	13
5	125	0.001752	14
5	134	0.001877	15
5	143	0.002002	16
5	152	0.002127	17
5	161	0.002252	18
5	170	0.002377	19
5	179	0.002502	20
5	188	0.002627	21
5	197	0.002752	22
5	206	0.002877	23
5	215	0.003002	24
5	224	0.003127	25
5	237	0.003252	26
5	246	0.003377	27
5	255	0.003502	28
5	264	0.003627	29
5	273	0.003752	30
5	282	0.003877	31
5	291	0.004002	32
5	300	0.004127	33
5	309	0.004252	34
5	318	0.004377	35
5	327	0.004502	36
5	336	0.004627	37
5	345	0.004752	38
5	354	0.004877	39
5	363	0.005002	40
5	372	0.005127	41
5	381	0.005252	42
5	390	0.005377	43
5	399	0.005502	44
5	408	0.005627	45
5	417	0.005752	46
5	426	0.005877	47
5	435	0.006002	48
5	444	0.006127	49
5	453	0.006252	50
5	462	0.006377	51
5	475	0.006502	52
5	484	0.006627	53
5	493	0.006752	54
5	502	0.006877	55
5	511	0.007002	56
5	520	0.007127	57
5	529	0.007252	58
5	538	0.007377	59
5	547	0.007502	60
5	556	0.007627	61
5	565	0.007752	62
5	574	0.007877	63
5	583	0.008002	64
5	592	0.008127	65
5	601	0.008252	66
5	610	0.008377	67
5	619	0.008502	68
5	628	0.008627	69
5	637	0.008752	70
5	646	0.008877	71
5	655	0.009002	72
5	664	0.009127	73
5	673	0.009252	74
5	682	0.009377	75
5	691	0.009502	76
5	700	0.009627	77
5	709	0.009752	78
5	722	0.009877	79
5	731	0.010002	80
5	740	0.010127	81
5	749	0.010252	82
5	758	0.010377	83
5	767	0.010502	84
5	776	0.010627	85
5	785	0.010752	86
5	794	0.010877	87
5	803	0.011002	88
5	812	0.011127	89
5	821	0.011252	90
5	830	0.011377	91
5	839	0.011502	92
5	848	0.011627	93
5	857	0.011752	94
5	866	0.011877	95
5	875	0.012002	96
5	884	0.012127	97
5	893	0.012252	98
5	902	0.012377	99
5	911	0.012502	100
5	920	0.012627	101
5	929	0.012752	102
5	938	0.012877	103
5	947	0.013002	104
5	960	0.013127	105
5	969	0.013252	106
5	978	0.013377	107
5	987	0.013502	108
5	996	0.013627	109
5	1005	0.013752	110
5	1014	0.013877	111
5	1023	0.014002	112
5	1032	0.014127	113
5	1041	0.014252	114
5	1050	0.014377	115
5	1059	0.014502	116
5	1068	0.014627	117
5	1077	0.014752	118
5	1086	0.014877	119
5	1095	0.015002	120
5	1104	0.015127	121
5	1113	0.015252	122
5	1122	0.015377	123
5	1131	0.015502	124
5	1140	0.015627	125
5	1149	0.015752	126
5	1158	0.015877	127
5	1167	0.016002	128
5	1176	0.016127	129
5	1185	0.016252	130
5	1198	0.016377	131
5	1207	0.016502	132
5	1216	0.016627	133
5	1225	0.016752	134
5	1234	0.016877	135
5	1243	0.017002	136
5	1252	0.017127	137
5	1261	0.017252	138
5	1270	0.017377	139
5	1279	0.017502	140
5	1288	0.017627	141
5	1297	0.017752	142
5	1306	0.017877	143
5	1315	0.018002	144
5	1324	0.018127	145
5	1333	0.018252	146
5	1342	0.018377	147
5	1351	0.018502	148
5	1360	0.018627	149
5	1369	0.018752	150
5	1378	0.018877	151
5	1387	0.019002	152
5	1396	0.019127	153
5	1405	0.019252	154
5	1414	0.019377	155
5	1423	0.019502	156
5	1436	0.019627	157
5	1445	0.019752	158
5	1454	0.019877	159
5	1463	0.020002	160
5	1472	0.020127	161
5	1481	0.020252	162
5	1490	0.020377	163
5	1499	0.020502	164
5	1508	0.020627	165
5	1517	0.020752	166
5	1526	0.020877	167
5	1535	0.021002	168
5	1544	0.021127	169
5	1553	0.021252	170
5	1562	0.021377	171
5	1571	0.021502	172
5	1580	0.021627	173
5	1589	0.021752	174
5	1598	0.021877	175
5	1607	0.022002	176
5	1616	0.022127	177
5	1625	0.022252	178
5	1634	0.022377	179
5	1643	0.022502	180
5	1652	0.022627	181
5	1661	0.022752	182
5	1674	0.022877	183
5	1683	0.023002	184
5	1692	0.023127	185
5	1701	0.023252	186
5	1710	0.023377	187
5	1719	0.023502	188
5	1728	0.023627	189
5	1737	0.023752	190
5	1746	0.023877	191
5	1755	0.024002	192
5	1764	0.024127	193
5	1773	0.024252	194
5	1782	0.024377	195
5	1791	0.024502	196
5	1800	0.024627	197
5	1809	0.024752	198
5	1818	0.024877	199
5	1827	0.025002	200
5	1836	0.025127	201
5	1845	0.025252	202
5	1854	0.025377	203
5	1863	0.025502	204
5	1872	0.025627	205
5	1881	0.025752	206
5	1890	0.025877	207
5	1899	0.026002	208
5	1912	0.026127	209
5	1921	0.026252	210
5	1930	0.026377	211
5	1939	0.026502	212
5	1948	0.026627	213
5	1957	0.026752	214
5	1966	0.026877	215
5	1975	0.027002	216
5	1984	0.027127	217
5	1993	0.027252	218
5	2002	0.027377	219
5	2011	0.027502	220
5	2020	0.027627	221
5	2029	0.027752	222
5	2038	0.027877	223
5	2047	0.028002	224
5	2056	0.028127	225
5	2065	0.028252	226
5	2074	0.028377	227
5	2083	0.028502	228
5	2092	0.028627	229
5	2101	0.028752	230
5	2110	0.028877	231
5	2119	0.029002	232
5	2128	0.029127	233
5	2137	0.029252	234
5	2146	0.029377	235
5	2159	0.029502	236
5	2168	0.029627	237
5	2177	0.029752	238
5	2186	0.029877	239
5	2195	0.030002	240
5	2204	0.030127	241
5	2213	0.030252	242
5	2222	0.030377	243
5	2231	0.030502	244
5	2240	0.030627	245
5	2249	0.030752	246
5	2258	0.030877	247
5	2267	0.031002	248
5	2276	0.031127	249
5	2285	0.031252	250
5	2294	0.031377	251
5	2303	0.031502	252
5	2312	0.031627	253
5	2321	0.031752	254
5	2330	0.031877	255
5	2339	0.032002	256
5	2348	0.032127	257
5	2357	0.032252	258
5	2366	0.032377	259
5	2375	0.032502	260
5	2384	0.032627	261
5	2397	0.032752	262
5	2406	0.032877	263
5	2415	0.033002	264
5	2424	0.033127	265
5	2433	0.033252	266
5	2442	0.033377	267
5	2451	0.033502	268
5	2460	0.033627	269
5	2469	0.033752	270
5	2478	0.033877	271
5	2487	0.034002	272
5	2496	0.034127	273
5	2505	0.034252	274
5	2514	0.034377	275
5	2523	0.034502	276
5	2532	0.034627	277
5	2541	0.034752	278
5	2550	0.034877	279
5	2559	0.035002	280
5	2568	0.035127	281
5	2577	0.035252	282
5	2586	0.035377	283
5	2595	0.035502	284
5	2604	0.035627	285
5	2613	0.035752	286
5	2622	0.035877	287
5	2635	0.036002	288
5	2644	0.036127	289
5	2653	0.036252	290
5	2662	0.036377	291
5	2671	0.036502	292
5	2680	0.036627	293
5	2689	0.036752	294
5	2698	0.036877	295
5	2707	0.037002	296
5	2716	0.037127	297
5	2725	0.037252	298
5	2734	0.037377	299
5	2743	0.037502	300
5	2752	0.037627	301
5	2761	0.037752	302
5	2770	0.037877	303
5	2779	0.038002	304
5	2788	0.038127	305
5	2797	0.038252	306
5	2806	0.038377	307
5	2815	0.038502	308
5	2824	0.038627	309
5	2833	0.038752	310
5	2842	0.038877	311
5	2851	0.039002	312
5	2860	0.039127	313
5	2873	0.039252	314
5	2882	0.039377	315
5	2891	0.039502	316
5	2900	0.039627	317
5	2909	0.039752	318
5	2918	0.039877	319
5	2927	0.040002	320
5	2936	0.040127	321
5	2945	0.040252	322
5	2954	0.040377	323
5	2963	0.040502	324
5	2972	0.040627	325
5	2981	0.040752	326
5	2990	0.040877	327
5	2999	0.041002	328
5	3008	0.041127	329
5	3017	0.041252	330
5	3026	0.041377	331
5	3035	0.041502	332
5	3044	0.041627	333
5	3053	0.041752	334
5	3062	0.041877	335
5	3071	0.042002	336
5	3080	0.042127	337
5	3089	0.042252	338
5	3098	0.042377	339
5	3111	0.042502	340
5	3120	0.042627	341
5	3129	0.042752	342
5	3138	0.042877	343
5	3147	0.043002	344
5	3156	0.043127	345
5	3165	0.043252	346
5	3174	0.043377	347
5	3183	0.043502	348
5	3192	0.043627	349
5	3201	0.043752	350
5	3210	0.043877	351
5	3219	0.044002	352
5	3228	0.044127	353
5	3237	0.044252	354
5	3246	0.044377	355
5	3255	0.044502	356
5	3264	0.044627	357
5	3273	0.044752	358
5	3282	0.044877	359
5	3291	0.045002	360
5	3300	0.045127	361
5	3309	0.045252	362
5	3318	0.045377	363
5	3327	0.045502	364
5	3336	0.045627	365
5	3347	0.045752	366
5	3358	0.045877	367
5	3367	0.046002	368
5	3376	0.046127	369
5	3385	0.046252	370
5	3394	0.046377	371
5	3403	0.046502	372
5	3412	0.046627	373
5	3421	0.046752	374
5	3430	0.046877	375
5	3439	0.047002	376
5	3448	0.047127	377
5	3457	0.047252	378
5	3466	0.047377	379
5	3475	0.047502	380
5	3484	0.047627	381
5	3493	0.047752	382
5	3502	0.047877	383
5	3511	0.048002	384
5	3520	0.048127	385
5	3529	0.048252	386
5	3538	0.048377	387
5	3547	0.048502	388
5	3556	0.048627	389
5	3565	0.048752	390
5	3574	0.048877	391
5	3583	0.049002	392
5	3596	0.049127	393
5	3605	0.049252	394
5	3614	0.049377	395
5	3623	0.049502	396
5	3632	0.049627	397
5	3641	0.049752	398
5	3650	0.049877	399
5	3659	0.050002	400
5	3668	0.050127	401
5	3677	0.050252	402
5	3686	0.050377	403
5	3695	0.050502	404
5	3704	0.050627	405
5	3713	0.050752	406
5	3722	0.050877	407
5	3731	0.051002	408
5	3740	0.051127	409
5	3749	0.051252	410
5	3758	0.051377	411
5	3767	0.051502	412
5	3776	0.051627	413
5	3785	0.051752	414
5	3794	0.051877	415
5	3803	0.052002	416
5	3812	0.052127	417
5	3821	0.052252	418
5	3834	0.052377	419
5	3843	0.052502	420
5	3852	0.052627	421
5	3861	0.052752	422
5	3870	0.052877	423
5	3879	0.053002	424
5	3888	0.053127	425
5	3897	0.053252	426
5	3906	0.053377	427
5	3915	0.053502	428
5	3924	0.053627	429
5	3933	0.053752	430
5	3942	0.053877	431
5	3951	0.054002	432
5	3960	0.054127	433
5	3969	0.054252	434
5	3978	0.054377	435
5	3987	0.054502	436
5	3996	0.054627	437
5	4005	0.054752	438
5	4014	0.054877	439
5	4023	0.055002	440
5	4032	0.055127	441
5	4041	0.055252	442
5	4050	0.055377	443
5	4059	0.055502	444
5	4072	0.055627	445
5	4081	0.055752	446
5	4090	0.055877	447
5	4099	0.056002	448
5	4108	0.056127	449
5	4117	0.056252	450
5	4126	0.056377	451
5	4135	0.056502	452
5	4144	0.056627	453
5	4153	0.056752	454
5	4162	0.056877	455
5	4171	0.057002	456
5	4180	0.057127	457
5	4189	0.057252	458
5	4198	0.057377	459
5	4207	0.057502	460
5	4216	0.057627	461
5	4225	0.057752	462
5	4234	0.057877	463
5	4243	0.058002	464
5	4252	0.058127	465
5	4261	0.058252	466
5	4270	0.058377	467
5	4279	0.058502	468
5	4288	0.058627	469
5	4297	0.058752	470
5	4310	0.058877	471
5	4319	0.059002	472
5	4328	0.059127	473
5	4337	0.059252	474
5	4346	0.059377	475
5	4355	0.059502	476
5	4364	0.059627	477
5	4373	0.059752	478
5	4382	0.059877	479
5	4391	0.060002	480
5	4400	0.060127	481
5	4409	0.060252	482
5	4418	0.060377	483
5	4427	0.060502	484
5	4436	0.060627	485
5	4445	0.060752	486
5	4454	0.060877	487
5	4463	0.061002	488
5	4472	0.061127	489
5	4481	0.061252	490
5	4490	0.061377	491
5	4499	0.061502	492
5	4508	0.061627	493
5	4517	0.061752	494
5	4526	0.061877	495
5	4535	0.062002	496
5	4548	0.062127	497
5	4557	0.062252	498
5	4566	0.062377	499
5	4575	0.062502	500
5	4584	0.062627	501
5	4593	0.062752	502
5	4602	0.062877	503
5	4611	0.063002	504
5	4620	0.063127	505
5	4629	0.063252	506
5	4638	0.063377	507
5	4647	0.063502	508
5	4656	0.063627	509
5	4665	0.063752	510
5	4674	0.063877	511
5	4683	0.064002	512
5	4692	0.064127	513
5	4701	0.064252	514
5	4710	0.064377	515
5	4719	0.064502	516
5	4728	0.064627	517
5	4737	0.064752	518
5	4746	0.064877	519
5	4755	0.065002	520
5	4764	0.065127	521
5	4773	0.065252	522
5	4782	0.065377	523
5	4795	0.065502	524
5	4804	0.065627	525
5	4813	0.065752	526
5	4822	0.065877	527
5	4831	0.066002	528
5	4840	0.066127	529
5	4849	0.066252	530
5	4858	0.066377	531
5	4867	0.066502	532
5	4876	0.066627	533
5	4885	0.066752	534
5	4894	0.066877	535
5	4903	0.067002	536
5	4912	0.067127	537
5	4921	0.067252	538
5	4930	0.067377	539
5	4939	0.067502	540
5	4948	0.067627	541
5	4957	0.067752	542
5	4966	0.067877	543
5	4975	0.068002	544
5	4984	0.068127	545
5	4993	0.068252	546
5	5002	0.068377	547
5	5011	0.068502	548
5	5020	0.068627	549
5	5033	0.068752	550
5	5042	0.068877	551
5	5051	0.069002	552
5	5060	0.069127	553
5	5069	0.069252	554
5	5078	0.069377	555
5	5087	0.069502	556
5	5096	0.069627	557
5	5105	0.069752	558
5	5114	0.069877	559
5	5123	0.070002	560
5	5132	0.070127	561
5	5141	0.070252	562
5	5150	0.070377	563
5	5159	0.070502	564
5	5168	0.070627	565
5	5177	0.070752	566
5	5186	0.070877	567
5	5195	0.071002	568
5	5204	0.071127	569
5	5213	0.071252	570
5	5222	0.071377	571
5	5231	0.071502	572
5	5240	0.071627	573
5	5249	0.071752	574
5	5258	0.071877	575
5	5271	0.072002	576
5	5280	0.072127	577
5	5289	0.072252	578
5	5298	0.072377	579
5	5307	0.072502	580
5	5316	0.072627	581
5	5325	0.072752	582
5	5334	0.072877	583
5	5343	0.073002	584
5	5352	0.073127	585
5	5361	0.073252	586
5	5370	0.073377	587
5	5379	0.073502	588
5	5388	0.073627	589
5	5397	0.073752	590
5	5406	0.073877	591
5	5415	0.074002	592
5	5424	0.074127	593
5	5433	0.074252	594
5	5442	0.074377	595
5	5451	0.074502	596
5	5460	0.074627	597
5	5469	0.074752	598
5	5478	0.074877	599
5	5487	0.075002	600
5	5496	0.075127	601
5	5509	0.075252	602
5	5518	0.075377	603
5	5527	0.075502	604
5	5536	0.075627	605
5	5545	0.075752	606
5	5554	0.075877	607
5	5563	0.076002	608
5	5572	0.076127	609
5	5581	0.076252	610
5	5590	0.076377	611
5	5599	0.076502	612
5	5608	0.076627	613
5	5617	0.076752	614
5	5626	0.076877	615
5	5635	0.077002	616
5	5644	0.077127	617
5	5653	0.077252	618
5	5662	0.077377	619
5	5671	0.077502	620
5	5680	0.077627	621
5	5689	0.077752	622
5	5698	0.077877	623
5	5707	0.078002	624
5	5716	0.078127	625
5	5725	0.078252	626
5	5734	0.078377	627
5	5747	0.078502	628
5	5756	0.078627	629
5	5765	0.078752	630
5	5774	0.078877	631
5	5783	0.079002	632
5	5792	0.079127	633
5	5801	0.079252	634
5	5810	0.079377	635
5	5819	0.079502	636
5	5828	0.079627	637
5	5837	0.079752	638
5	5846	0.079877	639
5	5855	0.080002	640
5	5864	0.080127	641
5	5873	0.080252	642
5	5882	0.080377	643
5	5891	0.080502	644
5	5900	0.080627	645
5	5909	0.080752	646
5	5918	0.080877	647
5	5927	0.081002	648
5	5936	0.081127	649
5	5945	0.081252	650
5	5954	0.081377	651
5	5963	0.081502	652
5	5972	0.081627	653
5	5985	0.081752	654
5	5994	0.081877	655
5	6003	0.082002	656
5	6012	0.082127	657
5	6021	0.082252	658
5	6030	0.082377	659
5	6039	0.082502	660
5	6048	0.082627	661
5	6057	0.082752	662
5	6066	0.082877	663
5	6075	0.083002	664
5	6084	0.083127	665
5	6093	0.083252	666
5	6102	0.083377	667
5	6111	0.083502	668
5	6120	0.083627	669
5	6129	0.083752	670
5	6138	0.083877	671
5	6147	0.084002	672
5	6156	0.084127	673
5	6165	0.084252	674
5	6174	0.084377	675
5	6183	0.084502	676
5	6192	0.084627	677
5	6201	0.084752	678
5	6210	0.084877	679
5	6219	0.085002	680
5	6232	0.085127	681
5	6241	0.085252	682
5	6250	0.085377	683
5	6259	0.085502	684
5	6268	0.085627	685
5	6277	0.085752	686
5	6286	0.085877	687
5	6295	0.086002	688
5	6304	0.086127	689
5	6313	0.086252	690
5	6322	0.086377	691
5	6331	0.086502	692
5	6340	0.086627	693
5	6349	0.086752	694
5	6358	0.086877	695
5	6367	0.087002	696
5	6376	0.087127	697
5	6385	0.087252	698
5	6394	0.087377	699
5	6403	0.087502	700
5	6412	0.087627	701
5	6421	0.087752	702
5	6430	0.087877	703
5	6439	0.088002	704
5	6448	0.088127	705
5	6457	0.088252	706
5	6470	0.088377	707
5	6479	0.088502	708
5	6488	0.088627	709
5	6497	0.088752	710
5	6506	0.088877	711
5	6515	0.089002	712
5	6524	0.089127	713
5	6533	0.089252	714
5	6542	0.089377	715
5	6551	0.089502	716
5	6560	0.089627	717
5	6569	0.089752	718
5	6578	0.089877	719
5	6587	0.090002	720
5	6596	0.090127	721
5	6605	0.090252	722
5	6614	0.090377	723
5	6623	0.090502	724
5	6632	0.090627	725
5	6641	0.090752	726
5	6650	0.090877	727
5	6659	0.091002	728
5	6668	0.091127	729
5	6677	0.091252	730
5	6686	0.091377	731
5	6695	0.091502	732
5	6708	0.091627	733
5	6717	0.091752	734
5	6726	0.091877	735
5	6735	0.092002	736
5	6744	0.092127	737
5	6753	0.092252	738
5	6762	0.092377	739
5	6771	0.092502	740
5	6780	0.092627	741
5	6789	0.092752	742
5	6798	0.092877	743
5	6807	0.093002	744
5	6816	0.093127	745
5	6825	0.093252	746
5	6834	0.093377	747
5	6843	0.093502	748
5	6852	0.093627	749
5	6861	0.093752	750
5	6870	0.093877	751
5	6879	0.094002	752
5	6888	0.094127	753
5	6897	0.094252	754
5	6906	0.094377	755
5	6915	0.094502	756
5	6924	0.094627	757
5	6933	0.094752	758
5	6946	0.094877	759
5	6955	0.095002	760
5	6964	0.095127	761
5	6973	0.095252	762
5	6982	0.095377	763
5	6991	0.095502	764
5	7000	0.095627	765
5	7009	0.095752	766
5	7018	0.095877	767
5	7027	0.096002	768
5	7036	0.096127	769
5	7045	0.096252	770
5	7054	0.096377	771
5	7063	0.096502	772
5	7072	0.096627	773
5	7081	0.096752	774
5	7090	0.096877	775
5	7099	0.097002	776
5	7108	0.097127	777
5	7117	0.097252	778
5	7126	0.097377	779
5	7135	0.097502	780
5	7144	0.097627	781
5	7153	0.097752	782
5	7162	0.097877	783
5	7171	0.098002	784
5	7184	0.098127	785
5	7193	0.098252	786
5	7202	0.098377	787
5	7211	0.098502	788
5	7220	0.098627	789
5	7229	0.098752	790
5	7238	0.098877	791
5	7247	0.099002	792
5	7256	0.099127	793
5	7265	0.099252	794
5	7274	0.099377	795
5	7283	0.099502	796
5	7292	0.099627	797
5	7301	0.099752	798
5	7310	0.099877	799
5	7319	0.100002	800
5	7328	0.100127	801
5	7337	0.100252	802
5	7346	0.100377	803
5	7355	0.100502	804
5	7364	0.100627	805
5	7373	0.100752	806
5	7382	0.100877	807
5	7391	0.101002	808
5	7400	0.101127	809
5	7409	0.101252	810
5	7422	0.101377	811
5	7431	0.101502	812
5	7440	0.101627	813
5	7449	0.101752	814
5	7458	0.101877	815
5	7467	0.102002	816
5	7476	0.102127	817
5	7485	0.102252	818
5	7494	0.102377	819
5	7503	0.102502	820
5	7512	0.102627	821
5	7521	0.102752	822
5	7530	0.102877	823
5	7539	0.103002	824
5	7548	0.103127	825
5	7557	0.103252	826
5	7566	0.103377	827
5	7575	0.103502	828
5	7584	0.103627	829
5	7593	0.103752	830
5	7602	0.103877	831
5	7611	0.104002	832
5	7620	0.104127	833
5	7629	0.104252	834
5	7638	0.104377	835
5	7647	0.104502	836
5	7656	0.104627	837
5	7669	0.104752	838
5	7678	0.104877	839
5	7687	0.105002	840
5	7696	0.105127	841
5	7705	0.105252	842
5	7714	0.105377	843
5	7723	0.105502	844
5	7732	0.105627	845
5	7741	0.105752	846
5	7750	0.105877	847
5	7759	0.106002	848
5	7768	0.106127	849
5	7777	0.106252	850
5	7786	0.106377	851
5	7795	0.106502	852
5	7804	0.106627	853
5	7813	0.106752	854
5	7822	0.106877	855
5	7831	0.107002	856
5	7840	0.107127	857
5	7849	0.107252	858
5	7858	0.107377	859
5	7867	0.107502	860
5	7876	0.107627	861
5	7885	0.107752	862
5	7894	0.107877	863
5	7907	0.108002	864
5	7916	0.108127	865
5	7925	0.108252	866
5	7934	0.108377	867
5	7943	0.108502	868
5	7952	0.108627	869
5	7961	0.108752	870
5	7970	0.108877	871
5	7979	0.109002	872
5	7988	0.109127	873
5	7997	0.109252	874
5	8006	0.109377	875
5	8015	0.109502	876
5	8024	0.109627	877
5	8033	0.109752	878
5	8042	0.109877	879
5	8051	0.110002	880
5	8060	0.110127	881
5	8069	0.110252	882
5	8078	0.110377	883
5	8087	0.110502	884
5	8096	0.110627	885
5	8105	0.110752	886
5	8114	0.110877	887
5	8123	0.111002	888
5	8132	0.111127	889
5	8145	0.111252	890
5	8154	0.111377	891
5	8163	0.111502	892
5	8172	0.111627	893
5	8181	0.111752	894
5	8190	0.111877	895
5	8199	0.112002	896
5	8208	0.112127	897
5	8217	0.112252	898
5	8226	0.112377	899
5	8235	0.112502	900
5	8244	0.112627	901
5	8253	0.112752	902
5	8262	0.112877	903
5	8271	0.113002	904
5	8280	0.113127	905
5	8289	0.113252	906
5	8298	0.113377	907
5	8307	0.113502	908
5	8316	0.113627	909
5	8325	0.113752	910
5	8334	0.113877	911
5	8343	0.114002	912
5	8352	0.114127	913
5	8361	0.114252	914
5	8370	0.114377	915
5	8383	0.114502	916
5	8392	0.114627	917
5	8401	0.114752	918
5	8410	0.114877	919
5	8419	0.115002	920
5	8428	0.115127	921
5	8437	0.115252	922
5	8446	0.115377	923
5	8455	0.115502	924
5	8464	0.115627	925
5	8473	0.115752	926
5	8482	0.115877	927
5	8491	0.116002	928
5	8500	0.116127	929
5	8509	0.116252	930
5	8518	0.116377	931
5	8527	0.116502	932
5	8536	0.116627	933
5	8545	0.116752	934
5	8554	0.116877	935
5	8563	0.117002	936
5	8572	0.117127	937
5	8581	0.117252	938
5	8590	0.117377	939
5	8599	0.117502	940
5	8608	0.117627	941
5	8621	0.117752	942
5	8630	0.117877	943
5	8639	0.118002	944
5	8648	0.118127	945
5	8657	0.118252	946
5	8666	0.118377	947
5	8675	0.118502	948
5	8684	0.118627	949
5	8693	0.118752	950
5	8702	0.118877	951
5	8711	0.119002	952
5	8720	0.119127	953
5	8729	0.119252	954
5	8738	0.119377	955
5	8747	0.119502	956
5	8756	0.119627	957
5	8765	0.119752	958
5	8774	0.119877	959
5	8783	0.120002	960
5	8792	0.120127	961
5	8801	0.120252	962
5	8810	0.120377	963
5	8819	0.120502	964
5	8828	0.120627	965
5	8837	0.120752	966
5	8846	0.120877	967
5	8857	0.121002	968
5	8868	0.121127	969
5	8877	0.121252	970
5	8886	0.121377	971
5	8895	0.121502	972
5	8904	0.121627	973
5	8913	0.121752	974
5	8922	0.121877	975
5	8931	0.122002	976
5	8940	0.122127	977
5	8949	0.122252	978
5	8958	0.122377	979
5	8967	0.122502	980
5	8976	0.122627	981
5	8985	0.122752	982
5	8994	0.122877	983
5	9003	0.123002	984
5	9012	0.123127	985
5	9021	0.123252	986
5	9030	0.123377	987
5	9039	0.123502	988
5	9048	0.123627	989
5	9057	0.123752	990
5	9066	0.123877	991
5	9075	0.124002	992
5	9084	0.124127	993
5	9093	0.124252	994
5	9106	0.124377	995
5	9115	0.124502	996
5	9124	0.124627	997
5	9133	0.124752	998
5	9142	0.124877	999
5	9151	0.125002	1000
5	9160	0.125127	1001
5	9169	0.125252	1002
5	9178	0.125377	1003
5	9187	0.125502	1004
5	9196	0.125627	1005
5	9205	0.125752	1006
5	9214	0.125877	1007
5	9223	0.126002	1008
5	9232	0.126127	1009
5	9241	0.126252	1010
5	9250	0.126377	1011
5	9259	0.126502	1012
5	9268	0.126627	1013
5	9277	0.126752	1014
5	9286	0.126877	1015
5	9295	0.127002	1016
5	9304	0.127127	1017
5	9313	0.127252	1018
5	9322	0.127377	1019
5	9331	0.127502	1020
5	9344	0.127627	1021
5	9353	0.127752	1022
5	9362	0.127877	1023
5	9371	0.128002	1024
5	9380	0.128127	1025
5	9389	0.128252	1026
5	9398	0.128377	1027
5	9407	0.128502	1028
5	9416	0.128627	1029
5	9425	0.128752	1030
5	9434	0.128877	1031
5	9443	0.129002	1032
5	9452	0.129127	1033
5	9461	0.129252	1034
5	9470	0.129377	1035
5	9479	0.129502	1036
5	9488	0.129627	1037
5	9497	0.129752	1038
5	9506	0.129877	1039
5	9515	0.130002	1040
5	9524	0.130127	1041
5	9533	0.130252	1042
5	9542	0.130377	1043
5	9551	0.130502	1044
5	9560	0.130627	1045
5	9569	0.130752	1046
5	9582	0.130877	1047
5	9591	0.131002	1048
5	9600	0.131127	1049
5	9609	0.131252	1050
5	9618	0.131377	1051
5	9627	0.131502	1052
5	9636	0.131627	1053
5	9645	0.131752	1054
5	9654	0.131877	1055
5	9663	0.132002	1056
5	9672	0.132127	1057
5	9681	0.132252	1058
5	9690	0.132377	1059
5	9699	0.132502	1060
5	9708	0.132627	1061
5	9717	0.132752	1062
5	9726	0.132877	1063
5	9735	0.133002	1064
5	9744	0.133127	1065
5	9753	0.133252	1066
5	9762	0.133377	1067
5	9771	0.133502	1068
5	9780	0.133627	1069
5	9789	0.133752	1070
5	9798	0.133877	1071
5	9807	0.134002	1072
5	9820	0.134127	1073
5	9829	0.134252	1074
5	9838	0.134377	1075
5	9847	0.134502	1076
5	9856	0.134627	1077
5	9865	0.134752	1078
5	9874	0.134877	1079
5	9883	0.135002	1080
5	9892	0.135127	1081
5	9901	0.135252	1082
5	9910	0.135377	1083
5	9919	0.135502	1084
5	9928	0.135627	1085
5	9937	0.135752	1086
5	9946	0.135877	1087
5	9955	0.136002	1088
5	9964	0.136127	1089
5	9973	0.136252	1090
5	9982	0.136377	1091
5	9991	0.136502	1092
5	10000	0.136627	1093
5	10009	0.136752	1094
5	10018	0.136877	1095
5	10027	0.137002	1096
5	10036	0.137127	1097
5	10045	0.137252	1098
5	10058	0.137377	1099
5	10067	0.137502	1100
5	10076	0.137627	1101
5	10085	0.137752	1102
5	10094	0.137877	1103
5	10103	0.138002	1104
5	10112	0.138127	1105
5	10121	0.138252	1106
5	10130	0.138377	1107
5	10139	0.138502	1108
5	10148	0.138627	1109
5	10157	0.138752	1110
5	10166	0.138877	1111
5	10175	0.139002	1112
5	10184	0.139127	1113
5	10193	0.139252	1114
5	10202	0.139377	1115
5	10211	0.139502	1116
5	10220	0.139627	1117
5	10229	0.139752	1118
5	10238	0.139877	1119
5	10247	0.140002	1120
5	10256	0.140127	1121
5	10265	0.140252	1122
5	10274	0.140377	1123
5	10283	0.140502	1124
5	10292	0.140627	1125
5	10305	0.140752	1126
5	10314	0.140877	1127
5	10323	0.141002	1128
5	10332	0.141127	1129
5	10341	0.141252	1130
5	10350	0.141377	1131
5	10359	0.141502	1132
5	10368	0.141627	1133
5	10377	0.141752	1134
5	10386	0.141877	1135
5	10395	0.142002	1136
5	10404	0.142127	1137
5	10413	0.142252	1138
5	10422	0.142377	1139
5	10431	0.142502	1140
5	10440	0.142627	1141
5	10449	0.142752	1142
5	10458	0.142877	1143
5	10467	0.143002	1144
5	10476	0.143127	1145
5	10485	0.143252	1146
5	10494	0.143377	1147
5	10503	0.143502	1148
5	10512	0.143627	1149
5	10521	0.143752	1150
5	10530	0.143877	1151
5	10543	0.144002	1152
5	10552	0.144127	1153
5	10561	0.144252	1154
5	10570	0.144377	1155
5	10579	0.144502	1156
5	10588	0.144627	1157
5	10597	0.144752	1158
5	10606	0.144877	1159
5	10615	0.145002	1160
5	10624	0.145127	1161
5	10633	0.145252	1162
5	10642	0.145377	1163
5	10651	0.145502	1164
5	10660	0.145627	1165
5	10669	0.145752	1166
5	10678	0.145877	1167
5	10687	0.146002	1168
5	10696	0.146127	1169
5	10705	0.146252	1170
5	10714	0.146377	1171
5	10723	0.146502	1172
5	10732	0.146627	1173
5	10741	0.146752	1174
5	10750	0.146877	1175
5	10759	0.147002	1176
5	10768	0.147127	1177
5	10781	0.147252	1178
5	10790	0.147377	1179
5	10799	0.147502	1180
5	10808	0.147627	1181
5	10817	0.147752	1182
5	10826	0.147877	1183
5	10835	0.148002	1184
5	10844	0.148127	1185
5	10853	0.148252	1186
5	10862	0.148377	1187
5	10871	0.148502	1188
5	10880	0.148627	1189
5	10889	0.148752	1190
5	10898	0.148877	1191
5	10907	0.149002	1192
5	10916	0.149127	1193
5	10925	0.149252	1194
5	10934	0.149377	1195
5	10943	0.149502	1196
5	10952	0.149627	1197
5	10961	0.149752	1198
5	10970	0.149877	1199
5	10979	0.150002	1200
5	10988	0.150127	1201
5	10997	0.150252	1202
5	11006	0.150377	1203
5	11019	0.150502	1204
5	11028	0.150627	1205
5	11037	0.150752	1206
5	11046	0.150877	1207
5	11055	0.151002	1208
5	11064	0.151127	1209
5	11073	0.151252	1210
5	11082	0.151377	1211
5	11091	0.151502	1212
5	11100	0.151627	1213
5	11109	0.151752	1214
5	11118	0.151877	1215
5	11127	0.152002	1216
5	11136	0.152127	1217
5	11145	0.152252	1218
5	11154	0.152377	1219
5	11163	0.152502	1220
5	11172	0.152627	1221
5	11181	0.152752	1222
5	11190	0.152877	1223
5	11199	0.153002	1224
5	11208	0.153127	1225
5	11217	0.153252	1226
5	11226	0.153377	1227
5	11235	0.153502	1228
5	11244	0.153627	1229
5	11257	0.153752	1230
5	11266	0.153877	1231
5	11275	0.154002	1232
5	11284	0.154127	1233
5	11293	0.154252	1234
5	11302	0.154377	1235
5	11311	0.154502	1236
5	11320	0.154627	1237
5	11329	0.154752	1238
5	11338	0.154877	1239
5	11347	0.155002	1240
5	11356	0.155127	1241
5	11365	0.155252	1242
5	11374	0.155377	1243
5	11383	0.155502	1244
5	11392	0.155627	1245
5	11401	0.155752	1246
5	11410	0.155877	1247
5	11419	0.156002	1248
5	11428	0.156127	1249
5	11437	0.156252	1250
5	11446	0.156377	1251
5	11455	0.156502	1252
5	11464	0.156627	1253
5	11473	0.156752	1254
5	11482	0.156877	1255
5	11495	0.157002	1256
5	11504	0.157127	1257
5	11513	0.157252	1258
5	11522	0.157377	1259
5	11531	0.157502	1260
5	11540	0.157627	1261
5	11549	0.157752	1262
5	11558	0.157877	1263
5	11567	0.158002	1264
5	11576	0.158127	1265
5	11585	0.158252	1266
5	11594	0.158377	1267
5	11603	0.158502	1268
5	11612	0.158627	1269
5	11621	0.158752	1270
5	11630	0.158877	1271
5	11639	0.159002	1272
5	11648	0.159127	1273
5	11657	0.159252	1274
5	11666	0.159377	1275
5	11675	0.159502	1276
5	11684	0.159627	1277
5	11693	0.159752	1278
5	11702	0.159877	1279
5	11711	0.160002	1280
5	11720	0.160127	1281
5	11729	0.160252	1282
5	11742	0.160377	1283
5	11751	0.160502	1284
5	11760	0.160627	1285
5	11769	0.160752	1286
5	11778	0.160877	1287
5	11787	0.161002	1288
5	11796	0.161127	1289
5	11805	0.161252	1290
5	11814	0.161377	1291
5	11823	0.161502	1292
5	11832	0.161627	1293
5	11841	0.161752	1294
5	11850	0.161877	1295
5	11859	0.162002	1296
5	11868	0.162127	1297
5	11877	0.162252	1298
5	11886	0.162377	1299
5	11895	0.162502	1300
5	11904	0.162627	1301
5	11913	0.162752	1302
5	11922	0.162877	1303
5	11931	0.163002	1304
5	11940	0.163127	1305
5	11949	0.163252	1306
5	11958	0.163377	1307
5	11967	0.163502	1308
5	11980	0.163627	1309
5	11989	0.163752	1310
5	11998	0.163877	1311
5	12007	0.164002	1312
5	12016	0.164127	1313
5	12025	0.164252	1314
5	12034	0.164377	1315
5	12043	0.164502	1316
5	12052	0.164627	1317
5	12061	0.164752	1318
5	12070	0.164877	1319
5	12079	0.165002	1320
5	12088	0.165127	1321
5	12097	0.165252	1322
5	12106	0.165377	1323
5	12115	0.165502	1324
5	12124	0.165627	1325
5	12133	0.165752	1326
5	12142	0.165877	1327
5	12151	0.166002	1328
5	12160	0.166127	1329
5	12169	0.166252	1330
5	12178	0.166377	1331
5	12187	0.166502	1332
5	12196	0.166627	1333
5	12205	0.166752	1334
5	12218	0.166877	1335
5	12227	0.167002	1336
5	12236	0.167127	1337
5	12245	0.167252	1338
5	12254	0.167377	1339
5	12263	0.167502	1340
5	12272	0.167627	1341
5	12281	0.167752	1342
5	12290	0.167877	1343
5	12299	0.168002	1344
5	12308	0.168127	1345
5	12317	0.168252	1346
5	12326	0.168377	1347
5	12335	0.168502	1348
5	12344	0.168627	1349
5	12353	0.168752	1350
5	12362	0.168877	1351
5	12371	0.169002	1352
5	12380	0.169127	1353
5	12389	0.169252	1354
5	12398	0.169377	1355
5	12407	0.169502	1356
5	12416	0.169627	1357
5	12425	0.169752	1358
5	12434	0.169877	1359
5	12443	0.170002	1360
5	12456	0.170127	1361
5	12465	0.170252	1362
5	12474	0.170377	1363
5	12483	0.170502	1364
5	12492	0.170627	1365
5	12501	0.170752	1366
5	12510	0.170877	1367
5	12519	0.171002	1368
5	12528	0.171127	1369
5	12537	0.171252	1370
5	12546	0.171377	1371
5	12555	0.171502	1372
5	12564	0.171627	1373
5	12573	0.171752	1374
5	12582	0.171877	1375
5	12591	0.172002	1376
5	12600	0.172127	1377
5	12609	0.172252	1378
5	12618	0.172377	1379
5	12627	0.172502	1380
5	12636	0.172627	1381
5	12645	0.172752	1382
5	12654	0.172877	1383
5	12663	0.173002	1384
5	12672	0.173127	1385
5	12681	0.173252	1386
5	12694	0.173377	1387
5	12703	0.173502	1388
5	12712	0.173627	1389
5	12721	0.173752	1390
5	12730	0.173877	1391
5	12739	0.174002	1392
5	12748	0.174127	1393
5	12757	0.174252	1394
5	12766	0.174377	1395
5	12775	0.174502	1396
5	12784	0.174627	1397
5	12793	0.174752	1398
5	12802	0.174877	1399
5	12811	0.175002	1400
5	12820	0.175127	1401
5	12829	0.175252	1402
5	12838	0.175377	1403
5	12847	0.175502	1404
5	12856	0.175627	1405
5	12865	0.175752	1406
5	12874	0.175877	1407
5	12883	0.176002	1408
5	12892	0.176127	1409
5	12901	0.176252	1410
5	12910	0.176377	1411
5	12919	0.176502	1412
5	12932	0.176627	1413
5	12941	0.176752	1414
5	12950	0.176877	1415
5	12959	0.177002	1416
5	12968	0.177127	1417
5	12977	0.177252	1418
5	12986	0.177377	1419
5	12995	0.177502	1420
5	13004	0.177627	1421
5	13013	0.177752	1422
5	13022	0.177877	1423
5	13031	0.178002	1424
5	13040	0.178127	1425
5	13049	0.178252	1426
5	13058	0.178377	1427
5	13067	0.178502	1428
5	13076	0.178627	1429
5	13085	0.178752	1430
5	13094	0.178877	1431
5	13103	0.179002	1432
5	13112	0.179127	1433
5	13121	0.179252	1434
5	13130	0.179377	1435
5	13139	0.179502	1436
5	13148	0.179627	1437
5	13157	0.179752	1438
5	13166	0.179877	1439
5	13179	0.180002	1440
5	13188	0.180127	1441
5	13197	0.180252	1442
5	13206	0.180377	1443
5	13215	0.180502	1444
5	13224	0.180627	1445
5	13233	0.180752	1446
5	13242	0.180877	1447
5	13251	0.181002	1448
5	13260	0.181127	1449
5	13269	0.181252	1450
5	13278	0.181377	1451
5	13287	0.181502	1452
5	13296	0.181627	1453
5	13305	0.181752	1454
5	13314	0.181877	1455
5	13323	0.182002	1456
5	13332	0.182127	1457
5	13341	0.182252	1458
5	13350	0.182377	1459
5	13359	0.182502	1460
5	13368	0.182627	1461
5	13377	0.182752	1462
5	13386	0.182877	1463
5	13395	0.183002	1464
5	13404	0.183127	1465
5	13417	0.183252	1466
5	13426	0.183377	1467
5	13435	0.183502	1468
5	13444	0.183627	1469
5	13453	0.183752	1470
5	13462	0.183877	1471
5	13471	0.184002	1472
5	13480	0.184127	1473
5	13489	0.184252	1474
5	13498	0.184377	1475
5	13507	0.184502	1476
5	13516	0.184627	1477
5	13525	0.184752	1478
5	13534	0.184877	1479
5	13543	0.185002	1480
5	13552	0.185127	1481
5	13561	0.185252	1482
5	13570	0.185377	1483
5	13579	0.185502	1484
5	13588	0.185627	1485
5	13597	0.185752	1486
5	13606	0.185877	1487
5	13615	0.186002	1488
5	13624	0.186127	1489
5	13633	0.186252	1490
5	13642	0.186377	1491
5	13655	0.186502	1492
5	13664	0.186627	1493
5	13673	0.186752	1494
5	13682	0.186877	1495
5	13691	0.187002	1496
5	13700	0.187127	1497
5	13709	0.187252	1498
5	13718	0.187377	1499
5	13727	0.187502	1500
5	13736	0.187627	1501
5	13745	0.187752	1502
5	13754	0.187877	1503
5	13763	0.188002	1504
5	13772	0.188127	1505
5	13781	0.188252	1506
5	13790	0.188377	1507
5	13799	0.188502	1508
5	13808	0.188627	1509
5	13817	0.188752	1510
5	13826	0.188877	1511
5	13835	0.189002	1512
5	13844	0.189127	1513
5	13853	0.189252	1514
5	13862	0.189377	1515
5	13871	0.189502	1516
5	13880	0.189627	1517
5	13893	0.189752	1518
5	13902	0.189877	1519
5	13911	0.190002	1520
5	13920	0.190127	1521
5	13929	0.190252	1522
5	13938	0.190377	1523
5	13947	0.190502	1524
5	13956	0.190627	1525
5	13965	0.190752	1526
5	13974	0.190877	1527
5	13983	0.191002	1528
5	13992	0.191127	1529
5	14001	0.191252	1530
5	14010	0.191377	1531
5	14019	0.191502	1532
5	14028	0.191627	1533
5	14037	0.191752	1534
5	14046	0.191877	1535
5	14055	0.192002	1536
5	14064	0.192127	1537
5	14073	0.192252	1538
5	14082	0.192377	1539
5	14091	0.192502	1540
5	14100	0.192627	1541
5	14109	0.192752	1542
5	14118	0.192877	1543
5	14131	0.193002	1544
5	14140	0.193127	1545
5	14149	0.193252	1546
5	14158	0.193377	1547
5	14167	0.193502	1548
5	14176	0.193627	1549
5	14185	0.193752	1550
5	14194	0.193877	1551
5	14203	0.194002	1552
5	14212	0.194127	1553
5	14221	0.194252	1554
5	14230	0.194377	1555
5	14239	0.194502	1556
5	14248	0.194627	1557
5	14257	0.194752	1558
5	14266	0.194877	1559
5	14275	0.195002	1560
5	14284	0.195127	1561
5	14293	0.195252	1562
5	14302	0.195377	1563
5	14311	0.195502	1564
5	14320	0.195627	1565
5	14329	0.195752	1566
5	14338	0.195877	1567
5	14347	0.196002	1568
5	14356	0.196127	1569
5	14367	0.196252	1570
5	14378	0.196377	1571
5	14387	0.196502	1572
5	14396	0.196627	1573
5	14405	0.196752	1574
5	14414	0.196877	1575
5	14423	0.197002	1576
5	14432	0.197127	1577
5	14441	0.197252	1578
5	14450	0.197377	1579
5	14459	0.197502	1580
5	14468	0.197627	1581
5	14477	0.197752	1582
5	14486	0.197877	1583
5	14495	0.198002	1584
5	14504	0.198127	1585
5	14513	0.198252	1586
5	14522	0.198377	1587
5	14531	0.198502	1588
5	14540	0.198627	1589
5	14549	0.198752	1590
5	14558	0.198877	1591
5	14567	0.199002	1592
5	14576	0.199127	1593
5	14585	0.199252	1594
5	14594	0.199377	1595
5	14603	0.199502	1596
5	14616	0.199627	1597
5	14625	0.199752	1598
5	14634	0.199877	1599
5	14643	0.200002	1600
5	14652	0.200127	1601
5	14661	0.200252	1602
5	14670	0.200377	1603
5	14679	0.200502	1604
5	14688	0.200627	1605
5	14697	0.200752	1606
5	14706	0.200877	1607
5	14715	0.201002	1608
5	14724	0.201127	1609
5	14733	0.201252	1610
5	14742	0.201377	1611
5	14751	0.201502	1612
5	14760	0.201627	1613
5	14769	0.201752	1614
5	14778	0.201877	1615
5	14787	0.202002	1616
5	14796	0.202127	1617
5	14805	0.202252	1618
5	14814	0.202377	1619
5	14823	0.202502	1620
5	14832	0.202627	1621
5	14841	0.202752	1622
5	14854	0.202877	1623
5	14863	0.203002	1624
5	14872	0.203127	1625
5	14881	0.203252	1626
5	14890	0.203377	1627
5	14899	0.203502	1628
5	14908	0.203627	1629
5	14917	0.203752	1630
5	14926	0.203877	1631
5	14935	0.204002	1632
5	14944	0.204127	1633
5	14953	0.204252	1634
5	14962	0.204377	1635
5	14971	0.204502	1636
5	14980	0.204627	1637
5	14989	0.204752	1638
5	14998	0.204877	1639
5	15007	0.205002	1640
5	15016	0.205127	1641
5	15025	0.205252	1642
5	15034	0.205377	1643
5	15043	0.205502	1644
5	15052	0.205627	1645
5	15061	0.205752	1646
5	15070	0.205877	1647
5	15079	0.206002	1648
5	15092	0.206127	1649
5	15101	0.206252	1650
5	15110	0.206377	1651
5	15119	0.206502	1652
5	15128	0.206627	1653
5	15137	0.206752	1654
5	15146	0.206877	1655
5	15155	0.207002	1656
5	15164	0.207127	1657
5	15173	0.207252	1658
5	15182	0.207377	1659
5	15191	0.207502	1660
5	15200	0.207627	1661
5	15209	0.207752	1662
5	15218	0.207877	1663
5	15227	0.208002	1664
5	15236	0.208127	1665
5	15245	0.208252	1666
5	15254	0.208377	1667
5	15263	0.208502	1668
5	15272	0.208627	1669
5	15281	0.208752	1670
5	15290	0.208877	1671
5	15299	0.209002	1672
5	15308	0.209127	1673
5	15317	0.209252	1674
5	15330	0.209377	1675
5	15339	0.209502	1676
5	15348	0.209627	1677
5	15357	0.209752	1678
5	15366	0.209877	1679
5	15375	0.210002	1680
5	15384	0.210127	1681
5	15393	0.210252	1682
5	15402	0.210377	1683
5	15411	0.210502	1684
5	15420	0.210627	1685
5	15429	0.210752	1686
5	15438	0.210877	1687
5	15447	0.211002	1688
5	15456	0.211127	1689
5	15465	0.211252	1690
5	15474	0.211377	1691
5	15483	0.211502	1692
5	15492	0.211627	1693
5	15501	0.211752	1694
5	15510	0.211877	1695
5	15519	0.212002	1696
5	15528	0.212127	1697
5	15537	0.212252	1698
5	15546	0.212377	1699
5	15555	0.212502	1700
5	15568	0.212627	1701
5	15577	0.212752	1702
5	15586	0.212877	1703
5	15595	0.213002	1704
5	15604	0.213127	1705
5	15613	0.213252	1706
5	15622	0.213377	1707
5	15631	0.213502	1708
5	15640	0.213627	1709
5	15649	0.213752	1710
5	15658	0.213877	1711
5	15667	0.214002	1712
5	15676	0.214127	1713
5	15685	0.214252	1714
5	15694	0.214377	1715
5	15703	0.214502	1716
5	15712	0.214627	1717
5	15721	0.214752	1718
5	15730	0.214877	1719
5	15739	0.215002	1720
5	15748	0.215127	1721
5	15757	0.215252	1722
5	15766	0.215377	1723
5	15775	0.215502	1724
5	15784	0.215627	1725
5	15793	0.215752	1726
5	15802	0.215877	1727
5	15815	0.216002	1728
5	15824	0.216127	1729
5	15833	0.216252	1730
5	15842	0.216377	1731
5	15851	0.216502	1732
5	15860	0.216627	1733
5	15869	0.216752	1734
5	15878	0.216877	1735
5	15887	0.217002	1736
5	15896	0.217127	1737
5	15905	0.217252	1738
5	15914	0.217377	1739
5	15923	0.217502	1740
5	15932	0.217627	1741
5	15941	0.217752	1742
5	15950	0.217877	1743
5	15959	0.218002	1744
5	15968	0.218127	1745
5	15977	0.218252	1746
5	15986	0.218377	1747
5	15995	0.218502	1748
5	16004	0.218627	1749
5	16013	0.218752	1750
5	16022	0.218877	1751
5	16031	0.219002	1752
5	16040	0.219127	1753
5	16053	0.219252	1754
5	16062	0.219377	1755
5	16071	0.219502	1756
5	16080	0.219627	1757
5	16089	0.219752	1758
5	16098	0.219877	1759
5	16107	0.220002	1760
5	16116	0.220127	1761
5	16125	0.220252	1762
5	16134	0.220377	1763
5	16143	0.220502	1764
5	16152	0.220627	1765
5	16161	0.220752	1766
5	16170	0.220877	1767
5	16179	0.221002	1768
5	16188	0.221127	1769
5	16197	0.221252	1770
5	16206	0.221377	1771
5	16215	0.221502	1772
5	16224	0.221627	1773
5	16233	0.221752	1774
5	16242	0.221877	1775
5	16251	0.222002	1776
5	16260	0.222127	1777
5	16269	0.222252	1778
5	16278	0.222377	1779
5	16291	0.222502	1780
5	16300	0.222627	1781
5	16309	0.222752	1782
5	16318	0.222877	1783
5	16327	0.223002	1784
5	16336	0.223127	1785
5	16345	0.223252	1786
5	16354	0.223377	1787
5	16363	0.223502	1788
5	16372	0.223627	1789
5	16381	0.223752	1790
5	16390	0.223877	1791
5	16399	0.224002	1792
5	16408	0.224127	1793
5	16417	0.224252	1794
5	16426	0.224377	1795
5	16435	0.224502	1796
5	16444	0.224627	1797
5	16453	0.224752	1798
5	16462	0.224877	1799
5	16471	0.225002	1800
5	16480	0.225127	1801
5	16489	0.225252	1802
5	16498	0.225377	1803
5	16507	0.225502	1804
5	16516	0.225627	1805
5	16529	0.225752	1806
5	16538	0.225877	1807
5	16547	0.226002	1808
5	16556	0.226127	1809
5	16565	0.226252	1810
5	16574	0.226377	1811
5	16583	0.226502	1812
5	16592	0.226627	1813
5	16601	0.226752	1814
5	16610	0.226877	1815
5	16619	0.227002	1816
5	16628	0.227127	1817
5	16637	0.227252	1818
5	16646	0.227377	1819
5	16655	0.227502	1820
5	16664	0.227627	1821
5	16673	0.227752	1822
5	16682	0.227877	1823
5	16691	0.228002	1824
5	16700	0.228127	1825
5	16709	0.228252	1826
5	16718	0.228377	1827
5	16727	0.228502	1828
5	16736	0.228627	1829
5	16745	0.228752	1830
5	16754	0.228877	1831
5	16767	0.229002	1832
5	16776	0.229127	1833
5	16785	0.229252	1834
5	16794	0.229377	1835
5	16803	0.229502	1836
5	16812	0.229627	1837
5	16821	0.229752	1838
5	16830	0.229877	1839
5	16839	0.230002	1840
5	16848	0.230127	1841
5	16857	0.230252	1842
5	16866	0.230377	1843
5	16875	0.230502	1844
5	16884	0.230627	1845
5	16893	0.230752	1846
5	16902	0.230877	1847
5	16911	0.231002	1848
5	16920	0.231127	1849
5	16929	0.231252	1850
5	16938	0.231377	1851
5	16947	0.231502	1852
5	16956	0.231627	1853
5	16965	0.231752	1854
5	16974	0.231877	1855
5	16983	0.232002	1856
5	16992	0.232127	1857
5	17005	0.232252	1858
5	17014	0.232377	1859
5	17023	0.232502	1860
5	17032	0.232627	1861
5	17041	0.232752	1862
5	17050	0.232877	1863
5	17059	0.233002	1864
5	17068	0.233127	1865
5	17077	0.233252	1866
5	17086	0.233377	1867
5	17095	0.233502	1868
5	17104	0.233627	1869
5	17113	0.233752	1870
5	17122	0.233877	1871
5	17131	0.234002	1872
5	17140	0.234127	1873
5	17149	0.234252	1874
5	17158	0.234377	1875
5	17167	0.234502	1876
5	17176	0.234627	1877
5	17185	0.234752	1878
5	17194	0.234877	1879
5	17203	0.235002	1880
5	17212	0.235127	1881
5	17221	0.235252	1882
5	17230	0.235377	1883
5	17239	0.235502	1884
5	17252	0.235627	1885
5	17261	0.235752	1886
5	17270	0.235877	1887
5	17279	0.236002	1888
5	17288	0.236127	1889
5	17297	0.236252	1890
5	17306	0.236377	1891
5	17315	0.236502	1892
5	17324	0.236627	1893
5	17333	0.236752	1894
5	17342	0.236877	1895
5	17351	0.237002	1896
5	17360	0.237127	1897
5	17369	0.237252	1898
5	17378	0.237377	1899
5	17387	0.237502	1900
5	17396	0.237627	1901
5	17405	0.237752	1902
5	17414	0.237877	1903
5	17423	0.238002	1904
5	17432	0.238127	1905
5	17441	0.238252	1906
5	17450	0.238377	1907
5	17459	0.238502	1908
5	17468	0.238627	1909
5	17477	0.238752	1910
5	17490	0.238877	1911
5	17499	0.239002	1912
5	17508	0.239127	1913
5	17517	0.239252	1914
5	17526	0.239377	1915
5	17535	0.239502	1916
5	17544	0.239627	1917
5	17553	0.239752	1918
5	17562	0.239877	1919
5	17571	0.240002	1920
5	17580	0.240127	1921
5	17589	0.240252	1922
5	17598	0.240377	1923
5	17607	0.240502	1924
5	17616	0.240627	1925
5	17625	0.240752	1926
5	17634	0.240877	1927
5	17643	0.241002	1928
5	17652	0.241127	1929
5	17661	0.241252	1930
5	17670	0.241377	1931
5	17679	0.241502	1932
5	17688	0.241627	1933
5	17697	0.241752	1934
5	17706	0.241877	1935
5	17715	0.242002	1936
5	17728	0.242127	1937
5	17737	0.242252	1938
5	17746	0.242377	1939
5	17755	0.242502	1940
5	17764	0.242627	1941
5	17773	0.242752	1942
5	17782	0.242877	1943
5	17791	0.243002	1944
5	17800	0.243127	1945
5	17809	0.243252	1946
5	17818	0.243377	1947
5	17827	0.243502	1948
5	17836	0.243627	1949
5	17845	0.243752	1950
5	17854	0.243877	1951
5	17863	0.244002	1952
5	17872	0.244127	1953
5	17881	0.244252	1954
5	17890	0.244377	1955
5	17899	0.244502	1956
5	17908	0.244627	1957
5	17917	0.244752	1958
5	17926	0.244877	1959
5	17935	0.245002	1960
5	17944	0.245127	1961
5	17953	0.245252	1962
5	17966	0.245377	1963
5	17975	0.245502	1964
5	17984	0.245627	1965
5	17993	0.245752	1966
5	18002	0.245877	1967
5	18011	0.246002	1968
5	18020	0.246127	1969
5	18029	0.246252	1970
5	18038	0.246377	1971
5	18047	0.246502	1972
5	18056	0.246627	1973
5	18065	0.246752	1974
5	18074	0.246877	1975
5	18083	0.247002	1976
5	18092	0.247127	1977
5	18101	0.247252	1978
5	18110	0.247377	1979
5	18119	0.247502	1980
5	18128	0.247627	1981
5	18137	0.247752	1982
5	18146	0.247877	1983
5	18155	0.248002	1984
5	18164	0.248127	1985
5	18173	0.248252	1986
5	18182	0.248377	1987
5	18191	0.248502	1988
5	18204	0.248627	1989
5	18213	0.248752	1990
5	18222	0.248877	1991
5	18231	0.249002	1992
5	18240	0.249127	1993
5	18249	0.249252	1994
5	18258	0.249377	1995
5	18267	0.249502	1996
5	18276	0.249627	1997
5	18285	0.249752	1998
5	18294	0.249877	1999
5	18303	0.250002	2000
5	18312	0.250127	2001
5	18321	0.250252	2002
5	18330	0.250377	2003
5	18339	0.250502	2004
5	18348	0.250627	2005
5	18357	0.250752	2006
5	18366	0.250877	2007
5	18375	0.251002	2008
5	18384	0.251127	2009
5	18393	0.251252	2010
5	18402	0.251377	2011
5	18411	0.251502	2012
5	18420	0.251627	2013
5	18429	0.251752	2014
5	18442	0.251877	2015
5	18451	0.252002	2016
5	18460	0.252127	2017
5	18469	0.252252	2018
5	18478	0.252377	2019
5	18487	0.252502	2020
5	18496	0.252627	2021
5	18505	0.252752	2022
5	18514	0.252877	2023
5	18523	0.253002	2024
5	18532	0.253127	2025
5	18541	0.253252	2026
5	18550	0.253377	2027
5	18559	0.253502	2028
5	18568	0.253627	2029
5	18577	0.253752	2030
5	18586	0.253877	2031
5	18595	0.254002	2032
5	18604	0.254127	2033
5	18613	0.254252	2034
5	18622	0.254377	2035
5	18631	0.254502	2036
5	18640	0.254627	2037
5	18649	0.254752	2038
5	18658	0.254877	2039
5	18667	0.255002	2040
5	18676	0.255127	2041
5	18689	0.255252	2042
5	18698	0.255377	2043
5	18707	0.255502	2044
5	18716	0.255627	2045
5	18725	0.255752	2046
5	18734	0.255877	2047
5	18743	0.256002	2048
5	18752	0.256127	2049
5	18761	0.256252	2050
5	18770	0.256377	2051
5	18779	0.256502	2052
5	18788	0.256627	2053
5	18797	0.256752	2054
5	18806	0.256877	2055
5	18815	0.257002	2056
5	18824	0.257127	2057
5	18833	0.257252	2058
5	18842	0.257377	2059
5	18851	0.257502	2060
5	18860	0.257627	2061
5	18869	0.257752	2062
5	18878	0.257877	2063
5	18887	0.258002	2064
5	18896	0.258127	2065
5	18905	0.258252	2066
5	18914	0.258377	2067
5	18927	0.258502	2068
5	18936	0.258627	2069
5	18945	0.258752	2070
5	18954	0.258877	2071
5	18963	0.259002	2072
5	18972	0.259127	2073
5	18981	0.259252	2074
5	18990	0.259377	2075
5	18999	0.259502	2076
5	19008	0.259627	2077
5	19017	0.259752	2078
5	19026	0.259877	2079
5	19035	0.260002	2080
5	19044	0.260127	2081
5	19053	0.260252	2082
5	19062	0.260377	2083
5	19071	0.260502	2084
5	19080	0.260627	2085
5	19089	0.260752	2086
5	19098	0.260877	2087
5	19107	0.261002	2088
5	19116	0.261127	2089
5	19125	0.261252	2090
5	19134	0.261377	2091
5	19143	0.261502	2092
5	19152	0.261627	2093
5	19165	0.261752	2094
5	19174	0.261877	2095
5	19183	0.262002	2096
5	19192	0.262127	2097
5	19201	0.262252	2098
5	19210	0.262377	2099
5	19219	0.262502	2100
5	19228	0.262627	2101
5	19237	0.262752	2102
5	19246	0.262877	2103
5	19255	0.263002	2104
5	19264	0.263127	2105
5	19273	0.263252	2106
5	19282	0.263377	2107
5	19291	0.263502	2108
5	19300	0.263627	2109
5	19309	0.263752	2110
5	19318	0.263877	2111
5	19327	0.264002	2112
5	19336	0.264127	2113
5	19345	0.264252	2114
5	19354	0.264377	2115
5	19363	0.264502	2116
5	19372	0.264627	2117
5	19381	0.264752	2118
5	19390	0.264877	2119
5	19403	0.265002	2120
5	19412	0.265127	2121
5	19421	0.265252	2122
5	19430	0.265377	2123
5	19439	0.265502	2124
5	19448	0.265627	2125
5	19457	0.265752	2126
5	19466	0.265877	2127
5	19475	0.266002	2128
5	19484	0.266127	2129
5	19493	0.266252	2130
5	19502	0.266377	2131
5	19511	0.266502	2132
5	19520	0.266627	2133
5	19529	0.266752	2134
5	19538	0.266877	2135
5	19547	0.267002	2136
5	19556	0.267127	2137
5	19565	0.267252	2138
5	19574	0.267377	2139
5	19583	0.267502	2140
5	19592	0.267627	2141
5	19601	0.267752	2142
5	19610	0.267877	2143
5	19619	0.268002	2144
5	19628	0.268127	2145
5	19641	0.268252	2146
5	19650	0.268377	2147
5	19659	0.268502	2148
5	19668	0.268627	2149
5	19677	0.268752	2150
5	19686	0.268877	2151
5	19695	0.269002	2152
5	19704	0.269127	2153
5	19713	0.269252	2154
5	19722	0.269377	2155
5	19731	0.269502	2156
5	19740	0.269627	2157
5	19749	0.269752	2158
5	19758	0.269877	2159
5	19767	0.270002	2160
5	19776	0.270127	2161
5	19785	0.270252	2162
5	19794	0.270377	2163
5	19803	0.270502	2164
5	19812	0.270627	2165
5	19821	0.270752	2166
5	19830	0.270877	2167
5	19839	0.271002	2168
5	19848	0.271127	2169
5	19857	0.271252	2170
5	19866	0.271377	2171
5	19877	0.271502	2172
5	19888	0.271627	2173
5	19897	0.271752	2174
5	19906	0.271877	2175
5	19915	0.272002	2176
5	19924	0.272127	2177
5	19933	0.272252	2178
5	19942	0.272377	2179
5	19951	0.272502	2180
5	19960	0.272627	2181
5	19969	0.272752	2182
5	19978	0.272877	2183
5	19987	0.273002	2184
5	19996	0.273127	2185
5	20005	0.273252	2186
5	20014	0.273377	2187
5	20023	0.273502	2188
5	20032	0.273627	2189
5	20041	0.273752	2190
5	20050	0.273877	2191
5	20059	0.274002	2192
5	20068	0.274127	2193
5	20077	0.274252	2194
5	20086	0.274377	2195
5	20095	0.274502	2196
5	20104	0.274627	2197
5	20113	0.274752	2198
5	20126	0.274877	2199
5	20135	0.275002	2200
5	20144	0.275127	2201
5	20153	0.275252	2202
5	20162	0.275377	2203
5	20171	0.275502	2204
5	20180	0.275627	2205
5	20189	0.275752	2206
5	20198	0.275877	2207
5	20207	0.276002	2208
5	20216	0.276127	2209
5	20225	0.276252	2210
5	20234	0.276377	2211
5	20243	0.276502	2212
5	20252	0.276627	2213
5	20261	0.276752	2214
5	20270	0.276877	2215
5	20279	0.277002	2216
5	20288	0.277127	2217
5	20297	0.277252	2218
5	20306	0.277377	2219
5	20315	0.277502	2220
5	20324	0.277627	2221
5	20333	0.277752	2222
5	20342	0.277877	2223
5	20351	0.278002	2224
5	20364	0.278127	2225
5	20373	0.278252	2226
5	20382	0.278377	2227
5	20391	0.278502	2228
5	20400	0.278627	2229
5	20409	0.278752	2230
5	20418	0.278877	2231
5	20427	0.279002	2232
5	20436	0.279127	2233
5	20445	0.279252	2234
5	20454	0.279377	2235
5	20463	0.279502	2236
5	20472	0.279627	2237
5	20481	0.279752	2238
5	20490	0.279877	2239
5	20499	0.280002	2240
5	20508	0.280127	2241
5	20517	0.280252	2242
5	20526	0.280377	2243
5	20535	0.280502	2244
5	20544	0.280627	2245
5	20553	0.280752	2246
5	20562	0.280877	2247
5	20571	0.281002	2248
5	20580	0.281127	2249
5	20589	0.281252	2250
5	20602	0.281377	2251
5	20611	0.281502	2252
5	20620	0.281627	2253
5	20629	0.281752	2254
5	20638	0.281877	2255
5	20647	0.282002	2256
5	20656	0.282127	2257
5	20665	0.282252	2258
5	20674	0.282377	2259
5	20683	0.282502	2260
5	20692	0.282627	2261
5	20701	0.282752	2262
5	20710	0.282877	2263
5	20719	0.283002	2264
5	20728	0.283127	2265
5	20737	0.283252	2266
5	20746	0.283377	2267
5	20755	0.283502	2268
5	20764	0.283627	2269
5	20773	0.283752	2270
5	20782	0.283877	2271
5	20791	0.284002	2272
5	20800	0.284127	2273
5	20809	0.284252	2274
5	20818	0.284377	2275
5	20827	0.284502	2276
5	20840	0.284627	2277
5	20849	0.284752	2278
5	20858	0.284877	2279
5	20867	0.285002	2280
5	20876	0.285127	2281
5	20885	0.285252	2282
5	20894	0.285377	2283
5	20903	0.285502	2284
5	20912	0.285627	2285
5	20921	0.285752	2286
5	20930	0.285877	2287
5	20939	0.286002	2288
5	20948	0.286127	2289
5	20957	0.286252	2290
5	20966	0.286377	2291
5	20975	0.286502	2292
5	20984	0.286627	2293
5	20993	0.286752	2294
5	21002	0.286877	2295
5	21011	0.287002	2296
5	21020	0.287127	2297
5	21029	0.287252	2298
5	21038	0.287377	2299
5	21047	0.287502	2300
5	21056	0.287627	2301
5	21065	0.287752	2302
5	21078	0.287877	2303
5	21087	0.288002	2304
5	21096	0.288127	2305
5	21105	0.288252	2306
5	21114	0.288377	2307
5	21123	0.288502	2308
5	21132	0.288627	2309
5	21141	0.288752	2310
5	21150	0.288877	2311
5	21159	0.289002	2312
5	21168	0.289127	2313
5	21177	0.289252	2314
5	21186	0.289377	2315
5	21195	0.289502	2316
5	21204	0.289627	2317
5	21213	0.289752	2318
5	21222	0.289877	2319
5	21231	0.290002	2320
5	21240	0.290127	2321
5	21249	0.290252	2322
5	21258	0.290377	2323
5	21267	0.290502	2324
5	21276	0.290627	2325
5	21285	0.290752	2326
5	21294	0.290877	2327
5	21303	0.291002	2328
5	21312	0.291127	2329
5	21325	0.291252	2330
5	21334	0.291377	2331
5	21343	0.291502	2332
5	21352	0.291627	2333
5	21361	0.291752	2334
5	21370	0.291877	2335
5	21379	0.292002	2336
5	21388	0.292127	2337
5	21397	0.292252	2338
5	21406	0.292377	2339
5	21415	0.292502	2340
5	21424	0.292627	2341
5	21433	0.292752	2342
5	21442	0.292877	2343
5	21451	0.293002	2344
5	21460	0.293127	2345
5	21469	0.293252	2346
5	21478	0.293377	2347
5	21487	0.293502	2348
5	21496	0.293627	2349
5	21505	0.293752	2350
5	21514	0.293877	2351
5	21523	0.294002	2352
5	21532	0.294127	2353
5	21541	0.294252	2354
5	21550	0.294377	2355
5	21563	0.294502	2356
5	21572	0.294627	2357
5	21581	0.294752	2358
5	21590	0.294877	2359
5	21599	0.295002	2360
5	21608	0.295127	2361
5	21617	0.295252	2362
5	21626	0.295377	2363
5	21635	0.295502	2364
5	21644	0.295627	2365
5	21653	0.295752	2366
5	21662	0.295877	2367
5	21671	0.296002	2368
5	21680	0.296127	2369
5	21689	0.296252	2370
5	21698	0.296377	2371
5	21707	0.296502	2372
5	21716	0.296627	2373
5	21725	0.296752	2374
5	21734	0.296877	2375
5	21743	0.297002	2376
5	21752	0.297127	2377
5	21761	0.297252	2378
5	21770	0.297377	2379
5	21779	0.297502	2380
5	21788	0.297627	2381
5	21801	0.297752	2382
5	21810	0.297877	2383
5	21819	0.298002	2384
5	21828	0.298127	2385
5	21837	0.298252	2386
5	21846	0.298377	2387
5	21855	0.298502	2388
5	21864	0.298627	2389
5	21873	0.298752	2390
5	21882	0.298877	2391
5	21891	0.299002	2392
5	21900	0.299127	2393
5	21909	0.299252	2394
5	21918	0.299377	2395
5	21927	0.299502	2396
5	21936	0.299627	2397
5	21945	0.299752	2398
5	21954	0.299877	2399
5	21963	0.300002	2400
5	21972	0.300127	2401
5	21981	0.300252	2402
5	21990	0.300377	2403
5	21999	0.300502	2404
5	22008	0.300627	2405
5	22017	0.300752	2406
5	22026	0.300877	2407
5	22039	0.301002	2408
5	22048	0.301127	2409
5	22057	0.301252	2410
5	22066	0.301377	2411
5	22075	0.301502	2412
5	22084	0.301627	2413
5	22093	0.301752	2414
5	22102	0.301877	2415
5	22111	0.302002	2416
5	22120	0.302127	2417
5	22129	0.302252	2418
5	22138	0.302377	2419
5	22147	0.302502	2420
5	22156	0.302627	2421
5	22165	0.302752	2422
5	22174	0.302877	2423
5	22183	0.303002	2424
5	22192	0.303127	2425
5	22201	0.303252	2426
5	22210	0.303377	2427
5	22219	0.303502	2428
5	22228	0.303627	2429
5	22237	0.303752	2430
5	22246	0.303877	2431
5	22255	0.304002	2432
5	22264	0.304127	2433
5	22277	0.304252	2434
5	22286	0.304377	2435
5	22295	0.304502	2436
5	22304	0.304627	2437
5	22313	0.304752	2438
5	22322	0.304877	2439
5	22331	0.305002	2440
5	22340	0.305127	2441
5	22349	0.305252	2442
5	22358	0.305377	2443
5	22367	0.305502	2444
5	22376	0.305627	2445
5	22385	0.305752	2446
5	22394	0.305877	2447
5	22403	0.306002	2448
5	22412	0.306127	2449
5	22421	0.306252	2450
5	22430	0.306377	2451
5	22439	0.306502	2452
5	22448	0.306627	2453
5	22457	0.306752	2454
5	22466	0.306877	2455
5	22475	0.307002	2456
5	22484	0.307127	2457
5	22493	0.307252	2458
5	22502	0.307377	2459
5	22515	0.307502	2460
5	22524	0.307627	2461
5	22533	0.307752	2462
5	22542	0.307877	2463
5	22551	0.308002	2464
5	22560	0.308127	2465
5	22569	0.308252	2466
5	22578	0.308377	2467
5	22587	0.308502	2468
5	22596	0.308627	2469
5	22605	0.308752	2470
5	22614	0.308877	2471
5	22623	0.309002	2472
5	22632	0.309127	2473
5	22641	0.309252	2474
5	22650	0.309377	2475
5	22659	0.309502	2476
5	22668	0.309627	2477
5	22677	0.309752	2478
5	22686	0.309877	2479
5	22695	0.310002	2480
5	22704	0.310127	2481
5	22713	0.310252	2482
5	22722	0.310377	2483
5	22731	0.310502	2484
5	22740	0.310627	2485
5	22749	0.310752	2486
5	22762	0.310877	2487
5	22771	0.311002	2488
5	22780	0.311127	2489
5	22789	0.311252	2490
5	22798	0.311377	2491
5	22807	0.311502	2492
5	22816	0.311627	2493
5	22825	0.311752	2494
5	22834	0.311877	2495
5	22843	0.312002	2496
5	22852	0.312127	2497
5	22861	0.312252	2498
5	22870	0.312377	2499
5	22879	0.312502	2500
5	22888	0.312627	2501
5	22897	0.312752	2502
5	22906	0.312877	2503
5	22915	0.313002	2504
5	22924	0.313127	2505
5	22933	0.313252	2506
5	22942	0.313377	2507
5	22951	0.313502	2508
5	22960	0.313627	2509
5	22969	0.313752	2510
5	22978	0.313877	2511
5	22987	0.314002	2512
5	23000	0.314127	2513
5	23009	0.314252	2514
5	23018	0.314377	2515
5	23027	0.314502	2516
5	23036	0.314627	2517
5	23045	0.314752	2518
5	23054	0.314877	2519
5	23063	0.315002	2520
5	23072	0.315127	2521
5	23081	0.315252	2522
5	23090	0.315377	2523
5	23099	0.315502	2524
5	23108	0.315627	2525
5	23117	0.315752	2526
5	23126	0.315877	2527
5	23135	0.316002	2528
5	23144	0.316127	2529
5	23153	0.316252	2530
5	23162	0.316377	2531
5	23171	0.316502	2532
5	23180	0.316627	2533
5	23189	0.316752	2534
5	23198	0.316877	2535
5	23207	0.317002	2536
5	23216	0.317127	2537
5	23225	0.317252	2538
5	23238	0.317377	2539
5	23247	0.317502	2540
5	23256	0.317627	2541
5	23265	0.317752	2542
5	23274	0.317877	2543
5	23283	0.318002	2544
5	23292	0.318127	2545
5	23301	0.318252	2546
5	23310	0.318377	2547
5	23319	0.318502	2548
5	23328	0.318627	2549
5	23337	0.318752	2550
5	23346	0.318877	2551
5	23355	0.319002	2552
5	23364	0.319127	2553
5	23373	0.319252	2554
5	23382	0.319377	2555
5	23391	0.319502	2556
5	23400	0.319627	2557
5	23409	0.319752	2558
5	23418	0.319877	2559
5	23427	0.320002	2560
5	23436	0.320127	2561
5	23445	0.320252	2562
5	23454	0.320377	2563
5	23463	0.320502	2564
5	23476	0.320627	2565
5	23485	0.320752	2566
5	23494	0.320877	2567
5	23503	0.321002	2568
5	23512	0.321127	2569
5	23521	0.321252	2570
5	23530	0.321377	2571
5	23539	0.321502	2572
5	23548	0.321627	2573
5	23557	0.321752	2574
5	23566	0.321877	2575
5	23575	0.322002	2576
5	23584	0.322127	2577
5	23593	0.322252	2578
5	23602	0.322377	2579
5	23611	0.322502	2580
5	23620	0.322627	2581
5	23629	0.322752	2582
5	23638	0.322877	2583
5	23647	0.323002	2584
5	23656	0.323127	2585
5	23665	0.323252	2586
5	23674	0.323377	2587
5	23683	0.323502	2588
5	23692	0.323627	2589
5	23701	0.323752	2590
5	23714	0.323877	2591
5	23723	0.324002	2592
5	23732	0.324127	2593
5	23741	0.324252	2594
5	23750	0.324377	2595
5	23759	0.324502	2596
5	23768	0.324627	2597
5	23777	0.324752	2598
5	23786	0.324877	2599
5	23795	0.325002	2600
5	23804	0.325127	2601
5	23813	0.325252	2602
5	23822	0.325377	2603
5	23831	0.325502	2604
5	23840	0.325627	2605
5	23849	0.325752	2606
5	23858	0.325877	2607
5	23867	0.326002	2608
5	23876	0.326127	2609
5	23885	0.326252	2610
5	23894	0.326377	2611
5	23903	0.326502	2612
5	23912	0.326627	2613
5	23921	0.326752	2614
5	23930	0.326877	2615
5	23939	0.327002	2616
5	23952	0.327127	2617
5	23961	0.327252	2618
5	23970	0.327377	2619
5	23979	0.327502	2620
5	23988	0.327627	2621
5	23997	0.327752	2622
5	24006	0.327877	2623
5	24015	0.328002	2624
5	24024	0.328127	2625
5	24033	0.328252	2626
5	24042	0.328377	2627
5	24051	0.328502	2628
5	24060	0.328627	2629
5	24069	0.328752	2630
5	24078	0.328877	2631
5	24087	0.329002	2632
5	24096	0.329127	2633
5	24105	0.329252	2634
5	24114	0.329377	2635
5	24123	0.329502	2636
5	24132	0.329627	2637
5	24141	0.329752	2638
5	24150	0.329877	2639
5	24159	0.330002	2640
5	24168	0.330127	2641
5	24177	0.330252	2642
5	24186	0.330377	2643
5	24199	0.330502	2644
5	24208	0.330627	2645
5	24217	0.330752	2646
5	24226	0.330877	2647
5	24235	0.331002	2648
5	24244	0.331127	2649
5	24253	0.331252	2650
5	24262	0.331377	2651
5	24271	0.331502	2652
5	24280	0.331627	2653
5	24289	0.331752	2654
5	24298	0.331877	2655
5	24307	0.332002	2656
5	24316	0.332127	2657
5	24325	0.332252	2658
5	24334	0.332377	2659
5	24343	0.332502	2660
5	24352	0.332627	2661
5	24361	0.332752	2662
5	24370	0.332877	2663
5	24379	0.333002	2664
5	24388	0.333127	2665
5	24397	0.333252	2666
5	24406	0.333377	2667
5	24415	0.333502	2668
5	24424	0.333627	2669
5	24437	0.333752	2670
5	24446	0.333877	2671
5	24455	0.334002	2672
5	24464	0.334127	2673
5	24473	0.334252	2674
5	24482	0.334377	2675
5	24491	0.334502	2676
5	24500	0.334627	2677
5	24509	0.334752	2678
5	24518	0.334877	2679
5	24527	0.335002	2680
5	24536	0.335127	2681
5	24545	0.335252	2682
5	24554	0.335377	2683
5	24563	0.335502	2684
5	24572	0.335627	2685
5	24581	0.335752	2686
5	24590	0.335877	2687
5	24599	0.336002	2688
5	24608	0.336127	2689
5	24617	0.336252	2690
5	24626	0.336377	2691
5	24635	0.336502	2692
5	24644	0.336627	2693
5	24653	0.336752	2694
5	24662	0.336877	2695
5	24675	0.337002	2696
5	24684	0.337127	2697
5	24693	0.337252	2698
5	24702	0.337377	2699
5	24711	0.337502	2700
5	24720	0.337627	2701
5	24729	0.337752	2702
5	24738	0.337877	2703
5	24747	0.338002	2704
5	24756	0.338127	2705
5	24765	0.338252	2706
5	24774	0.338377	2707
5	24783	0.338502	2708
5	24792	0.338627	2709
5	24801	0.338752	2710
5	24810	0.338877	2711
5	24819	0.339002	2712
5	24828	0.339127	2713
5	24837	0.339252	2714
5	24846	0.339377	2715
5	24855	0.339502	2716
5	24864	0.339627	2717
5	24873	0.339752	2718
5	24882	0.339877	2719
5	24891	0.340002	2720
5	24900	0.340127	2721
5	24913	0.340252	2722
5	24922	0.340377	2723
5	24931	0.340502	2724
5	24940	0.340627	2725
5	24949	0.340752	2726
5	24958	0.340877	2727
5	24967	0.341002	2728
5	24976	0.341127	2729
5	24985	0.341252	2730
5	24994	0.341377	2731
5	25003	0.341502	2732
5	25012	0.341627	2733
5	25021	0.341752	2734
5	25030	0.341877	2735
5	25039	0.342002	2736
5	25048	0.342127	2737
5	25057	0.342252	2738
5	25066	0.342377	2739
5	25075	0.342502	2740
5	25084	0.342627	2741
5	25093	0.342752	2742
5	25102	0.342877	2743
5	25111	0.343002	2744
5	25120	0.343127	2745
5	25129	0.343252	2746
5	25138	0.343377	2747
5	25151	0.343502	2748
5	25160	0.343627	2749
5	25169	0.343752	2750
5	25178	0.343877	2751
5	25187	0.344002	2752
5	25196	0.344127	2753
5	25205	0.344252	2754
5	25214	0.344377	2755
5	25223	0.344502	2756
5	25232	0.344627	2757
5	25241	0.344752	2758
5	25250	0.344877	2759
5	25259	0.345002	2760
5	25268	0.345127	2761
5	25277	0.345252	2762
5	25286	0.345377	2763
5	25295	0.345502	2764
5	25304	0.345627	2765
5	25313	0.345752	2766
5	25322	0.345877	2767
5	25331	0.346002	2768
5	25340	0.346127	2769
5	25349	0.346252	2770
5	25358	0.346377	2771
5	25367	0.346502	2772
5	25376	0.346627	2773
5	25387	0.346752	2774
5	25398	0.346877	2775
5	25407	0.347002	2776
5	25416	0.347127	2777
5	25425	0.347252	2778
5	25434	0.347377	2779
5	25443	0.347502	2780
5	25452	0.347627	2781
5	25461	0.347752	2782
5	25470	0.347877	2783
5	25479	0.348002	2784
5	25488	0.348127	2785
5	25497	0.348252	2786
5	25506	0.348377	2787
5	25515	0.348502	2788
5	25524	0.348627	2789
5	25533	0.348752	2790
5	25542	0.348877	2791
5	25551	0.349002	2792
5	25560	0.349127	2793
5	25569	0.349252	2794
5	25578	0.349377	2795
5	25587	0.349502	2796
5	25596	0.349627	2797
5	25605	0.349752	2798
5	25614	0.349877	2799
5	25623	0.350002	2800
5	25636	0.350127	2801
5	25645	0.350252	2802
5	25654	0.350377	2803
5	25663	0.350502	2804
5	25672	0.350627	2805
5	25681	0.350752	2806
5	25690	0.350877	2807
5	25699	0.351002	2808
5	25708	0.351127	2809
5	25717	0.351252	2810
5	25726	0.351377	2811
5	25735	0.351502	2812
5	25744	0.351627	2813
5	25753	0.351752	2814
5	25762	0.351877	2815
5	25771	0.352002	2816
5	25780	0.352127	2817
5	25789	0.352252	2818
5	25798	0.352377	2819
5	25807	0.352502	2820
5	25816	0.352627	2821
5	25825	0.352752	2822
5	25834	0.352877	2823
5	25843	0.353002	2824
5	25852	0.353127	2825
5	25861	0.353252	2826
5	25874	0.353377	2827
5	25883	0.353502	2828
5	25892	0.353627	2829
5	25901	0.353752	2830
5	25910	0.353877	2831
5	25919	0.354002	2832
5	25928	0.354127	2833
5	25937	0.354252	2834
5	25946	0.354377	2835
5	25955	0.354502	2836
5	25964	0.354627	2837
5	25973	0.354752	2838
5	25982	0.354877	2839
5	25991	0.355002	2840
5	26000	0.355127	2841
5	26009	0.355252	2842
5	26018	0.355377	2843
5	26027	0.355502	2844
5	26036	0.355627	2845
5	26045	0.355752	2846
5	26054	0.355877	2847
5	26063	0.356002	2848
5	26072	0.356127	2849
5	26081	0.356252	2850
5	26090	0.356377	2851
5	26099	0.356502	2852
5	26112	0.356627	2853
5	26121	0.356752	2854
5	26130	0.356877	2855
5	26139	0.357002	2856
5	26148	0.357127	2857
5	26157	0.357252	2858
5	26166	0.357377	2859
5	26175	0.357502	2860
5	26184	0.357627	2861
5	26193	0.357752	2862
5	26202	0.357877	2863
5	26211	0.358002	2864
5	26220	0.358127	2865
5	26229	0.358252	2866
5	26238	0.358377	2867
5	26247	0.358502	2868
5	26256	0.358627	2869
5	26265	0.358752	2870
5	26274	0.358877	2871
5	26283	0.359002	2872
5	26292	0.359127	2873
5	26301	0.359252	2874
5	26310	0.359377	2875
5	26319	0.359502	2876
5	26328	0.359627	2877
5	26337	0.359752	2878
5	26350	0.359877	2879
5	26359	0.360002	2880
5	26368	0.360127	2881
5	26377	0.360252	2882
5	26386	0.360377	2883
5	26395	0.360502	2884
5	26404	0.360627	2885
5	26413	0.360752	2886
5	26422	0.360877	2887
5	26431	0.361002	2888
5	26440	0.361127	2889
5	26449	0.361252	2890
5	26458	0.361377	2891
5	26467	0.361502	2892
5	26476	0.361627	2893
5	26485	0.361752	2894
5	26494	0.361877	2895
5	26503	0.362002	2896
5	26512	0.362127	2897
5	26521	0.362252	2898
5	26530	0.362377	2899
5	26539	0.362502	2900
5	26548	0.362627	2901
5	26557	0.362752	2902
5	26566	0.362877	2903
5	26575	0.363002	2904
5	26588	0.363127	2905
5	26597	0.363252	2906
5	26606	0.363377	2907
5	26615	0.363502	2908
5	26624	0.363627	2909
5	26633	0.363752	2910
5	26642	0.363877	2911
5	26651	0.364002	2912
5	26660	0.364127	2913
5	26669	0.364252	2914
5	26678	0.364377	2915
5	26687	0.364502	2916
5	26696	0.364627	2917
5	26705	0.364752	2918
5	26714	0.364877	2919
5	26723	0.365002	2920
5	26732	0.365127	2921
5	26741	0.365252	2922
5	26750	0.365377	2923
5	26759	0.365502	2924
5	26768	0.365627	2925
5	26777	0.365752	2926
5	26786	0.365877	2927
5	26795	0.366002	2928
5	26804	0.366127	2929
5	26813	0.366252	2930
5	26822	0.366377	2931
5	26835	0.366502	2932
5	26844	0.366627	2933
5	26853	0.366752	2934
5	26862	0.366877	2935
5	26871	0.367002	2936
5	26880	0.367127	2937
5	26889	0.367252	2938
5	26898	0.367377	2939
5	26907	0.367502	2940
5	26916	0.367627	2941
5	26925	0.367752	2942
5	26934	0.367877	2943
5	26943	0.368002	2944
5	26952	0.368127	2945
5	26961	0.368252	2946
5	26970	0.368377	2947
5	26979	0.368502	2948
5	26988	0.368627	2949
5	26997	0.368752	2950
5	27006	0.368877	2951
5	27015	0.369002	2952
5	27024	0.369127	2953
5	27033	0.369252	2954
5	27042	0.369377	2955
5	27051	0.369502	2956
5	27060	0.369627	2957
5	27073	0.369752	2958
5	27082	0.369877	2959
5	27091	0.370002	2960
5	27100	0.370127	2961
5	27109	0.370252	2962
5	27118	0.370377	2963
5	27127	0.370502	2964
5	27136	0.370627	2965
5	27145	0.370752	2966
5	27154	0.370877	2967
5	27163	0.371002	2968
5	27172	0.371127	2969
5	27181	0.371252	2970
5	27190	0.371377	2971
5	27199	0.371502	2972
5	27208	0.371627	2973
5	27217	0.371752	2974
5	27226	0.371877	2975
5	27235	0.372002	2976
5	27244	0.372127	2977
5	27253	0.372252	2978
5	27262	0.372377	2979
5	27271	0.372502	2980
5	27280	0.372627	2981
5	27289	0.372752	2982
5	27298	0.372877	2983
5	27311	0.373002	2984
5	27320	0.373127	2985
5	27329	0.373252	2986
5	27338	0.373377	2987
5	27347	0.373502	2988
5	27356	0.373627	2989
5	27365	0.373752	2990
5	27374	0.373877	2991
5	27383	0.374002	2992
5	27392	0.374127	2993
5	27401	0.374252	2994
5	27410	0.374377	2995
5	27419	0.374502	2996
5	27428	0.374627	2997
5	27437	0.374752	2998
5	27446	0.374877	2999
5	27455	0.375002	3000
5	27464	0.375127	3001
5	27473	0.375252	3002
5	27482	0.375377	3003
5	27491	0.375502	3004
5	27500	0.375627	3005
5	27509	0.375752	3006
5	27518	0.375877	3007
5	27527	0.376002	3008
5	27536	0.376127	3009
5	27549	0.376252	3010
5	27558	0.376377	3011
5	27567	0.376502	3012
5	27576	0.376627	3013
5	27585	0.376752	3014
5	27594	0.376877	3015
5	27603	0.377002	3016
5	27612	0.377127	3017
5	27621	0.377252	3018
5	27630	0.377377	3019
5	27639	0.377502	3020
5	27648	0.377627	3021
5	27657	0.377752	3022
5	27666	0.377877	3023
5	27675	0.378002	3024
5	27684	0.378127	3025
5	27693	0.378252	3026
5	27702	0.378377	3027
5	27711	0.378502	3028
5	27720	0.378627	3029
5	27729	0.378752	3030
5	27738	0.378877	3031
5	27747	0.379002	3032
5	27756	0.379127	3033
5	27765	0.379252	3034
5	27774	0.379377	3035
5	27787	0.379502	3036
5	27796	0.379627	3037
5	27805	0.379752	3038
5	27814	0.379877	3039
5	27823	0.380002	3040
5	27832	0.380127	3041
5	27841	0.380252	3042
5	27850	0.380377	3043
5	27859	0.380502	3044
5	27868	0.380627	3045
5	27877	0.380752	3046
5	27886	0.380877	3047
5	27895	0.381002	3048
5	27904	0.381127	3049
5	27913	0.381252	3050
5	27922	0.381377	3051
5	27931	0.381502	3052
5	27940	0.381627	3053
5	27949	0.381752	3054
5	27958	0.381877	3055
5	27967	0.382002	3056
5	27976	0.382127	3057
5	27985	0.382252	3058
5	27994	0.382377	3059
5	28003	0.382502	3060
5	28012	0.382627	3061
5	28025	0.382752	3062
5	28034	0.382877	3063
5	28043	0.383002	3064
5	28052	0.383127	3065
5	28061	0.383252	3066
5	28070	0.383377	3067
5	28079	0.383502	3068
5	28088	0.383627	3069
5	28097	0.383752	3070
5	28106	0.383877	3071
5	28115	0.384002	3072
5	28124	0.384127	3073
5	28133	0.384252	3074
5	28142	0.384377	3075
5	28151	0.384502	3076
5	28160	0.384627	3077
5	28169	0.384752	3078
5	28178	0.384877	3079
5	28187	0.385002	3080
5	28196	0.385127	3081
5	28205	0.385252	3082
5	28214	0.385377	3083
5	28223	0.385502	3084
5	28232	0.385627	3085
5	28241	0.385752	3086
5	28250	0.385877	3087
5	28259	0.386002	3088
5	28272	0.386127	3089
5	28281	0.386252	3090
5	28290	0.386377	3091
5	28299	0.386502	3092
5	28308	0.386627	3093
5	28317	0.386752	3094
5	28326	0.386877	3095
5	28335	0.387002	3096
5	28344	0.387127	3097
5	28353	0.387252	3098
5	28362	0.387377	3099
5	28371	0.387502	3100
5	28380	0.387627	3101
5	28389	0.387752	3102
5	28398	0.387877	3103
5	28407	0.388002	3104
5	28416	0.388127	3105
5	28425	0.388252	3106
5	28434	0.388377	3107
5	28443	0.388502	3108
5	28452	0.388627	3109
5	28461	0.388752	3110
5	28470	0.388877	3111
5	28479	0.389002	3112
5	28488	0.389127	3113
5	28497	0.389252	3114
5	28510	0.389377	3115
5	28519	0.389502	3116
5	28528	0.389627	3117
5	28537	0.389752	3118
5	28546	0.389877	3119
5	28555	0.390002	3120
5	28564	0.390127	3121
5	28573	0.390252	3122
5	28582	0.390377	3123
5	28591	0.390502	3124
5	28600	0.390627	3125
5	28609	0.390752	3126
5	28618	0.390877	3127
5	28627	0.391002	3128
5	28636	0.391127	3129
5	28645	0.391252	3130
5	28654	0.391377	3131
5	28663	0.391502	3132
5	28672	0.391627	3133
5	28681	0.391752	3134
5	28690	0.391877	3135
5	28699	0.392002	3136
5	28708	0.392127	3137
5	28717	0.392252	3138
5	28726	0.392377	3139
5	28735	0.392502	3140
5	28748	0.392627	3141
5	28757	0.392752	3142
5	28766	0.392877	3143
5	28775	0.393002	3144
5	28784	0.393127	3145
5	28793	0.393252	3146
5	28802	0.393377	3147
5	28811	0.393502	3148
5	28820	0.393627	3149
5	28829	0.393752	3150
5	28838	0.393877	3151
5	28847	0.394002	3152
5	28856	0.394127	3153
5	28865	0.394252	3154
5	28874	0.394377	3155
5	28883	0.394502	3156
5	28892	0.394627	3157
5	28901	0.394752	3158
5	28910	0.394877	3159
5	28919	0.395002	3160
5	28928	0.395127	3161
5	28937	0.395252	3162
5	28946	0.395377	3163
5	28955	0.395502	3164
5	28964	0.395627	3165
5	28973	0.395752	3166
5	28986	0.395877	3167
5	28995	0.396002	3168
5	29004	0.396127	3169
5	29013	0.396252	3170
5	29022	0.396377	3171
5	29031	0.396502	3172
5	29040	0.396627	3173
5	29049	0.396752	3174
5	29058	0.396877	3175
5	29067	0.397002	3176
5	29076	0.397127	3177
5	29085	0.397252	3178
5	29094	0.397377	3179
5	29103	0.397502	3180
5	29112	0.397627	3181
5	29121	0.397752	3182
5	29130	0.397877	3183
5	29139	0.398002	3184
5	29148	0.398127	3185
5	29157	0.398252	3186
5	29166	0.398377	3187
5	29175	0.398502	3188
5	29184	0.398627	3189
5	29193	0.398752	3190
5	29202	0.398877	3191
5	29211	0.399002	3192
5	29224	0.399127	3193
5	29233	0.399252	3194
5	29242	0.399377	3195
5	29251	0.399502	3196
5	29260	0.399627	3197
5	29269	0.399752	3198
5	29278	0.399877	3199
5	29287	0.400002	3200
5	29296	0.400127	3201
5	29305	0.400252	3202
5	29314	0.400377	3203
5	29323	0.400502	3204
5	29332	0.400627	3205
5	29341	0.400752	3206
5	29350	0.400877	3207
5	29359	0.401002	3208
5	29368	0.401127	3209
5	29377	0.401252	3210
5	29386	0.401377	3211
5	29395	0.401502	3212
5	29404	0.401627	3213
5	29413	0.401752	3214
5	29422	0.401877	3215
5	29431	0.402002	3216
5	29440	0.402127	3217
5	29449	0.402252	3218
5	29462	0.402377	3219
5	29471	0.402502	3220
5	29480	0.402627	3221
5	29489	0.402752	3222
5	29498	0.402877	3223
5	29507	0.403002	3224
5	29516	0.403127	3225
5	29525	0.403252	3226
5	29534	0.403377	3227
5	29543	0.403502	3228
5	29552	0.403627	3229
5	29561	0.403752	3230
5	29570	0.403877	3231
5	29579	0.404002	3232
5	29588	0.404127	3233
5	29597	0.404252	3234
5	29606	0.404377	3235
5	29615	0.404502	3236
5	29624	0.404627	3237
5	29633	0.404752	3238
5	29642	0.404877	3239
5	29651	0.405002	3240
5	29660	0.405127	3241
5	29669	0.405252	3242
5	29678	0.405377	3243
5	29687	0.405502	3244
5	29696	0.405627	3245
5	29709	0.405752	3246
5	29718	0.405877	3247
5	29727	0.406002	3248
5	29736	0.406127	3249
5	29745	0.406252	3250
5	29754	0.406377	3251
5	29763	0.406502	3252
5	29772	0.406627	3253
5	29781	0.406752	3254
5	29790	0.406877	3255
5	29799	0.407002	3256
5	29808	0.407127	3257
5	29817	0.407252	3258
5	29826	0.407377	3259
5	29835	0.407502	3260
5	29844	0.407627	3261
5	29853	0.407752	3262
5	29862	0.407877	3263
5	29871	0.408002	3264
5	29880	0.408127	3265
5	29889	0.408252	3266
5	29898	0.408377	3267
5	29907	0.408502	3268
5	29916	0.408627	3269
5	29925	0.408752	3270
5	29934	0.408877	3271
5	29947	0.409002	3272
5	29956	0.409127	3273
5	29965	0.409252	3274
5	29974	0.409377	3275
5	29983	0.409502	3276
5	29992	0.409627	3277
5	30001	0.409752	3278
5	30010	0.409877	3279
5	30019	0.410002	3280
5	30028	0.410127	3281
5	30037	0.410252	3282
5	30046	0.410377	3283
5	30055	0.410502	3284
5	30064	0.410627	3285
5	30073	0.410752	3286
5	30082	0.410877	3287
5	30091	0.411002	3288
5	30100	0.411127	3289
5	30109	0.411252	3290
5	30118	0.411377	3291
5	30127	0.411502	3292
5	30136	0.411627	3293
5	30145	0.411752	3294
5	30154	0.411877	3295
5	30163	0.412002	3296
5	30172	0.412127	3297
5	30185	0.412252	3298
5	30194	0.412377	3299
5	30203	0.412502	3300
5	30212	0.412627	3301
5	30221	0.412752	3302
5	30230	0.412877	3303
5	30239	0.413002	3304
5	30248	0.413127	3305
5	30257	0.413252	3306
5	30266	0.413377	3307
5	30275	0.413502	3308
5	30284	0.413627	3309
5	30293	0.413752	3310
5	30302	0.413877	3311
5	30311	0.414002	3312
5	30320	0.414127	3313
5	30329	0.414252	3314
5	30338	0.414377	3315
5	30347	0.414502	3316
5	30356	0.414627	3317
5	30365	0.414752	3318
5	30374	0.414877	3319
5	30383	0.415002	3320
5	30392	0.415127	3321
5	30401	0.415252	3322
5	30410	0.415377	3323
5	30423	0.415502	3324
5	30432	0.415627	3325
5	30441	0.415752	3326
5	30450	0.415877	3327
5	30459	0.416002	3328
5	30468	0.416127	3329
5	30477	0.416252	3330
5	30486	0.416377	3331
5	30495	0.416502	3332
5	30504	0.416627	3333
5	30513	0.416752	3334
5	30522	0.416877	3335
5	30531	0.417002	3336
5	30540	0.417127	3337
5	30549	0.417252	3338
5	30558	0.417377	3339
5	30567	0.417502	3340
5	30576	0.417627	3341
5	30585	0.417752	3342
5	30594	0.417877	3343
5	30603	0.418002	3344
5	30612	0.418127	3345
5	30621	0.418252	3346
5	30630	0.418377	3347
5	30639	0.418502	3348
5	30648	0.418627	3349
5	30661	0.418752	3350
5	30670	0.418877	3351
5	30679	0.419002	3352
5	30688	0.419127	3353
5	30697	0.419252	3354
5	30706	0.419377	3355
5	30715	0.419502	3356
5	30724	0.419627	3357
5	30733	0.419752	3358
5	30742	0.419877	3359
5	30751	0.420002	3360
5	30760	0.420127	3361
5	30769	0.420252	3362
5	30778	0.420377	3363
5	30787	0.420502	3364
5	30796	0.420627	3365
5	30805	0.420752	3366
5	30814	0.420877	3367
5	30823	0.421002	3368
5	30832	0.421127	3369
5	30841	0.421252	3370
5	30850	0.421377	3371
5	30859	0.421502	3372
5	30868	0.421627	3373
5	30877	0.421752	3374
5	30886	0.421877	3375
5	30897	0.422002	3376
5	30908	0.422127	3377
5	30917	0.422252	3378
5	30926	0.422377	3379
5	30935	0.422502	3380
5	30944	0.422627	3381
5	30953	0.422752	3382
5	30962	0.422877	3383
5	30971	0.423002	3384
5	30980	0.423127	3385
5	30989	0.423252	3386
5	30998	0.423377	3387
5	31007	0.423502	3388
5	31016	0.423627	3389
5	31025	0.423752	3390
5	31034	0.423877	3391
5	31043	0.424002	3392
5	31052	0.424127	3393
5	31061	0.424252	3394
5	31070	0.424377	3395
5	31079	0.424502	3396
5	31088	0.424627	3397
5	31097	0.424752	3398
5	31106	0.424877	3399
5	31115	0.425002	3400
5	31124	0.425127	3401
5	31133	0.425252	3402
5	31146	0.425377	3403
5	31155	0.425502	3404
5	31164	0.425627	3405
5	31173	0.425752	3406
5	31182	0.425877	3407
5	31191	0.426002	3408
5	31200	0.426127	3409
5	31209	0.426252	3410
5	31218	0.426377	3411
5	31227	0.426502	3412
5	31236	0.426627	3413
5	31245	0.426752	3414
5	31254	0.426877	3415
5	31263	0.427002	3416
5	31272	0.427127	3417
5	31281	0.427252	3418
5	31290	0.427377	3419
5	31299	0.427502	3420
5	31308	0.427627	3421
5	31317	0.427752	3422
5	31326	0.427877	3423
5	31335	0.428002	3424
5	31344	0.428127	3425
5	31353	0.428252	3426
5	31362	0.428377	3427
5	31371	0.428502	3428
5	31384	0.428627	3429
5	31393	0.428752	3430
5	31402	0.428877	3431
5	31411	0.429002	3432
5	31420	0.429127	3433
5	31429	0.429252	3434
5	31438	0.429377	3435
5	31447	0.429502	3436
5	31456	0.429627	3437
5	31465	0.429752	3438
5	31474	0.429877	3439
5	31483	0.430002	3440
5	31492	0.430127	3441
5	31501	0.430252	3442
5	31510	0.430377	3443
5	31519	0.430502	3444
5	31528	0.430627	3445
5	31537	0.430752	3446
5	31546	0.430877	3447
5	31555	0.431002	3448
5	31564	0.431127	3449
5	31573	0.431252	3450
5	31582	0.431377	3451
5	31591	0.431502	3452
5	31600	0.431627	3453
5	31609	0.431752	3454
5	31622	0.431877	3455
5	31631	0.432002	3456
5	31640	0.432127	3457
5	31649	0.432252	3458
5	31658	0.432377	3459
5	31667	0.432502	3460
5	31676	0.432627	3461
5	31685	0.432752	3462
5	31694	0.432877	3463
5	31703	0.433002	3464
5	31712	0.433127	3465
5	31721	0.433252	3466
5	31730	0.433377	3467
5	31739	0.433502	3468
5	31748	0.433627	3469
5	31757	0.433752	3470
5	31766	0.433877	3471
5	31775	0.434002	3472
5	31784	0.434127	3473
5	31793	0.434252	3474
5	31802	0.434377	3475
5	31811	0.434502	3476
5	31820	0.434627	3477
5	31829	0.434752	3478
5	31838	0.434877	3479
5	31847	0.435002	3480
5	31860	0.435127	3481
5	31869	0.435252	3482
5	31878	0.435377	3483
5	31887	0.435502	3484
5	31896	0.435627	3485
5	31905	0.435752	3486
5	31914	0.435877	3487
5	31923	0.436002	3488
5	31932	0.436127	3489
5	31941	0.436252	3490
5	31950	0.436377	3491
5	31959	0.436502	3492
5	31968	0.436627	3493
5	31977	0.436752	3494
5	31986	0.436877	3495
5	31995	0.437002	3496
5	32004	0.437127	3497
5	32013	0.437252	3498
5	32022	0.437377	3499
5	32031	0.437502	3500
5	32040	0.437627	3501
5	32049	0.437752	3502
5	32058	0.437877	3503
5	32067	0.438002	3504
5	32076	0.438127	3505
5	32085	0.438252	3506
5	32098	0.438377	3507
5	32107	0.438502	3508
5	32116	0.438627	3509
5	32125	0.438752	3510
5	32134	0.438877	3511
5	32143	0.439002	3512
5	32152	0.439127	3513
5	32161	0.439252	3514
5	32170	0.439377	3515
5	32179	0.439502	3516
5	32188	0.439627	3517
5	32197	0.439752	3518
5	32206	0.439877	3519
5	32215	0.440002	3520
5	32224	0.440127	3521
5	32233	0.440252	3522
5	32242	0.440377	3523
5	32251	0.440502	3524
5	32260	0.440627	3525
5	32269	0.440752	3526
5	32278	0.440877	3527
5	32287	0.441002	3528
5	32296	0.441127	3529
5	32305	0.441252	3530
5	32314	0.441377	3531
5	32323	0.441502	3532
5	32332	0.441627	3533
5	32345	0.441752	3534
5	32354	0.441877	3535
5	32363	0.442002	3536
5	32372	0.442127	3537
5	32381	0.442252	3538
5	32390	0.442377	3539
5	32399	0.442502	3540
5	32408	0.442627	3541
5	32417	0.442752	3542
5	32426	0.442877	3543
5	32435	0.443002	3544
5	32444	0.443127	3545
5	32453	0.443252	3546
5	32462	0.443377	3547
5	32471	0.443502	3548
5	32480	0.443627	3549
5	32489	0.443752	3550
5	32498	0.443877	3551
5	32507	0.444002	3552
5	32516	0.444127	3553
5	32525	0.444252	3554
5	32534	0.444377	3555
5	32543	0.444502	3556
5	32552	0.444627	3557
5	32561	0.444752	3558
5	32570	0.444877	3559
5	32583	0.445002	3560
5	32592	0.445127	3561
5	32601	0.445252	3562
5	32610	0.445377	3563
5	32619	0.445502	3564
5	32628	0.445627	3565
5	32637	0.445752	3566
5	32646	0.445877	3567
5	32655	0.446002	3568
5	32664	0.446127	3569
5	32673	0.446252	3570
5	32682	0.446377	3571
5	32691	0.446502	3572
5	32700	0.446627	3573
5	32709	0.446752	3574
5	32718	0.446877	3575
5	32727	0.447002	3576
5	32736	0.447127	3577
5	32745	0.447252	3578
5	32754	0.447377	3579
5	32763	0.447502	3580
5	32772	0.447627	3581
5	32781	0.447752	3582
5	32790	0.447877	3583
5	32799	0.448002	3584
5	32808	0.448127	3585
5	32821	0.448252	3586
5	32830	0.448377	3587
5	32839	0.448502	3588
5	32848	0.448627	3589
5	32857	0.448752	3590
5	32866	0.448877	3591
5	32875	0.449002	3592
5	32884	0.449127	3593
5	32893	0.449252	3594
5	32902	0.449377	3595
5	32911	0.449502	3596
5	32920	0.449627	3597
5	32929	0.449752	3598
5	32938	0.449877	3599
5	32947	0.450002	3600
5	32956	0.450127	3601
5	32965	0.450252	3602
5	32974	0.450377	3603
5	32983	0.450502	3604
5	32992	0.450627	3605
5	33001	0.450752	3606
5	33010	0.450877	3607
5	33019	0.451002	3608
5	33028	0.451127	3609
5	33037	0.451252	3610
5	33046	0.451377	3611
5	33059	0.451502	3612
5	33068	0.451627	3613
5	33077	0.451752	3614
5	33086	0.451877	3615
5	33095	0.452002	3616
5	33104	0.452127	3617
5	33113	0.452252	3618
5	33122	0.452377	3619
5	33131	0.452502	3620
5	33140	0.452627	3621
5	33149	0.452752	3622
5	33158	0.452877	3623
5	33167	0.453002	3624
5	33176	0.453127	3625
5	33185	0.453252	3626
5	33194	0.453377	3627
5	33203	0.453502	3628
5	33212	0.453627	3629
5	33221	0.453752	3630
5	33230	0.453877	3631
5	33239	0.454002	3632
5	33248	0.454127	3633
5	33257	0.454252	3634
5	33266	0.454377	3635
5	33275	0.454502	3636
5	33284	0.454627	3637
5	33297	0.454752	3638
5	33306	0.454877	3639
5	33315	0.455002	3640
5	33324	0.455127	3641
5	33333	0.455252	3642
5	33342	0.455377	3643
5	33351	0.455502	3644
5	33360	0.455627	3645
5	33369	0.455752	3646
5	33378	0.455877	3647
5	33387	0.456002	3648
5	33396	0.456127	3649
5	33405	0.456252	3650
5	33414	0.456377	3651
5	33423	0.456502	3652
5	33432	0.456627	3653
5	33441	0.456752	3654
5	33450	0.456877	3655
5	33459	0.457002	3656
5	33468	0.457127	3657
5	33477	0.457252	3658
5	33486	0.457377	3659
5	33495	0.457502	3660
5	33504	0.457627	3661
5	33513	0.457752	3662
5	33522	0.457877	3663
5	33535	0.458002	3664
5	33544	0.458127	3665
5	33553	0.458252	3666
5	33562	0.458377	3667
5	33571	0.458502	3668
5	33580	0.458627	3669
5	33589	0.458752	3670
5	33598	0.458877	3671
5	33607	0.459002	3672
5	33616	0.459127	3673
5	33625	0.459252	3674
5	33634	0.459377	3675
5	33643	0.459502	3676
5	33652	0.459627	3677
5	33661	0.459752	3678
5	33670	0.459877	3679
5	33679	0.460002	3680
5	33688	0.460127	3681
5	33697	0.460252	3682
5	33706	0.460377	3683
5	33715	0.460502	3684
5	33724	0.460627	3685
5	33733	0.460752	3686
5	33742	0.460877	3687
5	33751	0.461002	3688
5	33760	0.461127	3689
5	33769	0.461252	3690
5	33782	0.461377	3691
5	33791	0.461502	3692
5	33800	0.461627	3693
5	33809	0.461752	3694
5	33818	0.461877	3695
5	33827	0.462002	3696
5	33836	0.462127	3697
5	33845	0.462252	3698
5	33854	0.462377	3699
5	33863	0.462502	3700
5	33872	0.462627	3701
5	33881	0.462752	3702
5	33890	0.462877	3703
5	33899	0.463002	3704
5	33908	0.463127	3705
5	33917	0.463252	3706
5	33926	0.463377	3707
5	33935	0.463502	3708
5	33944	0.463627	3709
5	33953	0.463752	3710
5	33962	0.463877	3711
5	33971	0.464002	3712
5	33980	0.464127	3713
5	33989	0.464252	3714
5	33998	0.464377	3715
5	34007	0.464502	3716
5	34020	0.464627	3717
5	34029	0.464752	3718
5	34038	0.464877	3719
5	34047	0.465002	3720
5	34056	0.465127	3721
5	34065	0.465252	3722
5	34074	0.465377	3723
5	34083	0.465502	3724
5	34092	0.465627	3725
5	34101	0.465752	3726
5	34110	0.465877	3727
5	34119	0.466002	3728
5	34128	0.466127	3729
5	34137	0.466252	3730
5	34146	0.466377	3731
5	34155	0.466502	3732
5	34164	0.466627	3733
5	34173	0.466752	3734
5	34182	0.466877	3735
5	34191	0.467002	3736
5	34200	0.467127	3737
5	34209	0.467252	3738
5	34218	0.467377	3739
5	34227	0.467502	3740
5	34236	0.467627	3741
5	34245	0.467752	3742
5	34258	0.467877	3743
5	34267	0.468002	3744
5	34276	0.468127	3745
5	34285	0.468252	3746
5	34294	0.468377	3747
5	34303	0.468502	3748
5	34312	0.468627	3749
5	34321	0.468752	3750
5	34330	0.468877	3751
5	34339	0.469002	3752
5	34348	0.469127	3753
5	34357	0.469252	3754
5	34366	0.469377	3755
5	34375	0.469502	3756
5	34384	0.469627	3757
5	34393	0.469752	3758
5	34402	0.469877	3759
5	34411	0.470002	3760
5	34420	0.470127	3761
5	34429	0.470252	3762
5	34438	0.470377	3763
5	34447	0.470502	3764
5	34456	0.470627	3765
5	34465	0.470752	3766
5	34474	0.470877	3767
5	34483	0.471002	3768
5	34496	0.471127	3769
5	34505	0.471252	3770
5	34514	0.471377	3771
5	34523	0.471502	3772
5	34532	0.471627	3773
5	34541	0.471752	3774
5	34550	0.471877	3775
5	34559	0.472002	3776
5	34568	0.472127	3777
5	34577	0.472252	3778
5	34586	0.472377	3779
5	34595	0.472502	3780
5	34604	0.472627	3781
5	34613	0.472752	3782
5	34622	0.472877	3783
5	34631	0.473002	3784
5	34640	0.473127	3785
5	34649	0.473252	3786
5	34658	0.473377	3787
5	34667	0.473502	3788
5	34676	0.473627	3789
5	34685	0.473752	3790
5	34694	0.473877	3791
5	34703	0.474002	3792
5	34712	0.474127	3793
5	34721	0.474252	3794
5	34734	0.474377	3795
5	34743	0.474502	3796
5	34752	0.474627	3797
5	34761	0.474752	3798
5	34770	0.474877	3799
5	34779	0.475002	3800
5	34788	0.475127	3801
5	34797	0.475252	3802
5	34806	0.475377	3803
5	34815	0.475502	3804
5	34824	0.475627	3805
5	34833	0.475752	3806
5	34842	0.475877	3807
5	34851	0.476002	3808
5	34860	0.476127	3809
5	34869	0.476252	3810
5	34878	0.476377	3811
5	34887	0.476502	3812
5	34896	0.476627	3813
5	34905	0.476752	3814
5	34914	0.476877	3815
5	34923	0.477002	3816
5	34932	0.477127	3817
5	34941	0.477252	3818
5	34950	0.477377	3819
5	34959	0.477502	3820
5	34972	0.477627	3821
5	34981	0.477752	3822
5	34990	0.477877	3823
5	34999	0.478002	3824
5	35008	0.478127	3825
5	35017	0.478252	3826
5	35026	0.478377	3827
5	35035	0.478502	3828
5	35044	0.478627	3829
5	35053	0.478752	3830
5	35062	0.478877	3831
5	35071	0.479002	3832
5	35080	0.479127	3833
5	35089	0.479252	3834
5	35098	0.479377	3835
5	35107	0.479502	3836
5	35116	0.479627	3837
5	35125	0.479752	3838
5	35134	0.479877	3839
5	35143	0.480002	3840
5	35152	0.480127	3841
5	35161	0.480252	3842
5	35170	0.480377	3843
5	35179	0.480502	3844
5	35188	0.480627	3845
5	35197	0.480752	3846
5	35206	0.480877	3847
5	35219	0.481002	3848
5	35228	0.481127	3849
5	35237	0.481252	3850
5	35246	0.481377	3851
5	35255	0.481502	3852
5	35264	0.481627	3853
5	35273	0.481752	3854
5	35282	0.481877	3855
5	35291	0.482002	3856
5	35300	0.482127	3857
5	35309	0.482252	3858
5	35318	0.482377	3859
5	35327	0.482502	3860
5	35336	0.482627	3861
5	35345	0.482752	3862
5	35354	0.482877	3863
5	35363	0.483002	3864
5	35372	0.483127	3865
5	35381	0.483252	3866
5	35390	0.483377	3867
5	35399	0.483502	3868
5	35408	0.483627	3869
5	35417	0.483752	3870
5	35426	0.483877	3871
5	35435	0.484002	3872
5	35444	0.484127	3873
5	35457	0.484252	3874
5	35466	0.484377	3875
5	35475	0.484502	3876
5	35484	0.484627	3877
5	35493	0.484752	3878
5	35502	0.484877	3879
5	35511	0.485002	3880
5	35520	0.485127	3881
5	35529	0.485252	3882
5	35538	0.485377	3883
5	35547	0.485502	3884
5	35556	0.485627	3885
5	35565	0.485752	3886
5	35574	0.485877	3887
5	35583	0.486002	3888
5	35592	0.486127	3889
5	35601	0.486252	3890
5	35610	0.486377	3891
5	35619	0.486502	3892
5	35628	0.486627	3893
5	35637	0.486752	3894
5	35646	0.486877	3895
5	35655	0.487002	3896
5	35664	0.487127	3897
5	35673	0.487252	3898
5	35682	0.487377	3899
5	35695	0.487502	3900
5	35704	0.487627	3901
5	35713	0.487752	3902
5	35722	0.487877	3903
5	35731	0.488002	3904
5	35740	0.488127	3905
5	35749	0.488252	3906
5	35758	0.488377	3907
5	35767	0.488502	3908
5	35776	0.488627	3909
5	35785	0.488752	3910
5	35794	0.488877	3911
5	35803	0.489002	3912
5	35812	0.489127	3913
5	35821	0.489252	3914
5	35830	0.489377	3915
5	35839	0.489502	3916
5	35848	0.489627	3917
5	35857	0.489752	3918
5	35866	0.489877	3919
5	35875	0.490002	3920
5	35884	0.490127	3921
5	35893	0.490252	3922
5	35902	0.490377	3923
5	35911	0.490502	3924
5	35920	0.490627	3925
5	35933	0.490752	3926
5	35942	0.490877	3927
5	35951	0.491002	3928
5	35960	0.491127	3929
5	35969	0.491252	3930
5	35978	0.491377	3931
5	35987	0.491502	3932
5	35996	0.491627	3933
5	36005	0.491752	3934
5	36014	0.491877	3935
5	36023	0.492002	3936
5	36032	0.492127	3937
5	36041	0.492252	3938
5	36050	0.492377	3939
5	36059	0.492502	3940
5	36068	0.492627	3941
5	36077	0.492752	3942
5	36086	0.492877	3943
5	36095	0.493002	3944
5	36104	0.493127	3945
5	36113	0.493252	3946
5	36122	0.493377	3947
5	36131	0.493502	3948
5	36140	0.493627	3949
5	36149	0.493752	3950
5	36158	0.493877	3951
5	36171	0.494002	3952
5	36180	0.494127	3953
5	36189	0.494252	3954
5	36198	0.494377	3955
5	36207	0.494502	3956
5	36216	0.494627	3957
5	36225	0.494752	3958
5	36234	0.494877	3959
5	36243	0.495002	3960
5	36252	0.495127	3961
5	36261	0.495252	3962
5	36270	0.495377	3963
5	36279	0.495502	3964
5	36288	0.495627	3965
5	36297	0.495752	3966
5	36306	0.495877	3967
5	36315	0.496002	3968
5	36324	0.496127	3969
5	36333	0.496252	3970
5	36342	0.496377	3971
5	36351	0.496502	3972
5	36360	0.496627	3973
5	36369	0.496752	3974
5	36378	0.496877	3975
5	36387	0.497002	3976
5	36396	0.497127	3977
5	36407	0.497252	3978
5	36418	0.497377	3979
5	36427	0.497502	3980
5	36436	0.497627	3981
5	36445	0.497752	3982
5	36454	0.497877	3983
5	36463	0.498002	3984
5	36472	0.498127	3985
5	36481	0.498252	3986
5	36490	0.498377	3987
5	36499	0.498502	3988
5	36508	0.498627	3989
5	36517	0.498752	3990
5	36526	0.498877	3991
5	36535	0.499002	3992
5	36544	0.499127	3993
5	36553	0.499252	3994
5	36562	0.499377	3995
5	36571	0.499502	3996
5	36580	0.499627	3997
5	36589	0.499752	3998
5	36598	0.499877	3999
5	36607	0.500002	4000
5	36616	0.500127	4001
5	36625	0.500252	4002
5	36634	0.500377	4003
5	36643	0.500502	4004
5	36656	0.500627	4005
5	36665	0.500752	4006
5	36674	0.500877	4007
5	36683	0.501002	4008
5	36692	0.501127	4009
5	36701	0.501252	4010
5	36710	0.501377	4011
5	36719	0.501502	4012
5	36728	0.501627	4013
5	36737	0.501752	4014
5	36746	0.501877	4015
5	36755	0.502002	4016
5	36764	0.502127	4017
5	36773	0.502252	4018
5	36782	0.502377	4019
5	36791	0.502502	4020
5	36800	0.502627	4021
5	36809	0.502752	4022
5	36818	0.502877	4023
5	36827	0.503002	4024
5	36836	0.503127	4025
5	36845	0.503252	4026
5	36854	0.503377	4027
5	36863	0.503502	4028
5	36872	0.503627	4029
5	36881	0.503752	4030
5	36894	0.503877	4031
5	36903	0.504002	4032
5	36912	0.504127	4033
5	36921	0.504252	4034
5	36930	0.504377	4035
5	36939	0.504502	4036
5	36948	0.504627	4037
5	36957	0.504752	4038
5	36966	0.504877	4039
5	36975	0.505002	4040
5	36984	0.505127	4041
5	36993	0.505252	4042
5	37002	0.505377	4043
5	37011	0.505502	4044
5	37020	0.505627	4045
5	37029	0.505752	4046
5	37038	0.505877	4047
5	37047	0.506002	4048
5	37056	0.506127	4049
5	37065	0.506252	4050
5	37074	0.506377	4051
5	37083	0.506502	4052
5	37092	0.506627	4053
5	37101	0.506752	4054
5	37110	0.506877	4055
5	37119	0.507002	4056
5	37132	0.507127	4057
5	37141	0.507252	4058
5	37150	0.507377	4059
5	37159	0.507502	4060
5	37168	0.507627	4061
5	37177	0.507752	4062
5	37186	0.507877	4063
5	37195	0.508002	4064
5	37204	0.508127	4065
5	37213	0.508252	4066
5	37222	0.508377	4067
5	37231	0.508502	4068
5	37240	0.508627	4069
5	37249	0.508752	4070
5	37258	0.508877	4071
5	37267	0.509002	4072
5	37276	0.509127	4073
5	37285	0.509252	4074
5	37294	0.509377	4075
5	37303	0.509502	4076
5	37312	0.509627	4077
5	37321	0.509752	4078
5	37330	0.509877	4079
5	37339	0.510002	4080
5	37348	0.510127	4081
5	37357	0.510252	4082
5	37370	0.510377	4083
5	37379	0.510502	4084
5	37388	0.510627	4085
5	37397	0.510752	4086
5	37406	0.510877	4087
5	37415	0.511002	4088
5	37424	0.511127	4089
5	37433	0.511252	4090
5	37442	0.511377	4091
5	37451	0.511502	4092
5	37460	0.511627	4093
5	37469	0.511752	4094
5	37478	0.511877	4095
5	37487	0.512002	4096
5	37496	0.512127	4097
5	37505	0.512252	4098
5	37514	0.512377	4099
5	37523	0.512502	4100
5	37532	0.512627	4101
5	37541	0.512752	4102
5	37550	0.512877	4103
5	37559	0.513002	4104
5	37568	0.513127	4105
5	37577	0.513252	4106
5	37586	0.513377	4107
5	37595	0.513502	4108
5	37608	0.513627	4109
5	37617	0.513752	4110
5	37626	0.513877	4111
5	37635	0.514002	4112
5	37644	0.514127	4113
5	37653	0.514252	4114
5	37662	0.514377	4115
5	37671	0.514502	4116
5	37680	0.514627	4117
5	37689	0.514752	4118
5	37698	0.514877	4119
5	37707	0.515002	4120
5	37716	0.515127	4121
5	37725	0.515252	4122
5	37734	0.515377	4123
5	37743	0.515502	4124
5	37752	0.515627	4125
5	37761	0.515752	4126
5	37770	0.515877	4127
5	37779	0.516002	4128
5	37788	0.516127	4129
5	37797	0.516252	4130
5	37806	0.516377	4131
5	37815	0.516502	4132
5	37824	0.516627	4133
5	37833	0.516752	4134
5	37842	0.516877	4135
5	37855	0.517002	4136
5	37864	0.517127	4137
5	37873	0.517252	4138
5	37882	0.517377	4139
5	37891	0.517502	4140
5	37900	0.517627	4141
5	37909	0.517752	4142
5	37918	0.517877	4143
5	37927	0.518002	4144
5	37936	0.518127	4145
5	37945	0.518252	4146
5	37954	0.518377	4147
5	37963	0.518502	4148
5	37972	0.518627	4149
5	37981	0.518752	4150
5	37990	0.518877	4151
5	37999	0.519002	4152
5	38008	0.519127	4153
5	38017	0.519252	4154
5	38026	0.519377	4155
5	38035	0.519502	4156
5	38044	0.519627	4157
5	38053	0.519752	4158
5	38062	0.519877	4159
5	38071	0.520002	4160
5	38080	0.520127	4161
5	38093	0.520252	4162
5	38102	0.520377	4163
5	38111	0.520502	4164
5	38120	0.520627	4165
5	38129	0.520752	4166
5	38138	0.520877	4167
5	38147	0.521002	4168
5	38156	0.521127	4169
5	38165	0.521252	4170
5	38174	0.521377	4171
5	38183	0.521502	4172
5	38192	0.521627	4173
5	38201	0.521752	4174
5	38210	0.521877	4175
5	38219	0.522002	4176
5	38228	0.522127	4177
5	38237	0.522252	4178
5	38246	0.522377	4179
5	38255	0.522502	4180
5	38264	0.522627	4181
5	38273	0.522752	4182
5	38282	0.522877	4183
5	38291	0.523002	4184
5	38300	0.523127	4185
5	38309	0.523252	4186
5	38318	0.523377	4187
5	38331	0.523502	4188
5	38340	0.523627	4189
5	38349	0.523752	4190
5	38358	0.523877	4191
5	38367	0.524002	4192
5	38376	0.524127	4193
5	38385	0.524252	4194
5	38394	0.524377	4195
5	38403	0.524502	4196
5	38412	0.524627	4197
5	38421	0.524752	4198
5	38430	0.524877	4199
5	38439	0.525002	4200
5	38448	0.525127	4201
5	38457	0.525252	4202
5	38466	0.525377	4203
5	38475	0.525502	4204
5	38484	0.525627	4205
5	38493	0.525752	4206
5	38502	0.525877	4207
5	38511	0.526002	4208
5	38520	0.526127	4209
5	38529	0.526252	4210
5	38538	0.526377	4211
5	38547	0.526502	4212
5	38556	0.526627	4213
5	38569	0.526752	4214
5	38578	0.526877	4215
5	38587	0.527002	4216
5	38596	0.527127	4217
5	38605	0.527252	4218
5	38614	0.527377	4219
5	38623	0.527502	4220
5	38632	0.527627	4221
5	38641	0.527752	4222
5	38650	0.527877	4223
5	38659	0.528002	4224
5	38668	0.528127	4225
5	38677	0.528252	4226
5	38686	0.528377	4227
5	38695	0.528502	4228
5	38704	0.528627	4229
5	38713	0.528752	4230
5	38722	0.528877	4231
5	38731	0.529002	4232
5	38740	0.529127	4233
5	38749	0.529252	4234
5	38758	0.529377	4235
5	38767	0.529502	4236
5	38776	0.529627	4237
5	38785	0.529752	4238
5	38794	0.529877	4239
5	38807	0.530002	4240
5	38816	0.530127	4241
5	38825	0.530252	4242
5	38834	0.530377	4243
5	38843	0.530502	4244
5	38852	0.530627	4245
5	38861	0.530752	4246
5	38870	0.530877	4247
5	38879	0.531002	4248
5	38888	0.531127	4249
5	38897	0.531252	4250
5	38906	0.531377	4251
5	38915	0.531502	4252
5	38924	0.531627	4253
5	38933	0.531752	4254
5	38942	0.531877	4255
5	38951	0.532002	4256
5	38960	0.532127	4257
5	38969	0.532252	4258
5	38978	0.532377	4259
5	38987	0.532502	4260
5	38996	0.532627	4261
5	39005	0.532752	4262
5	39014	0.532877	4263
5	39023	0.533002	4264
5	39032	0.533127	4265
5	39045	0.533252	4266
5	39054	0.533377	4267
5	39063	0.533502	4268
5	39072	0.533627	4269
5	39081	0.533752	4270
5	39090	0.533877	4271
5	39099	0.534002	4272
5	39108	0.534127	4273
5	39117	0.534252	4274
5	39126	0.534377	4275
5	39135	0.534502	4276
5	39144	0.534627	4277
5	39153	0.534752	4278
5	39162	0.534877	4279
5	39171	0.535002	4280
5	39180	0.535127	4281
5	39189	0.535252	4282
5	39198	0.535377	4283
5	39207	0.535502	4284
5	39216	0.535627	4285
5	39225	0.535752	4286
5	39234	0.535877	4287
5	39243	0.536002	4288
5	39252	0.536127	4289
5	39261	0.536252	4290
5	39270	0.536377	4291
5	39279	0.536502	4292
5	39292	0.536627	4293
5	39301	0.536752	4294
5	39310	0.536877	4295
5	39319	0.537002	4296
5	39328	0.537127	4297
5	39337	0.537252	4298
5	39346	0.537377	4299
5	39355	0.537502	4300
5	39364	0.537627	4301
5	39373	0.537752	4302
5	39382	0.537877	4303
5	39391	0.538002	4304
5	39400	0.538127	4305
5	39409	0.538252	4306
5	39418	0.538377	4307
5	39427	0.538502	4308
5	39436	0.538627	4309
5	39445	0.538752	4310
5	39454	0.538877	4311
5	39463	0.539002	4312
5	39472	0.539127	4313
5	39481	0.539252	4314
5	39490	0.539377	4315
5	39499	0.539502	4316
5	39508	0.539627	4317
5	39517	0.539752	4318
5	39530	0.539877	4319
5	39539	0.540002	4320
5	39548	0.540127	4321
5	39557	0.540252	4322
5	39566	0.540377	4323
5	39575	0.540502	4324
5	39584	0.540627	4325
5	39593	0.540752	4326
5	39602	0.540877	4327
5	39611	0.541002	4328
5	39620	0.541127	4329
5	39629	0.541252	4330
5	39638	0.541377	4331
5	39647	0.541502	4332
5	39656	0.541627	4333
5	39665	0.541752	4334
5	39674	0.541877	4335
5	39683	0.542002	4336
5	39692	0.542127	4337
5	39701	0.542252	4338
5	39710	0.542377	4339
5	39719	0.542502	4340
5	39728	0.542627	4341
5	39737	0.542752	4342
5	39746	0.542877	4343
5	39755	0.543002	4344
5	39768	0.543127	4345
5	39777	0.543252	4346
5	39786	0.543377	4347
5	39795	0.543502	4348
5	39804	0.543627	4349
5	39813	0.543752	4350
5	39822	0.543877	4351
5	39831	0.544002	4352
5	39840	0.544127	4353
5	39849	0.544252	4354
5	39858	0.544377	4355
5	39867	0.544502	4356
5	39876	0.544627	4357
5	39885	0.544752	4358
5	39894	0.544877	4359
5	39903	0.545002	4360
5	39912	0.545127	4361
5	39921	0.545252	4362
5	39930	0.545377	4363
5	39939	0.545502	4364
5	39948	0.545627	4365
5	39957	0.545752	4366
5	39966	0.545877	4367
5	39975	0.546002	4368
5	39984	0.546127	4369
5	39993	0.546252	4370
5	40006	0.546377	4371
5	40015	0.546502	4372
5	40024	0.546627	4373
5	40033	0.546752	4374
5	40042	0.546877	4375
5	40051	0.547002	4376
5	40060	0.547127	4377
5	40069	0.547252	4378
5	40078	0.547377	4379
5	40087	0.547502	4380
5	40096	0.547627	4381
5	40105	0.547752	4382
5	40114	0.547877	4383
5	40123	0.548002	4384
5	40132	0.548127	4385
5	40141	0.548252	4386
5	40150	0.548377	4387
5	40159	0.548502	4388
5	40168	0.548627	4389
5	40177	0.548752	4390
5	40186	0.548877	4391
5	40195	0.549002	4392
5	40204	0.549127	4393
5	40213	0.549252	4394
5	40222	0.549377	4395
5	40231	0.549502	4396
5	40244	0.549627	4397
5	40253	0.549752	4398
5	40262	0.549877	4399
5	40271	0.550002	4400
5	40280	0.550127	4401
5	40289	0.550252	4402
5	40298	0.550377	4403
5	40307	0.550502	4404
5	40316	0.550627	4405
5	40325	0.550752	4406
5	40334	0.550877	4407
5	40343	0.551002	4408
5	40352	0.551127	4409
5	40361	0.551252	4410
5	40370	0.551377	4411
5	40379	0.551502	4412
5	40388	0.551627	4413
5	40397	0.551752	4414
5	40406	0.551877	4415
5	40415	0.552002	4416
5	40424	0.552127	4417
5	40433	0.552252	4418
5	40442	0.552377	4419
5	40451	0.552502	4420
5	40460	0.552627	4421
5	40469	0.552752	4422
5	40482	0.552877	4423
5	40491	0.553002	4424
5	40500	0.553127	4425
5	40509	0.553252	4426
5	40518	0.553377	4427
5	40527	0.553502	4428
5	40536	0.553627	4429
5	40545	0.553752	4430
5	40554	0.553877	4431
5	40563	0.554002	4432
5	40572	0.554127	4433
5	40581	0.554252	4434
5	40590	0.554377	4435
5	40599	0.554502	4436
5	40608	0.554627	4437
5	40617	0.554752	4438
5	40626	0.554877	4439
5	40635	0.555002	4440
5	40644	0.555127	4441
5	40653	0.555252	4442
5	40662	0.555377	4443
5	40671	0.555502	4444
5	40680	0.555627	4445
5	40689	0.555752	4446
5	40698	0.555877	4447
5	40707	0.556002	4448
5	40716	0.556127	4449
5	40729	0.556252	4450
5	40738	0.556377	4451
5	40747	0.556502	4452
5	40756	0.556627	4453
5	40765	0.556752	4454
5	40774	0.556877	4455
5	40783	0.557002	4456
5	40792	0.557127	4457
5	40801	0.557252	4458
5	40810	0.557377	4459
5	40819	0.557502	4460
5	40828	0.557627	4461
5	40837	0.557752	4462
5	40846	0.557877	4463
5	40855	0.558002	4464
5	40864	0.558127	4465
5	40873	0.558252	4466
5	40882	0.558377	4467
5	40891	0.558502	4468
5	40900	0.558627	4469
5	40909	0.558752	4470
5	40918	0.558877	4471
5	40927	0.559002	4472
5	40936	0.559127	4473
5	40945	0.559252	4474
5	40954	0.559377	4475
5	40967	0.559502	4476
5	40976	0.559627	4477
5	40985	0.559752	4478
5	40994	0.559877	4479
5	41003	0.560002	4480
5	41012	0.560127	4481
5	41021	0.560252	4482
5	41030	0.560377	4483
5	41039	0.560502	4484
5	41048	0.560627	4485
5	41057	0.560752	4486
5	41066	0.560877	4487
5	41075	0.561002	4488
5	41084	0.561127	4489
5	41093	0.561252	4490
5	41102	0.561377	4491
5	41111	0.561502	4492
5	41120	0.561627	4493
5	41129	0.561752	4494
5	41138	0.561877	4495
5	41147	0.562002	4496
5	41156	0.562127	4497
5	41165	0.562252	4498
5	41174	0.562377	4499
5	41183	0.562502	4500
5	41192	0.562627	4501
5	41205	0.562752	4502
5	41214	0.562877	4503
5	41223	0.563002	4504
5	41232	0.563127	4505
5	41241	0.563252	4506
5	41250	0.563377	4507
5	41259	0.563502	4508
5	41268	0.563627	4509
5	41277	0.563752	4510
5	41286	0.563877	4511
5	41295	0.564002	4512
5	41304	0.564127	4513
5	41313	0.564252	4514
5	41322	0.564377	4515
5	41331	0.564502	4516
5	41340	0.564627	4517
5	41349	0.564752	4518
5	41358	0.564877	4519
5	41367	0.565002	4520
5	41376	0.565127	4521
5	41385	0.565252	4522
5	41394	0.565377	4523
5	41403	0.565502	4524
5	41412	0.565627	4525
5	41421	0.565752	4526
5	41430	0.565877	4527
5	41443	0.566002	4528
5	41452	0.566127	4529
5	41461	0.566252	4530
5	41470	0.566377	4531
5	41479	0.566502	4532
5	41488	0.566627	4533
5	41497	0.566752	4534
5	41506	0.566877	4535
5	41515	0.567002	4536
5	41524	0.567127	4537
5	41533	0.567252	4538
5	41542	0.567377	4539
5	41551	0.567502	4540
5	41560	0.567627	4541
5	41569	0.567752	4542
5	41578	0.567877	4543
5	41587	0.568002	4544
5	41596	0.568127	4545
5	41605	0.568252	4546
5	41614	0.568377	4547
5	41623	0.568502	4548
5	41632	0.568627	4549
5	41641	0.568752	4550
5	41650	0.568877	4551
5	41659	0.569002	4552
5	41668	0.569127	4553
5	41681	0.569252	4554
5	41690	0.569377	4555
5	41699	0.569502	4556
5	41708	0.569627	4557
5	41717	0.569752	4558
5	41726	0.569877	4559
5	41735	0.570002	4560
5	41744	0.570127	4561
5	41753	0.570252	4562
5	41762	0.570377	4563
5	41771	0.570502	4564
5	41780	0.570627	4565
5	41789	0.570752	4566
5	41798	0.570877	4567
5	41807	0.571002	4568
5	41816	0.571127	4569
5	41825	0.571252	4570
5	41834	0.571377	4571
5	41843	0.571502	4572
5	41852	0.571627	4573
5	41861	0.571752	4574
5	41870	0.571877	4575
5	41879	0.572002	4576
5	41888	0.572127	4577
5	41897	0.572252	4578
5	41906	0.572377	4579
5	41917	0.572502	4580
5	41928	0.572627	4581
5	41937	0.572752	4582
5	41946	0.572877	4583
5	41955	0.573002	4584
5	41964	0.573127	4585
5	41973	0.573252	4586
5	41982	0.573377	4587
5	41991	0.573502	4588
5	42000	0.573627	4589
5	42009	0.573752	4590
5	42018	0.573877	4591
5	42027	0.574002	4592
5	42036	0.574127	4593
5	42045	0.574252	4594
5	42054	0.574377	4595
5	42063	0.574502	4596
5	42072	0.574627	4597
5	42081	0.574752	4598
5	42090	0.574877	4599
5	42099	0.575002	4600
5	42108	0.575127	4601
5	42117	0.575252	4602
5	42126	0.575377	4603
5	42135	0.575502	4604
5	42144	0.575627	4605
5	42153	0.575752	4606
5	42166	0.575877	4607
5	42175	0.576002	4608
5	42184	0.576127	4609
5	42193	0.576252	4610
5	42202	0.576377	4611
5	42211	0.576502	4612
5	42220	0.576627	4613
5	42229	0.576752	4614
5	42238	0.576877	4615
5	42247	0.577002	4616
5	42256	0.577127	4617
5	42265	0.577252	4618
5	42274	0.577377	4619
5	42283	0.577502	4620
5	42292	0.577627	4621
5	42301	0.577752	4622
5	42310	0.577877	4623
5	42319	0.578002	4624
5	42328	0.578127	4625
5	42337	0.578252	4626
5	42346	0.578377	4627
5	42355	0.578502	4628
5	42364	0.578627	4629
5	42373	0.578752	4630
5	42382	0.578877	4631
5	42391	0.579002	4632
5	42404	0.579127	4633
5	42413	0.579252	4634
5	42422	0.579377	4635
5	42431	0.579502	4636
5	42440	0.579627	4637
5	42449	0.579752	4638
5	42458	0.579877	4639
5	42467	0.580002	4640
5	42476	0.580127	4641
5	42485	0.580252	4642
5	42494	0.580377	4643
5	42503	0.580502	4644
5	42512	0.580627	4645
5	42521	0.580752	4646
5	42530	0.580877	4647
5	42539	0.581002	4648
5	42548	0.581127	4649
5	42557	0.581252	4650
5	42566	0.581377	4651
5	42575	0.581502	4652
5	42584	0.581627	4653
5	42593	0.581752	4654
5	42602	0.581877	4655
5	42611	0.582002	4656
5	42620	0.582127	4657
5	42629	0.582252	4658
5	42642	0.582377	4659
5	42651	0.582502	4660
5	42660	0.582627	4661
5	42669	0.582752	4662
5	42678	0.582877	4663
5	42687	0.583002	4664
5	42696	0.583127	4665
5	42705	0.583252	4666
5	42714	0.583377	4667
5	42723	0.583502	4668
5	42732	0.583627	4669
5	42741	0.583752	4670
5	42750	0.583877	4671
5	42759	0.584002	4672
5	42768	0.584127	4673
5	42777	0.584252	4674
5	42786	0.584377	4675
5	42795	0.584502	4676
5	42804	0.584627	4677
5	42813	0.584752	4678
5	42822	0.584877	4679
5	42831	0.585002	4680
5	42840	0.585127	4681
5	42849	0.585252	4682
5	42858	0.585377	4683
5	42867	0.585502	4684
5	42880	0.585627	4685
5	42889	0.585752	4686
5	42898	0.585877	4687
5	42907	0.586002	4688
5	42916	0.586127	4689
5	42925	0.586252	4690
5	42934	0.586377	4691
5	42943	0.586502	4692
5	42952	0.586627	4693
5	42961	0.586752	4694
5	42970	0.586877	4695
5	42979	0.587002	4696
5	42988	0.587127	4697
5	42997	0.587252	4698
5	43006	0.587377	4699
5	43015	0.587502	4700
5	43024	0.587627	4701
5	43033	0.587752	4702
5	43042	0.587877	4703
5	43051	0.588002	4704
5	43060	0.588127	4705
5	43069	0.588252	4706
5	43078	0.588377	4707
5	43087	0.588502	4708
5	43096	0.588627	4709
5	43105	0.588752	4710
5	43118	0.588877	4711
5	43127	0.589002	4712
5	43136	0.589127	4713
5	43145	0.589252	4714
5	43154	0.589377	4715
5	43163	0.589502	4716
5	43172	0.589627	4717
5	43181	0.589752	4718
5	43190	0.589877	4719
5	43199	0.590002	4720
5	43208	0.590127	4721
5	43217	0.590252	4722
5	43226	0.590377	4723
5	43235	0.590502	4724
5	43244	0.590627	4725
5	43253	0.590752	4726
5	43262	0.590877	4727
5	43271	0.591002	4728
5	43280	0.591127	4729
5	43289	0.591252	4730
5	43298	0.591377	4731
5	43307	0.591502	4732
5	43316	0.591627	4733
5	43325	0.591752	4734
5	43334	0.591877	4735
5	43343	0.592002	4736
5	43352	0.592127	4737
5	43365	0.592252	4738
5	43374	0.592377	4739
5	43383	0.592502	4740
5	43392	0.592627	4741
5	43401	0.592752	4742
5	43410	0.592877	4743
5	43419	0.593002	4744
5	43428	0.593127	4745
5	43437	0.593252	4746
5	43446	0.593377	4747
5	43455	0.593502	4748
5	43464	0.593627	4749
5	43473	0.593752	4750
5	43482	0.593877	4751
5	43491	0.594002	4752
5	43500	0.594127	4753
5	43509	0.594252	4754
5	43518	0.594377	4755
5	43527	0.594502	4756
5	43536	0.594627	4757
5	43545	0.594752	4758
5	43554	0.594877	4759
5	43563	0.595002	4760
5	43572	0.595127	4761
5	43581	0.595252	4762
5	43590	0.595377	4763
5	43603	0.595502	4764
5	43612	0.595627	4765
5	43621	0.595752	4766
5	43630	0.595877	4767
5	43639	0.596002	4768
5	43648	0.596127	4769
5	43657	0.596252	4770
5	43666	0.596377	4771
5	43675	0.596502	4772
5	43684	0.596627	4773
5	43693	0.596752	4774
5	43702	0.596877	4775
5	43711	0.597002	4776
5	43720	0.597127	4777
5	43729	0.597252	4778
5	43738	0.597377	4779
5	43747	0.597502	4780
5	43756	0.597627	4781
5	43765	0.597752	4782
5	43774	0.597877	4783
5	43783	0.598002	4784
5	43792	0.598127	4785
5	43801	0.598252	4786
5	43810	0.598377	4787
5	43819	0.598502	4788
5	43828	0.598627	4789
5	43841	0.598752	4790
5	43850	0.598877	4791
5	43859	0.599002	4792
5	43868	0.599127	4793
5	43877	0.599252	4794
5	43886	0.599377	4795
5	43895	0.599502	4796
5	43904	0.599627	4797
5	43913	0.599752	4798
5	43922	0.599877	4799
5	43931	0.600002	4800
5	43940	0.600127	4801
5	43949	0.600252	4802
5	43958	0.600377	4803
5	43967	0.600502	4804
5	43976	0.600627	4805
5	43985	0.600752	4806
5	43994	0.600877	4807
5	44003	0.601002	4808
5	44012	0.601127	4809
5	44021	0.601252	4810
5	44030	0.601377	4811
5	44039	0.601502	4812
5	44048	0.601627	4813
5	44057	0.601752	4814
5	44066	0.601877	4815
5	44079	0.602002	4816
5	44088	0.602127	4817
5	44097	0.602252	4818
5	44106	0.602377	4819
5	44115	0.602502	4820
5	44124	0.602627	4821
5	44133	0.602752	4822
5	44142	0.602877	4823
5	44151	0.603002	4824
5	44160	0.603127	4825
5	44169	0.603252	4826
5	44178	0.603377	4827
5	44187	0.603502	4828
5	44196	0.603627	4829
5	44205	0.603752	4830
5	44214	0.603877	4831
5	44223	0.604002	4832
5	44232	0.604127	4833
5	44241	0.604252	4834
5	44250	0.604377	4835
5	44259	0.604502	4836
5	44268	0.604627	4837
5	44277	0.604752	4838
5	44286	0.604877	4839
5	44295	0.605002	4840
5	44304	0.605127	4841
5	44317	0.605252	4842
5	44326	0.605377	4843
5	44335	0.605502	4844
5	44344	0.605627	4845
5	44353	0.605752	4846
5	44362	0.605877	4847
5	44371	0.606002	4848
5	44380	0.606127	4849
5	44389	0.606252	4850
5	44398	0.606377	4851
5	44407	0.606502	4852
5	44416	0.606627	4853
5	44425	0.606752	4854
5	44434	0.606877	4855
5	44443	0.607002	4856
5	44452	0.607127	4857
5	44461	0.607252	4858
5	44470	0.607377	4859
5	44479	0.607502	4860
5	44488	0.607627	4861
5	44497	0.607752	4862
5	44506	0.607877	4863
5	44515	0.608002	4864
5	44524	0.608127	4865
5	44533	0.608252	4866
5	44542	0.608377	4867
5	44555	0.608502	4868
5	44564	0.608627	4869
5	44573	0.608752	4870
5	44582	0.608877	4871
5	44591	0.609002	4872
5	44600	0.609127	4873
5	44609	0.609252	4874
5	44618	0.609377	4875
5	44627	0.609502	4876
5	44636	0.609627	4877
5	44645	0.609752	4878
5	44654	0.609877	4879
5	44663	0.610002	4880
5	44672	0.610127	4881
5	44681	0.610252	4882
5	44690	0.610377	4883
5	44699	0.610502	4884
5	44708	0.610627	4885
5	44717	0.610752	4886
5	44726	0.610877	4887
5	44735	0.611002	4888
5	44744	0.611127	4889
5	44753	0.611252	4890
5	44762	0.611377	4891
5	44771	0.611502	4892
5	44780	0.611627	4893
5	44789	0.611752	4894
5	44802	0.611877	4895
5	44811	0.612002	4896
5	44820	0.612127	4897
5	44829	0.612252	4898
5	44838	0.612377	4899
5	44847	0.612502	4900
5	44856	0.612627	4901
5	44865	0.612752	4902
5	44874	0.612877	4903
5	44883	0.613002	4904
5	44892	0.613127	4905
5	44901	0.613252	4906
5	44910	0.613377	4907
5	44919	0.613502	4908
5	44928	0.613627	4909
5	44937	0.613752	4910
5	44946	0.613877	4911
5	44955	0.614002	4912
5	44964	0.614127	4913
5	44973	0.614252	4914
5	44982	0.614377	4915
5	44991	0.614502	4916
5	45000	0.614627	4917
5	45009	0.614752	4918
5	45018	0.614877	4919
5	45027	0.615002	4920
5	45040	0.615127	4921
5	45049	0.615252	4922
5	45058	0.615377	4923
5	45067	0.615502	4924
5	45076	0.615627	4925
5	45085	0.615752	4926
5	45094	0.615877	4927
5	45103	0.616002	4928
5	45112	0.616127	4929
5	45121	0.616252	4930
5	45130	0.616377	4931
5	45139	0.616502	4932
5	45148	0.616627	4933
5	45157	0.616752	4934
5	45166	0.616877	4935
5	45175	0.617002	4936
5	45184	0.617127	4937
5	45193	0.617252	4938
5	45202	0.617377	4939
5	45211	0.617502	4940
5	45220	0.617627	4941
5	45229	0.617752	4942
5	45238	0.617877	4943
5	45247	0.618002	4944
5	45256	0.618127	4945
5	45265	0.618252	4946
5	45278	0.618377	4947
5	45287	0.618502	4948
5	45296	0.618627	4949
5	45305	0.618752	4950
5	45314	0.618877	4951
5	45323	0.619002	4952
5	45332	0.619127	4953
5	45341	0.619252	4954
5	45350	0.619377	4955
5	45359	0.619502	4956
5	45368	0.619627	4957
5	45377	0.619752	4958
5	45386	0.619877	4959
5	45395	0.620002	4960
5	45404	0.620127	4961
5	45413	0.620252	4962
5	45422	0.620377	4963
5	45431	0.620502	4964
5	45440	0.620627	4965
5	45449	0.620752	4966
5	45458	0.620877	4967
5	45467	0.621002	4968
5	45476	0.621127	4969
5	45485	0.621252	4970
5	45494	0.621377	4971
5	45503	0.621502	4972
5	45516	0.621627	4973
5	45525	0.621752	4974
5	45534	0.621877	4975
5	45543	0.622002	4976
5	45552	0.622127	4977
5	45561	0.622252	4978
5	45570	0.622377	4979
5	45579	0.622502	4980
5	45588	0.622627	4981
5	45597	0.622752	4982
5	45606	0.622877	4983
5	45615	0.623002	4984
5	45624	0.623127	4985
5	45633	0.623252	4986
5	45642	0.623377	4987
5	45651	0.623502	4988
5	45660	0.623627	4989
5	45669	0.623752	4990
5	45678	0.623877	4991
5	45687	0.624002	4992
5	45696	0.624127	4993
5	45705	0.624252	4994
5	45714	0.624377	4995
5	45723	0.624502	4996
5	45732	0.624627	4997
5	45741	0.624752	4998
5	45754	0.624877	4999
5	45763	0.625002	5000
5	45772	0.625127	5001
5	45781	0.625252	5002
5	45790	0.625377	5003
5	45799	0.625502	5004
5	45808	0.625627	5005
5	45817	0.625752	5006
5	45826	0.625877	5007
5	45835	0.626002	5008
5	45844	0.626127	5009
5	45853	0.626252	5010
5	45862	0.626377	5011
5	45871	0.626502	5012
5	45880	0.626627	5013
5	45889	0.626752	5014
5	45898	0.626877	5015
5	45907	0.627002	5016
5	45916	0.627127	5017
5	45925	0.627252	5018
5	45934	0.627377	5019
5	45943	0.627502	5020
5	45952	0.627627	5021
5	45961	0.627752	5022
5	45970	0.627877	5023
5	45979	0.628002	5024
5	45992	0.628127	5025
5	46001	0.628252	5026
5	46010	0.628377	5027
5	46019	0.628502	5028
5	46028	0.628627	5029
5	46037	0.628752	5030
5	46046	0.628877	5031
5	46055	0.629002	5032
5	46064	0.629127	5033
5	46073	0.629252	5034
5	46082	0.629377	5035
5	46091	0.629502	5036
5	46100	0.629627	5037
5	46109	0.629752	5038
5	46118	0.629877	5039
5	46127	0.630002	5040
5	46136	0.630127	5041
5	46145	0.630252	5042
5	46154	0.630377	5043
5	46163	0.630502	5044
5	46172	0.630627	5045
5	46181	0.630752	5046
5	46190	0.630877	5047
5	46199	0.631002	5048
5	46208	0.631127	5049
5	46217	0.631252	5050
5	46226	0.631377	5051
5	46239	0.631502	5052
5	46248	0.631627	5053
5	46257	0.631752	5054
5	46266	0.631877	5055
5	46275	0.632002	5056
5	46284	0.632127	5057
5	46293	0.632252	5058
5	46302	0.632377	5059
5	46311	0.632502	5060
5	46320	0.632627	5061
5	46329	0.632752	5062
5	46338	0.632877	5063
5	46347	0.633002	5064
5	46356	0.633127	5065
5	46365	0.633252	5066
5	46374	0.633377	5067
5	46383	0.633502	5068
5	46392	0.633627	5069
5	46401	0.633752	5070
5	46410	0.633877	5071
5	46419	0.634002	5072
5	46428	0.634127	5073
5	46437	0.634252	5074
5	46446	0.634377	5075
5	46455	0.634502	5076
5	46464	0.634627	5077
5	46477	0.634752	5078
5	46486	0.634877	5079
5	46495	0.635002	5080
5	46504	0.635127	5081
5	46513	0.635252	5082
5	46522	0.635377	5083
5	46531	0.635502	5084
5	46540	0.635627	5085
5	46549	0.635752	5086
5	46558	0.635877	5087
5	46567	0.636002	5088
5	46576	0.636127	5089
5	46585	0.636252	5090
5	46594	0.636377	5091
5	46603	0.636502	5092
5	46612	0.636627	5093
5	46621	0.636752	5094
5	46630	0.636877	5095
5	46639	0.637002	5096
5	46648	0.637127	5097
5	46657	0.637252	5098
5	46666	0.637377	5099
5	46675	0.637502	5100
5	46684	0.637627	5101
5	46693	0.637752	5102
5	46702	0.637877	5103
5	46715	0.638002	5104
5	46724	0.638127	5105
5	46733	0.638252	5106
5	46742	0.638377	5107
5	46751	0.638502	5108
5	46760	0.638627	5109
5	46769	0.638752	5110
5	46778	0.638877	5111
5	46787	0.639002	5112
5	46796	0.639127	5113
5	46805	0.639252	5114
5	46814	0.639377	5115
5	46823	0.639502	5116
5	46832	0.639627	5117
5	46841	0.639752	5118
5	46850	0.639877	5119
5	46859	0.640002	5120
5	46868	0.640127	5121
5	46877	0.640252	5122
5	46886	0.640377	5123
5	46895	0.640502	5124
5	46904	0.640627	5125
5	46913	0.640752	5126
5	46922	0.640877	5127
5	46931	0.641002	5128
5	46940	0.641127	5129
5	46953	0.641252	5130
5	46962	0.641377	5131
5	46971	0.641502	5132
5	46980	0.641627	5133
5	46989	0.641752	5134
5	46998	0.641877	5135
5	47007	0.642002	5136
5	47016	0.642127	5137
5	47025	0.642252	5138
5	47034	0.642377	5139
5	47043	0.642502	5140
5	47052	0.642627	5141
5	47061	0.642752	5142
5	47070	0.642877	5143
5	47079	0.643002	5144
5	47088	0.643127	5145
5	47097	0.643252	5146
5	47106	0.643377	5147
5	47115	0.643502	5148
5	47124	0.643627	5149
5	47133	0.643752	5150
5	47142	0.643877	5151
5	47151	0.644002	5152
5	47160	0.644127	5153
5	47169	0.644252	5154
5	47178	0.644377	5155
5	47191	0.644502	5156
5	47200	0.644627	5157
5	47209	0.644752	5158
5	47218	0.644877	5159
5	47227	0.645002	5160
5	47236	0.645127	5161
5	47245	0.645252	5162
5	47254	0.645377	5163
5	47263	0.645502	5164
5	47272	0.645627	5165
5	47281	0.645752	5166
5	47290	0.645877	5167
5	47299	0.646002	5168
5	47308	0.646127	5169
5	47317	0.646252	5170
5	47326	0.646377	5171
5	47335	0.646502	5172
5	47344	0.646627	5173
5	47353	0.646752	5174
5	47362	0.646877	5175
5	47371	0.647002	5176
5	47380	0.647127	5177
5	47389	0.647252	5178
5	47398	0.647377	5179
5	47407	0.647502	5180
5	47416	0.647627	5181
5	47427	0.647752	5182
5	47438	0.647877	5183
5	47447	0.648002	5184
5	47456	0.648127	5185
5	47465	0.648252	5186
5	47474	0.648377	5187
5	47483	0.648502	5188
5	47492	0.648627	5189
5	47501	0.648752	5190
5	47510	0.648877	5191
5	47519	0.649002	5192
5	47528	0.649127	5193
5	47537	0.649252	5194
5	47546	0.649377	5195
5	47555	0.649502	5196
5	47564	0.649627	5197
5	47573	0.649752	5198
5	47582	0.649877	5199
5	47591	0.650002	5200
5	47600	0.650127	5201
5	47609	0.650252	5202
5	47618	0.650377	5203
5	47627	0.650502	5204
5	47636	0.650627	5205
5	47645	0.650752	5206
5	47654	0.650877	5207
5	47663	0.651002	5208
5	47676	0.651127	5209
5	47685	0.651252	5210
5	47694	0.651377	5211
5	47703	0.651502	5212
5	47712	0.651627	5213
5	47721	0.651752	5214
5	47730	0.651877	5215
5	47739	0.652002	5216
5	47748	0.652127	5217
5	47757	0.652252	5218
5	47766	0.652377	5219
5	47775	0.652502	5220
5	47784	0.652627	5221
5	47793	0.652752	5222
5	47802	0.652877	5223
5	47811	0.653002	5224
5	47820	0.653127	5225
5	47829	0.653252	5226
5	47838	0.653377	5227
5	47847	0.653502	5228
5	47856	0.653627	5229
5	47865	0.653752	5230
5	47874	0.653877	5231
5	47883	0.654002	5232
5	47892	0.654127	5233
5	47901	0.654252	5234
5	47914	0.654377	5235
5	47923	0.654502	5236
5	47932	0.654627	5237
5	47941	0.654752	5238
5	47950	0.654877	5239
5	47959	0.655002	5240
5	47968	0.655127	5241
5	47977	0.655252	5242
5	47986	0.655377	5243
5	47995	0.655502	5244
5	48004	0.655627	5245
5	48013	0.655752	5246
5	48022	0.655877	5247
5	48031	0.656002	5248
5	48040	0.656127	5249
5	48049	0.656252	5250
5	48058	0.656377	5251
5	48067	0.656502	5252
5	48076	0.656627	5253
5	48085	0.656752	5254
5	48094	0.656877	5255
5	48103	0.657002	5256
5	48112	0.657127	5257
5	48121	0.657252	5258
5	48130	0.657377	5259
5	48139	0.657502	5260
5	48152	0.657627	5261
5	48161	0.657752	5262
5	48170	0.657877	5263
5	48179	0.658002	5264
5	48188	0.658127	5265
5	48197	0.658252	5266
5	48206	0.658377	5267
5	48215	0.658502	5268
5	48224	0.658627	5269
5	48233	0.658752	5270
5	48242	0.658877	5271
5	48251	0.659002	5272
5	48260	0.659127	5273
5	48269	0.659252	5274
5	48278	0.659377	5275
5	48287	0.659502	5276
5	48296	0.659627	5277
5	48305	0.659752	5278
5	48314	0.659877	5279
5	48323	0.660002	5280
5	48332	0.660127	5281
5	48341	0.660252	5282
5	48350	0.660377	5283
5	48359	0.660502	5284
5	48368	0.660627	5285
5	48377	0.660752	5286
5	48390	0.660877	5287
5	48399	0.661002	5288
5	48408	0.661127	5289
5	48417	0.661252	5290
5	48426	0.661377	5291
5	48435	0.661502	5292
5	48444	0.661627	5293
5	48453	0.661752	5294
5	48462	0.661877	5295
5	48471	0.662002	5296
5	48480	0.662127	5297
5	48489	0.662252	5298
5	48498	0.662377	5299
5	48507	0.662502	5300
5	48516	0.662627	5301
5	48525	0.662752	5302
5	48534	0.662877	5303
5	48543	0.663002	5304
5	48552	0.663127	5305
5	48561	0.663252	5306
5	48570	0.663377	5307
5	48579	0.663502	5308
5	48588	0.663627	5309
5	48597	0.663752	5310
5	48606	0.663877	5311
5	48615	0.664002	5312
5	48628	0.664127	5313
5	48637	0.664252	5314
5	48646	0.664377	5315
5	48655	0.664502	5316
5	48664	0.664627	5317
5	48673	0.664752	5318
5	48682	0.664877	5319
5	48691	0.665002	5320
5	48700	0.665127	5321
5	48709	0.665252	5322
5	48718	0.665377	5323
5	48727	0.665502	5324
5	48736	0.665627	5325
5	48745	0.665752	5326
5	48754	0.665877	5327
5	48763	0.666002	5328
5	48772	0.666127	5329
5	48781	0.666252	5330
5	48790	0.666377	5331
5	48799	0.666502	5332
5	48808	0.666627	5333
5	48817	0.666752	5334
5	48826	0.666877	5335
5	48835	0.667002	5336
5	48844	0.667127	5337
5	48853	0.667252	5338
5	48862	0.667377	5339
5	48875	0.667502	5340
5	48884	0.667627	5341
5	48893	0.667752	5342
5	48902	0.667877	5343
5	48911	0.668002	5344
5	48920	0.668127	5345
5	48929	0.668252	5346
5	48938	0.668377	5347
5	48947	0.668502	5348
5	48956	0.668627	5349
5	48965	0.668752	5350
5	48974	0.668877	5351
5	48983	0.669002	5352
5	48992	0.669127	5353
5	49001	0.669252	5354
5	49010	0.669377	5355
5	49019	0.669502	5356
5	49028	0.669627	5357
5	49037	0.669752	5358
5	49046	0.669877	5359
5	49055	0.670002	5360
5	49064	0.670127	5361
5	49073	0.670252	5362
5	49082	0.670377	5363
5	49091	0.670502	5364
5	49100	0.670627	5365
5	49113	0.670752	5366
5	49122	0.670877	5367
5	49131	0.671002	5368
5	49140	0.671127	5369
5	49149	0.671252	5370
5	49158	0.671377	5371
5	49167	0.671502	5372
5	49176	0.671627	5373
5	49185	0.671752	5374
5	49194	0.671877	5375
5	49203	0.672002	5376
5	49212	0.672127	5377
5	49221	0.672252	5378
5	49230	0.672377	5379
5	49239	0.672502	5380
5	49248	0.672627	5381
5	49257	0.672752	5382
5	49266	0.672877	5383
5	49275	0.673002	5384
5	49284	0.673127	5385
5	49293	0.673252	5386
5	49302	0.673377	5387
5	49311	0.673502	5388
5	49320	0.673627	5389
5	49329	0.673752	5390
5	49338	0.673877	5391
5	49351	0.674002	5392
5	49360	0.674127	5393
5	49369	0.674252	5394
5	49378	0.674377	5395
5	49387	0.674502	5396
5	49396	0.674627	5397
5	49405	0.674752	5398
5	49414	0.674877	5399
5	49423	0.675002	5400
5	49432	0.675127	5401
5	49441	0.675252	5402
5	49450	0.675377	5403
5	49459	0.675502	5404
5	49468	0.675627	5405
5	49477	0.675752	5406
5	49486	0.675877	5407
5	49495	0.676002	5408
5	49504	0.676127	5409
5	49513	0.676252	5410
5	49522	0.676377	5411
5	49531	0.676502	5412
5	49540	0.676627	5413
5	49549	0.676752	5414
5	49558	0.676877	5415
5	49567	0.677002	5416
5	49576	0.677127	5417
5	49589	0.677252	5418
5	49598	0.677377	5419
5	49607	0.677502	5420
5	49616	0.677627	5421
5	49625	0.677752	5422
5	49634	0.677877	5423
5	49643	0.678002	5424
5	49652	0.678127	5425
5	49661	0.678252	5426
5	49670	0.678377	5427
5	49679	0.678502	5428
5	49688	0.678627	5429
5	49697	0.678752	5430
5	49706	0.678877	5431
5	49715	0.679002	5432
5	49724	0.679127	5433
5	49733	0.679252	5434
5	49742	0.679377	5435
5	49751	0.679502	5436
5	49760	0.679627	5437
5	49769	0.679752	5438
5	49778	0.679877	5439
5	49787	0.680002	5440
5	49796	0.680127	5441
5	49805	0.680252	5442
5	49814	0.680377	5443
5	49827	0.680502	5444
5	49836	0.680627	5445
5	49845	0.680752	5446
5	49854	0.680877	5447
5	49863	0.681002	5448
5	49872	0.681127	5449
5	49881	0.681252	5450
5	49890	0.681377	5451
5	49899	0.681502	5452
5	49908	0.681627	5453
5	49917	0.681752	5454
5	49926	0.681877	5455
5	49935	0.682002	5456
5	49944	0.682127	5457
5	49953	0.682252	5458
5	49962	0.682377	5459
5	49971	0.682502	5460
5	49980	0.682627	5461
5	49989	0.682752	5462
5	49998	0.682877	5463
5	50007	0.683002	5464
5	50016	0.683127	5465
5	50025	0.683252	5466
5	50034	0.683377	5467
5	50043	0.683502	5468
5	50052	0.683627	5469
5	50065	0.683752	5470
5	50074	0.683877	5471
5	50083	0.684002	5472
5	50092	0.684127	5473
5	50101	0.684252	5474
5	50110	0.684377	5475
5	50119	0.684502	5476
5	50128	0.684627	5477
5	50137	0.684752	5478
5	50146	0.684877	5479
5	50155	0.685002	5480
5	50164	0.685127	5481
5	50173	0.685252	5482
5	50182	0.685377	5483
5	50191	0.685502	5484
5	50200	0.685627	5485
5	50209	0.685752	5486
5	50218	0.685877	5487
5	50227	0.686002	5488
5	50236	0.686127	5489
5	50245	0.686252	5490
5	50254	0.686377	5491
5	50263	0.686502	5492
5	50272	0.686627	5493
5	50281	0.686752	5494
5	50290	0.686877	5495
5	50299	0.687002	5496
5	50312	0.687127	5497
5	50321	0.687252	5498
5	50330	0.687377	5499
5	50339	0.687502	5500
5	50348	0.687627	5501
5	50357	0.687752	5502
5	50366	0.687877	5503
5	50375	0.688002	5504
5	50384	0.688127	5505
5	50393	0.688252	5506
5	50402	0.688377	5507
5	50411	0.688502	5508
5	50420	0.688627	5509
5	50429	0.688752	5510
5	50438	0.688877	5511
5	50447	0.689002	5512
5	50456	0.689127	5513
5	50465	0.689252	5514
5	50474	0.689377	5515
5	50483	0.689502	5516
5	50492	0.689627	5517
5	50501	0.689752	5518
5	50510	0.689877	5519
5	50519	0.690002	5520
5	50528	0.690127	5521
5	50537	0.690252	5522
5	50550	0.690377	5523
5	50559	0.690502	5524
5	50568	0.690627	5525
5	50577	0.690752	5526
5	50586	0.690877	5527
5	50595	0.691002	5528
5	50604	0.691127	5529
5	50613	0.691252	5530
5	50622	0.691377	5531
5	50631	0.691502	5532
5	50640	0.691627	5533
5	50649	0.691752	5534
5	50658	0.691877	5535
5	50667	0.692002	5536
5	50676	0.692127	5537
5	50685	0.692252	5538
5	50694	0.692377	5539
5	50703	0.692502	5540
5	50712	0.692627	5541
5	50721	0.692752	5542
5	50730	0.692877	5543
5	50739	0.693002	5544
5	50748	0.693127	5545
5	50757	0.693252	5546
5	50766	0.693377	5547
5	50775	0.693502	5548
5	50788	0.693627	5549
5	50797	0.693752	5550
5	50806	0.693877	5551
5	50815	0.694002	5552
5	50824	0.694127	5553
5	50833	0.694252	5554
5	50842	0.694377	5555
5	50851	0.694502	5556
5	50860	0.694627	5557
5	50869	0.694752	5558
5	50878	0.694877	5559
5	50887	0.695002	5560
5	50896	0.695127	5561
5	50905	0.695252	5562
5	50914	0.695377	5563
5	50923	0.695502	5564
5	50932	0.695627	5565
5	50941	0.695752	5566
5	50950	0.695877	5567
5	50959	0.696002	5568
5	50968	0.696127	5569
5	50977	0.696252	5570
5	50986	0.696377	5571
5	50995	0.696502	5572
5	51004	0.696627	5573
5	51013	0.696752	5574
5	51026	0.696877	5575
5	51035	0.697002	5576
5	51044	0.697127	5577
5	51053	0.697252	5578
5	51062	0.697377	5579
5	51071	0.697502	5580
5	51080	0.697627	5581
5	51089	0.697752	5582
5	51098	0.697877	5583
5	51107	0.698002	5584
5	51116	0.698127	5585
5	51125	0.698252	5586
5	51134	0.698377	5587
5	51143	0.698502	5588
5	51152	0.698627	5589
5	51161	0.698752	5590
5	51170	0.698877	5591
5	51179	0.699002	5592
5	51188	0.699127	5593
5	51197	0.699252	5594
5	51206	0.699377	5595
5	51215	0.699502	5596
5	51224	0.699627	5597
5	51233	0.699752	5598
5	51242	0.699877	5599
5	51251	0.700002	5600
5	51264	0.700127	5601
5	51273	0.700252	5602
5	51282	0.700377	5603
5	51291	0.700502	5604
5	51300	0.700627	5605
5	51309	0.700752	5606
5	51318	0.700877	5607
5	51327	0.701002	5608
5	51336	0.701127	5609
5	51345	0.701252	5610
5	51354	0.701377	5611
5	51363	0.701502	5612
5	51372	0.701627	5613
5	51381	0.701752	5614
5	51390	0.701877	5615
5	51399	0.702002	5616
5	51408	0.702127	5617
5	51417	0.702252	5618
5	51426	0.702377	5619
5	51435	0.702502	5620
5	51444	0.702627	5621
5	51453	0.702752	5622
5	51462	0.702877	5623
5	51471	0.703002	5624
5	51480	0.703127	5625
5	51489	0.703252	5626
5	51502	0.703377	5627
5	51511	0.703502	5628
5	51520	0.703627	5629
5	51529	0.703752	5630
5	51538	0.703877	5631
5	51547	0.704002	5632
5	51556	0.704127	5633
5	51565	0.704252	5634
5	51574	0.704377	5635
5	51583	0.704502	5636
5	51592	0.704627	5637
5	51601	0.704752	5638
5	51610	0.704877	5639
5	51619	0.705002	5640
5	51628	0.705127	5641
5	51637	0.705252	5642
5	51646	0.705377	5643
5	51655	0.705502	5644
5	51664	0.705627	5645
5	51673	0.705752	5646
5	51682	0.705877	5647
5	51691	0.706002	5648
5	51700	0.706127	5649
5	51709	0.706252	5650
5	51718	0.706377	5651
5	51727	0.706502	5652
5	51736	0.706627	5653
5	51749	0.706752	5654
5	51758	0.706877	5655
5	51767	0.707002	5656
5	51776	0.707127	5657
5	51785	0.707252	5658
5	51794	0.707377	5659
5	51803	0.707502	5660
5	51812	0.707627	5661
5	51821	0.707752	5662
5	51830	0.707877	5663
5	51839	0.708002	5664
5	51848	0.708127	5665
5	51857	0.708252	5666
5	51866	0.708377	5667
5	51875	0.708502	5668
5	51884	0.708627	5669
5	51893	0.708752	5670
5	51902	0.708877	5671
5	51911	0.709002	5672
5	51920	0.709127	5673
5	51929	0.709252	5674
5	51938	0.709377	5675
5	51947	0.709502	5676
5	51956	0.709627	5677
5	51965	0.709752	5678
5	51974	0.709877	5679
5	51987	0.710002	5680
5	51996	0.710127	5681
5	52005	0.710252	5682
5	52014	0.710377	5683
5	52023	0.710502	5684
5	52032	0.710627	5685
5	52041	0.710752	5686
5	52050	0.710877	5687
5	52059	0.711002	5688
5	52068	0.711127	5689
5	52077	0.711252	5690
5	52086	0.711377	5691
5	52095	0.711502	5692
5	52104	0.711627	5693
5	52113	0.711752	5694
5	52122	0.711877	5695
5	52131	0.712002	5696
5	52140	0.712127	5697
5	52149	0.712252	5698
5	52158	0.712377	5699
5	52167	0.712502	5700
5	52176	0.712627	5701
5	52185	0.712752	5702
5	52194	0.712877	5703
5	52203	0.713002	5704
5	52212	0.713127	5705
5	52225	0.713252	5706
5	52234	0.713377	5707
5	52243	0.713502	5708
5	52252	0.713627	5709
5	52261	0.713752	5710
5	52270	0.713877	5711
5	52279	0.714002	5712
5	52288	0.714127	5713
5	52297	0.714252	5714
5	52306	0.714377	5715
5	52315	0.714502	5716
5	52324	0.714627	5717
5	52333	0.714752	5718
5	52342	0.714877	5719
5	52351	0.715002	5720
5	52360	0.715127	5721
5	52369	0.715252	5722
5	52378	0.715377	5723
5	52387	0.715502	5724
5	52396	0.715627	5725
5	52405	0.715752	5726
5	52414	0.715877	5727
5	52423	0.716002	5728
5	52432	0.716127	5729
5	52441	0.716252	5730
5	52450	0.716377	5731
5	52463	0.716502	5732
5	52472	0.716627	5733
5	52481	0.716752	5734
5	52490	0.716877	5735
5	52499	0.717002	5736
5	52508	0.717127	5737
5	52517	0.717252	5738
5	52526	0.717377	5739
5	52535	0.717502	5740
5	52544	0.717627	5741
5	52553	0.717752	5742
5	52562	0.717877	5743
5	52571	0.718002	5744
5	52580	0.718127	5745
5	52589	0.718252	5746
5	52598	0.718377	5747
5	52607	0.718502	5748
5	52616	0.718627	5749
5	52625	0.718752	5750
5	52634	0.718877	5751
5	52643	0.719002	5752
5	52652	0.719127	5753
5	52661	0.719252	5754
5	52670	0.719377	5755
5	52679	0.719502	5756
5	52688	0.719627	5757
5	52701	0.719752	5758
5	52710	0.719877	5759
5	52719	0.720002	5760
5	52728	0.720127	5761
5	52737	0.720252	5762
5	52746	0.720377	5763
5	52755	0.720502	5764
5	52764	0.720627	5765
5	52773	0.720752	5766
5	52782	0.720877	5767
5	52791	0.721002	5768
5	52800	0.721127	5769
5	52809	0.721252	5770
5	52818	0.721377	5771
5	52827	0.721502	5772
5	52836	0.721627	5773
5	52845	0.721752	5774
5	52854	0.721877	5775
5	52863	0.722002	5776
5	52872	0.722127	5777
5	52881	0.722252	5778
5	52890	0.722377	5779
5	52899	0.722502	5780
5	52908	0.722627	5781
5	52917	0.722752	5782
5	52926	0.722877	5783
5	52937	0.723002	5784
5	52948	0.723127	5785
5	52957	0.723252	5786
5	52966	0.723377	5787
5	52975	0.723502	5788
5	52984	0.723627	5789
5	52993	0.723752	5790
5	53002	0.723877	5791
5	53011	0.724002	5792
5	53020	0.724127	5793
5	53029	0.724252	5794
5	53038	0.724377	5795
5	53047	0.724502	5796
5	53056	0.724627	5797
5	53065	0.724752	5798
5	53074	0.724877	5799
5	53083	0.725002	5800
5	53092	0.725127	5801
5	53101	0.725252	5802
5	53110	0.725377	5803
5	53119	0.725502	5804
5	53128	0.725627	5805
5	53137	0.725752	5806
5	53146	0.725877	5807
5	53155	0.726002	5808
5	53164	0.726127	5809
5	53173	0.726252	5810
5	53186	0.726377	5811
5	53195	0.726502	5812
5	53204	0.726627	5813
5	53213	0.726752	5814
5	53222	0.726877	5815
5	53231	0.727002	5816
5	53240	0.727127	5817
5	53249	0.727252	5818
5	53258	0.727377	5819
5	53267	0.727502	5820
5	53276	0.727627	5821
5	53285	0.727752	5822
5	53294	0.727877	5823
5	53303	0.728002	5824
5	53312	0.728127	5825
5	53321	0.728252	5826
5	53330	0.728377	5827
5	53339	0.728502	5828
5	53348	0.728627	5829
5	53357	0.728752	5830
5	53366	0.728877	5831
5	53375	0.729002	5832
5	53384	0.729127	5833
5	53393	0.729252	5834
5	53402	0.729377	5835
5	53411	0.729502	5836
5	53424	0.729627	5837
5	53433	0.729752	5838
5	53442	0.729877	5839
5	53451	0.730002	5840
5	53460	0.730127	5841
5	53469	0.730252	5842
5	53478	0.730377	5843
5	53487	0.730502	5844
5	53496	0.730627	5845
5	53505	0.730752	5846
5	53514	0.730877	5847
5	53523	0.731002	5848
5	53532	0.731127	5849
5	53541	0.731252	5850
5	53550	0.731377	5851
5	53559	0.731502	5852
5	53568	0.731627	5853
5	53577	0.731752	5854
5	53586	0.731877	5855
5	53595	0.732002	5856
5	53604	0.732127	5857
5	53613	0.732252	5858
5	53622	0.732377	5859
5	53631	0.732502	5860
5	53640	0.732627	5861
5	53649	0.732752	5862
5	53662	0.732877	5863
5	53671	0.733002	5864
5	53680	0.733127	5865
5	53689	0.733252	5866
5	53698	0.733377	5867
5	53707	0.733502	5868
5	53716	0.733627	5869
5	53725	0.733752	5870
5	53734	0.733877	5871
5	53743	0.734002	5872
5	53752	0.734127	5873
5	53761	0.734252	5874
5	53770	0.734377	5875
5	53779	0.734502	5876
5	53788	0.734627	5877
5	53797	0.734752	5878
5	53806	0.734877	5879
5	53815	0.735002	5880
5	53824	0.735127	5881
5	53833	0.735252	5882
5	53842	0.735377	5883
5	53851	0.735502	5884
5	53860	0.735627	5885
5	53869	0.735752	5886
5	53878	0.735877	5887
5	53887	0.736002	5888
5	53900	0.736127	5889
5	53909	0.736252	5890
5	53918	0.736377	5891
5	53927	0.736502	5892
5	53936	0.736627	5893
5	53945	0.736752	5894
5	53954	0.736877	5895
5	53963	0.737002	5896
5	53972	0.737127	5897
5	53981	0.737252	5898
5	53990	0.737377	5899
5	53999	0.737502	5900
5	54008	0.737627	5901
5	54017	0.737752	5902
5	54026	0.737877	5903
5	54035	0.738002	5904
5	54044	0.738127	5905
5	54053	0.738252	5906
5	54062	0.738377	5907
5	54071	0.738502	5908
5	54080	0.738627	5909
5	54089	0.738752	5910
5	54098	0.738877	5911
5	54107	0.739002	5912
5	54116	0.739127	5913
5	54125	0.739252	5914
5	54138	0.739377	5915
5	54147	0.739502	5916
5	54156	0.739627	5917
5	54165	0.739752	5918
5	54174	0.739877	5919
5	54183	0.740002	5920
5	54192	0.740127	5921
5	54201	0.740252	5922
5	54210	0.740377	5923
5	54219	0.740502	5924
5	54228	0.740627	5925
5	54237	0.740752	5926
5	54246	0.740877	5927
5	54255	0.741002	5928
5	54264	0.741127	5929
5	54273	0.741252	5930
5	54282	0.741377	5931
5	54291	0.741502	5932
5	54300	0.741627	5933
5	54309	0.741752	5934
5	54318	0.741877	5935
5	54327	0.742002	5936
5	54336	0.742127	5937
5	54345	0.742252	5938
5	54354	0.742377	5939
5	54363	0.742502	5940
5	54372	0.742627	5941
5	54385	0.742752	5942
5	54394	0.742877	5943
5	54403	0.743002	5944
5	54412	0.743127	5945
5	54421	0.743252	5946
5	54430	0.743377	5947
5	54439	0.743502	5948
5	54448	0.743627	5949
5	54457	0.743752	5950
5	54466	0.743877	5951
5	54475	0.744002	5952
5	54484	0.744127	5953
5	54493	0.744252	5954
5	54502	0.744377	5955
5	54511	0.744502	5956
5	54520	0.744627	5957
5	54529	0.744752	5958
5	54538	0.744877	5959
5	54547	0.745002	5960
5	54556	0.745127	5961
5	54565	0.745252	5962
5	54574	0.745377	5963
5	54583	0.745502	5964
5	54592	0.745627	5965
5	54601	0.745752	5966
5	54610	0.745877	5967
5	54623	0.746002	5968
5	54632	0.746127	5969
5	54641	0.746252	5970
5	54650	0.746377	5971
5	54659	0.746502	5972
5	54668	0.746627	5973
5	54677	0.746752	5974
5	54686	0.746877	5975
5	54695	0.747002	5976
5	54704	0.747127	5977
5	54713	0.747252	5978
5	54722	0.747377	5979
5	54731	0.747502	5980
5	54740	0.747627	5981
5	54749	0.747752	5982
5	54758	0.747877	5983
5	54767	0.748002	5984
5	54776	0.748127	5985
5	54785	0.748252	5986
5	54794	0.748377	5987
5	54803	0.748502	5988
5	54812	0.748627	5989
5	54821	0.748752	5990
5	54830	0.748877	5991
5	54839	0.749002	5992
5	54848	0.749127	5993
5	54861	0.749252	5994
5	54870	0.749377	5995
5	54879	0.749502	5996
5	54888	0.749627	5997
5	54897	0.749752	5998
5	54906	0.749877	5999
5	54915	0.750002	6000
5	54924	0.750127	6001
5	54933	0.750252	6002
5	54942	0.750377	6003
5	54951	0.750502	6004
5	54960	0.750627	6005
5	54969	0.750752	6006
5	54978	0.750877	6007
5	54987	0.751002	6008
5	54996	0.751127	6009
5	55005	0.751252	6010
5	55014	0.751377	6011
5	55023	0.751502	6012
5	55032	0.751627	6013
5	55041	0.751752	6014
5	55050	0.751877	6015
5	55059	0.752002	6016
5	55068	0.752127	6017
5	55077	0.752252	6018
5	55086	0.752377	6019
5	55099	0.752502	6020
5	55108	0.752627	6021
5	55117	0.752752	6022
5	55126	0.752877	6023
5	55135	0.753002	6024
5	55144	0.753127	6025
5	55153	0.753252	6026
5	55162	0.753377	6027
5	55171	0.753502	6028
5	55180	0.753627	6029
5	55189	0.753752	6030
5	55198	0.753877	6031
5	55207	0.754002	6032
5	55216	0.754127	6033
5	55225	0.754252	6034
5	55234	0.754377	6035
5	55243	0.754502	6036
5	55252	0.754627	6037
5	55261	0.754752	6038
5	55270	0.754877	6039
5	55279	0.755002	6040
5	55288	0.755127	6041
5	55297	0.755252	6042
5	55306	0.755377	6043
5	55315	0.755502	6044
5	55324	0.755627	6045
5	55337	0.755752	6046
5	55346	0.755877	6047
5	55355	0.756002	6048
5	55364	0.756127	6049
5	55373	0.756252	6050
5	55382	0.756377	6051
5	55391	0.756502	6052
5	55400	0.756627	6053
5	55409	0.756752	6054
5	55418	0.756877	6055
5	55427	0.757002	6056
5	55436	0.757127	6057
5	55445	0.757252	6058
5	55454	0.757377	6059
5	55463	0.757502	6060
5	55472	0.757627	6061
5	55481	0.757752	6062
5	55490	0.757877	6063
5	55499	0.758002	6064
5	55508	0.758127	6065
5	55517	0.758252	6066
5	55526	0.758377	6067
5	55535	0.758502	6068
5	55544	0.758627	6069
5	55553	0.758752	6070
5	55562	0.758877	6071
5	55575	0.759002	6072
5	55584	0.759127	6073
5	55593	0.759252	6074
5	55602	0.759377	6075
5	55611	0.759502	6076
5	55620	0.759627	6077
5	55629	0.759752	6078
5	55638	0.759877	6079
5	55647	0.760002	6080
5	55656	0.760127	6081
5	55665	0.760252	6082
5	55674	0.760377	6083
5	55683	0.760502	6084
5	55692	0.760627	6085
5	55701	0.760752	6086
5	55710	0.760877	6087
5	55719	0.761002	6088
5	55728	0.761127	6089
5	55737	0.761252	6090
5	55746	0.761377	6091
5	55755	0.761502	6092
5	55764	0.761627	6093
5	55773	0.761752	6094
5	55782	0.761877	6095
5	55791	0.762002	6096
5	55800	0.762127	6097
5	55809	0.762252	6098
5	55822	0.762377	6099
5	55831	0.762502	6100
5	55840	0.762627	6101
5	55849	0.762752	6102
5	55858	0.762877	6103
5	55867	0.763002	6104
5	55876	0.763127	6105
5	55885	0.763252	6106
5	55894	0.763377	6107
5	55903	0.763502	6108
5	55912	0.763627	6109
5	55921	0.763752	6110
5	55930	0.763877	6111
5	55939	0.764002	6112
5	55948	0.764127	6113
5	55957	0.764252	6114
5	55966	0.764377	6115
5	55975	0.764502	6116
5	55984	0.764627	6117
5	55993	0.764752	6118
5	56002	0.764877	6119
5	56011	0.765002	6120
5	56020	0.765127	6121
5	56029	0.765252	6122
5	56038	0.765377	6123
5	56047	0.765502	6124
5	56060	0.765627	6125
5	56069	0.765752	6126
5	56078	0.765877	6127
5	56087	0.766002	6128
5	56096	0.766127	6129
5	56105	0.766252	6130
5	56114	0.766377	6131
5	56123	0.766502	6132
5	56132	0.766627	6133
5	56141	0.766752	6134
5	56150	0.766877	6135
5	56159	0.767002	6136
5	56168	0.767127	6137
5	56177	0.767252	6138
5	56186	0.767377	6139
5	56195	0.767502	6140
5	56204	0.767627	6141
5	56213	0.767752	6142
5	56222	0.767877	6143
5	56231	0.768002	6144
5	56240	0.768127	6145
5	56249	0.768252	6146
5	56258	0.768377	6147
5	56267	0.768502	6148
5	56276	0.768627	6149
5	56285	0.768752	6150
5	56298	0.768877	6151
5	56307	0.769002	6152
5	56316	0.769127	6153
5	56325	0.769252	6154
5	56334	0.769377	6155
5	56343	0.769502	6156
5	56352	0.769627	6157
5	56361	0.769752	6158
5	56370	0.769877	6159
5	56379	0.770002	6160
5	56388	0.770127	6161
5	56397	0.770252	6162
5	56406	0.770377	6163
5	56415	0.770502	6164
5	56424	0.770627	6165
5	56433	0.770752	6166
5	56442	0.770877	6167
5	56451	0.771002	6168
5	56460	0.771127	6169
5	56469	0.771252	6170
5	56478	0.771377	6171
5	56487	0.771502	6172
5	56496	0.771627	6173
5	56505	0.771752	6174
5	56514	0.771877	6175
5	56523	0.772002	6176
5	56536	0.772127	6177
5	56545	0.772252	6178
5	56554	0.772377	6179
5	56563	0.772502	6180
5	56572	0.772627	6181
5	56581	0.772752	6182
5	56590	0.772877	6183
5	56599	0.773002	6184
5	56608	0.773127	6185
5	56617	0.773252	6186
5	56626	0.773377	6187
5	56635	0.773502	6188
5	56644	0.773627	6189
5	56653	0.773752	6190
5	56662	0.773877	6191
5	56671	0.774002	6192
5	56680	0.774127	6193
5	56689	0.774252	6194
5	56698	0.774377	6195
5	56707	0.774502	6196
5	56716	0.774627	6197
5	56725	0.774752	6198
5	56734	0.774877	6199
5	56743	0.775002	6200
5	56752	0.775127	6201
5	56761	0.775252	6202
5	56774	0.775377	6203
5	56783	0.775502	6204
5	56792	0.775627	6205
5	56801	0.775752	6206
5	56810	0.775877	6207
5	56819	0.776002	6208
5	56828	0.776127	6209
5	56837	0.776252	6210
5	56846	0.776377	6211
5	56855	0.776502	6212
5	56864	0.776627	6213
5	56873	0.776752	6214
5	56882	0.776877	6215
5	56891	0.777002	6216
5	56900	0.777127	6217
5	56909	0.777252	6218
5	56918	0.777377	6219
5	56927	0.777502	6220
5	56936	0.777627	6221
5	56945	0.777752	6222
5	56954	0.777877	6223
5	56963	0.778002	6224
5	56972	0.778127	6225
5	56981	0.778252	6226
5	56990	0.778377	6227
5	56999	0.778502	6228
5	57012	0.778627	6229
5	57021	0.778752	6230
5	57030	0.778877	6231
5	57039	0.779002	6232
5	57048	0.779127	6233
5	57057	0.779252	6234
5	57066	0.779377	6235
5	57075	0.779502	6236
5	57084	0.779627	6237
5	57093	0.779752	6238
5	57102	0.779877	6239
5	57111	0.780002	6240
5	57120	0.780127	6241
5	57129	0.780252	6242
5	57138	0.780377	6243
5	57147	0.780502	6244
5	57156	0.780627	6245
5	57165	0.780752	6246
5	57174	0.780877	6247
5	57183	0.781002	6248
5	57192	0.781127	6249
5	57201	0.781252	6250
5	57210	0.781377	6251
5	57219	0.781502	6252
5	57228	0.781627	6253
5	57237	0.781752	6254
5	57246	0.781877	6255
5	57259	0.782002	6256
5	57268	0.782127	6257
5	57277	0.782252	6258
5	57286	0.782377	6259
5	57295	0.782502	6260
5	57304	0.782627	6261
5	57313	0.782752	6262
5	57322	0.782877	6263
5	57331	0.783002	6264
5	57340	0.783127	6265
5	57349	0.783252	6266
5	57358	0.783377	6267
5	57367	0.783502	6268
5	57376	0.783627	6269
5	57385	0.783752	6270
5	57394	0.783877	6271
5	57403	0.784002	6272
5	57412	0.784127	6273
5	57421	0.784252	6274
5	57430	0.784377	6275
5	57439	0.784502	6276
5	57448	0.784627	6277
5	57457	0.784752	6278
5	57466	0.784877	6279
5	57475	0.785002	6280
5	57484	0.785127	6281
5	57497	0.785252	6282
5	57506	0.785377	6283
5	57515	0.785502	6284
5	57524	0.785627	6285
5	57533	0.785752	6286
5	57542	0.785877	6287
5	57551	0.786002	6288
5	57560	0.786127	6289
5	57569	0.786252	6290
5	57578	0.786377	6291
5	57587	0.786502	6292
5	57596	0.786627	6293
5	57605	0.786752	6294
5	57614	0.786877	6295
5	57623	0.787002	6296
5	57632	0.787127	6297
5	57641	0.787252	6298
5	57650	0.787377	6299
5	57659	0.787502	6300
5	57668	0.787627	6301
5	57677	0.787752	6302
5	57686	0.787877	6303
5	57695	0.788002	6304
5	57704	0.788127	6305
5	57713	0.788252	6306
5	57722	0.788377	6307
5	57735	0.788502	6308
5	57744	0.788627	6309
5	57753	0.788752	6310
5	57762	0.788877	6311
5	57771	0.789002	6312
5	57780	0.789127	6313
5	57789	0.789252	6314
5	57798	0.789377	6315
5	57807	0.789502	6316
5	57816	0.789627	6317
5	57825	0.789752	6318
5	57834	0.789877	6319
5	57843	0.790002	6320
5	57852	0.790127	6321
5	57861	0.790252	6322
5	57870	0.790377	6323
5	57879	0.790502	6324
5	57888	0.790627	6325
5	57897	0.790752	6326
5	57906	0.790877	6327
5	57915	0.791002	6328
5	57924	0.791127	6329
5	57933	0.791252	6330
5	57942	0.791377	6331
5	57951	0.791502	6332
5	57960	0.791627	6333
5	57973	0.791752	6334
5	57982	0.791877	6335
5	57991	0.792002	6336
5	58000	0.792127	6337
5	58009	0.792252	6338
5	58018	0.792377	6339
5	58027	0.792502	6340
5	58036	0.792627	6341
5	58045	0.792752	6342
5	58054	0.792877	6343
5	58063	0.793002	6344
5	58072	0.793127	6345
5	58081	0.793252	6346
5	58090	0.793377	6347
5	58099	0.793502	6348
5	58108	0.793627	6349
5	58117	0.793752	6350
5	58126	0.793877	6351
5	58135	0.794002	6352
5	58144	0.794127	6353
5	58153	0.794252	6354
5	58162	0.794377	6355
5	58171	0.794502	6356
5	58180	0.794627	6357
5	58189	0.794752	6358
5	58198	0.794877	6359
5	58211	0.795002	6360
5	58220	0.795127	6361
5	58229	0.795252	6362
5	58238	0.795377	6363
5	58247	0.795502	6364
5	58256	0.795627	6365
5	58265	0.795752	6366
5	58274	0.795877	6367
5	58283	0.796002	6368
5	58292	0.796127	6369
5	58301	0.796252	6370
5	58310	0.796377	6371
5	58319	0.796502	6372
5	58328	0.796627	6373
5	58337	0.796752	6374
5	58346	0.796877	6375
5	58355	0.797002	6376
5	58364	0.797127	6377
5	58373	0.797252	6378
5	58382	0.797377	6379
5	58391	0.797502	6380
5	58400	0.797627	6381
5	58409	0.797752	6382
5	58418	0.797877	6383
5	58427	0.798002	6384
5	58436	0.798127	6385
5	58447	0.798252	6386
5	58458	0.798377	6387
5	58467	0.798502	6388
5	58476	0.798627	6389
5	58485	0.798752	6390
5	58494	0.798877	6391
5	58503	0.799002	6392
5	58512	0.799127	6393
5	58521	0.799252	6394
5	58530	0.799377	6395
5	58539	0.799502	6396
5	58548	0.799627	6397
5	58557	0.799752	6398
5	58566	0.799877	6399
5	58575	0.800002	6400
5	58584	0.800127	6401
5	58593	0.800252	6402
5	58602	0.800377	6403
5	58611	0.800502	6404
5	58620	0.800627	6405
5	58629	0.800752	6406
5	58638	0.800877	6407
5	58647	0.801002	6408
5	58656	0.801127	6409
5	58665	0.801252	6410
5	58674	0.801377	6411
5	58683	0.801502	6412
5	58696	0.801627	6413
5	58705	0.801752	6414
5	58714	0.801877	6415
5	58723	0.802002	6416
5	58732	0.802127	6417
5	58741	0.802252	6418
5	58750	0.802377	6419
5	58759	0.802502	6420
5	58768	0.802627	6421
5	58777	0.802752	6422
5	58786	0.802877	6423
5	58795	0.803002	6424
5	58804	0.803127	6425
5	58813	0.803252	6426
5	58822	0.803377	6427
5	58831	0.803502	6428
5	58840	0.803627	6429
5	58849	0.803752	6430
5	58858	0.803877	6431
5	58867	0.804002	6432
5	58876	0.804127	6433
5	58885	0.804252	6434
5	58894	0.804377	6435
5	58903	0.804502	6436
5	58912	0.804627	6437
5	58921	0.804752	6438
5	58934	0.804877	6439
5	58943	0.805002	6440
5	58952	0.805127	6441
5	58961	0.805252	6442
5	58970	0.805377	6443
5	58979	0.805502	6444
5	58988	0.805627	6445
5	58997	0.805752	6446
5	59006	0.805877	6447
5	59015	0.806002	6448
5	59024	0.806127	6449
5	59033	0.806252	6450
5	59042	0.806377	6451
5	59051	0.806502	6452
5	59060	0.806627	6453
5	59069	0.806752	6454
5	59078	0.806877	6455
5	59087	0.807002	6456
5	59096	0.807127	6457
5	59105	0.807252	6458
5	59114	0.807377	6459
5	59123	0.807502	6460
5	59132	0.807627	6461
5	59141	0.807752	6462
5	59150	0.807877	6463
5	59159	0.808002	6464
5	59172	0.808127	6465
5	59181	0.808252	6466
5	59190	0.808377	6467
5	59199	0.808502	6468
5	59208	0.808627	6469
5	59217	0.808752	6470
5	59226	0.808877	6471
5	59235	0.809002	6472
5	59244	0.809127	6473
5	59253	0.809252	6474
5	59262	0.809377	6475
5	59271	0.809502	6476
5	59280	0.809627	6477
5	59289	0.809752	6478
5	59298	0.809877	6479
5	59307	0.810002	6480
5	59316	0.810127	6481
5	59325	0.810252	6482
5	59334	0.810377	6483
5	59343	0.810502	6484
5	59352	0.810627	6485
5	59361	0.810752	6486
5	59370	0.810877	6487
5	59379	0.811002	6488
5	59388	0.811127	6489
5	59397	0.811252	6490
5	59410	0.811377	6491
5	59419	0.811502	6492
5	59428	0.811627	6493
5	59437	0.811752	6494
5	59446	0.811877	6495
5	59455	0.812002	6496
5	59464	0.812127	6497
5	59473	0.812252	6498
5	59482	0.812377	6499
5	59491	0.812502	6500
5	59500	0.812627	6501
5	59509	0.812752	6502
5	59518	0.812877	6503
5	59527	0.813002	6504
5	59536	0.813127	6505
5	59545	0.813252	6506
5	59554	0.813377	6507
5	59563	0.813502	6508
5	59572	0.813627	6509
5	59581	0.813752	6510
5	59590	0.813877	6511
5	59599	0.814002	6512
5	59608	0.814127	6513
5	59617	0.814252	6514
5	59626	0.814377	6515
5	59635	0.814502	6516
5	59648	0.814627	6517
5	59657	0.814752	6518
5	59666	0.814877	6519
5	59675	0.815002	6520
5	59684	0.815127	6521
5	59693	0.815252	6522
5	59702	0.815377	6523
5	59711	0.815502	6524
5	59720	0.815627	6525
5	59729	0.815752	6526
5	59738	0.815877	6527
5	59747	0.816002	6528
5	59756	0.816127	6529
5	59765	0.816252	6530
5	59774	0.816377	6531
5	59783	0.816502	6532
5	59792	0.816627	6533
5	59801	0.816752	6534
5	59810	0.816877	6535
5	59819	0.817002	6536
5	59828	0.817127	6537
5	59837	0.817252	6538
5	59846	0.817377	6539
5	59855	0.817502	6540
5	59864	0.817627	6541
5	59873	0.817752	6542
5	59882	0.817877	6543
5	59895	0.818002	6544
5	59904	0.818127	6545
5	59913	0.818252	6546
5	59922	0.818377	6547
5	59931	0.818502	6548
5	59940	0.818627	6549
5	59949	0.818752	6550
5	59958	0.818877	6551
5	59967	0.819002	6552
5	59976	0.819127	6553
5	59985	0.819252	6554
5	59994	0.819377	6555
5	60003	0.819502	6556
5	60012	0.819627	6557
5	60021	0.819752	6558
5	60030	0.819877	6559
5	60039	0.820002	6560
5	60048	0.820127	6561
5	60057	0.820252	6562
5	60066	0.820377	6563
5	60075	0.820502	6564
5	60084	0.820627	6565
5	60093	0.820752	6566
5	60102	0.820877	6567
5	60111	0.821002	6568
5	60120	0.821127	6569
5	60133	0.821252	6570
5	60142	0.821377	6571
5	60151	0.821502	6572
5	60160	0.821627	6573
5	60169	0.821752	6574
5	60178	0.821877	6575
5	60187	0.822002	6576
5	60196	0.822127	6577
5	60205	0.822252	6578
5	60214	0.822377	6579
5	60223	0.822502	6580
5	60232	0.822627	6581
5	60241	0.822752	6582
5	60250	0.822877	6583
5	60259	0.823002	6584
5	60268	0.823127	6585
5	60277	0.823252	6586
5	60286	0.823377	6587
5	60295	0.823502	6588
5	60304	0.823627	6589
5	60313	0.823752	6590
5	60322	0.823877	6591
5	60331	0.824002	6592
5	60340	0.824127	6593
5	60349	0.824252	6594
5	60358	0.824377	6595
5	60371	0.824502	6596
5	60380	0.824627	6597
5	60389	0.824752	6598
5	60398	0.824877	6599
5	60407	0.825002	6600
5	60416	0.825127	6601
5	60425	0.825252	6602
5	60434	0.825377	6603
5	60443	0.825502	6604
5	60452	0.825627	6605
5	60461	0.825752	6606
5	60470	0.825877	6607
5	60479	0.826002	6608
5	60488	0.826127	6609
5	60497	0.826252	6610
5	60506	0.826377	6611
5	60515	0.826502	6612
5	60524	0.826627	6613
5	60533	0.826752	6614
5	60542	0.826877	6615
5	60551	0.827002	6616
5	60560	0.827127	6617
5	60569	0.827252	6618
5	60578	0.827377	6619
5	60587	0.827502	6620
5	60596	0.827627	6621
5	60609	0.827752	6622
5	60618	0.827877	6623
5	60627	0.828002	6624
5	60636	0.828127	6625
5	60645	0.828252	6626
5	60654	0.828377	6627
5	60663	0.828502	6628
5	60672	0.828627	6629
5	60681	0.828752	6630
5	60690	0.828877	6631
5	60699	0.829002	6632
5	60708	0.829127	6633
5	60717	0.829252	6634
5	60726	0.829377	6635
5	60735	0.829502	6636
5	60744	0.829627	6637
5	60753	0.829752	6638
5	60762	0.829877	6639
5	60771	0.830002	6640
5	60780	0.830127	6641
5	60789	0.830252	6642
5	60798	0.830377	6643
5	60807	0.830502	6644
5	60816	0.830627	6645
5	60825	0.830752	6646
5	60834	0.830877	6647
5	60847	0.831002	6648
5	60856	0.831127	6649
5	60865	0.831252	6650
5	60874	0.831377	6651
5	60883	0.831502	6652
5	60892	0.831627	6653
5	60901	0.831752	6654
5	60910	0.831877	6655
5	60919	0.832002	6656
5	60928	0.832127	6657
5	60937	0.832252	6658
5	60946	0.832377	6659
5	60955	0.832502	6660
5	60964	0.832627	6661
5	60973	0.832752	6662
5	60982	0.832877	6663
5	60991	0.833002	6664
5	61000	0.833127	6665
5	61009	0.833252	6666
5	61018	0.833377	6667
5	61027	0.833502	6668
5	61036	0.833627	6669
5	61045	0.833752	6670
5	61054	0.833877	6671
5	61063	0.834002	6672
5	61072	0.834127	6673
5	61085	0.834252	6674
5	61094	0.834377	6675
5	61103	0.834502	6676
5	61112	0.834627	6677
5	61121	0.834752	6678
5	61130	0.834877	6679
5	61139	0.835002	6680
5	61148	0.835127	6681
5	61157	0.835252	6682
5	61166	0.835377	6683
5	61175	0.835502	6684
5	61184	0.835627	6685
5	61193	0.835752	6686
5	61202	0.835877	6687
5	61211	0.836002	6688
5	61220	0.836127	6689
5	61229	0.836252	6690
5	61238	0.836377	6691
5	61247	0.836502	6692
5	61256	0.836627	6693
5	61265	0.836752	6694
5	61274	0.836877	6695
5	61283	0.837002	6696
5	61292	0.837127	6697
5	61301	0.837252	6698
5	61310	0.837377	6699
5	61319	0.837502	6700
5	61332	0.837627	6701
5	61341	0.837752	6702
5	61350	0.837877	6703
5	61359	0.838002	6704
5	61368	0.838127	6705
5	61377	0.838252	6706
5	61386	0.838377	6707
5	61395	0.838502	6708
5	61404	0.838627	6709
5	61413	0.838752	6710
5	61422	0.838877	6711
5	61431	0.839002	6712
5	61440	0.839127	6713
5	61449	0.839252	6714
5	61458	0.839377	6715
5	61467	0.839502	6716
5	61476	0.839627	6717
5	61485	0.839752	6718
5	61494	0.839877	6719
5	61503	0.840002	6720
5	61512	0.840127	6721
5	61521	0.840252	6722
5	61530	0.840377	6723
5	61539	0.840502	6724
5	61548	0.840627	6725
5	61557	0.840752	6726
5	61570	0.840877	6727
5	61579	0.841002	6728
5	61588	0.841127	6729
5	61597	0.841252	6730
5	61606	0.841377	6731
5	61615	0.841502	6732
5	61624	0.841627	6733
5	61633	0.841752	6734
5	61642	0.841877	6735
5	61651	0.842002	6736
5	61660	0.842127	6737
5	61669	0.842252	6738
5	61678	0.842377	6739
5	61687	0.842502	6740
5	61696	0.842627	6741
5	61705	0.842752	6742
5	61714	0.842877	6743
5	61723	0.843002	6744
5	61732	0.843127	6745
5	61741	0.843252	6746
5	61750	0.843377	6747
5	61759	0.843502	6748
5	61768	0.843627	6749
5	61777	0.843752	6750
5	61786	0.843877	6751
5	61795	0.844002	6752
5	61808	0.844127	6753
5	61817	0.844252	6754
5	61826	0.844377	6755
5	61835	0.844502	6756
5	61844	0.844627	6757
5	61853	0.844752	6758
5	61862	0.844877	6759
5	61871	0.845002	6760
5	61880	0.845127	6761
5	61889	0.845252	6762
5	61898	0.845377	6763
5	61907	0.845502	6764
5	61916	0.845627	6765
5	61925	0.845752	6766
5	61934	0.845877	6767
5	61943	0.846002	6768
5	61952	0.846127	6769
5	61961	0.846252	6770
5	61970	0.846377	6771
5	61979	0.846502	6772
5	61988	0.846627	6773
5	61997	0.846752	6774
5	62006	0.846877	6775
5	62015	0.847002	6776
5	62024	0.847127	6777
5	62033	0.847252	6778
5	62046	0.847377	6779
5	62055	0.847502	6780
5	62064	0.847627	6781
5	62073	0.847752	6782
5	62082	0.847877	6783
5	62091	0.848002	6784
5	62100	0.848127	6785
5	62109	0.848252	6786
5	62118	0.848377	6787
5	62127	0.848502	6788
5	62136	0.848627	6789
5	62145	0.848752	6790
5	62154	0.848877	6791
5	62163	0.849002	6792
5	62172	0.849127	6793
5	62181	0.849252	6794
5	62190	0.849377	6795
5	62199	0.849502	6796
5	62208	0.849627	6797
5	62217	0.849752	6798
5	62226	0.849877	6799
5	62235	0.850002	6800
5	62244	0.850127	6801
5	62253	0.850252	6802
5	62262	0.850377	6803
5	62271	0.850502	6804
5	62284	0.850627	6805
5	62293	0.850752	6806
5	62302	0.850877	6807
5	62311	0.851002	6808
5	62320	0.851127	6809
5	62329	0.851252	6810
5	62338	0.851377	6811
5	62347	0.851502	6812
5	62356	0.851627	6813
5	62365	0.851752	6814
5	62374	0.851877	6815
5	62383	0.852002	6816
5	62392	0.852127	6817
5	62401	0.852252	6818
5	62410	0.852377	6819
5	62419	0.852502	6820
5	62428	0.852627	6821
5	62437	0.852752	6822
5	62446	0.852877	6823
5	62455	0.853002	6824
5	62464	0.853127	6825
5	62473	0.853252	6826
5	62482	0.853377	6827
5	62491	0.853502	6828
5	62500	0.853627	6829
5	62509	0.853752	6830
5	62522	0.853877	6831
5	62531	0.854002	6832
5	62540	0.854127	6833
5	62549	0.854252	6834
5	62558	0.854377	6835
5	62567	0.854502	6836
5	62576	0.854627	6837
5	62585	0.854752	6838
5	62594	0.854877	6839
5	62603	0.855002	6840
5	62612	0.855127	6841
5	62621	0.855252	6842
5	62630	0.855377	6843
5	62639	0.855502	6844
5	62648	0.855627	6845
5	62657	0.855752	6846
5	62666	0.855877	6847
5	62675	0.856002	6848
5	62684	0.856127	6849
5	62693	0.856252	6850
5	62702	0.856377	6851
5	62711	0.856502	6852
5	62720	0.856627	6853
5	62729	0.856752	6854
5	62738	0.856877	6855
5	62747	0.857002	6856
5	62756	0.857127	6857
5	62769	0.857252	6858
5	62778	0.857377	6859
5	62787	0.857502	6860
5	62796	0.857627	6861
5	62805	0.857752	6862
5	62814	0.857877	6863
5	62823	0.858002	6864
5	62832	0.858127	6865
5	62841	0.858252	6866
5	62850	0.858377	6867
5	62859	0.858502	6868
5	62868	0.858627	6869
5	62877	0.858752	6870
5	62886	0.858877	6871
5	62895	0.859002	6872
5	62904	0.859127	6873
5	62913	0.859252	6874
5	62922	0.859377	6875
5	62931	0.859502	6876
5	62940	0.859627	6877
5	62949	0.859752	6878
5	62958	0.859877	6879
5	62967	0.860002	6880
5	62976	0.860127	6881
5	62985	0.860252	6882
5	62994	0.860377	6883
5	63007	0.860502	6884
5	63016	0.860627	6885
5	63025	0.860752	6886
5	63034	0.860877	6887
5	63043	0.861002	6888
5	63052	0.861127	6889
5	63061	0.861252	6890
5	63070	0.861377	6891
5	63079	0.861502	6892
5	63088	0.861627	6893
5	63097	0.861752	6894
5	63106	0.861877	6895
5	63115	0.862002	6896
5	63124	0.862127	6897
5	63133	0.862252	6898
5	63142	0.862377	6899
5	63151	0.862502	6900
5	63160	0.862627	6901
5	63169	0.862752	6902
5	63178	0.862877	6903
5	63187	0.863002	6904
5	63196	0.863127	6905
5	63205	0.863252	6906
5	63214	0.863377	6907
5	63223	0.863502	6908
5	63232	0.863627	6909
5	63245	0.863752	6910
5	63254	0.863877	6911
5	63263	0.864002	6912
5	63272	0.864127	6913
5	63281	0.864252	6914
5	63290	0.864377	6915
5	63299	0.864502	6916
5	63308	0.864627	6917
5	63317	0.864752	6918
5	63326	0.864877	6919
5	63335	0.865002	6920
5	63344	0.865127	6921
5	63353	0.865252	6922
5	63362	0.865377	6923
5	63371	0.865502	6924
5	63380	0.865627	6925
5	63389	0.865752	6926
5	63398	0.865877	6927
5	63407	0.866002	6928
5	63416	0.866127	6929
5	63425	0.866252	6930
5	63434	0.866377	6931
5	63443	0.866502	6932
5	63452	0.866627	6933
5	63461	0.866752	6934
5	63470	0.866877	6935
5	63483	0.867002	6936
5	63492	0.867127	6937
5	63501	0.867252	6938
5	63510	0.867377	6939
5	63519	0.867502	6940
5	63528	0.867627	6941
5	63537	0.867752	6942
5	63546	0.867877	6943
5	63555	0.868002	6944
5	63564	0.868127	6945
5	63573	0.868252	6946
5	63582	0.868377	6947
5	63591	0.868502	6948
5	63600	0.868627	6949
5	63609	0.868752	6950
5	63618	0.868877	6951
5	63627	0.869002	6952
5	63636	0.869127	6953
5	63645	0.869252	6954
5	63654	0.869377	6955
5	63663	0.869502	6956
5	63672	0.869627	6957
5	63681	0.869752	6958
5	63690	0.869877	6959
5	63699	0.870002	6960
5	63708	0.870127	6961
5	63721	0.870252	6962
5	63730	0.870377	6963
5	63739	0.870502	6964
5	63748	0.870627	6965
5	63757	0.870752	6966
5	63766	0.870877	6967
5	63775	0.871002	6968
5	63784	0.871127	6969
5	63793	0.871252	6970
5	63802	0.871377	6971
5	63811	0.871502	6972
5	63820	0.871627	6973
5	63829	0.871752	6974
5	63838	0.871877	6975
5	63847	0.872002	6976
5	63856	0.872127	6977
5	63865	0.872252	6978
5	63874	0.872377	6979
5	63883	0.872502	6980
5	63892	0.872627	6981
5	63901	0.872752	6982
5	63910	0.872877	6983
5	63919	0.873002	6984
5	63928	0.873127	6985
5	63937	0.873252	6986
5	63946	0.873377	6987
5	63957	0.873502	6988
5	63968	0.873627	6989
5	63977	0.873752	6990
5	63986	0.873877	6991
5	63995	0.874002	6992
5	64004	0.874127	6993
5	64013	0.874252	6994
5	64022	0.874377	6995
5	64031	0.874502	6996
5	64040	0.874627	6997
5	64049	0.874752	6998
5	64058	0.874877	6999
5	64067	0.875002	7000
5	64076	0.875127	7001
5	64085	0.875252	7002
5	64094	0.875377	7003
5	64103	0.875502	7004
5	64112	0.875627	7005
5	64121	0.875752	7006
5	64130	0.875877	7007
5	64139	0.876002	7008
5	64148	0.876127	7009
5	64157	0.876252	7010
5	64166	0.876377	7011
5	64175	0.876502	7012
5	64184	0.876627	7013
5	64193	0.876752	7014
5	64206	0.876877	7015
5	64215	0.877002	7016
5	64224	0.877127	7017
5	64233	0.877252	7018
5	64242	0.877377	7019
5	64251	0.877502	7020
5	64260	0.877627	7021
5	64269	0.877752	7022
5	64278	0.877877	7023
5	64287	0.878002	7024
5	64296	0.878127	7025
5	64305	0.878252	7026
5	64314	0.878377	7027
5	64323	0.878502	7028
5	64332	0.878627	7029
5	64341	0.878752	7030
5	64350	0.878877	7031
5	64359	0.879002	7032
5	64368	0.879127	7033
5	64377	0.879252	7034
5	64386	0.879377	7035
5	64395	0.879502	7036
5	64404	0.879627	7037
5	64413	0.879752	7038
5	64422	0.879877	7039
5	64431	0.880002	7040
5	64444	0.880127	7041
5	64453	0.880252	7042
5	64462	0.880377	7043
5	64471	0.880502	7044
5	64480	0.880627	7045
5	64489	0.880752	7046
5	64498	0.880877	7047
5	64507	0.881002	7048
5	64516	0.881127	7049
5	64525	0.881252	7050
5	64534	0.881377	7051
5	64543	0.881502	7052
5	64552	0.881627	7053
5	64561	0.881752	7054
5	64570	0.881877	7055
5	64579	0.882002	7056
5	64588	0.882127	7057
5	64597	0.882252	7058
5	64606	0.882377	7059
5	64615	0.882502	7060
5	64624	0.882627	7061
5	64633	0.882752	7062
5	64642	0.882877	7063
5	64651	0.883002	7064
5	64660	0.883127	7065
5	64669	0.883252	7066
5	64682	0.883377	7067
5	64691	0.883502	7068
5	64700	0.883627	7069
5	64709	0.883752	7070
5	64718	0.883877	7071
5	64727	0.884002	7072
5	64736	0.884127	7073
5	64745	0.884252	7074
5	64754	0.884377	7075
5	64763	0.884502	7076
5	64772	0.884627	7077
5	64781	0.884752	7078
5	64790	0.884877	7079
5	64799	0.885002	7080
5	64808	0.885127	7081
5	64817	0.885252	7082
5	64826	0.885377	7083
5	64835	0.885502	7084
5	64844	0.885627	7085
5	64853	0.885752	7086
5	64862	0.885877	7087
5	64871	0.886002	7088
5	64880	0.886127	7089
5	64889	0.886252	7090
5	64898	0.886377	7091
5	64907	0.886502	7092
5	64920	0.886627	7093
5	64929	0.886752	7094
5	64938	0.886877	7095
5	64947	0.887002	7096
5	64956	0.887127	7097
5	64965	0.887252	7098
5	64974	0.887377	7099
5	64983	0.887502	7100
5	64992	0.887627	7101
5	65001	0.887752	7102
5	65010	0.887877	7103
5	65019	0.888002	7104
5	65028	0.888127	7105
5	65037	0.888252	7106
5	65046	0.888377	7107
5	65055	0.888502	7108
5	65064	0.888627	7109
5	65073	0.888752	7110
5	65082	0.888877	7111
5	65091	0.889002	7112
5	65100	0.889127	7113
5	65109	0.889252	7114
5	65118	0.889377	7115
5	65127	0.889502	7116
5	65136	0.889627	7117
5	65145	0.889752	7118
5	65158	0.889877	7119
5	65167	0.890002	7120
5	65176	0.890127	7121
5	65185	0.890252	7122
5	65194	0.890377	7123
5	65203	0.890502	7124
5	65212	0.890627	7125
5	65221	0.890752	7126
5	65230	0.890877	7127
5	65239	0.891002	7128
5	65248	0.891127	7129
5	65257	0.891252	7130
5	65266	0.891377	7131
5	65275	0.891502	7132
5	65284	0.891627	7133
5	65293	0.891752	7134
5	65302	0.891877	7135
5	65311	0.892002	7136
5	65320	0.892127	7137
5	65329	0.892252	7138
5	65338	0.892377	7139
5	65347	0.892502	7140
5	65356	0.892627	7141
5	65365	0.892752	7142
5	65374	0.892877	7143
5	65383	0.893002	7144
5	65392	0.893127	7145
5	65405	0.893252	7146
5	65414	0.893377	7147
5	65423	0.893502	7148
5	65432	0.893627	7149
5	65441	0.893752	7150
5	65450	0.893877	7151
5	65459	0.894002	7152
5	65468	0.894127	7153
5	65477	0.894252	7154
5	65486	0.894377	7155
5	65495	0.894502	7156
5	65504	0.894627	7157
5	65513	0.894752	7158
5	65522	0.894877	7159
5	65531	0.895002	7160
5	65540	0.895127	7161
5	65549	0.895252	7162
5	65558	0.895377	7163
5	65567	0.895502	7164
5	65576	0.895627	7165
5	65585	0.895752	7166
5	65594	0.895877	7167
5	65603	0.896002	7168
5	65612	0.896127	7169
5	65621	0.896252	7170
5	65630	0.896377	7171
5	65643	0.896502	7172
5	65652	0.896627	7173
5	65661	0.896752	7174
5	65670	0.896877	7175
5	65679	0.897002	7176
5	65688	0.897127	7177
5	65697	0.897252	7178
5	65706	0.897377	7179
5	65715	0.897502	7180
5	65724	0.897627	7181
5	65733	0.897752	7182
5	65742	0.897877	7183
5	65751	0.898002	7184
5	65760	0.898127	7185
5	65769	0.898252	7186
5	65778	0.898377	7187
5	65787	0.898502	7188
5	65796	0.898627	7189
5	65805	0.898752	7190
5	65814	0.898877	7191
5	65823	0.899002	7192
5	65832	0.899127	7193
5	65841	0.899252	7194
5	65850	0.899377	7195
5	65859	0.899502	7196
5	65868	0.899627	7197
5	65881	0.899752	7198
5	65890	0.899877	7199
5	65899	0.900002	7200
5	65908	0.900127	7201
5	65917	0.900252	7202
5	65926	0.900377	7203
5	65935	0.900502	7204
5	65944	0.900627	7205
5	65953	0.900752	7206
5	65962	0.900877	7207
5	65971	0.901002	7208
5	65980	0.901127	7209
5	65989	0.901252	7210
5	65998	0.901377	7211
5	66007	0.901502	7212
5	66016	0.901627	7213
5	66025	0.901752	7214
5	66034	0.901877	7215
5	66043	0.902002	7216
5	66052	0.902127	7217
5	66061	0.902252	7218
5	66070	0.902377	7219
5	66079	0.902502	7220
5	66088	0.902627	7221
5	66097	0.902752	7222
5	66106	0.902877	7223
5	66119	0.903002	7224
5	66128	0.903127	7225
5	66137	0.903252	7226
5	66146	0.903377	7227
5	66155	0.903502	7228
5	66164	0.903627	7229
5	66173	0.903752	7230
5	66182	0.903877	7231
5	66191	0.904002	7232
5	66200	0.904127	7233
5	66209	0.904252	7234
5	66218	0.904377	7235
5	66227	0.904502	7236
5	66236	0.904627	7237
5	66245	0.904752	7238
5	66254	0.904877	7239
5	66263	0.905002	7240
5	66272	0.905127	7241
5	66281	0.905252	7242
5	66290	0.905377	7243
5	66299	0.905502	7244
5	66308	0.905627	7245
5	66317	0.905752	7246
5	66326	0.905877	7247
5	66335	0.906002	7248
5	66344	0.906127	7249
5	66357	0.906252	7250
5	66366	0.906377	7251
5	66375	0.906502	7252
5	66384	0.906627	7253
5	66393	0.906752	7254
5	66402	0.906877	7255
5	66411	0.907002	7256
5	66420	0.907127	7257
5	66429	0.907252	7258
5	66438	0.907377	7259
5	66447	0.907502	7260
5	66456	0.907627	7261
5	66465	0.907752	7262
5	66474	0.907877	7263
5	66483	0.908002	7264
5	66492	0.908127	7265
5	66501	0.908252	7266
5	66510	0.908377	7267
5	66519	0.908502	7268
5	66528	0.908627	7269
5	66537	0.908752	7270
5	66546	0.908877	7271
5	66555	0.909002	7272
5	66564	0.909127	7273
5	66573	0.909252	7274
5	66582	0.909377	7275
5	66595	0.909502	7276
5	66604	0.909627	7277
5	66613	0.909752	7278
5	66622	0.909877	7279
5	66631	0.910002	7280
5	66640	0.910127	7281
5	66649	0.910252	7282
5	66658	0.910377	7283
5	66667	0.910502	7284
5	66676	0.910627	7285
5	66685	0.910752	7286
5	66694	0.910877	7287
5	66703	0.911002	7288
5	66712	0.911127	7289
5	66721	0.911252	7290
5	66730	0.911377	7291
5	66739	0.911502	7292
5	66748	0.911627	7293
5	66757	0.911752	7294
5	66766	0.911877	7295
5	66775	0.912002	7296
5	66784	0.912127	7297
5	66793	0.912252	7298
5	66802	0.912377	7299
5	66811	0.912502	7300
5	66820	0.912627	7301
5	66829	0.912752	7302
5	66842	0.912877	7303
5	66851	0.913002	7304
5	66860	0.913127	7305
5	66869	0.913252	7306
5	66878	0.913377	7307
5	66887	0.913502	7308
5	66896	0.913627	7309
5	66905	0.913752	7310
5	66914	0.913877	7311
5	66923	0.914002	7312
5	66932	0.914127	7313
5	66941	0.914252	7314
5	66950	0.914377	7315
5	66959	0.914502	7316
5	66968	0.914627	7317
5	66977	0.914752	7318
5	66986	0.914877	7319
5	66995	0.915002	7320
5	67004	0.915127	7321
5	67013	0.915252	7322
5	67022	0.915377	7323
5	67031	0.915502	7324
5	67040	0.915627	7325
5	67049	0.915752	7326
5	67058	0.915877	7327
5	67067	0.916002	7328
5	67080	0.916127	7329
5	67089	0.916252	7330
5	67098	0.916377	7331
5	67107	0.916502	7332
5	67116	0.916627	7333
5	67125	0.916752	7334
5	67134	0.916877	7335
5	67143	0.917002	7336
5	67152	0.917127	7337
5	67161	0.917252	7338
5	67170	0.917377	7339
5	67179	0.917502	7340
5	67188	0.917627	7341
5	67197	0.917752	7342
5	67206	0.917877	7343
5	67215	0.918002	7344
5	67224	0.918127	7345
5	67233	0.918252	7346
5	67242	0.918377	7347
5	67251	0.918502	7348
5	67260	0.918627	7349
5	67269	0.918752	7350
5	67278	0.918877	7351
5	67287	0.919002	7352
5	67296	0.919127	7353
5	67305	0.919252	7354
5	67318	0.919377	7355
5	67327	0.919502	7356
5	67336	0.919627	7357
5	67345	0.919752	7358
5	67354	0.919877	7359
5	67363	0.920002	7360
5	67372	0.920127	7361
5	67381	0.920252	7362
5	67390	0.920377	7363
5	67399	0.920502	7364
5	67408	0.920627	7365
5	67417	0.920752	7366
5	67426	0.920877	7367
5	67435	0.921002	7368
5	67444	0.921127	7369
5	67453	0.921252	7370
5	67462	0.921377	7371
5	67471	0.921502	7372
5	67480	0.921627	7373
5	67489	0.921752	7374
5	67498	0.921877	7375
5	67507	0.922002	7376
5	67516	0.922127	7377
5	67525	0.922252	7378
5	67534	0.922377	7379
5	67543	0.922502	7380
5	67556	0.922627	7381
5	67565	0.922752	7382
5	67574	0.922877	7383
5	67583	0.923002	7384
5	67592	0.923127	7385
5	67601	0.923252	7386
5	67610	0.923377	7387
5	67619	0.923502	7388
5	67628	0.923627	7389
5	67637	0.923752	7390
5	67646	0.923877	7391
5	67655	0.924002	7392
5	67664	0.924127	7393
5	67673	0.924252	7394
5	67682	0.924377	7395
5	67691	0.924502	7396
5	67700	0.924627	7397
5	67709	0.924752	7398
5	67718	0.924877	7399
5	67727	0.925002	7400
5	67736	0.925127	7401
5	67745	0.925252	7402
5	67754	0.925377	7403
5	67763	0.925502	7404
5	67772	0.925627	7405
5	67781	0.925752	7406
5	67794	0.925877	7407
5	67803	0.926002	7408
5	67812	0.926127	7409
5	67821	0.926252	7410
5	67830	0.926377	7411
5	67839	0.926502	7412
5	67848	0.926627	7413
5	67857	0.926752	7414
5	67866	0.926877	7415
5	67875	0.927002	7416
5	67884	0.927127	7417
5	67893	0.927252	7418
5	67902	0.927377	7419
5	67911	0.927502	7420
5	67920	0.927627	7421
5	67929	0.927752	7422
5	67938	0.927877	7423
5	67947	0.928002	7424
5	67956	0.928127	7425
5	67965	0.928252	7426
5	67974	0.928377	7427
5	67983	0.928502	7428
5	67992	0.928627	7429
5	68001	0.928752	7430
5	68010	0.928877	7431
5	68019	0.929002	7432
5	68032	0.929127	7433
5	68041	0.929252	7434
5	68050	0.929377	7435
5	68059	0.929502	7436
5	68068	0.929627	7437
5	68077	0.929752	7438
5	68086	0.929877	7439
5	68095	0.930002	7440
5	68104	0.930127	7441
5	68113	0.930252	7442
5	68122	0.930377	7443
5	68131	0.930502	7444
5	68140	0.930627	7445
5	68149	0.930752	7446
5	68158	0.930877	7447
5	68167	0.931002	7448
5	68176	0.931127	7449
5	68185	0.931252	7450
5	68194	0.931377	7451
5	68203	0.931502	7452
5	68212	0.931627	7453
5	68221	0.931752	7454
5	68230	0.931877	7455
5	68239	0.932002	7456
5	68248	0.932127	7457
5	68257	0.932252	7458
5	68266	0.932377	7459
5	68279	0.932502	7460
5	68288	0.932627	7461
5	68297	0.932752	7462
5	68306	0.932877	7463
5	68315	0.933002	7464
5	68324	0.933127	7465
5	68333	0.933252	7466
5	68342	0.933377	7467
5	68351	0.933502	7468
5	68360	0.933627	7469
5	68369	0.933752	7470
5	68378	0.933877	7471
5	68387	0.934002	7472
5	68396	0.934127	7473
5	68405	0.934252	7474
5	68414	0.934377	7475
5	68423	0.934502	7476
5	68432	0.934627	7477
5	68441	0.934752	7478
5	68450	0.934877	7479
5	68459	0.935002	7480
5	68468	0.935127	7481
5	68477	0.935252	7482
5	68486	0.935377	7483
5	68495	0.935502	7484
5	68504	0.935627	7485
5	68517	0.935752	7486
5	68526	0.935877	7487
5	68535	0.936002	7488
5	68544	0.936127	7489
5	68553	0.936252	7490
5	68562	0.936377	7491
5	68571	0.936502	7492
5	68580	0.936627	7493
5	68589	0.936752	7494
5	68598	0.936877	7495
5	68607	0.937002	7496
5	68616	0.937127	7497
5	68625	0.937252	7498
5	68634	0.937377	7499
5	68643	0.937502	7500
5	68652	0.937627	7501
5	68661	0.937752	7502
5	68670	0.937877	7503
5	68679	0.938002	7504
5	68688	0.938127	7505
5	68697	0.938252	7506
5	68706	0.938377	7507
5	68715	0.938502	7508
5	68724	0.938627	7509
5	68733	0.938752	7510
5	68742	0.938877	7511
5	68755	0.939002	7512
5	68764	0.939127	7513
5	68773	0.939252	7514
5	68782	0.939377	7515
5	68791	0.939502	7516
5	68800	0.939627	7517
5	68809	0.939752	7518
5	68818	0.939877	7519
5	68827	0.940002	7520
5	68836	0.940127	7521
5	68845	0.940252	7522
5	68854	0.940377	7523
5	68863	0.940502	7524
5	68872	0.940627	7525
5	68881	0.940752	7526
5	68890	0.940877	7527
5	68899	0.941002	7528
5	68908	0.941127	7529
5	68917	0.941252	7530
5	68926	0.941377	7531
5	68935	0.941502	7532
5	68944	0.941627	7533
5	68953	0.941752	7534
5	68962	0.941877	7535
5	68971	0.942002	7536
5	68980	0.942127	7537
5	68993	0.942252	7538
5	69002	0.942377	7539
5	69011	0.942502	7540
5	69020	0.942627	7541
5	69029	0.942752	7542
5	69038	0.942877	7543
5	69047	0.943002	7544
5	69056	0.943127	7545
5	69065	0.943252	7546
5	69074	0.943377	7547
5	69083	0.943502	7548
5	69092	0.943627	7549
5	69101	0.943752	7550
5	69110	0.943877	7551
5	69119	0.944002	7552
5	69128	0.944127	7553
5	69137	0.944252	7554
5	69146	0.944377	7555
5	69155	0.944502	7556
5	69164	0.944627	7557
5	69173	0.944752	7558
5	69182	0.944877	7559
5	69191	0.945002	7560
5	69200	0.945127	7561
5	69209	0.945252	7562
5	69218	0.945377	7563
5	69231	0.945502	7564
5	69240	0.945627	7565
5	69249	0.945752	7566
5	69258	0.945877	7567
5	69267	0.946002	7568
5	69276	0.946127	7569
5	69285	0.946252	7570
5	69294	0.946377	7571
5	69303	0.946502	7572
5	69312	0.946627	7573
5	69321	0.946752	7574
5	69330	0.946877	7575
5	69339	0.947002	7576
5	69348	0.947127	7577
5	69357	0.947252	7578
5	69366	0.947377	7579
5	69375	0.947502	7580
5	69384	0.947627	7581
5	69393	0.947752	7582
5	69402	0.947877	7583
5	69411	0.948002	7584
5	69420	0.948127	7585
5	69429	0.948252	7586
5	69438	0.948377	7587
5	69447	0.948502	7588
5	69456	0.948627	7589
5	69467	0.948752	7590
5	69478	0.948877	7591
5	69487	0.949002	7592
5	69496	0.949127	7593
5	69505	0.949252	7594
5	69514	0.949377	7595
5	69523	0.949502	7596
5	69532	0.949627	7597
5	69541	0.949752	7598
5	69550	0.949877	7599
5	69559	0.950002	7600
5	69568	0.950127	7601
5	69577	0.950252	7602
5	69586	0.950377	7603
5	69595	0.950502	7604
5	69604	0.950627	7605
5	69613	0.950752	7606
5	69622	0.950877	7607
5	69631	0.951002	7608
5	69640	0.951127	7609
5	69649	0.951252	7610
5	69658	0.951377	7611
5	69667	0.951502	7612
5	69676	0.951627	7613
5	69685	0.951752	7614
5	69694	0.951877	7615
5	69703	0.952002	7616
5	69716	0.952127	7617
5	69725	0.952252	7618
5	69734	0.952377	7619
5	69743	0.952502	7620
5	69752	0.952627	7621
5	69761	0.952752	7622
5	69770	0.952877	7623
5	69779	0.953002	7624
5	69788	0.953127	7625
5	69797	0.953252	7626
5	69806	0.953377	7627
5	69815	0.953502	7628
5	69824	0.953627	7629
5	69833	0.953752	7630
5	69842	0.953877	7631
5	69851	0.954002	7632
5	69860	0.954127	7633
5	69869	0.954252	7634
5	69878	0.954377	7635
5	69887	0.954502	7636
5	69896	0.954627	7637
5	69905	0.954752	7638
5	69914	0.954877	7639
5	69923	0.955002	7640
5	69932	0.955127	7641
5	69941	0.955252	7642
5	69954	0.955377	7643
5	69963	0.955502	7644
5	69972	0.955627	7645
5	69981	0.955752	7646
5	69990	0.955877	7647
5	69999	0.956002	7648
5	70008	0.956127	7649
5	70017	0.956252	7650
5	70026	0.956377	7651
5	70035	0.956502	7652
5	70044	0.956627	7653
5	70053	0.956752	7654
5	70062	0.956877	7655
5	70071	0.957002	7656
5	70080	0.957127	7657
5	70089	0.957252	7658
5	70098	0.957377	7659
5	70107	0.957502	7660
5	70116	0.957627	7661
5	70125	0.957752	7662
5	70134	0.957877	7663
5	70143	0.958002	7664
5	70152	0.958127	7665
5	70161	0.958252	7666
5	70170	0.958377	7667
5	70179	0.958502	7668
5	70192	0.958627	7669
5	70201	0.958752	7670
5	70210	0.958877	7671
5	70219	0.959002	7672
5	70228	0.959127	7673
5	70237	0.959252	7674
5	70246	0.959377	7675
5	70255	0.959502	7676
5	70264	0.959627	7677
5	70273	0.959752	7678
5	70282	0.959877	7679
5	70291	0.960002	7680
5	70300	0.960127	7681
5	70309	0.960252	7682
5	70318	0.960377	7683
5	70327	0.960502	7684
5	70336	0.960627	7685
5	70345	0.960752	7686
5	70354	0.960877	7687
5	70363	0.961002	7688
5	70372	0.961127	7689
5	70381	0.961252	7690
5	70390	0.961377	7691
5	70399	0.961502	7692
5	70408	0.961627	7693
5	70417	0.961752	7694
5	70430	0.961877	7695
5	70439	0.962002	7696
5	70448	0.962127	7697
5	70457	0.962252	7698
5	70466	0.962377	7699
5	70475	0.962502	7700
5	70484	0.962627	7701
5	70493	0.962752	7702
5	70502	0.962877	7703
5	70511	0.963002	7704
5	70520	0.963127	7705
5	70529	0.963252	7706
5	70538	0.963377	7707
5	70547	0.963502	7708
5	70556	0.963627	7709
5	70565	0.963752	7710
5	70574	0.963877	7711
5	70583	0.964002	7712
5	70592	0.964127	7713
5	70601	0.964252	7714
5	70610	0.964377	7715
5	70619	0.964502	7716
5	70628	0.964627	7717
5	70637	0.964752	7718
5	70646	0.964877	7719
5	70655	0.965002	7720
5	70668	0.965127	7721
5	70677	0.965252	7722
5	70686	0.965377	7723
5	70695	0.965502	7724
5	70704	0.965627	7725
5	70713	0.965752	7726
5	70722	0.965877	7727
5	70731	0.966002	7728
5	70740	0.966127	7729
5	70749	0.966252	7730
5	70758	0.966377	7731
5	70767	0.966502	7732
5	70776	0.966627	7733
5	70785	0.966752	7734
5	70794	0.966877	7735
5	70803	0.967002	7736
5	70812	0.967127	7737
5	70821	0.967252	7738
5	70830	0.967377	7739
5	70839	0.967502	7740
5	70848	0.967627	7741
5	70857	0.967752	7742
5	70866	0.967877	7743
5	70875	0.968002	7744
5	70884	0.968127	7745
5	70893	0.968252	7746
5	70902	0.968377	7747
5	70915	0.968502	7748
5	70924	0.968627	7749
5	70933	0.968752	7750
5	70942	0.968877	7751
5	70951	0.969002	7752
5	70960	0.969127	7753
5	70969	0.969252	7754
5	70978	0.969377	7755
5	70987	0.969502	7756
5	70996	0.969627	7757
5	71005	0.969752	7758
5	71014	0.969877	7759
5	71023	0.970002	7760
5	71032	0.970127	7761
5	71041	0.970252	7762
5	71050	0.970377	7763
5	71059	0.970502	7764
5	71068	0.970627	7765
5	71077	0.970752	7766
5	71086	0.970877	7767
5	71095	0.971002	7768
5	71104	0.971127	7769
5	71113	0.971252	7770
5	71122	0.971377	7771
5	71131	0.971502	7772
5	71140	0.971627	7773
5	71153	0.971752	7774
5	71162	0.971877	7775
5	71171	0.972002	7776
5	71180	0.972127	7777
5	71189	0.972252	7778
5	71198	0.972377	7779
5	71207	0.972502	7780
5	71216	0.972627	7781
5	71225	0.972752	7782
5	71234	0.972877	7783
5	71243	0.973002	7784
5	71252	0.973127	7785
5	71261	0.973252	7786
5	71270	0.973377	7787
5	71279	0.973502	7788
5	71288	0.973627	7789
5	71297	0.973752	7790
5	71306	0.973877	7791
5	71315	0.974002	7792
5	71324	0.974127	7793
5	71333	0.974252	7794
5	71342	0.974377	7795
5	71351	0.974502	7796
5	71360	0.974627	7797
5	71369	0.974752	7798
5	71378	0.974877	7799
5	71391	0.975002	7800
5	71400	0.975127	7801
5	71409	0.975252	7802
5	71418	0.975377	7803
5	71427	0.975502	7804
5	71436	0.975627	7805
5	71445	0.975752	7806
5	71454	0.975877	7807
5	71463	0.976002	7808
5	71472	0.976127	7809
5	71481	0.976252	7810
5	71490	0.976377	7811
5	71499	0.976502	7812
5	71508	0.976627	7813
5	71517	0.976752	7814
5	71526	0.976877	7815
5	71535	0.977002	7816
5	71544	0.977127	7817
5	71553	0.977252	7818
5	71562	0.977377	7819
5	71571	0.977502	7820
5	71580	0.977627	7821
5	71589	0.977752	7822
5	71598	0.977877	7823
5	71607	0.978002	7824
5	71616	0.978127	7825
5	71629	0.978252	7826
5	71638	0.978377	7827
5	71647	0.978502	7828
5	71656	0.978627	7829
5	71665	0.978752	7830
5	71674	0.978877	7831
5	71683	0.979002	7832
5	71692	0.979127	7833
5	71701	0.979252	7834
5	71710	0.979377	7835
5	71719	0.979502	7836
5	71728	0.979627	7837
5	71737	0.979752	7838
5	71746	0.979877	7839
5	71755	0.980002	7840
5	71764	0.980127	7841
5	71773	0.980252	7842
5	71782	0.980377	7843
5	71791	0.980502	7844
5	71800	0.980627	7845
5	71809	0.980752	7846
5	71818	0.980877	7847
5	71827	0.981002	7848
5	71836	0.981127	7849
5	71845	0.981252	7850
5	71854	0.981377	7851
5	71867	0.981502	7852
5	71876	0.981627	7853
5	71885	0.981752	7854
5	71894	0.981877	7855
5	71903	0.982002	7856
5	71912	0.982127	7857
5	71921	0.982252	7858
5	71930	0.982377	7859
5	71939	0.982502	7860
5	71948	0.982627	7861
5	71957	0.982752	7862
5	71966	0.982877	7863
5	71975	0.983002	7864
5	71984	0.983127	7865
5	71993	0.983252	7866
5	72002	0.983377	7867
5	72011	0.983502	7868
5	72020	0.983627	7869
5	72029	0.983752	7870
5	72038	0.983877	7871
5	72047	0.984002	7872
5	72056	0.984127	7873
5	72065	0.984252	7874
5	72074	0.984377	7875
5	72083	0.984502	7876
5	72092	0.984627	7877
5	72105	0.984752	7878
5	72114	0.984877	7879
5	72123	0.985002	7880
5	72132	0.985127	7881
5	72141	0.985252	7882
5	72150	0.985377	7883
5	72159	0.985502	7884
5	72168	0.985627	7885
5	72177	0.985752	7886
5	72186	0.985877	7887
5	72195	0.986002	7888
5	72204	0.986127	7889
5	72213	0.986252	7890
5	72222	0.986377	7891
5	72231	0.986502	7892
5	72240	0.986627	7893
5	72249	0.986752	7894
5	72258	0.986877	7895
5	72267	0.987002	7896
5	72276	0.987127	7897
5	72285	0.987252	7898
5	72294	0.987377	7899
5	72303	0.987502	7900
5	72312	0.987627	7901
5	72321	0.987752	7902
5	72330	0.987877	7903
5	72339	0.988002	7904
5	72352	0.988127	7905
5	72361	0.988252	7906
5	72370	0.988377	7907
5	72379	0.988502	7908
5	72388	0.988627	7909
5	72397	0.988752	7910
5	72406	0.988877	7911
5	72415	0.989002	7912
5	72424	0.989127	7913
5	72433	0.989252	7914
5	72442	0.989377	7915
5	72451	0.989502	7916
5	72460	0.989627	7917
5	72469	0.989752	7918
5	72478	0.989877	7919
5	72487	0.990002	7920
5	72496	0.990127	7921
5	72505	0.990252	7922
5	72514	0.990377	7923
5	72523	0.990502	7924
5	72532	0.990627	7925
5	72541	0.990752	7926
5	72550	0.990877	7927
5	72559	0.991002	7928
5	72568	0.991127	7929
5	72577	0.991252	7930
5	72590	0.991377	7931
5	72599	0.991502	7932
5	72608	0.991627	7933
5	72617	0.991752	7934
5	72626	0.991877	7935
5	72635	0.992002	7936
5	72644	0.992127	7937
5	72653	0.992252	7938
5	72662	0.992377	7939
5	72671	0.992502	7940
5	72680	0.992627	7941
5	72689	0.992752	7942
5	72698	0.992877	7943
5	72707	0.993002	7944
5	72716	0.993127	7945
5	72725	0.993252	7946
5	72734	0.993377	7947
5	72743	0.993502	7948
5	72752	0.993627	7949
5	72761	0.993752	7950
5	72770	0.993877	7951
5	72779	0.994002	7952
5	72788	0.994127	7953
5	72797	0.994252	7954
5	72806	0.994377	7955
5	72815	0.994502	7956
5	72828	0.994627	7957
5	72837	0.994752	7958
5	72846	0.994877	7959
5	72855	0.995002	7960
5	72864	0.995127	7961
5	72873	0.995252	7962
5	72882	0.995377	7963
5	72891	0.995502	7964
5	72900	0.995627	7965
5	72909	0.995752	7966
5	72918	0.995877	7967
5	72927	0.996002	7968
5	72936	0.996127	7969
5	72945	0.996252	7970
5	72954	0.996377	7971
5	72963	0.996502	7972
5	72972	0.996627	7973
5	72981	0.996752	7974
5	72990	0.996877	7975
5	72999	0.997002	7976
5	73008	0.997127	7977
5	73017	0.997252	7978
5	73026	0.997377	7979
5	73035	0.997502	7980
5	73044	0.997627	7981
5	73053	0.997752	7982
5	73066	0.997877	7983
5	73075	0.998002	7984
5	73084	0.998127	7985
5	73093	0.998252	7986
5	73102	0.998377	7987
5	73111	0.998502	7988
5	73120	0.998627	7989
5	73129	0.998752	7990
5	73138	0.998877	7991
5	73147	0.999002	7992
5	73156	0.999127	7993
5	73165	0.999252	7994
5	73174	0.999377	7995
5	73183	0.999502	7996
5	73192	0.999627	7997
5	73201	0.999752	7998
5	73210	0.999877	7999

