version 3
run STM4A-0-20260514-11:31:52-18732
attr configname STM4A
attr datetime 20260514-11:31:52
attr datetimef 20260514-113152
attr experiment STM4A
attr inifile omnetpp.ini
attr iterationvars ""
attr iterationvarsd ""
attr iterationvarsf ""
attr measurement ""
attr network p2pNetwork
attr processid 18732
attr repetition 0
attr replication #0
attr resultdir results
attr runnumber 0
attr seedset 0
config image-path ../../../../../images
config *.sourceA.packetInterval 120.4us
config *.sourceA.packetSize 9360
config *.sourceB.packetInterval 120.4us
config *.sourceB.packetSize 9360
config *.lteA.stmLevel 4
config *.lteB.stmLevel 4
config *.lteA.numTributaries 4
config *.lteB.numTributaries 4
config network p2pNetwork
config sim-time-limit 1s
config *.visualizer.*.enabled true
config *.visualizer.*.animationSpeed 20
config *.visualizer.*.displayRoutes false
config *.visualizer.*.displayPacketDrops true
config *.visualizer.*.displayLabels true
config **.scalar-recording true
config **.vector-recording true
config *.lteA.stmLevel 1
config *.lteB.stmLevel 1
config *.lteA.numTributaries 1
config *.lteB.numTributaries 1
config *.sourceA.packetInterval 50us
config *.sourceA.packetSize 3000

vector 0 p2pNetwork.lteA loadSTM:vector ETV
attr recordingmode vector
attr source loadSTM
attr title "Carga utilizada en cada trama STM"
vector 1 p2pNetwork.lteA stmWorkingSent:vector ETV
attr recordingmode vector
attr source stmWorkingSent
attr title "STM sent on working line"
vector 2 p2pNetwork.lteB loadSTM:vector ETV
attr recordingmode vector
attr source loadSTM
attr title "Carga utilizada en cada trama STM"
vector 3 p2pNetwork.lteB stmWorkingSent:vector ETV
attr recordingmode vector
attr source stmWorkingSent
attr title "STM sent on working line"
vector 4 p2pNetwork.lteB stmWorkingReceived:vector ETV
attr recordingmode vector
attr source stmWorkingReceived
attr title "STM received on working line"
vector 5 p2pNetwork.lteA stmWorkingReceived:vector ETV
attr recordingmode vector
attr source stmWorkingReceived
attr title "STM received on working line"
0	5	0.000125	1
0	15	0.00025	1
0	25	0.000375	1
0	35	0.0005	1
0	45	0.000625	1
0	55	0.00075	1
0	65	0.000875	1
0	75	0.001	1
0	85	0.001125	1
0	95	0.00125	1
0	105	0.001375	1
0	115	0.0015	1
0	125	0.001625	1
0	135	0.00175	1
0	145	0.001875	1
0	155	0.002	1
0	165	0.002125	1
0	175	0.00225	1
0	185	0.002375	1
0	195	0.0025	1
0	205	0.002625	1
0	215	0.00275	1
0	225	0.002875	1
0	235	0.003	1
0	245	0.003125	1
0	255	0.00325	1
0	269	0.003375	1
0	279	0.0035	1
0	289	0.003625	1
0	299	0.00375	1
0	309	0.003875	1
0	319	0.004	1
0	329	0.004125	1
0	339	0.00425	1
0	349	0.004375	1
0	359	0.0045	1
0	369	0.004625	1
0	379	0.00475	1
0	389	0.004875	1
0	399	0.005	1
0	409	0.005125	1
0	419	0.00525	1
0	429	0.005375	1
0	439	0.0055	1
0	449	0.005625	1
0	459	0.00575	1
0	469	0.005875	1
0	479	0.006	1
0	489	0.006125	1
0	499	0.00625	1
0	509	0.006375	1
0	519	0.0065	1
0	533	0.006625	1
0	543	0.00675	1
0	553	0.006875	1
0	563	0.007	1
0	573	0.007125	1
0	583	0.00725	1
0	593	0.007375	1
0	603	0.0075	1
0	613	0.007625	1
0	623	0.00775	1
0	633	0.007875	1
0	643	0.008	1
0	653	0.008125	1
0	663	0.00825	1
0	673	0.008375	1
0	683	0.0085	1
0	693	0.008625	1
0	703	0.00875	1
0	713	0.008875	1
0	723	0.009	1
0	733	0.009125	1
0	743	0.00925	1
0	753	0.009375	1
0	763	0.0095	1
0	773	0.009625	1
0	783	0.00975	1
0	797	0.009875	1
0	807	0.01	1
0	817	0.010125	1
0	827	0.01025	1
0	837	0.010375	1
0	847	0.0105	1
0	857	0.010625	1
0	867	0.01075	1
0	877	0.010875	1
0	887	0.011	1
0	897	0.011125	1
0	907	0.01125	1
0	917	0.011375	1
0	927	0.0115	1
0	937	0.011625	1
0	947	0.01175	1
0	957	0.011875	1
0	967	0.012	1
0	977	0.012125	1
0	987	0.01225	1
0	997	0.012375	1
0	1007	0.0125	1
0	1017	0.012625	1
0	1027	0.01275	1
0	1037	0.012875	1
0	1047	0.013	1
0	1061	0.013125	1
0	1071	0.01325	1
0	1081	0.013375	1
0	1091	0.0135	1
0	1101	0.013625	1
0	1111	0.01375	1
0	1121	0.013875	1
0	1131	0.014	1
0	1141	0.014125	1
0	1151	0.01425	1
0	1161	0.014375	1
0	1171	0.0145	1
0	1181	0.014625	1
0	1191	0.01475	1
0	1201	0.014875	1
0	1211	0.015	1
0	1221	0.015125	1
0	1231	0.01525	1
0	1241	0.015375	1
0	1251	0.0155	1
0	1261	0.015625	1
0	1271	0.01575	1
0	1281	0.015875	1
0	1291	0.016	1
0	1301	0.016125	1
0	1311	0.01625	1
0	1325	0.016375	1
0	1335	0.0165	1
0	1345	0.016625	1
0	1355	0.01675	1
0	1365	0.016875	1
0	1375	0.017	1
0	1385	0.017125	1
0	1395	0.01725	1
0	1405	0.017375	1
0	1415	0.0175	1
0	1425	0.017625	1
0	1435	0.01775	1
0	1445	0.017875	1
0	1455	0.018	1
0	1465	0.018125	1
0	1475	0.01825	1
0	1485	0.018375	1
0	1495	0.0185	1
0	1505	0.018625	1
0	1515	0.01875	1
0	1525	0.018875	1
0	1535	0.019	1
0	1545	0.019125	1
0	1555	0.01925	1
0	1565	0.019375	1
0	1575	0.0195	1
0	1585	0.019625	1
0	1599	0.01975	1
0	1609	0.019875	1
0	1619	0.02	1
0	1629	0.020125	1
0	1639	0.02025	1
0	1649	0.020375	1
0	1659	0.0205	1
0	1669	0.020625	1
0	1679	0.02075	1
0	1689	0.020875	1
0	1699	0.021	1
0	1709	0.021125	1
0	1719	0.02125	1
0	1729	0.021375	1
0	1739	0.0215	1
0	1749	0.021625	1
0	1759	0.02175	1
0	1769	0.021875	1
0	1779	0.022	1
0	1789	0.022125	1
0	1799	0.02225	1
0	1809	0.022375	1
0	1819	0.0225	1
0	1829	0.022625	1
0	1839	0.02275	1
0	1849	0.022875	1
0	1863	0.023	1
0	1873	0.023125	1
0	1883	0.02325	1
0	1893	0.023375	1
0	1903	0.0235	1
0	1913	0.023625	1
0	1923	0.02375	1
0	1933	0.023875	1
0	1943	0.024	1
0	1953	0.024125	1
0	1963	0.02425	1
0	1973	0.024375	1
0	1983	0.0245	1
0	1993	0.024625	1
0	2003	0.02475	1
0	2013	0.024875	1
0	2023	0.025	1
0	2033	0.025125	1
0	2043	0.02525	1
0	2053	0.025375	1
0	2063	0.0255	1
0	2073	0.025625	1
0	2083	0.02575	1
0	2093	0.025875	1
0	2103	0.026	1
0	2113	0.026125	1
0	2127	0.02625	1
0	2137	0.026375	1
0	2147	0.0265	1
0	2157	0.026625	1
0	2167	0.02675	1
0	2177	0.026875	1
0	2187	0.027	1
0	2197	0.027125	1
0	2207	0.02725	1
0	2217	0.027375	1
0	2227	0.0275	1
0	2237	0.027625	1
0	2247	0.02775	1
0	2257	0.027875	1
0	2267	0.028	1
0	2277	0.028125	1
0	2287	0.02825	1
0	2297	0.028375	1
0	2307	0.0285	1
0	2317	0.028625	1
0	2327	0.02875	1
0	2337	0.028875	1
0	2347	0.029	1
0	2357	0.029125	1
0	2367	0.02925	1
0	2377	0.029375	1
0	2391	0.0295	1
0	2401	0.029625	1
0	2411	0.02975	1
0	2421	0.029875	1
0	2431	0.03	1
0	2441	0.030125	1
0	2451	0.03025	1
0	2461	0.030375	1
0	2471	0.0305	1
0	2481	0.030625	1
0	2491	0.03075	1
0	2501	0.030875	1
0	2511	0.031	1
0	2521	0.031125	1
0	2531	0.03125	1
0	2541	0.031375	1
0	2551	0.0315	1
0	2561	0.031625	1
0	2571	0.03175	1
0	2581	0.031875	1
0	2591	0.032	1
0	2601	0.032125	1
0	2611	0.03225	1
0	2621	0.032375	1
0	2631	0.0325	1
0	2641	0.032625	1
0	2655	0.03275	1
0	2665	0.032875	1
0	2675	0.033	1
0	2685	0.033125	1
0	2695	0.03325	1
0	2705	0.033375	1
0	2715	0.0335	1
0	2725	0.033625	1
0	2735	0.03375	1
0	2745	0.033875	1
0	2755	0.034	1
0	2765	0.034125	1
0	2775	0.03425	1
0	2785	0.034375	1
0	2795	0.0345	1
0	2805	0.034625	1
0	2815	0.03475	1
0	2825	0.034875	1
0	2835	0.035	1
0	2845	0.035125	1
0	2855	0.03525	1
0	2865	0.035375	1
0	2875	0.0355	1
0	2885	0.035625	1
0	2895	0.03575	1
0	2905	0.035875	1
0	2919	0.036	1
0	2929	0.036125	1
0	2939	0.03625	1
0	2949	0.036375	1
0	2959	0.0365	1
0	2969	0.036625	1
0	2979	0.03675	1
0	2989	0.036875	1
0	2999	0.037	1
0	3009	0.037125	1
0	3019	0.03725	1
0	3029	0.037375	1
0	3039	0.0375	1
0	3049	0.037625	1
0	3059	0.03775	1
0	3069	0.037875	1
0	3079	0.038	1
0	3089	0.038125	1
0	3099	0.03825	1
0	3109	0.038375	1
0	3119	0.0385	1
0	3129	0.038625	1
0	3139	0.03875	1
0	3149	0.038875	1
0	3159	0.039	1
0	3169	0.039125	1
0	3179	0.03925	1
0	3193	0.039375	1
0	3203	0.0395	1
0	3213	0.039625	1
0	3223	0.03975	1
0	3233	0.039875	1
0	3243	0.04	1
0	3253	0.040125	1
0	3263	0.04025	1
0	3273	0.040375	1
0	3283	0.0405	1
0	3293	0.040625	1
0	3303	0.04075	1
0	3313	0.040875	1
0	3323	0.041	1
0	3333	0.041125	1
0	3343	0.04125	1
0	3353	0.041375	1
0	3363	0.0415	1
0	3373	0.041625	1
0	3383	0.04175	1
0	3393	0.041875	1
0	3403	0.042	1
0	3413	0.042125	1
0	3423	0.04225	1
0	3433	0.042375	1
0	3443	0.0425	1
0	3457	0.042625	1
0	3467	0.04275	1
0	3477	0.042875	1
0	3487	0.043	1
0	3497	0.043125	1
0	3507	0.04325	1
0	3517	0.043375	1
0	3527	0.0435	1
0	3537	0.043625	1
0	3547	0.04375	1
0	3557	0.043875	1
0	3567	0.044	1
0	3577	0.044125	1
0	3587	0.04425	1
0	3597	0.044375	1
0	3607	0.0445	1
0	3617	0.044625	1
0	3627	0.04475	1
0	3637	0.044875	1
0	3647	0.045	1
0	3657	0.045125	1
0	3667	0.04525	1
0	3677	0.045375	1
0	3687	0.0455	1
0	3697	0.045625	1
0	3707	0.04575	1
0	3721	0.045875	1
0	3731	0.046	1
0	3741	0.046125	1
0	3751	0.04625	1
0	3761	0.046375	1
0	3771	0.0465	1
0	3781	0.046625	1
0	3791	0.04675	1
0	3801	0.046875	1
0	3811	0.047	1
0	3821	0.047125	1
0	3831	0.04725	1
0	3841	0.047375	1
0	3851	0.0475	1
0	3861	0.047625	1
0	3871	0.04775	1
0	3881	0.047875	1
0	3891	0.048	1
0	3901	0.048125	1
0	3911	0.04825	1
0	3921	0.048375	1
0	3931	0.0485	1
0	3941	0.048625	1
0	3951	0.04875	1
0	3961	0.048875	1
0	3971	0.049	1
0	3985	0.049125	1
0	3995	0.04925	1
0	4005	0.049375	1
0	4015	0.0495	1
0	4025	0.049625	1
0	4035	0.04975	1
0	4045	0.049875	1
0	4055	0.05	1
0	4065	0.050125	1
0	4075	0.05025	1
0	4085	0.050375	1
0	4095	0.0505	1
0	4105	0.050625	1
0	4115	0.05075	1
0	4125	0.050875	1
0	4135	0.051	1
0	4145	0.051125	1
0	4155	0.05125	1
0	4165	0.051375	1
0	4175	0.0515	1
0	4185	0.051625	1
0	4195	0.05175	1
0	4205	0.051875	1
0	4215	0.052	1
0	4225	0.052125	1
0	4235	0.05225	1
0	4249	0.052375	1
0	4259	0.0525	1
0	4269	0.052625	1
0	4279	0.05275	1
0	4289	0.052875	1
0	4299	0.053	1
0	4309	0.053125	1
0	4319	0.05325	1
0	4329	0.053375	1
0	4339	0.0535	1
0	4349	0.053625	1
0	4359	0.05375	1
0	4369	0.053875	1
0	4379	0.054	1
0	4389	0.054125	1
0	4399	0.05425	1
0	4409	0.054375	1
0	4419	0.0545	1
0	4429	0.054625	1
0	4439	0.05475	1
0	4449	0.054875	1
0	4459	0.055	1
0	4469	0.055125	1
0	4479	0.05525	1
0	4489	0.055375	1
0	4499	0.0555	1
0	4513	0.055625	1
0	4523	0.05575	1
0	4533	0.055875	1
0	4543	0.056	1
0	4553	0.056125	1
0	4563	0.05625	1
0	4573	0.056375	1
0	4583	0.0565	1
0	4593	0.056625	1
0	4603	0.05675	1
0	4613	0.056875	1
0	4623	0.057	1
0	4633	0.057125	1
0	4643	0.05725	1
0	4653	0.057375	1
0	4663	0.0575	1
0	4673	0.057625	1
0	4683	0.05775	1
0	4693	0.057875	1
0	4703	0.058	1
0	4713	0.058125	1
0	4723	0.05825	1
0	4733	0.058375	1
0	4743	0.0585	1
0	4753	0.058625	1
0	4763	0.05875	1
0	4773	0.058875	1
0	4787	0.059	1
0	4797	0.059125	1
0	4807	0.05925	1
0	4817	0.059375	1
0	4827	0.0595	1
0	4837	0.059625	1
0	4847	0.05975	1
0	4857	0.059875	1
0	4867	0.06	1
0	4877	0.060125	1
0	4887	0.06025	1
0	4897	0.060375	1
0	4907	0.0605	1
0	4917	0.060625	1
0	4927	0.06075	1
0	4937	0.060875	1
0	4947	0.061	1
0	4957	0.061125	1
0	4967	0.06125	1
0	4977	0.061375	1
0	4987	0.0615	1
0	4997	0.061625	1
0	5007	0.06175	1
0	5017	0.061875	1
0	5027	0.062	1
0	5037	0.062125	1
0	5051	0.06225	1
0	5061	0.062375	1
0	5071	0.0625	1
0	5081	0.062625	1
0	5091	0.06275	1
0	5101	0.062875	1
0	5111	0.063	1
0	5121	0.063125	1
0	5131	0.06325	1
0	5141	0.063375	1
0	5151	0.0635	1
0	5161	0.063625	1
0	5171	0.06375	1
0	5181	0.063875	1
0	5191	0.064	1
0	5201	0.064125	1
0	5211	0.06425	1
0	5221	0.064375	1
0	5231	0.0645	1
0	5241	0.064625	1
0	5251	0.06475	1
0	5261	0.064875	1
0	5271	0.065	1
0	5281	0.065125	1
0	5291	0.06525	1
0	5301	0.065375	1
0	5315	0.0655	1
0	5325	0.065625	1
0	5335	0.06575	1
0	5345	0.065875	1
0	5355	0.066	1
0	5365	0.066125	1
0	5375	0.06625	1
0	5385	0.066375	1
0	5395	0.0665	1
0	5405	0.066625	1
0	5415	0.06675	1
0	5425	0.066875	1
0	5435	0.067	1
0	5445	0.067125	1
0	5455	0.06725	1
0	5465	0.067375	1
0	5475	0.0675	1
0	5485	0.067625	1
0	5495	0.06775	1
0	5505	0.067875	1
0	5515	0.068	1
0	5525	0.068125	1
0	5535	0.06825	1
0	5545	0.068375	1
0	5555	0.0685	1
0	5565	0.068625	1
0	5579	0.06875	1
0	5589	0.068875	1
0	5599	0.069	1
0	5609	0.069125	1
0	5619	0.06925	1
0	5629	0.069375	1
0	5639	0.0695	1
0	5649	0.069625	1
0	5659	0.06975	1
0	5669	0.069875	1
0	5679	0.07	1
0	5689	0.070125	1
0	5699	0.07025	1
0	5709	0.070375	1
0	5719	0.0705	1
0	5729	0.070625	1
0	5739	0.07075	1
0	5749	0.070875	1
0	5759	0.071	1
0	5769	0.071125	1
0	5779	0.07125	1
0	5789	0.071375	1
0	5799	0.0715	1
0	5809	0.071625	1
0	5819	0.07175	1
0	5829	0.071875	1
0	5843	0.072	1
0	5853	0.072125	1
0	5863	0.07225	1
0	5873	0.072375	1
0	5883	0.0725	1
0	5893	0.072625	1
0	5903	0.07275	1
0	5913	0.072875	1
0	5923	0.073	1
0	5933	0.073125	1
0	5943	0.07325	1
0	5953	0.073375	1
0	5963	0.0735	1
0	5973	0.073625	1
0	5983	0.07375	1
0	5993	0.073875	1
0	6003	0.074	1
0	6013	0.074125	1
0	6023	0.07425	1
0	6033	0.074375	1
0	6043	0.0745	1
0	6053	0.074625	1
0	6063	0.07475	1
0	6073	0.074875	1
0	6083	0.075	1
0	6093	0.075125	1
0	6103	0.07525	1
0	6117	0.075375	1
0	6127	0.0755	1
0	6137	0.075625	1
0	6147	0.07575	1
0	6157	0.075875	1
0	6167	0.076	1
0	6177	0.076125	1
0	6187	0.07625	1
0	6197	0.076375	1
0	6207	0.0765	1
0	6217	0.076625	1
0	6227	0.07675	1
0	6237	0.076875	1
0	6247	0.077	1
0	6257	0.077125	1
0	6267	0.07725	1
0	6277	0.077375	1
0	6287	0.0775	1
0	6297	0.077625	1
0	6307	0.07775	1
0	6317	0.077875	1
0	6327	0.078	1
0	6337	0.078125	1
0	6347	0.07825	1
0	6357	0.078375	1
0	6367	0.0785	1
0	6381	0.078625	1
0	6391	0.07875	1
0	6401	0.078875	1
0	6411	0.079	1
0	6421	0.079125	1
0	6431	0.07925	1
0	6441	0.079375	1
0	6451	0.0795	1
0	6461	0.079625	1
0	6471	0.07975	1
0	6481	0.079875	1
0	6491	0.08	1
0	6501	0.080125	1
0	6511	0.08025	1
0	6521	0.080375	1
0	6531	0.0805	1
0	6541	0.080625	1
0	6551	0.08075	1
0	6561	0.080875	1
0	6571	0.081	1
0	6581	0.081125	1
0	6591	0.08125	1
0	6601	0.081375	1
0	6611	0.0815	1
0	6621	0.081625	1
0	6631	0.08175	1
0	6645	0.081875	1
0	6655	0.082	1
0	6665	0.082125	1
0	6675	0.08225	1
0	6685	0.082375	1
0	6695	0.0825	1
0	6705	0.082625	1
0	6715	0.08275	1
0	6725	0.082875	1
0	6735	0.083	1
0	6745	0.083125	1
0	6755	0.08325	1
0	6765	0.083375	1
0	6775	0.0835	1
0	6785	0.083625	1
0	6795	0.08375	1
0	6805	0.083875	1
0	6815	0.084	1
0	6825	0.084125	1
0	6835	0.08425	1
0	6845	0.084375	1
0	6855	0.0845	1
0	6865	0.084625	1
0	6875	0.08475	1
0	6885	0.084875	1
0	6895	0.085	1
0	6909	0.085125	1
0	6919	0.08525	1
0	6929	0.085375	1
0	6939	0.0855	1
0	6949	0.085625	1
0	6959	0.08575	1
0	6969	0.085875	1
0	6979	0.086	1
0	6989	0.086125	1
0	6999	0.08625	1
0	7009	0.086375	1
0	7019	0.0865	1
0	7029	0.086625	1
0	7039	0.08675	1
0	7049	0.086875	1
0	7059	0.087	1
0	7069	0.087125	1
0	7079	0.08725	1
0	7089	0.087375	1
0	7099	0.0875	1
0	7109	0.087625	1
0	7119	0.08775	1
0	7129	0.087875	1
0	7139	0.088	1
0	7149	0.088125	1
0	7159	0.08825	1
0	7173	0.088375	1
0	7183	0.0885	1
0	7193	0.088625	1
0	7203	0.08875	1
0	7213	0.088875	1
0	7223	0.089	1
0	7233	0.089125	1
0	7243	0.08925	1
0	7253	0.089375	1
0	7263	0.0895	1
0	7273	0.089625	1
0	7283	0.08975	1
0	7293	0.089875	1
0	7303	0.09	1
0	7313	0.090125	1
0	7323	0.09025	1
0	7333	0.090375	1
0	7343	0.0905	1
0	7353	0.090625	1
0	7363	0.09075	1
0	7373	0.090875	1
0	7383	0.091	1
0	7393	0.091125	1
0	7403	0.09125	1
0	7413	0.091375	1
0	7423	0.0915	1
0	7437	0.091625	1
0	7447	0.09175	1
0	7457	0.091875	1
0	7467	0.092	1
0	7477	0.092125	1
0	7487	0.09225	1
0	7497	0.092375	1
0	7507	0.0925	1
0	7517	0.092625	1
0	7527	0.09275	1
0	7537	0.092875	1
0	7547	0.093	1
0	7557	0.093125	1
0	7567	0.09325	1
0	7577	0.093375	1
0	7587	0.0935	1
0	7597	0.093625	1
0	7607	0.09375	1
0	7617	0.093875	1
0	7627	0.094	1
0	7637	0.094125	1
0	7647	0.09425	1
0	7657	0.094375	1
0	7667	0.0945	1
0	7677	0.094625	1
0	7687	0.09475	1
0	7697	0.094875	1
0	7711	0.095	1
0	7721	0.095125	1
0	7731	0.09525	1
0	7741	0.095375	1
0	7751	0.0955	1
0	7761	0.095625	1
0	7771	0.09575	1
0	7781	0.095875	1
0	7791	0.096	1
0	7801	0.096125	1
0	7811	0.09625	1
0	7821	0.096375	1
0	7831	0.0965	1
0	7841	0.096625	1
0	7851	0.09675	1
0	7861	0.096875	1
0	7871	0.097	1
0	7881	0.097125	1
0	7891	0.09725	1
0	7901	0.097375	1
0	7911	0.0975	1
0	7921	0.097625	1
0	7931	0.09775	1
0	7941	0.097875	1
0	7951	0.098	1
0	7961	0.098125	1
0	7975	0.09825	1
0	7985	0.098375	1
0	7995	0.0985	1
0	8005	0.098625	1
0	8015	0.09875	1
0	8025	0.098875	1
0	8035	0.099	1
0	8045	0.099125	1
0	8055	0.09925	1
0	8065	0.099375	1
0	8075	0.0995	1
0	8085	0.099625	1
0	8095	0.09975	1
0	8105	0.099875	1
0	8115	0.1	1
0	8125	0.100125	1
0	8135	0.10025	1
0	8145	0.100375	1
0	8155	0.1005	1
0	8165	0.100625	1
0	8175	0.10075	1
0	8185	0.100875	1
0	8195	0.101	1
0	8205	0.101125	1
0	8215	0.10125	1
0	8225	0.101375	1
0	8239	0.1015	1
0	8249	0.101625	1
0	8259	0.10175	1
0	8269	0.101875	1
0	8279	0.102	1
0	8289	0.102125	1
0	8299	0.10225	1
0	8309	0.102375	1
0	8319	0.1025	1
0	8329	0.102625	1
0	8339	0.10275	1
0	8349	0.102875	1
0	8359	0.103	1
0	8369	0.103125	1
0	8379	0.10325	1
0	8389	0.103375	1
0	8399	0.1035	1
0	8409	0.103625	1
0	8419	0.10375	1
0	8429	0.103875	1
0	8439	0.104	1
0	8449	0.104125	1
0	8459	0.10425	1
0	8469	0.104375	1
0	8479	0.1045	1
0	8489	0.104625	1
0	8503	0.10475	1
0	8513	0.104875	1
0	8523	0.105	1
0	8533	0.105125	1
0	8543	0.10525	1
0	8553	0.105375	1
0	8563	0.1055	1
0	8573	0.105625	1
0	8583	0.10575	1
0	8593	0.105875	1
0	8603	0.106	1
0	8613	0.106125	1
0	8623	0.10625	1
0	8633	0.106375	1
0	8643	0.1065	1
0	8653	0.106625	1
0	8663	0.10675	1
0	8673	0.106875	1
0	8683	0.107	1
0	8693	0.107125	1
0	8703	0.10725	1
0	8713	0.107375	1
0	8723	0.1075	1
0	8733	0.107625	1
0	8743	0.10775	1
0	8753	0.107875	1
0	8767	0.108	1
0	8777	0.108125	1
0	8787	0.10825	1
0	8797	0.108375	1
0	8807	0.1085	1
0	8817	0.108625	1
0	8827	0.10875	1
0	8837	0.108875	1
0	8847	0.109	1
0	8857	0.109125	1
0	8867	0.10925	1
0	8877	0.109375	1
0	8887	0.1095	1
0	8897	0.109625	1
0	8907	0.10975	1
0	8917	0.109875	1
0	8927	0.11	1
0	8937	0.110125	1
0	8947	0.11025	1
0	8957	0.110375	1
0	8967	0.1105	1
0	8977	0.110625	1
0	8987	0.11075	1
0	8997	0.110875	1
0	9007	0.111	1
0	9017	0.111125	1
0	9031	0.11125	1
0	9041	0.111375	1
0	9051	0.1115	1
0	9061	0.111625	1
0	9071	0.11175	1
0	9081	0.111875	1
0	9091	0.112	1
0	9101	0.112125	1
0	9111	0.11225	1
0	9121	0.112375	1
0	9131	0.1125	1
0	9141	0.112625	1
0	9151	0.11275	1
0	9161	0.112875	1
0	9171	0.113	1
0	9181	0.113125	1
0	9191	0.11325	1
0	9201	0.113375	1
0	9211	0.1135	1
0	9221	0.113625	1
0	9231	0.11375	1
0	9241	0.113875	1
0	9251	0.114	1
0	9261	0.114125	1
0	9271	0.11425	1
0	9281	0.114375	1
0	9291	0.1145	1
0	9305	0.114625	1
0	9315	0.11475	1
0	9325	0.114875	1
0	9335	0.115	1
0	9345	0.115125	1
0	9355	0.11525	1
0	9365	0.115375	1
0	9375	0.1155	1
0	9385	0.115625	1
0	9395	0.11575	1
0	9405	0.115875	1
0	9415	0.116	1
0	9425	0.116125	1
0	9435	0.11625	1
0	9445	0.116375	1
0	9455	0.1165	1
0	9465	0.116625	1
0	9475	0.11675	1
0	9485	0.116875	1
0	9495	0.117	1
0	9505	0.117125	1
0	9515	0.11725	1
0	9525	0.117375	1
0	9535	0.1175	1
0	9545	0.117625	1
0	9555	0.11775	1
0	9569	0.117875	1
0	9579	0.118	1
0	9589	0.118125	1
0	9599	0.11825	1
0	9609	0.118375	1
0	9619	0.1185	1
0	9629	0.118625	1
0	9639	0.11875	1
0	9649	0.118875	1
0	9659	0.119	1
0	9669	0.119125	1
0	9679	0.11925	1
0	9689	0.119375	1
0	9699	0.1195	1
0	9709	0.119625	1
0	9719	0.11975	1
0	9729	0.119875	1
0	9739	0.12	1
0	9749	0.120125	1
0	9759	0.12025	1
0	9769	0.120375	1
0	9779	0.1205	1
0	9789	0.120625	1
0	9799	0.12075	1
0	9809	0.120875	1
0	9819	0.121	1
0	9833	0.121125	1
0	9843	0.12125	1
0	9853	0.121375	1
0	9863	0.1215	1
0	9873	0.121625	1
0	9883	0.12175	1
0	9893	0.121875	1
0	9903	0.122	1
0	9913	0.122125	1
0	9923	0.12225	1
0	9933	0.122375	1
0	9943	0.1225	1
0	9953	0.122625	1
0	9963	0.12275	1
0	9973	0.122875	1
0	9983	0.123	1
0	9993	0.123125	1
0	10003	0.12325	1
0	10013	0.123375	1
0	10023	0.1235	1
0	10033	0.123625	1
0	10043	0.12375	1
0	10053	0.123875	1
0	10063	0.124	1
0	10073	0.124125	1
0	10083	0.12425	1
0	10097	0.124375	1
0	10107	0.1245	1
0	10117	0.124625	1
0	10127	0.12475	1
0	10137	0.124875	1
0	10147	0.125	1
0	10157	0.125125	1
0	10167	0.12525	1
0	10177	0.125375	1
0	10187	0.1255	1
0	10197	0.125625	1
0	10207	0.12575	1
0	10217	0.125875	1
0	10227	0.126	1
0	10237	0.126125	1
0	10247	0.12625	1
0	10257	0.126375	1
0	10267	0.1265	1
0	10277	0.126625	1
0	10287	0.12675	1
0	10297	0.126875	1
0	10307	0.127	1
0	10317	0.127125	1
0	10327	0.12725	1
0	10337	0.127375	1
0	10347	0.1275	1
0	10361	0.127625	1
0	10371	0.12775	1
0	10381	0.127875	1
0	10391	0.128	1
0	10401	0.128125	1
0	10411	0.12825	1
0	10421	0.128375	1
0	10431	0.1285	1
0	10441	0.128625	1
0	10451	0.12875	1
0	10461	0.128875	1
0	10471	0.129	1
0	10481	0.129125	1
0	10491	0.12925	1
0	10501	0.129375	1
0	10511	0.1295	1
0	10521	0.129625	1
0	10531	0.12975	1
0	10541	0.129875	1
0	10551	0.13	1
0	10561	0.130125	1
0	10571	0.13025	1
0	10581	0.130375	1
0	10591	0.1305	1
0	10601	0.130625	1
0	10611	0.13075	1
0	10625	0.130875	1
0	10635	0.131	1
0	10645	0.131125	1
0	10655	0.13125	1
0	10665	0.131375	1
0	10675	0.1315	1
0	10685	0.131625	1
0	10695	0.13175	1
0	10705	0.131875	1
0	10715	0.132	1
0	10725	0.132125	1
0	10735	0.13225	1
0	10745	0.132375	1
0	10755	0.1325	1
0	10765	0.132625	1
0	10775	0.13275	1
0	10785	0.132875	1
0	10795	0.133	1
0	10805	0.133125	1
0	10815	0.13325	1
0	10825	0.133375	1
0	10835	0.1335	1
0	10845	0.133625	1
0	10855	0.13375	1
0	10865	0.133875	1
0	10875	0.134	1
0	10885	0.134125	1
0	10899	0.13425	1
0	10909	0.134375	1
0	10919	0.1345	1
0	10929	0.134625	1
0	10939	0.13475	1
0	10949	0.134875	1
0	10959	0.135	1
0	10969	0.135125	1
0	10979	0.13525	1
0	10989	0.135375	1
0	10999	0.1355	1
0	11009	0.135625	1
0	11019	0.13575	1
0	11029	0.135875	1
0	11039	0.136	1
0	11049	0.136125	1
0	11059	0.13625	1
0	11069	0.136375	1
0	11079	0.1365	1
0	11089	0.136625	1
0	11099	0.13675	1
0	11109	0.136875	1
0	11119	0.137	1
0	11129	0.137125	1
0	11139	0.13725	1
0	11149	0.137375	1
0	11163	0.1375	1
0	11173	0.137625	1
0	11183	0.13775	1
0	11193	0.137875	1
0	11203	0.138	1
0	11213	0.138125	1
0	11223	0.13825	1
0	11233	0.138375	1
0	11243	0.1385	1
0	11253	0.138625	1
0	11263	0.13875	1
0	11273	0.138875	1
0	11283	0.139	1
0	11293	0.139125	1
0	11303	0.13925	1
0	11313	0.139375	1
0	11323	0.1395	1
0	11333	0.139625	1
0	11343	0.13975	1
0	11353	0.139875	1
0	11363	0.14	1
0	11373	0.140125	1
0	11383	0.14025	1
0	11393	0.140375	1
0	11403	0.1405	1
0	11413	0.140625	1
0	11427	0.14075	1
0	11437	0.140875	1
0	11447	0.141	1
0	11457	0.141125	1
0	11467	0.14125	1
0	11477	0.141375	1
0	11487	0.1415	1
0	11497	0.141625	1
0	11507	0.14175	1
0	11517	0.141875	1
0	11527	0.142	1
0	11537	0.142125	1
0	11547	0.14225	1
0	11557	0.142375	1
0	11567	0.1425	1
0	11577	0.142625	1
0	11587	0.14275	1
0	11597	0.142875	1
0	11607	0.143	1
0	11617	0.143125	1
0	11627	0.14325	1
0	11637	0.143375	1
0	11647	0.1435	1
0	11657	0.143625	1
0	11667	0.14375	1
0	11677	0.143875	1
0	11691	0.144	1
0	11701	0.144125	1
0	11711	0.14425	1
0	11721	0.144375	1
0	11731	0.1445	1
0	11741	0.144625	1
0	11751	0.14475	1
0	11761	0.144875	1
0	11771	0.145	1
0	11781	0.145125	1
0	11791	0.14525	1
0	11801	0.145375	1
0	11811	0.1455	1
0	11821	0.145625	1
0	11831	0.14575	1
0	11841	0.145875	1
0	11851	0.146	1
0	11861	0.146125	1
0	11871	0.14625	1
0	11881	0.146375	1
0	11891	0.1465	1
0	11901	0.146625	1
0	11911	0.14675	1
0	11921	0.146875	1
0	11931	0.147	1
0	11941	0.147125	1
0	11955	0.14725	1
0	11965	0.147375	1
0	11975	0.1475	1
0	11985	0.147625	1
0	11995	0.14775	1
0	12005	0.147875	1
0	12015	0.148	1
0	12025	0.148125	1
0	12035	0.14825	1
0	12045	0.148375	1
0	12055	0.1485	1
0	12065	0.148625	1
0	12075	0.14875	1
0	12085	0.148875	1
0	12095	0.149	1
0	12105	0.149125	1
0	12115	0.14925	1
0	12125	0.149375	1
0	12135	0.1495	1
0	12145	0.149625	1
0	12155	0.14975	1
0	12165	0.149875	1
0	12175	0.15	1
0	12185	0.150125	1
0	12195	0.15025	1
0	12205	0.150375	1
0	12215	0.1505	1
0	12229	0.150625	1
0	12239	0.15075	1
0	12249	0.150875	1
0	12259	0.151	1
0	12269	0.151125	1
0	12279	0.15125	1
0	12289	0.151375	1
0	12299	0.1515	1
0	12309	0.151625	1
0	12319	0.15175	1
0	12329	0.151875	1
0	12339	0.152	1
0	12349	0.152125	1
0	12359	0.15225	1
0	12369	0.152375	1
0	12379	0.1525	1
0	12389	0.152625	1
0	12399	0.15275	1
0	12409	0.152875	1
0	12419	0.153	1
0	12429	0.153125	1
0	12439	0.15325	1
0	12449	0.153375	1
0	12459	0.1535	1
0	12469	0.153625	1
0	12479	0.15375	1
0	12493	0.153875	1
0	12503	0.154	1
0	12513	0.154125	1
0	12523	0.15425	1
0	12533	0.154375	1
0	12543	0.1545	1
0	12553	0.154625	1
0	12563	0.15475	1
0	12573	0.154875	1
0	12583	0.155	1
0	12593	0.155125	1
0	12603	0.15525	1
0	12613	0.155375	1
0	12623	0.1555	1
0	12633	0.155625	1
0	12643	0.15575	1
0	12653	0.155875	1
0	12663	0.156	1
0	12673	0.156125	1
0	12683	0.15625	1
0	12693	0.156375	1
0	12703	0.1565	1
0	12713	0.156625	1
0	12723	0.15675	1
0	12733	0.156875	1
0	12743	0.157	1
0	12757	0.157125	1
0	12767	0.15725	1
0	12777	0.157375	1
0	12787	0.1575	1
0	12797	0.157625	1
0	12807	0.15775	1
0	12817	0.157875	1
0	12827	0.158	1
0	12837	0.158125	1
0	12847	0.15825	1
0	12857	0.158375	1
0	12867	0.1585	1
0	12877	0.158625	1
0	12887	0.15875	1
0	12897	0.158875	1
0	12907	0.159	1
0	12917	0.159125	1
0	12927	0.15925	1
0	12937	0.159375	1
0	12947	0.1595	1
0	12957	0.159625	1
0	12967	0.15975	1
0	12977	0.159875	1
0	12987	0.16	1
0	12997	0.160125	1
0	13007	0.16025	1
0	13021	0.160375	1
0	13031	0.1605	1
0	13041	0.160625	1
0	13051	0.16075	1
0	13061	0.160875	1
0	13071	0.161	1
0	13081	0.161125	1
0	13091	0.16125	1
0	13101	0.161375	1
0	13111	0.1615	1
0	13121	0.161625	1
0	13131	0.16175	1
0	13141	0.161875	1
0	13151	0.162	1
0	13161	0.162125	1
0	13171	0.16225	1
0	13181	0.162375	1
0	13191	0.1625	1
0	13201	0.162625	1
0	13211	0.16275	1
0	13221	0.162875	1
0	13231	0.163	1
0	13241	0.163125	1
0	13251	0.16325	1
0	13261	0.163375	1
0	13271	0.1635	1
0	13285	0.163625	1
0	13295	0.16375	1
0	13305	0.163875	1
0	13315	0.164	1
0	13325	0.164125	1
0	13335	0.16425	1
0	13345	0.164375	1
0	13355	0.1645	1
0	13365	0.164625	1
0	13375	0.16475	1
0	13385	0.164875	1
0	13395	0.165	1
0	13405	0.165125	1
0	13415	0.16525	1
0	13425	0.165375	1
0	13435	0.1655	1
0	13445	0.165625	1
0	13455	0.16575	1
0	13465	0.165875	1
0	13475	0.166	1
0	13485	0.166125	1
0	13495	0.16625	1
0	13505	0.166375	1
0	13515	0.1665	1
0	13525	0.166625	1
0	13535	0.16675	1
0	13549	0.166875	1
0	13559	0.167	1
0	13569	0.167125	1
0	13579	0.16725	1
0	13589	0.167375	1
0	13599	0.1675	1
0	13609	0.167625	1
0	13619	0.16775	1
0	13629	0.167875	1
0	13639	0.168	1
0	13649	0.168125	1
0	13659	0.16825	1
0	13669	0.168375	1
0	13679	0.1685	1
0	13689	0.168625	1
0	13699	0.16875	1
0	13709	0.168875	1
0	13719	0.169	1
0	13729	0.169125	1
0	13739	0.16925	1
0	13749	0.169375	1
0	13759	0.1695	1
0	13769	0.169625	1
0	13779	0.16975	1
0	13789	0.169875	1
0	13799	0.17	1
0	13809	0.170125	1
0	13823	0.17025	1
0	13833	0.170375	1
0	13843	0.1705	1
0	13853	0.170625	1
0	13863	0.17075	1
0	13873	0.170875	1
0	13883	0.171	1
0	13893	0.171125	1
0	13903	0.17125	1
0	13913	0.171375	1
0	13923	0.1715	1
0	13933	0.171625	1
0	13943	0.17175	1
0	13953	0.171875	1
0	13963	0.172	1
0	13973	0.172125	1
0	13983	0.17225	1
0	13993	0.172375	1
0	14003	0.1725	1
0	14013	0.172625	1
0	14023	0.17275	1
0	14033	0.172875	1
0	14043	0.173	1
0	14053	0.173125	1
0	14063	0.17325	1
0	14073	0.173375	1
0	14087	0.1735	1
0	14097	0.173625	1
0	14107	0.17375	1
0	14117	0.173875	1
0	14127	0.174	1
0	14137	0.174125	1
0	14147	0.17425	1
0	14157	0.174375	1
0	14167	0.1745	1
0	14177	0.174625	1
0	14187	0.17475	1
0	14197	0.174875	1
0	14207	0.175	1
0	14217	0.175125	1
0	14227	0.17525	1
0	14237	0.175375	1
0	14247	0.1755	1
0	14257	0.175625	1
0	14267	0.17575	1
0	14277	0.175875	1
0	14287	0.176	1
0	14297	0.176125	1
0	14307	0.17625	1
0	14317	0.176375	1
0	14327	0.1765	1
0	14337	0.176625	1
0	14351	0.17675	1
0	14361	0.176875	1
0	14371	0.177	1
0	14381	0.177125	1
0	14391	0.17725	1
0	14401	0.177375	1
0	14411	0.1775	1
0	14421	0.177625	1
0	14431	0.17775	1
0	14441	0.177875	1
0	14451	0.178	1
0	14461	0.178125	1
0	14471	0.17825	1
0	14481	0.178375	1
0	14491	0.1785	1
0	14501	0.178625	1
0	14511	0.17875	1
0	14521	0.178875	1
0	14531	0.179	1
0	14541	0.179125	1
0	14551	0.17925	1
0	14561	0.179375	1
0	14571	0.1795	1
0	14581	0.179625	1
0	14591	0.17975	1
0	14601	0.179875	1
0	14615	0.18	1
0	14625	0.180125	1
0	14635	0.18025	1
0	14645	0.180375	1
0	14655	0.1805	1
0	14665	0.180625	1
0	14675	0.18075	1
0	14685	0.180875	1
0	14695	0.181	1
0	14705	0.181125	1
0	14715	0.18125	1
0	14725	0.181375	1
0	14735	0.1815	1
0	14745	0.181625	1
0	14755	0.18175	1
0	14765	0.181875	1
0	14775	0.182	1
0	14785	0.182125	1
0	14795	0.18225	1
0	14805	0.182375	1
0	14815	0.1825	1
0	14825	0.182625	1
0	14835	0.18275	1
0	14845	0.182875	1
0	14855	0.183	1
0	14865	0.183125	1
0	14879	0.18325	1
0	14889	0.183375	1
0	14899	0.1835	1
0	14909	0.183625	1
0	14919	0.18375	1
0	14929	0.183875	1
0	14939	0.184	1
0	14949	0.184125	1
0	14959	0.18425	1
0	14969	0.184375	1
0	14979	0.1845	1
0	14989	0.184625	1
0	14999	0.18475	1
0	15009	0.184875	1
0	15019	0.185	1
0	15029	0.185125	1
0	15039	0.18525	1
0	15049	0.185375	1
0	15059	0.1855	1
0	15069	0.185625	1
0	15079	0.18575	1
0	15089	0.185875	1
0	15099	0.186	1
0	15109	0.186125	1
0	15119	0.18625	1
0	15129	0.186375	1
0	15143	0.1865	1
0	15153	0.186625	1
0	15163	0.18675	1
0	15173	0.186875	1
0	15183	0.187	1
0	15193	0.187125	1
0	15203	0.18725	1
0	15213	0.187375	1
0	15223	0.1875	1
0	15233	0.187625	1
0	15243	0.18775	1
0	15253	0.187875	1
0	15263	0.188	1
0	15273	0.188125	1
0	15283	0.18825	1
0	15293	0.188375	1
0	15303	0.1885	1
0	15313	0.188625	1
0	15323	0.18875	1
0	15333	0.188875	1
0	15343	0.189	1
0	15353	0.189125	1
0	15363	0.18925	1
0	15373	0.189375	1
0	15383	0.1895	1
0	15393	0.189625	1
0	15403	0.18975	1
0	15417	0.189875	1
0	15427	0.19	1
0	15437	0.190125	1
0	15447	0.19025	1
0	15457	0.190375	1
0	15467	0.1905	1
0	15477	0.190625	1
0	15487	0.19075	1
0	15497	0.190875	1
0	15507	0.191	1
0	15517	0.191125	1
0	15527	0.19125	1
0	15537	0.191375	1
0	15547	0.1915	1
0	15557	0.191625	1
0	15567	0.19175	1
0	15577	0.191875	1
0	15587	0.192	1
0	15597	0.192125	1
0	15607	0.19225	1
0	15617	0.192375	1
0	15627	0.1925	1
0	15637	0.192625	1
0	15647	0.19275	1
0	15657	0.192875	1
0	15667	0.193	1
0	15681	0.193125	1
0	15691	0.19325	1
0	15701	0.193375	1
0	15711	0.1935	1
0	15721	0.193625	1
0	15731	0.19375	1
0	15741	0.193875	1
0	15751	0.194	1
0	15761	0.194125	1
0	15771	0.19425	1
0	15781	0.194375	1
0	15791	0.1945	1
0	15801	0.194625	1
0	15811	0.19475	1
0	15821	0.194875	1
0	15831	0.195	1
0	15841	0.195125	1
0	15851	0.19525	1
0	15861	0.195375	1
0	15871	0.1955	1
0	15881	0.195625	1
0	15891	0.19575	1
0	15901	0.195875	1
0	15911	0.196	1
0	15921	0.196125	1
0	15931	0.19625	1
0	15945	0.196375	1
0	15955	0.1965	1
0	15965	0.196625	1
0	15975	0.19675	1
0	15985	0.196875	1
0	15995	0.197	1
0	16005	0.197125	1
0	16015	0.19725	1
0	16025	0.197375	1
0	16035	0.1975	1
0	16045	0.197625	1
0	16055	0.19775	1
0	16065	0.197875	1
0	16075	0.198	1
0	16085	0.198125	1
0	16095	0.19825	1
0	16105	0.198375	1
0	16115	0.1985	1
0	16125	0.198625	1
0	16135	0.19875	1
0	16145	0.198875	1
0	16155	0.199	1
0	16165	0.199125	1
0	16175	0.19925	1
0	16185	0.199375	1
0	16195	0.1995	1
0	16209	0.199625	1
0	16219	0.19975	1
0	16229	0.199875	1
0	16239	0.2	1
0	16249	0.200125	1
0	16259	0.20025	1
0	16269	0.200375	1
0	16279	0.2005	1
0	16289	0.200625	1
0	16299	0.20075	1
0	16309	0.200875	1
0	16319	0.201	1
0	16329	0.201125	1
0	16339	0.20125	1
0	16349	0.201375	1
0	16359	0.2015	1
0	16369	0.201625	1
0	16379	0.20175	1
0	16389	0.201875	1
0	16399	0.202	1
0	16409	0.202125	1
0	16419	0.20225	1
0	16429	0.202375	1
0	16439	0.2025	1
0	16449	0.202625	1
0	16459	0.20275	1
0	16473	0.202875	1
0	16483	0.203	1
0	16493	0.203125	1
0	16503	0.20325	1
0	16513	0.203375	1
0	16523	0.2035	1
0	16533	0.203625	1
0	16543	0.20375	1
0	16553	0.203875	1
0	16563	0.204	1
0	16573	0.204125	1
0	16583	0.20425	1
0	16593	0.204375	1
0	16603	0.2045	1
0	16613	0.204625	1
0	16623	0.20475	1
0	16633	0.204875	1
0	16643	0.205	1
0	16653	0.205125	1
0	16663	0.20525	1
0	16673	0.205375	1
0	16683	0.2055	1
0	16693	0.205625	1
0	16703	0.20575	1
0	16713	0.205875	1
0	16723	0.206	1
0	16737	0.206125	1
0	16747	0.20625	1
0	16757	0.206375	1
0	16767	0.2065	1
0	16777	0.206625	1
0	16787	0.20675	1
0	16797	0.206875	1
0	16807	0.207	1
0	16817	0.207125	1
0	16827	0.20725	1
0	16837	0.207375	1
0	16847	0.2075	1
0	16857	0.207625	1
0	16867	0.20775	1
0	16877	0.207875	1
0	16887	0.208	1
0	16897	0.208125	1
0	16907	0.20825	1
0	16917	0.208375	1
0	16927	0.2085	1
0	16937	0.208625	1
0	16947	0.20875	1
0	16957	0.208875	1
0	16967	0.209	1
0	16977	0.209125	1
0	16987	0.20925	1
0	16997	0.209375	1
0	17011	0.2095	1
0	17021	0.209625	1
0	17031	0.20975	1
0	17041	0.209875	1
0	17051	0.21	1
0	17061	0.210125	1
0	17071	0.21025	1
0	17081	0.210375	1
0	17091	0.2105	1
0	17101	0.210625	1
0	17111	0.21075	1
0	17121	0.210875	1
0	17131	0.211	1
0	17141	0.211125	1
0	17151	0.21125	1
0	17161	0.211375	1
0	17171	0.2115	1
0	17181	0.211625	1
0	17191	0.21175	1
0	17201	0.211875	1
0	17211	0.212	1
0	17221	0.212125	1
0	17231	0.21225	1
0	17241	0.212375	1
0	17251	0.2125	1
0	17261	0.212625	1
0	17275	0.21275	1
0	17285	0.212875	1
0	17295	0.213	1
0	17305	0.213125	1
0	17315	0.21325	1
0	17325	0.213375	1
0	17335	0.2135	1
0	17345	0.213625	1
0	17355	0.21375	1
0	17365	0.213875	1
0	17375	0.214	1
0	17385	0.214125	1
0	17395	0.21425	1
0	17405	0.214375	1
0	17415	0.2145	1
0	17425	0.214625	1
0	17435	0.21475	1
0	17445	0.214875	1
0	17455	0.215	1
0	17465	0.215125	1
0	17475	0.21525	1
0	17485	0.215375	1
0	17495	0.2155	1
0	17505	0.215625	1
0	17515	0.21575	1
0	17525	0.215875	1
0	17539	0.216	1
0	17549	0.216125	1
0	17559	0.21625	1
0	17569	0.216375	1
0	17579	0.2165	1
0	17589	0.216625	1
0	17599	0.21675	1
0	17609	0.216875	1
0	17619	0.217	1
0	17629	0.217125	1
0	17639	0.21725	1
0	17649	0.217375	1
0	17659	0.2175	1
0	17669	0.217625	1
0	17679	0.21775	1
0	17689	0.217875	1
0	17699	0.218	1
0	17709	0.218125	1
0	17719	0.21825	1
0	17729	0.218375	1
0	17739	0.2185	1
0	17749	0.218625	1
0	17759	0.21875	1
0	17769	0.218875	1
0	17779	0.219	1
0	17789	0.219125	1
0	17803	0.21925	1
0	17813	0.219375	1
0	17823	0.2195	1
0	17833	0.219625	1
0	17843	0.21975	1
0	17853	0.219875	1
0	17863	0.22	1
0	17873	0.220125	1
0	17883	0.22025	1
0	17893	0.220375	1
0	17903	0.2205	1
0	17913	0.220625	1
0	17923	0.22075	1
0	17933	0.220875	1
0	17943	0.221	1
0	17953	0.221125	1
0	17963	0.22125	1
0	17973	0.221375	1
0	17983	0.2215	1
0	17993	0.221625	1
0	18003	0.22175	1
0	18013	0.221875	1
0	18023	0.222	1
0	18033	0.222125	1
0	18043	0.22225	1
0	18053	0.222375	1
0	18067	0.2225	1
0	18077	0.222625	1
0	18087	0.22275	1
0	18097	0.222875	1
0	18107	0.223	1
0	18117	0.223125	1
0	18127	0.22325	1
0	18137	0.223375	1
0	18147	0.2235	1
0	18157	0.223625	1
0	18167	0.22375	1
0	18177	0.223875	1
0	18187	0.224	1
0	18197	0.224125	1
0	18207	0.22425	1
0	18217	0.224375	1
0	18227	0.2245	1
0	18237	0.224625	1
0	18247	0.22475	1
0	18257	0.224875	1
0	18267	0.225	1
0	18277	0.225125	1
0	18287	0.22525	1
0	18297	0.225375	1
0	18307	0.2255	1
0	18317	0.225625	1
0	18327	0.22575	1
0	18341	0.225875	1
0	18351	0.226	1
0	18361	0.226125	1
0	18371	0.22625	1
0	18381	0.226375	1
0	18391	0.2265	1
0	18401	0.226625	1
0	18411	0.22675	1
0	18421	0.226875	1
0	18431	0.227	1
0	18441	0.227125	1
0	18451	0.22725	1
0	18461	0.227375	1
0	18471	0.2275	1
0	18481	0.227625	1
0	18491	0.22775	1
0	18501	0.227875	1
0	18511	0.228	1
0	18521	0.228125	1
0	18531	0.22825	1
0	18541	0.228375	1
0	18551	0.2285	1
0	18561	0.228625	1
0	18571	0.22875	1
0	18581	0.228875	1
0	18591	0.229	1
0	18605	0.229125	1
0	18615	0.22925	1
0	18625	0.229375	1
0	18635	0.2295	1
0	18645	0.229625	1
0	18655	0.22975	1
0	18665	0.229875	1
0	18675	0.23	1
0	18685	0.230125	1
0	18695	0.23025	1
0	18705	0.230375	1
0	18715	0.2305	1
0	18725	0.230625	1
0	18735	0.23075	1
0	18745	0.230875	1
0	18755	0.231	1
0	18765	0.231125	1
0	18775	0.23125	1
0	18785	0.231375	1
0	18795	0.2315	1
0	18805	0.231625	1
0	18815	0.23175	1
0	18825	0.231875	1
0	18835	0.232	1
0	18845	0.232125	1
0	18855	0.23225	1
0	18869	0.232375	1
0	18879	0.2325	1
0	18889	0.232625	1
0	18899	0.23275	1
0	18909	0.232875	1
0	18919	0.233	1
0	18929	0.233125	1
0	18939	0.23325	1
0	18949	0.233375	1
0	18959	0.2335	1
0	18969	0.233625	1
0	18979	0.23375	1
0	18989	0.233875	1
0	18999	0.234	1
0	19009	0.234125	1
0	19019	0.23425	1
0	19029	0.234375	1
0	19039	0.2345	1
0	19049	0.234625	1
0	19059	0.23475	1
0	19069	0.234875	1
0	19079	0.235	1
0	19089	0.235125	1
0	19099	0.23525	1
0	19109	0.235375	1
0	19119	0.2355	1
0	19133	0.235625	1
0	19143	0.23575	1
0	19153	0.235875	1
0	19163	0.236	1
0	19173	0.236125	1
0	19183	0.23625	1
0	19193	0.236375	1
0	19203	0.2365	1
0	19213	0.236625	1
0	19223	0.23675	1
0	19233	0.236875	1
0	19243	0.237	1
0	19253	0.237125	1
0	19263	0.23725	1
0	19273	0.237375	1
0	19283	0.2375	1
0	19293	0.237625	1
0	19303	0.23775	1
0	19313	0.237875	1
0	19323	0.238	1
0	19333	0.238125	1
0	19343	0.23825	1
0	19353	0.238375	1
0	19363	0.2385	1
0	19373	0.238625	1
0	19383	0.23875	1
0	19397	0.238875	1
0	19407	0.239	1
0	19417	0.239125	1
0	19427	0.23925	1
0	19437	0.239375	1
0	19447	0.2395	1
0	19457	0.239625	1
0	19467	0.23975	1
0	19477	0.239875	1
0	19487	0.24	1
0	19497	0.240125	1
0	19507	0.24025	1
0	19517	0.240375	1
0	19527	0.2405	1
0	19537	0.240625	1
0	19547	0.24075	1
0	19557	0.240875	1
0	19567	0.241	1
0	19577	0.241125	1
0	19587	0.24125	1
0	19597	0.241375	1
0	19607	0.2415	1
0	19617	0.241625	1
0	19627	0.24175	1
0	19637	0.241875	1
0	19647	0.242	1
0	19661	0.242125	1
0	19671	0.24225	1
0	19681	0.242375	1
0	19691	0.2425	1
0	19701	0.242625	1
0	19711	0.24275	1
0	19721	0.242875	1
0	19731	0.243	1
0	19741	0.243125	1
0	19751	0.24325	1
0	19761	0.243375	1
0	19771	0.2435	1
0	19781	0.243625	1
0	19791	0.24375	1
0	19801	0.243875	1
0	19811	0.244	1
0	19821	0.244125	1
0	19831	0.24425	1
0	19841	0.244375	1
0	19851	0.2445	1
0	19861	0.244625	1
0	19871	0.24475	1
0	19881	0.244875	1
0	19891	0.245	1
0	19901	0.245125	1
0	19911	0.24525	1
0	19921	0.245375	1
0	19935	0.2455	1
0	19945	0.245625	1
0	19955	0.24575	1
0	19965	0.245875	1
0	19975	0.246	1
0	19985	0.246125	1
0	19995	0.24625	1
0	20005	0.246375	1
0	20015	0.2465	1
0	20025	0.246625	1
0	20035	0.24675	1
0	20045	0.246875	1
0	20055	0.247	1
0	20065	0.247125	1
0	20075	0.24725	1
0	20085	0.247375	1
0	20095	0.2475	1
0	20105	0.247625	1
0	20115	0.24775	1
0	20125	0.247875	1
0	20135	0.248	1
0	20145	0.248125	1
0	20155	0.24825	1
0	20165	0.248375	1
0	20175	0.2485	1
0	20185	0.248625	1
0	20199	0.24875	1
0	20209	0.248875	1
0	20219	0.249	1
0	20229	0.249125	1
0	20239	0.24925	1
0	20249	0.249375	1
0	20259	0.2495	1
0	20269	0.249625	1
0	20279	0.24975	1
0	20289	0.249875	1
0	20299	0.25	1
0	20309	0.250125	1
0	20319	0.25025	1
0	20329	0.250375	1
0	20339	0.2505	1
0	20349	0.250625	1
0	20359	0.25075	1
0	20369	0.250875	1
0	20379	0.251	1
0	20389	0.251125	1
0	20399	0.25125	1
0	20409	0.251375	1
0	20419	0.2515	1
0	20429	0.251625	1
0	20439	0.25175	1
0	20449	0.251875	1
0	20463	0.252	1
0	20473	0.252125	1
0	20483	0.25225	1
0	20493	0.252375	1
0	20503	0.2525	1
0	20513	0.252625	1
0	20523	0.25275	1
0	20533	0.252875	1
0	20543	0.253	1
0	20553	0.253125	1
0	20563	0.25325	1
0	20573	0.253375	1
0	20583	0.2535	1
0	20593	0.253625	1
0	20603	0.25375	1
0	20613	0.253875	1
0	20623	0.254	1
0	20633	0.254125	1
0	20643	0.25425	1
0	20653	0.254375	1
0	20663	0.2545	1
0	20673	0.254625	1
0	20683	0.25475	1
0	20693	0.254875	1
0	20703	0.255	1
0	20713	0.255125	1
0	20727	0.25525	1
0	20737	0.255375	1
0	20747	0.2555	1
0	20757	0.255625	1
0	20767	0.25575	1
0	20777	0.255875	1
0	20787	0.256	1
0	20797	0.256125	1
0	20807	0.25625	1
0	20817	0.256375	1
0	20827	0.2565	1
0	20837	0.256625	1
0	20847	0.25675	1
0	20857	0.256875	1
0	20867	0.257	1
0	20877	0.257125	1
0	20887	0.25725	1
0	20897	0.257375	1
0	20907	0.2575	1
0	20917	0.257625	1
0	20927	0.25775	1
0	20937	0.257875	1
0	20947	0.258	1
0	20957	0.258125	1
0	20967	0.25825	1
0	20977	0.258375	1
0	20991	0.2585	1
0	21001	0.258625	1
0	21011	0.25875	1
0	21021	0.258875	1
0	21031	0.259	1
0	21041	0.259125	1
0	21051	0.25925	1
0	21061	0.259375	1
0	21071	0.2595	1
0	21081	0.259625	1
0	21091	0.25975	1
0	21101	0.259875	1
0	21111	0.26	1
0	21121	0.260125	1
0	21131	0.26025	1
0	21141	0.260375	1
0	21151	0.2605	1
0	21161	0.260625	1
0	21171	0.26075	1
0	21181	0.260875	1
0	21191	0.261	1
0	21201	0.261125	1
0	21211	0.26125	1
0	21221	0.261375	1
0	21231	0.2615	1
0	21241	0.261625	1
0	21255	0.26175	1
0	21265	0.261875	1
0	21275	0.262	1
0	21285	0.262125	1
0	21295	0.26225	1
0	21305	0.262375	1
0	21315	0.2625	1
0	21325	0.262625	1
0	21335	0.26275	1
0	21345	0.262875	1
0	21355	0.263	1
0	21365	0.263125	1
0	21375	0.26325	1
0	21385	0.263375	1
0	21395	0.2635	1
0	21405	0.263625	1
0	21415	0.26375	1
0	21425	0.263875	1
0	21435	0.264	1
0	21445	0.264125	1
0	21455	0.26425	1
0	21465	0.264375	1
0	21475	0.2645	1
0	21485	0.264625	1
0	21495	0.26475	1
0	21505	0.264875	1
0	21515	0.265	1
0	21529	0.265125	1
0	21539	0.26525	1
0	21549	0.265375	1
0	21559	0.2655	1
0	21569	0.265625	1
0	21579	0.26575	1
0	21589	0.265875	1
0	21599	0.266	1
0	21609	0.266125	1
0	21619	0.26625	1
0	21629	0.266375	1
0	21639	0.2665	1
0	21649	0.266625	1
0	21659	0.26675	1
0	21669	0.266875	1
0	21679	0.267	1
0	21689	0.267125	1
0	21699	0.26725	1
0	21709	0.267375	1
0	21719	0.2675	1
0	21729	0.267625	1
0	21739	0.26775	1
0	21749	0.267875	1
0	21759	0.268	1
0	21769	0.268125	1
0	21779	0.26825	1
0	21793	0.268375	1
0	21803	0.2685	1
0	21813	0.268625	1
0	21823	0.26875	1
0	21833	0.268875	1
0	21843	0.269	1
0	21853	0.269125	1
0	21863	0.26925	1
0	21873	0.269375	1
0	21883	0.2695	1
0	21893	0.269625	1
0	21903	0.26975	1
0	21913	0.269875	1
0	21923	0.27	1
0	21933	0.270125	1
0	21943	0.27025	1
0	21953	0.270375	1
0	21963	0.2705	1
0	21973	0.270625	1
0	21983	0.27075	1
0	21993	0.270875	1
0	22003	0.271	1
0	22013	0.271125	1
0	22023	0.27125	1
0	22033	0.271375	1
0	22043	0.2715	1
0	22057	0.271625	1
0	22067	0.27175	1
0	22077	0.271875	1
0	22087	0.272	1
0	22097	0.272125	1
0	22107	0.27225	1
0	22117	0.272375	1
0	22127	0.2725	1
0	22137	0.272625	1
0	22147	0.27275	1
0	22157	0.272875	1
0	22167	0.273	1
0	22177	0.273125	1
0	22187	0.27325	1
0	22197	0.273375	1
0	22207	0.2735	1
0	22217	0.273625	1
0	22227	0.27375	1
0	22237	0.273875	1
0	22247	0.274	1
0	22257	0.274125	1
0	22267	0.27425	1
0	22277	0.274375	1
0	22287	0.2745	1
0	22297	0.274625	1
0	22307	0.27475	1
0	22321	0.274875	1
0	22331	0.275	1
0	22341	0.275125	1
0	22351	0.27525	1
0	22361	0.275375	1
0	22371	0.2755	1
0	22381	0.275625	1
0	22391	0.27575	1
0	22401	0.275875	1
0	22411	0.276	1
0	22421	0.276125	1
0	22431	0.27625	1
0	22441	0.276375	1
0	22451	0.2765	1
0	22461	0.276625	1
0	22471	0.27675	1
0	22481	0.276875	1
0	22491	0.277	1
0	22501	0.277125	1
0	22511	0.27725	1
0	22521	0.277375	1
0	22531	0.2775	1
0	22541	0.277625	1
0	22551	0.27775	1
0	22561	0.277875	1
0	22571	0.278	1
0	22585	0.278125	1
0	22595	0.27825	1
0	22605	0.278375	1
0	22615	0.2785	1
0	22625	0.278625	1
0	22635	0.27875	1
0	22645	0.278875	1
0	22655	0.279	1
0	22665	0.279125	1
0	22675	0.27925	1
0	22685	0.279375	1
0	22695	0.2795	1
0	22705	0.279625	1
0	22715	0.27975	1
0	22725	0.279875	1
0	22735	0.28	1
0	22745	0.280125	1
0	22755	0.28025	1
0	22765	0.280375	1
0	22775	0.2805	1
0	22785	0.280625	1
0	22795	0.28075	1
0	22805	0.280875	1
0	22815	0.281	1
0	22825	0.281125	1
0	22835	0.28125	1
0	22849	0.281375	1
0	22859	0.2815	1
0	22869	0.281625	1
0	22879	0.28175	1
0	22889	0.281875	1
0	22899	0.282	1
0	22909	0.282125	1
0	22919	0.28225	1
0	22929	0.282375	1
0	22939	0.2825	1
0	22949	0.282625	1
0	22959	0.28275	1
0	22969	0.282875	1
0	22979	0.283	1
0	22989	0.283125	1
0	22999	0.28325	1
0	23009	0.283375	1
0	23019	0.2835	1
0	23029	0.283625	1
0	23039	0.28375	1
0	23049	0.283875	1
0	23059	0.284	1
0	23069	0.284125	1
0	23079	0.28425	1
0	23089	0.284375	1
0	23099	0.2845	1
0	23109	0.284625	1
0	23123	0.28475	1
0	23133	0.284875	1
0	23143	0.285	1
0	23153	0.285125	1
0	23163	0.28525	1
0	23173	0.285375	1
0	23183	0.2855	1
0	23193	0.285625	1
0	23203	0.28575	1
0	23213	0.285875	1
0	23223	0.286	1
0	23233	0.286125	1
0	23243	0.28625	1
0	23253	0.286375	1
0	23263	0.2865	1
0	23273	0.286625	1
0	23283	0.28675	1
0	23293	0.286875	1
0	23303	0.287	1
0	23313	0.287125	1
0	23323	0.28725	1
0	23333	0.287375	1
0	23343	0.2875	1
0	23353	0.287625	1
0	23363	0.28775	1
0	23373	0.287875	1
0	23387	0.288	1
0	23397	0.288125	1
0	23407	0.28825	1
0	23417	0.288375	1
0	23427	0.2885	1
0	23437	0.288625	1
0	23447	0.28875	1
0	23457	0.288875	1
0	23467	0.289	1
0	23477	0.289125	1
0	23487	0.28925	1
0	23497	0.289375	1
0	23507	0.2895	1
0	23517	0.289625	1
0	23527	0.28975	1
0	23537	0.289875	1
0	23547	0.29	1
0	23557	0.290125	1
0	23567	0.29025	1
0	23577	0.290375	1
0	23587	0.2905	1
0	23597	0.290625	1
0	23607	0.29075	1
0	23617	0.290875	1
0	23627	0.291	1
0	23637	0.291125	1
0	23651	0.29125	1
0	23661	0.291375	1
0	23671	0.2915	1
0	23681	0.291625	1
0	23691	0.29175	1
0	23701	0.291875	1
0	23711	0.292	1
0	23721	0.292125	1
0	23731	0.29225	1
0	23741	0.292375	1
0	23751	0.2925	1
0	23761	0.292625	1
0	23771	0.29275	1
0	23781	0.292875	1
0	23791	0.293	1
0	23801	0.293125	1
0	23811	0.29325	1
0	23821	0.293375	1
0	23831	0.2935	1
0	23841	0.293625	1
0	23851	0.29375	1
0	23861	0.293875	1
0	23871	0.294	1
0	23881	0.294125	1
0	23891	0.29425	1
0	23901	0.294375	1
0	23915	0.2945	1
0	23925	0.294625	1
0	23935	0.29475	1
0	23945	0.294875	1
0	23955	0.295	1
0	23965	0.295125	1
0	23975	0.29525	1
0	23985	0.295375	1
0	23995	0.2955	1
0	24005	0.295625	1
0	24015	0.29575	1
0	24025	0.295875	1
0	24035	0.296	1
0	24045	0.296125	1
0	24055	0.29625	1
0	24065	0.296375	1
0	24075	0.2965	1
0	24085	0.296625	1
0	24095	0.29675	1
0	24105	0.296875	1
0	24115	0.297	1
0	24125	0.297125	1
0	24135	0.29725	1
0	24145	0.297375	1
0	24155	0.2975	1
0	24165	0.297625	1
0	24179	0.29775	1
0	24189	0.297875	1
0	24199	0.298	1
0	24209	0.298125	1
0	24219	0.29825	1
0	24229	0.298375	1
0	24239	0.2985	1
0	24249	0.298625	1
0	24259	0.29875	1
0	24269	0.298875	1
0	24279	0.299	1
0	24289	0.299125	1
0	24299	0.29925	1
0	24309	0.299375	1
0	24319	0.2995	1
0	24329	0.299625	1
0	24339	0.29975	1
0	24349	0.299875	1
0	24359	0.3	1
0	24369	0.300125	1
0	24379	0.30025	1
0	24389	0.300375	1
0	24399	0.3005	1
0	24409	0.300625	1
0	24419	0.30075	1
0	24429	0.300875	1
0	24439	0.301	1
0	24453	0.301125	1
0	24463	0.30125	1
0	24473	0.301375	1
0	24483	0.3015	1
0	24493	0.301625	1
0	24503	0.30175	1
0	24513	0.301875	1
0	24523	0.302	1
0	24533	0.302125	1
0	24543	0.30225	1
0	24553	0.302375	1
0	24563	0.3025	1
0	24573	0.302625	1
0	24583	0.30275	1
0	24593	0.302875	1
0	24603	0.303	1
0	24613	0.303125	1
0	24623	0.30325	1
0	24633	0.303375	1
0	24643	0.3035	1
0	24653	0.303625	1
0	24663	0.30375	1
0	24673	0.303875	1
0	24683	0.304	1
0	24693	0.304125	1
0	24703	0.30425	1
0	24717	0.304375	1
0	24727	0.3045	1
0	24737	0.304625	1
0	24747	0.30475	1
0	24757	0.304875	1
0	24767	0.305	1
0	24777	0.305125	1
0	24787	0.30525	1
0	24797	0.305375	1
0	24807	0.3055	1
0	24817	0.305625	1
0	24827	0.30575	1
0	24837	0.305875	1
0	24847	0.306	1
0	24857	0.306125	1
0	24867	0.30625	1
0	24877	0.306375	1
0	24887	0.3065	1
0	24897	0.306625	1
0	24907	0.30675	1
0	24917	0.306875	1
0	24927	0.307	1
0	24937	0.307125	1
0	24947	0.30725	1
0	24957	0.307375	1
0	24967	0.3075	1
0	24981	0.307625	1
0	24991	0.30775	1
0	25001	0.307875	1
0	25011	0.308	1
0	25021	0.308125	1
0	25031	0.30825	1
0	25041	0.308375	1
0	25051	0.3085	1
0	25061	0.308625	1
0	25071	0.30875	1
0	25081	0.308875	1
0	25091	0.309	1
0	25101	0.309125	1
0	25111	0.30925	1
0	25121	0.309375	1
0	25131	0.3095	1
0	25141	0.309625	1
0	25151	0.30975	1
0	25161	0.309875	1
0	25171	0.31	1
0	25181	0.310125	1
0	25191	0.31025	1
0	25201	0.310375	1
0	25211	0.3105	1
0	25221	0.310625	1
0	25231	0.31075	1
0	25245	0.310875	1
0	25255	0.311	1
0	25265	0.311125	1
0	25275	0.31125	1
0	25285	0.311375	1
0	25295	0.3115	1
0	25305	0.311625	1
0	25315	0.31175	1
0	25325	0.311875	1
0	25335	0.312	1
0	25345	0.312125	1
0	25355	0.31225	1
0	25365	0.312375	1
0	25375	0.3125	1
0	25385	0.312625	1
0	25395	0.31275	1
0	25405	0.312875	1
0	25415	0.313	1
0	25425	0.313125	1
0	25435	0.31325	1
0	25445	0.313375	1
0	25455	0.3135	1
0	25465	0.313625	1
0	25475	0.31375	1
0	25485	0.313875	1
0	25495	0.314	1
0	25509	0.314125	1
0	25519	0.31425	1
0	25529	0.314375	1
0	25539	0.3145	1
0	25549	0.314625	1
0	25559	0.31475	1
0	25569	0.314875	1
0	25579	0.315	1
0	25589	0.315125	1
0	25599	0.31525	1
0	25609	0.315375	1
0	25619	0.3155	1
0	25629	0.315625	1
0	25639	0.31575	1
0	25649	0.315875	1
0	25659	0.316	1
0	25669	0.316125	1
0	25679	0.31625	1
0	25689	0.316375	1
0	25699	0.3165	1
0	25709	0.316625	1
0	25719	0.31675	1
0	25729	0.316875	1
0	25739	0.317	1
0	25749	0.317125	1
0	25759	0.31725	1
0	25773	0.317375	1
0	25783	0.3175	1
0	25793	0.317625	1
0	25803	0.31775	1
0	25813	0.317875	1
0	25823	0.318	1
0	25833	0.318125	1
0	25843	0.31825	1
0	25853	0.318375	1
0	25863	0.3185	1
0	25873	0.318625	1
0	25883	0.31875	1
0	25893	0.318875	1
0	25903	0.319	1
0	25913	0.319125	1
0	25923	0.31925	1
0	25933	0.319375	1
0	25943	0.3195	1
0	25953	0.319625	1
0	25963	0.31975	1
0	25973	0.319875	1
0	25983	0.32	1
0	25993	0.320125	1
0	26003	0.32025	1
0	26013	0.320375	1
0	26023	0.3205	1
0	26033	0.320625	1
0	26047	0.32075	1
0	26057	0.320875	1
0	26067	0.321	1
0	26077	0.321125	1
0	26087	0.32125	1
0	26097	0.321375	1
0	26107	0.3215	1
0	26117	0.321625	1
0	26127	0.32175	1
0	26137	0.321875	1
0	26147	0.322	1
0	26157	0.322125	1
0	26167	0.32225	1
0	26177	0.322375	1
0	26187	0.3225	1
0	26197	0.322625	1
0	26207	0.32275	1
0	26217	0.322875	1
0	26227	0.323	1
0	26237	0.323125	1
0	26247	0.32325	1
0	26257	0.323375	1
0	26267	0.3235	1
0	26277	0.323625	1
0	26287	0.32375	1
0	26297	0.323875	1
0	26311	0.324	1
0	26321	0.324125	1
0	26331	0.32425	1
0	26341	0.324375	1
0	26351	0.3245	1
0	26361	0.324625	1
0	26371	0.32475	1
0	26381	0.324875	1
0	26391	0.325	1
0	26401	0.325125	1
0	26411	0.32525	1
0	26421	0.325375	1
0	26431	0.3255	1
0	26441	0.325625	1
0	26451	0.32575	1
0	26461	0.325875	1
0	26471	0.326	1
0	26481	0.326125	1
0	26491	0.32625	1
0	26501	0.326375	1
0	26511	0.3265	1
0	26521	0.326625	1
0	26531	0.32675	1
0	26541	0.326875	1
0	26551	0.327	1
0	26561	0.327125	1
0	26575	0.32725	1
0	26585	0.327375	1
0	26595	0.3275	1
0	26605	0.327625	1
0	26615	0.32775	1
0	26625	0.327875	1
0	26635	0.328	1
0	26645	0.328125	1
0	26655	0.32825	1
0	26665	0.328375	1
0	26675	0.3285	1
0	26685	0.328625	1
0	26695	0.32875	1
0	26705	0.328875	1
0	26715	0.329	1
0	26725	0.329125	1
0	26735	0.32925	1
0	26745	0.329375	1
0	26755	0.3295	1
0	26765	0.329625	1
0	26775	0.32975	1
0	26785	0.329875	1
0	26795	0.33	1
0	26805	0.330125	1
0	26815	0.33025	1
0	26825	0.330375	1
0	26839	0.3305	1
0	26849	0.330625	1
0	26859	0.33075	1
0	26869	0.330875	1
0	26879	0.331	1
0	26889	0.331125	1
0	26899	0.33125	1
0	26909	0.331375	1
0	26919	0.3315	1
0	26929	0.331625	1
0	26939	0.33175	1
0	26949	0.331875	1
0	26959	0.332	1
0	26969	0.332125	1
0	26979	0.33225	1
0	26989	0.332375	1
0	26999	0.3325	1
0	27009	0.332625	1
0	27019	0.33275	1
0	27029	0.332875	1
0	27039	0.333	1
0	27049	0.333125	1
0	27059	0.33325	1
0	27069	0.333375	1
0	27079	0.3335	1
0	27089	0.333625	1
0	27103	0.33375	1
0	27113	0.333875	1
0	27123	0.334	1
0	27133	0.334125	1
0	27143	0.33425	1
0	27153	0.334375	1
0	27163	0.3345	1
0	27173	0.334625	1
0	27183	0.33475	1
0	27193	0.334875	1
0	27203	0.335	1
0	27213	0.335125	1
0	27223	0.33525	1
0	27233	0.335375	1
0	27243	0.3355	1
0	27253	0.335625	1
0	27263	0.33575	1
0	27273	0.335875	1
0	27283	0.336	1
0	27293	0.336125	1
0	27303	0.33625	1
0	27313	0.336375	1
0	27323	0.3365	1
0	27333	0.336625	1
0	27343	0.33675	1
0	27353	0.336875	1
0	27367	0.337	1
0	27377	0.337125	1
0	27387	0.33725	1
0	27397	0.337375	1
0	27407	0.3375	1
0	27417	0.337625	1
0	27427	0.33775	1
0	27437	0.337875	1
0	27447	0.338	1
0	27457	0.338125	1
0	27467	0.33825	1
0	27477	0.338375	1
0	27487	0.3385	1
0	27497	0.338625	1
0	27507	0.33875	1
0	27517	0.338875	1
0	27527	0.339	1
0	27537	0.339125	1
0	27547	0.33925	1
0	27557	0.339375	1
0	27567	0.3395	1
0	27577	0.339625	1
0	27587	0.33975	1
0	27597	0.339875	1
0	27607	0.34	1
0	27617	0.340125	1
0	27627	0.34025	1
0	27641	0.340375	1
0	27651	0.3405	1
0	27661	0.340625	1
0	27671	0.34075	1
0	27681	0.340875	1
0	27691	0.341	1
0	27701	0.341125	1
0	27711	0.34125	1
0	27721	0.341375	1
0	27731	0.3415	1
0	27741	0.341625	1
0	27751	0.34175	1
0	27761	0.341875	1
0	27771	0.342	1
0	27781	0.342125	1
0	27791	0.34225	1
0	27801	0.342375	1
0	27811	0.3425	1
0	27821	0.342625	1
0	27831	0.34275	1
0	27841	0.342875	1
0	27851	0.343	1
0	27861	0.343125	1
0	27871	0.34325	1
0	27881	0.343375	1
0	27891	0.3435	1
0	27905	0.343625	1
0	27915	0.34375	1
0	27925	0.343875	1
0	27935	0.344	1
0	27945	0.344125	1
0	27955	0.34425	1
0	27965	0.344375	1
0	27975	0.3445	1
0	27985	0.344625	1
0	27995	0.34475	1
0	28005	0.344875	1
0	28015	0.345	1
0	28025	0.345125	1
0	28035	0.34525	1
0	28045	0.345375	1
0	28055	0.3455	1
0	28065	0.345625	1
0	28075	0.34575	1
0	28085	0.345875	1
0	28095	0.346	1
0	28105	0.346125	1
0	28115	0.34625	1
0	28125	0.346375	1
0	28135	0.3465	1
0	28145	0.346625	1
0	28155	0.34675	1
0	28169	0.346875	1
0	28179	0.347	1
0	28189	0.347125	1
0	28199	0.34725	1
0	28209	0.347375	1
0	28219	0.3475	1
0	28229	0.347625	1
0	28239	0.34775	1
0	28249	0.347875	1
0	28259	0.348	1
0	28269	0.348125	1
0	28279	0.34825	1
0	28289	0.348375	1
0	28299	0.3485	1
0	28309	0.348625	1
0	28319	0.34875	1
0	28329	0.348875	1
0	28339	0.349	1
0	28349	0.349125	1
0	28359	0.34925	1
0	28369	0.349375	1
0	28379	0.3495	1
0	28389	0.349625	1
0	28399	0.34975	1
0	28409	0.349875	1
0	28419	0.35	1
0	28433	0.350125	1
0	28443	0.35025	1
0	28453	0.350375	1
0	28463	0.3505	1
0	28473	0.350625	1
0	28483	0.35075	1
0	28493	0.350875	1
0	28503	0.351	1
0	28513	0.351125	1
0	28523	0.35125	1
0	28533	0.351375	1
0	28543	0.3515	1
0	28553	0.351625	1
0	28563	0.35175	1
0	28573	0.351875	1
0	28583	0.352	1
0	28593	0.352125	1
0	28603	0.35225	1
0	28613	0.352375	1
0	28623	0.3525	1
0	28633	0.352625	1
0	28643	0.35275	1
0	28653	0.352875	1
0	28663	0.353	1
0	28673	0.353125	1
0	28683	0.35325	1
0	28697	0.353375	1
0	28707	0.3535	1
0	28717	0.353625	1
0	28727	0.35375	1
0	28737	0.353875	1
0	28747	0.354	1
0	28757	0.354125	1
0	28767	0.35425	1
0	28777	0.354375	1
0	28787	0.3545	1
0	28797	0.354625	1
0	28807	0.35475	1
0	28817	0.354875	1
0	28827	0.355	1
0	28837	0.355125	1
0	28847	0.35525	1
0	28857	0.355375	1
0	28867	0.3555	1
0	28877	0.355625	1
0	28887	0.35575	1
0	28897	0.355875	1
0	28907	0.356	1
0	28917	0.356125	1
0	28927	0.35625	1
0	28937	0.356375	1
0	28947	0.3565	1
0	28961	0.356625	1
0	28971	0.35675	1
0	28981	0.356875	1
0	28991	0.357	1
0	29001	0.357125	1
0	29011	0.35725	1
0	29021	0.357375	1
0	29031	0.3575	1
0	29041	0.357625	1
0	29051	0.35775	1
0	29061	0.357875	1
0	29071	0.358	1
0	29081	0.358125	1
0	29091	0.35825	1
0	29101	0.358375	1
0	29111	0.3585	1
0	29121	0.358625	1
0	29131	0.35875	1
0	29141	0.358875	1
0	29151	0.359	1
0	29161	0.359125	1
0	29171	0.35925	1
0	29181	0.359375	1
0	29191	0.3595	1
0	29201	0.359625	1
0	29211	0.35975	1
0	29221	0.359875	1
0	29235	0.36	1
0	29245	0.360125	1
0	29255	0.36025	1
0	29265	0.360375	1
0	29275	0.3605	1
0	29285	0.360625	1
0	29295	0.36075	1
0	29305	0.360875	1
0	29315	0.361	1
0	29325	0.361125	1
0	29335	0.36125	1
0	29345	0.361375	1
0	29355	0.3615	1
0	29365	0.361625	1
0	29375	0.36175	1
0	29385	0.361875	1
0	29395	0.362	1
0	29405	0.362125	1
0	29415	0.36225	1
0	29425	0.362375	1
0	29435	0.3625	1
0	29445	0.362625	1
0	29455	0.36275	1
0	29465	0.362875	1
0	29475	0.363	1
0	29485	0.363125	1
0	29499	0.36325	1
0	29509	0.363375	1
0	29519	0.3635	1
0	29529	0.363625	1
0	29539	0.36375	1
0	29549	0.363875	1
0	29559	0.364	1
0	29569	0.364125	1
0	29579	0.36425	1
0	29589	0.364375	1
0	29599	0.3645	1
0	29609	0.364625	1
0	29619	0.36475	1
0	29629	0.364875	1
0	29639	0.365	1
0	29649	0.365125	1
0	29659	0.36525	1
0	29669	0.365375	1
0	29679	0.3655	1
0	29689	0.365625	1
0	29699	0.36575	1
0	29709	0.365875	1
0	29719	0.366	1
0	29729	0.366125	1
0	29739	0.36625	1
0	29749	0.366375	1
0	29763	0.3665	1
0	29773	0.366625	1
0	29783	0.36675	1
0	29793	0.366875	1
0	29803	0.367	1
0	29813	0.367125	1
0	29823	0.36725	1
0	29833	0.367375	1
0	29843	0.3675	1
0	29853	0.367625	1
0	29863	0.36775	1
0	29873	0.367875	1
0	29883	0.368	1
0	29893	0.368125	1
0	29903	0.36825	1
0	29913	0.368375	1
0	29923	0.3685	1
0	29933	0.368625	1
0	29943	0.36875	1
0	29953	0.368875	1
0	29963	0.369	1
0	29973	0.369125	1
0	29983	0.36925	1
0	29993	0.369375	1
0	30003	0.3695	1
0	30013	0.369625	1
0	30027	0.36975	1
0	30037	0.369875	1
0	30047	0.37	1
0	30057	0.370125	1
0	30067	0.37025	1
0	30077	0.370375	1
0	30087	0.3705	1
0	30097	0.370625	1
0	30107	0.37075	1
0	30117	0.370875	1
0	30127	0.371	1
0	30137	0.371125	1
0	30147	0.37125	1
0	30157	0.371375	1
0	30167	0.3715	1
0	30177	0.371625	1
0	30187	0.37175	1
0	30197	0.371875	1
0	30207	0.372	1
0	30217	0.372125	1
0	30227	0.37225	1
0	30237	0.372375	1
0	30247	0.3725	1
0	30257	0.372625	1
0	30267	0.37275	1
0	30277	0.372875	1
0	30291	0.373	1
0	30301	0.373125	1
0	30311	0.37325	1
0	30321	0.373375	1
0	30331	0.3735	1
0	30341	0.373625	1
0	30351	0.37375	1
0	30361	0.373875	1
0	30371	0.374	1
0	30381	0.374125	1
0	30391	0.37425	1
0	30401	0.374375	1
0	30411	0.3745	1
0	30421	0.374625	1
0	30431	0.37475	1
0	30441	0.374875	1
0	30451	0.375	1
0	30461	0.375125	1
0	30471	0.37525	1
0	30481	0.375375	1
0	30491	0.3755	1
0	30501	0.375625	1
0	30511	0.37575	1
0	30521	0.375875	1
0	30531	0.376	1
0	30541	0.376125	1
0	30551	0.37625	1
0	30565	0.376375	1
0	30575	0.3765	1
0	30585	0.376625	1
0	30595	0.37675	1
0	30605	0.376875	1
0	30615	0.377	1
0	30625	0.377125	1
0	30635	0.37725	1
0	30645	0.377375	1
0	30655	0.3775	1
0	30665	0.377625	1
0	30675	0.37775	1
0	30685	0.377875	1
0	30695	0.378	1
0	30705	0.378125	1
0	30715	0.37825	1
0	30725	0.378375	1
0	30735	0.3785	1
0	30745	0.378625	1
0	30755	0.37875	1
0	30765	0.378875	1
0	30775	0.379	1
0	30785	0.379125	1
0	30795	0.37925	1
0	30805	0.379375	1
0	30815	0.3795	1
0	30829	0.379625	1
0	30839	0.37975	1
0	30849	0.379875	1
0	30859	0.38	1
0	30869	0.380125	1
0	30879	0.38025	1
0	30889	0.380375	1
0	30899	0.3805	1
0	30909	0.380625	1
0	30919	0.38075	1
0	30929	0.380875	1
0	30939	0.381	1
0	30949	0.381125	1
0	30959	0.38125	1
0	30969	0.381375	1
0	30979	0.3815	1
0	30989	0.381625	1
0	30999	0.38175	1
0	31009	0.381875	1
0	31019	0.382	1
0	31029	0.382125	1
0	31039	0.38225	1
0	31049	0.382375	1
0	31059	0.3825	1
0	31069	0.382625	1
0	31079	0.38275	1
0	31093	0.382875	1
0	31103	0.383	1
0	31113	0.383125	1
0	31123	0.38325	1
0	31133	0.383375	1
0	31143	0.3835	1
0	31153	0.383625	1
0	31163	0.38375	1
0	31173	0.383875	1
0	31183	0.384	1
0	31193	0.384125	1
0	31203	0.38425	1
0	31213	0.384375	1
0	31223	0.3845	1
0	31233	0.384625	1
0	31243	0.38475	1
0	31253	0.384875	1
0	31263	0.385	1
0	31273	0.385125	1
0	31283	0.38525	1
0	31293	0.385375	1
0	31303	0.3855	1
0	31313	0.385625	1
0	31323	0.38575	1
0	31333	0.385875	1
0	31343	0.386	1
0	31357	0.386125	1
0	31367	0.38625	1
0	31377	0.386375	1
0	31387	0.3865	1
0	31397	0.386625	1
0	31407	0.38675	1
0	31417	0.386875	1
0	31427	0.387	1
0	31437	0.387125	1
0	31447	0.38725	1
0	31457	0.387375	1
0	31467	0.3875	1
0	31477	0.387625	1
0	31487	0.38775	1
0	31497	0.387875	1
0	31507	0.388	1
0	31517	0.388125	1
0	31527	0.38825	1
0	31537	0.388375	1
0	31547	0.3885	1
0	31557	0.388625	1
0	31567	0.38875	1
0	31577	0.388875	1
0	31587	0.389	1
0	31597	0.389125	1
0	31607	0.38925	1
0	31621	0.389375	1
0	31631	0.3895	1
0	31641	0.389625	1
0	31651	0.38975	1
0	31661	0.389875	1
0	31671	0.39	1
0	31681	0.390125	1
0	31691	0.39025	1
0	31701	0.390375	1
0	31711	0.3905	1
0	31721	0.390625	1
0	31731	0.39075	1
0	31741	0.390875	1
0	31751	0.391	1
0	31761	0.391125	1
0	31771	0.39125	1
0	31781	0.391375	1
0	31791	0.3915	1
0	31801	0.391625	1
0	31811	0.39175	1
0	31821	0.391875	1
0	31831	0.392	1
0	31841	0.392125	1
0	31851	0.39225	1
0	31861	0.392375	1
0	31871	0.3925	1
0	31885	0.392625	1
0	31895	0.39275	1
0	31905	0.392875	1
0	31915	0.393	1
0	31925	0.393125	1
0	31935	0.39325	1
0	31945	0.393375	1
0	31955	0.3935	1
0	31965	0.393625	1
0	31975	0.39375	1
0	31985	0.393875	1
0	31995	0.394	1
0	32005	0.394125	1
0	32015	0.39425	1
0	32025	0.394375	1
0	32035	0.3945	1
0	32045	0.394625	1
0	32055	0.39475	1
0	32065	0.394875	1
0	32075	0.395	1
0	32085	0.395125	1
0	32095	0.39525	1
0	32105	0.395375	1
0	32115	0.3955	1
0	32125	0.395625	1
0	32135	0.39575	1
0	32145	0.395875	1
0	32159	0.396	1
0	32169	0.396125	1
0	32179	0.39625	1
0	32189	0.396375	1
0	32199	0.3965	1
0	32209	0.396625	1
0	32219	0.39675	1
0	32229	0.396875	1
0	32239	0.397	1
0	32249	0.397125	1
0	32259	0.39725	1
0	32269	0.397375	1
0	32279	0.3975	1
0	32289	0.397625	1
0	32299	0.39775	1
0	32309	0.397875	1
0	32319	0.398	1
0	32329	0.398125	1
0	32339	0.39825	1
0	32349	0.398375	1
0	32359	0.3985	1
0	32369	0.398625	1
0	32379	0.39875	1
0	32389	0.398875	1
0	32399	0.399	1
0	32409	0.399125	1
0	32423	0.39925	1
0	32433	0.399375	1
0	32443	0.3995	1
0	32453	0.399625	1
0	32463	0.39975	1
0	32473	0.399875	1
0	32483	0.4	1
0	32493	0.400125	1
0	32503	0.40025	1
0	32513	0.400375	1
0	32523	0.4005	1
0	32533	0.400625	1
0	32543	0.40075	1
0	32553	0.400875	1
0	32563	0.401	1
0	32573	0.401125	1
0	32583	0.40125	1
0	32593	0.401375	1
0	32603	0.4015	1
0	32613	0.401625	1
0	32623	0.40175	1
0	32633	0.401875	1
0	32643	0.402	1
0	32653	0.402125	1
0	32663	0.40225	1
0	32673	0.402375	1
0	32687	0.4025	1
0	32697	0.402625	1
0	32707	0.40275	1
0	32717	0.402875	1
0	32727	0.403	1
0	32737	0.403125	1
0	32747	0.40325	1
0	32757	0.403375	1
0	32767	0.4035	1
0	32777	0.403625	1
0	32787	0.40375	1
0	32797	0.403875	1
0	32807	0.404	1
0	32817	0.404125	1
0	32827	0.40425	1
0	32837	0.404375	1
0	32847	0.4045	1
0	32857	0.404625	1
0	32867	0.40475	1
0	32877	0.404875	1
0	32887	0.405	1
0	32897	0.405125	1
0	32907	0.40525	1
0	32917	0.405375	1
0	32927	0.4055	1
0	32937	0.405625	1
0	32951	0.40575	1
0	32961	0.405875	1
0	32971	0.406	1
0	32981	0.406125	1
0	32991	0.40625	1
0	33001	0.406375	1
0	33011	0.4065	1
0	33021	0.406625	1
0	33031	0.40675	1
0	33041	0.406875	1
0	33051	0.407	1
0	33061	0.407125	1
0	33071	0.40725	1
0	33081	0.407375	1
0	33091	0.4075	1
0	33101	0.407625	1
0	33111	0.40775	1
0	33121	0.407875	1
0	33131	0.408	1
0	33141	0.408125	1
0	33151	0.40825	1
0	33161	0.408375	1
0	33171	0.4085	1
0	33181	0.408625	1
0	33191	0.40875	1
0	33201	0.408875	1
0	33215	0.409	1
0	33225	0.409125	1
0	33235	0.40925	1
0	33245	0.409375	1
0	33255	0.4095	1
0	33265	0.409625	1
0	33275	0.40975	1
0	33285	0.409875	1
0	33295	0.41	1
0	33305	0.410125	1
0	33315	0.41025	1
0	33325	0.410375	1
0	33335	0.4105	1
0	33345	0.410625	1
0	33355	0.41075	1
0	33365	0.410875	1
0	33375	0.411	1
0	33385	0.411125	1
0	33395	0.41125	1
0	33405	0.411375	1
0	33415	0.4115	1
0	33425	0.411625	1
0	33435	0.41175	1
0	33445	0.411875	1
0	33455	0.412	1
0	33465	0.412125	1
0	33479	0.41225	1
0	33489	0.412375	1
0	33499	0.4125	1
0	33509	0.412625	1
0	33519	0.41275	1
0	33529	0.412875	1
0	33539	0.413	1
0	33549	0.413125	1
0	33559	0.41325	1
0	33569	0.413375	1
0	33579	0.4135	1
0	33589	0.413625	1
0	33599	0.41375	1
0	33609	0.413875	1
0	33619	0.414	1
0	33629	0.414125	1
0	33639	0.41425	1
0	33649	0.414375	1
0	33659	0.4145	1
0	33669	0.414625	1
0	33679	0.41475	1
0	33689	0.414875	1
0	33699	0.415	1
0	33709	0.415125	1
0	33719	0.41525	1
0	33729	0.415375	1
0	33739	0.4155	1
0	33753	0.415625	1
0	33763	0.41575	1
0	33773	0.415875	1
0	33783	0.416	1
0	33793	0.416125	1
0	33803	0.41625	1
0	33813	0.416375	1
0	33823	0.4165	1
0	33833	0.416625	1
0	33843	0.41675	1
0	33853	0.416875	1
0	33863	0.417	1
0	33873	0.417125	1
0	33883	0.41725	1
0	33893	0.417375	1
0	33903	0.4175	1
0	33913	0.417625	1
0	33923	0.41775	1
0	33933	0.417875	1
0	33943	0.418	1
0	33953	0.418125	1
0	33963	0.41825	1
0	33973	0.418375	1
0	33983	0.4185	1
0	33993	0.418625	1
0	34003	0.41875	1
0	34017	0.418875	1
0	34027	0.419	1
0	34037	0.419125	1
0	34047	0.41925	1
0	34057	0.419375	1
0	34067	0.4195	1
0	34077	0.419625	1
0	34087	0.41975	1
0	34097	0.419875	1
0	34107	0.42	1
0	34117	0.420125	1
0	34127	0.42025	1
0	34137	0.420375	1
0	34147	0.4205	1
0	34157	0.420625	1
0	34167	0.42075	1
0	34177	0.420875	1
0	34187	0.421	1
0	34197	0.421125	1
0	34207	0.42125	1
0	34217	0.421375	1
0	34227	0.4215	1
0	34237	0.421625	1
0	34247	0.42175	1
0	34257	0.421875	1
0	34267	0.422	1
0	34281	0.422125	1
0	34291	0.42225	1
0	34301	0.422375	1
0	34311	0.4225	1
0	34321	0.422625	1
0	34331	0.42275	1
0	34341	0.422875	1
0	34351	0.423	1
0	34361	0.423125	1
0	34371	0.42325	1
0	34381	0.423375	1
0	34391	0.4235	1
0	34401	0.423625	1
0	34411	0.42375	1
0	34421	0.423875	1
0	34431	0.424	1
0	34441	0.424125	1
0	34451	0.42425	1
0	34461	0.424375	1
0	34471	0.4245	1
0	34481	0.424625	1
0	34491	0.42475	1
0	34501	0.424875	1
0	34511	0.425	1
0	34521	0.425125	1
0	34531	0.42525	1
0	34545	0.425375	1
0	34555	0.4255	1
0	34565	0.425625	1
0	34575	0.42575	1
0	34585	0.425875	1
0	34595	0.426	1
0	34605	0.426125	1
0	34615	0.42625	1
0	34625	0.426375	1
0	34635	0.4265	1
0	34645	0.426625	1
0	34655	0.42675	1
0	34665	0.426875	1
0	34675	0.427	1
0	34685	0.427125	1
0	34695	0.42725	1
0	34705	0.427375	1
0	34715	0.4275	1
0	34725	0.427625	1
0	34735	0.42775	1
0	34745	0.427875	1
0	34755	0.428	1
0	34765	0.428125	1
0	34775	0.42825	1
0	34785	0.428375	1
0	34795	0.4285	1
0	34809	0.428625	1
0	34819	0.42875	1
0	34829	0.428875	1
0	34839	0.429	1
0	34849	0.429125	1
0	34859	0.42925	1
0	34869	0.429375	1
0	34879	0.4295	1
0	34889	0.429625	1
0	34899	0.42975	1
0	34909	0.429875	1
0	34919	0.43	1
0	34929	0.430125	1
0	34939	0.43025	1
0	34949	0.430375	1
0	34959	0.4305	1
0	34969	0.430625	1
0	34979	0.43075	1
0	34989	0.430875	1
0	34999	0.431	1
0	35009	0.431125	1
0	35019	0.43125	1
0	35029	0.431375	1
0	35039	0.4315	1
0	35049	0.431625	1
0	35059	0.43175	1
0	35073	0.431875	1
0	35083	0.432	1
0	35093	0.432125	1
0	35103	0.43225	1
0	35113	0.432375	1
0	35123	0.4325	1
0	35133	0.432625	1
0	35143	0.43275	1
0	35153	0.432875	1
0	35163	0.433	1
0	35173	0.433125	1
0	35183	0.43325	1
0	35193	0.433375	1
0	35203	0.4335	1
0	35213	0.433625	1
0	35223	0.43375	1
0	35233	0.433875	1
0	35243	0.434	1
0	35253	0.434125	1
0	35263	0.43425	1
0	35273	0.434375	1
0	35283	0.4345	1
0	35293	0.434625	1
0	35303	0.43475	1
0	35313	0.434875	1
0	35323	0.435	1
0	35333	0.435125	1
0	35347	0.43525	1
0	35357	0.435375	1
0	35367	0.4355	1
0	35377	0.435625	1
0	35387	0.43575	1
0	35397	0.435875	1
0	35407	0.436	1
0	35417	0.436125	1
0	35427	0.43625	1
0	35437	0.436375	1
0	35447	0.4365	1
0	35457	0.436625	1
0	35467	0.43675	1
0	35477	0.436875	1
0	35487	0.437	1
0	35497	0.437125	1
0	35507	0.43725	1
0	35517	0.437375	1
0	35527	0.4375	1
0	35537	0.437625	1
0	35547	0.43775	1
0	35557	0.437875	1
0	35567	0.438	1
0	35577	0.438125	1
0	35587	0.43825	1
0	35597	0.438375	1
0	35611	0.4385	1
0	35621	0.438625	1
0	35631	0.43875	1
0	35641	0.438875	1
0	35651	0.439	1
0	35661	0.439125	1
0	35671	0.43925	1
0	35681	0.439375	1
0	35691	0.4395	1
0	35701	0.439625	1
0	35711	0.43975	1
0	35721	0.439875	1
0	35731	0.44	1
0	35741	0.440125	1
0	35751	0.44025	1
0	35761	0.440375	1
0	35771	0.4405	1
0	35781	0.440625	1
0	35791	0.44075	1
0	35801	0.440875	1
0	35811	0.441	1
0	35821	0.441125	1
0	35831	0.44125	1
0	35841	0.441375	1
0	35851	0.4415	1
0	35861	0.441625	1
0	35875	0.44175	1
0	35885	0.441875	1
0	35895	0.442	1
0	35905	0.442125	1
0	35915	0.44225	1
0	35925	0.442375	1
0	35935	0.4425	1
0	35945	0.442625	1
0	35955	0.44275	1
0	35965	0.442875	1
0	35975	0.443	1
0	35985	0.443125	1
0	35995	0.44325	1
0	36005	0.443375	1
0	36015	0.4435	1
0	36025	0.443625	1
0	36035	0.44375	1
0	36045	0.443875	1
0	36055	0.444	1
0	36065	0.444125	1
0	36075	0.44425	1
0	36085	0.444375	1
0	36095	0.4445	1
0	36105	0.444625	1
0	36115	0.44475	1
0	36125	0.444875	1
0	36139	0.445	1
0	36149	0.445125	1
0	36159	0.44525	1
0	36169	0.445375	1
0	36179	0.4455	1
0	36189	0.445625	1
0	36199	0.44575	1
0	36209	0.445875	1
0	36219	0.446	1
0	36229	0.446125	1
0	36239	0.44625	1
0	36249	0.446375	1
0	36259	0.4465	1
0	36269	0.446625	1
0	36279	0.44675	1
0	36289	0.446875	1
0	36299	0.447	1
0	36309	0.447125	1
0	36319	0.44725	1
0	36329	0.447375	1
0	36339	0.4475	1
0	36349	0.447625	1
0	36359	0.44775	1
0	36369	0.447875	1
0	36379	0.448	1
0	36389	0.448125	1
0	36403	0.44825	1
0	36413	0.448375	1
0	36423	0.4485	1
0	36433	0.448625	1
0	36443	0.44875	1
0	36453	0.448875	1
0	36463	0.449	1
0	36473	0.449125	1
0	36483	0.44925	1
0	36493	0.449375	1
0	36503	0.4495	1
0	36513	0.449625	1
0	36523	0.44975	1
0	36533	0.449875	1
0	36543	0.45	1
0	36553	0.450125	1
0	36563	0.45025	1
0	36573	0.450375	1
0	36583	0.4505	1
0	36593	0.450625	1
0	36603	0.45075	1
0	36613	0.450875	1
0	36623	0.451	1
0	36633	0.451125	1
0	36643	0.45125	1
0	36653	0.451375	1
0	36663	0.4515	1
0	36677	0.451625	1
0	36687	0.45175	1
0	36697	0.451875	1
0	36707	0.452	1
0	36717	0.452125	1
0	36727	0.45225	1
0	36737	0.452375	1
0	36747	0.4525	1
0	36757	0.452625	1
0	36767	0.45275	1
0	36777	0.452875	1
0	36787	0.453	1
0	36797	0.453125	1
0	36807	0.45325	1
0	36817	0.453375	1
0	36827	0.4535	1
0	36837	0.453625	1
0	36847	0.45375	1
0	36857	0.453875	1
0	36867	0.454	1
0	36877	0.454125	1
0	36887	0.45425	1
0	36897	0.454375	1
0	36907	0.4545	1
0	36917	0.454625	1
0	36927	0.45475	1
0	36941	0.454875	1
0	36951	0.455	1
0	36961	0.455125	1
0	36971	0.45525	1
0	36981	0.455375	1
0	36991	0.4555	1
0	37001	0.455625	1
0	37011	0.45575	1
0	37021	0.455875	1
0	37031	0.456	1
0	37041	0.456125	1
0	37051	0.45625	1
0	37061	0.456375	1
0	37071	0.4565	1
0	37081	0.456625	1
0	37091	0.45675	1
0	37101	0.456875	1
0	37111	0.457	1
0	37121	0.457125	1
0	37131	0.45725	1
0	37141	0.457375	1
0	37151	0.4575	1
0	37161	0.457625	1
0	37171	0.45775	1
0	37181	0.457875	1
0	37191	0.458	1
0	37205	0.458125	1
0	37215	0.45825	1
0	37225	0.458375	1
0	37235	0.4585	1
0	37245	0.458625	1
0	37255	0.45875	1
0	37265	0.458875	1
0	37275	0.459	1
0	37285	0.459125	1
0	37295	0.45925	1
0	37305	0.459375	1
0	37315	0.4595	1
0	37325	0.459625	1
0	37335	0.45975	1
0	37345	0.459875	1
0	37355	0.46	1
0	37365	0.460125	1
0	37375	0.46025	1
0	37385	0.460375	1
0	37395	0.4605	1
0	37405	0.460625	1
0	37415	0.46075	1
0	37425	0.460875	1
0	37435	0.461	1
0	37445	0.461125	1
0	37455	0.46125	1
0	37469	0.461375	1
0	37479	0.4615	1
0	37489	0.461625	1
0	37499	0.46175	1
0	37509	0.461875	1
0	37519	0.462	1
0	37529	0.462125	1
0	37539	0.46225	1
0	37549	0.462375	1
0	37559	0.4625	1
0	37569	0.462625	1
0	37579	0.46275	1
0	37589	0.462875	1
0	37599	0.463	1
0	37609	0.463125	1
0	37619	0.46325	1
0	37629	0.463375	1
0	37639	0.4635	1
0	37649	0.463625	1
0	37659	0.46375	1
0	37669	0.463875	1
0	37679	0.464	1
0	37689	0.464125	1
0	37699	0.46425	1
0	37709	0.464375	1
0	37719	0.4645	1
0	37733	0.464625	1
0	37743	0.46475	1
0	37753	0.464875	1
0	37763	0.465	1
0	37773	0.465125	1
0	37783	0.46525	1
0	37793	0.465375	1
0	37803	0.4655	1
0	37813	0.465625	1
0	37823	0.46575	1
0	37833	0.465875	1
0	37843	0.466	1
0	37853	0.466125	1
0	37863	0.46625	1
0	37873	0.466375	1
0	37883	0.4665	1
0	37893	0.466625	1
0	37903	0.46675	1
0	37913	0.466875	1
0	37923	0.467	1
0	37933	0.467125	1
0	37943	0.46725	1
0	37953	0.467375	1
0	37963	0.4675	1
0	37973	0.467625	1
0	37983	0.46775	1
0	37997	0.467875	1
0	38007	0.468	1
0	38017	0.468125	1
0	38027	0.46825	1
0	38037	0.468375	1
0	38047	0.4685	1
0	38057	0.468625	1
0	38067	0.46875	1
0	38077	0.468875	1
0	38087	0.469	1
0	38097	0.469125	1
0	38107	0.46925	1
0	38117	0.469375	1
0	38127	0.4695	1
0	38137	0.469625	1
0	38147	0.46975	1
0	38157	0.469875	1
0	38167	0.47	1
0	38177	0.470125	1
0	38187	0.47025	1
0	38197	0.470375	1
0	38207	0.4705	1
0	38217	0.470625	1
0	38227	0.47075	1
0	38237	0.470875	1
0	38247	0.471	1
0	38257	0.471125	1
0	38271	0.47125	1
0	38281	0.471375	1
0	38291	0.4715	1
0	38301	0.471625	1
0	38311	0.47175	1
0	38321	0.471875	1
0	38331	0.472	1
0	38341	0.472125	1
0	38351	0.47225	1
0	38361	0.472375	1
0	38371	0.4725	1
0	38381	0.472625	1
0	38391	0.47275	1
0	38401	0.472875	1
0	38411	0.473	1
0	38421	0.473125	1
0	38431	0.47325	1
0	38441	0.473375	1
0	38451	0.4735	1
0	38461	0.473625	1
0	38471	0.47375	1
0	38481	0.473875	1
0	38491	0.474	1
0	38501	0.474125	1
0	38511	0.47425	1
0	38521	0.474375	1
0	38535	0.4745	1
0	38545	0.474625	1
0	38555	0.47475	1
0	38565	0.474875	1
0	38575	0.475	1
0	38585	0.475125	1
0	38595	0.47525	1
0	38605	0.475375	1
0	38615	0.4755	1
0	38625	0.475625	1
0	38635	0.47575	1
0	38645	0.475875	1
0	38655	0.476	1
0	38665	0.476125	1
0	38675	0.47625	1
0	38685	0.476375	1
0	38695	0.4765	1
0	38705	0.476625	1
0	38715	0.47675	1
0	38725	0.476875	1
0	38735	0.477	1
0	38745	0.477125	1
0	38755	0.47725	1
0	38765	0.477375	1
0	38775	0.4775	1
0	38785	0.477625	1
0	38799	0.47775	1
0	38809	0.477875	1
0	38819	0.478	1
0	38829	0.478125	1
0	38839	0.47825	1
0	38849	0.478375	1
0	38859	0.4785	1
0	38869	0.478625	1
0	38879	0.47875	1
0	38889	0.478875	1
0	38899	0.479	1
0	38909	0.479125	1
0	38919	0.47925	1
0	38929	0.479375	1
0	38939	0.4795	1
0	38949	0.479625	1
0	38959	0.47975	1
0	38969	0.479875	1
0	38979	0.48	1
0	38989	0.480125	1
0	38999	0.48025	1
0	39009	0.480375	1
0	39019	0.4805	1
0	39029	0.480625	1
0	39039	0.48075	1
0	39049	0.480875	1
0	39063	0.481	1
0	39073	0.481125	1
0	39083	0.48125	1
0	39093	0.481375	1
0	39103	0.4815	1
0	39113	0.481625	1
0	39123	0.48175	1
0	39133	0.481875	1
0	39143	0.482	1
0	39153	0.482125	1
0	39163	0.48225	1
0	39173	0.482375	1
0	39183	0.4825	1
0	39193	0.482625	1
0	39203	0.48275	1
0	39213	0.482875	1
0	39223	0.483	1
0	39233	0.483125	1
0	39243	0.48325	1
0	39253	0.483375	1
0	39263	0.4835	1
0	39273	0.483625	1
0	39283	0.48375	1
0	39293	0.483875	1
0	39303	0.484	1
0	39313	0.484125	1
0	39327	0.48425	1
0	39337	0.484375	1
0	39347	0.4845	1
0	39357	0.484625	1
0	39367	0.48475	1
0	39377	0.484875	1
0	39387	0.485	1
0	39397	0.485125	1
0	39407	0.48525	1
0	39417	0.485375	1
0	39427	0.4855	1
0	39437	0.485625	1
0	39447	0.48575	1
0	39457	0.485875	1
0	39467	0.486	1
0	39477	0.486125	1
0	39487	0.48625	1
0	39497	0.486375	1
0	39507	0.4865	1
0	39517	0.486625	1
0	39527	0.48675	1
0	39537	0.486875	1
0	39547	0.487	1
0	39557	0.487125	1
0	39567	0.48725	1
0	39577	0.487375	1
0	39591	0.4875	1
0	39601	0.487625	1
0	39611	0.48775	1
0	39621	0.487875	1
0	39631	0.488	1
0	39641	0.488125	1
0	39651	0.48825	1
0	39661	0.488375	1
0	39671	0.4885	1
0	39681	0.488625	1
0	39691	0.48875	1
0	39701	0.488875	1
0	39711	0.489	1
0	39721	0.489125	1
0	39731	0.48925	1
0	39741	0.489375	1
0	39751	0.4895	1
0	39761	0.489625	1
0	39771	0.48975	1
0	39781	0.489875	1
0	39791	0.49	1
0	39801	0.490125	1
0	39811	0.49025	1
0	39821	0.490375	1
0	39831	0.4905	1
0	39841	0.490625	1
0	39851	0.49075	1
0	39865	0.490875	1
0	39875	0.491	1
0	39885	0.491125	1
0	39895	0.49125	1
0	39905	0.491375	1
0	39915	0.4915	1
0	39925	0.491625	1
0	39935	0.49175	1
0	39945	0.491875	1
0	39955	0.492	1
0	39965	0.492125	1
0	39975	0.49225	1
0	39985	0.492375	1
0	39995	0.4925	1
0	40005	0.492625	1
0	40015	0.49275	1
0	40025	0.492875	1
0	40035	0.493	1
0	40045	0.493125	1
0	40055	0.49325	1
0	40065	0.493375	1
0	40075	0.4935	1
0	40085	0.493625	1
0	40095	0.49375	1
0	40105	0.493875	1
0	40115	0.494	1
0	40129	0.494125	1
0	40139	0.49425	1
0	40149	0.494375	1
0	40159	0.4945	1
0	40169	0.494625	1
0	40179	0.49475	1
0	40189	0.494875	1
0	40199	0.495	1
0	40209	0.495125	1
0	40219	0.49525	1
0	40229	0.495375	1
0	40239	0.4955	1
0	40249	0.495625	1
0	40259	0.49575	1
0	40269	0.495875	1
0	40279	0.496	1
0	40289	0.496125	1
0	40299	0.49625	1
0	40309	0.496375	1
0	40319	0.4965	1
0	40329	0.496625	1
0	40339	0.49675	1
0	40349	0.496875	1
0	40359	0.497	1
0	40369	0.497125	1
0	40379	0.49725	1
0	40393	0.497375	1
0	40403	0.4975	1
0	40413	0.497625	1
0	40423	0.49775	1
0	40433	0.497875	1
0	40443	0.498	1
0	40453	0.498125	1
0	40463	0.49825	1
0	40473	0.498375	1
0	40483	0.4985	1
0	40493	0.498625	1
0	40503	0.49875	1
0	40513	0.498875	1
0	40523	0.499	1
0	40533	0.499125	1
0	40543	0.49925	1
0	40553	0.499375	1
0	40563	0.4995	1
0	40573	0.499625	1
0	40583	0.49975	1
0	40593	0.499875	1
0	40603	0.5	1
0	40613	0.500125	1
0	40623	0.50025	1
0	40633	0.500375	1
0	40643	0.5005	1
0	40657	0.500625	1
0	40667	0.50075	1
0	40677	0.500875	1
0	40687	0.501	1
0	40697	0.501125	1
0	40707	0.50125	1
0	40717	0.501375	1
0	40727	0.5015	1
0	40737	0.501625	1
0	40747	0.50175	1
0	40757	0.501875	1
0	40767	0.502	1
0	40777	0.502125	1
0	40787	0.50225	1
0	40797	0.502375	1
0	40807	0.5025	1
0	40817	0.502625	1
0	40827	0.50275	1
0	40837	0.502875	1
0	40847	0.503	1
0	40857	0.503125	1
0	40867	0.50325	1
0	40877	0.503375	1
0	40887	0.5035	1
0	40897	0.503625	1
0	40907	0.50375	1
0	40921	0.503875	1
0	40931	0.504	1
0	40941	0.504125	1
0	40951	0.50425	1
0	40961	0.504375	1
0	40971	0.5045	1
0	40981	0.504625	1
0	40991	0.50475	1
0	41001	0.504875	1
0	41011	0.505	1
0	41021	0.505125	1
0	41031	0.50525	1
0	41041	0.505375	1
0	41051	0.5055	1
0	41061	0.505625	1
0	41071	0.50575	1
0	41081	0.505875	1
0	41091	0.506	1
0	41101	0.506125	1
0	41111	0.50625	1
0	41121	0.506375	1
0	41131	0.5065	1
0	41141	0.506625	1
0	41151	0.50675	1
0	41161	0.506875	1
0	41171	0.507	1
0	41185	0.507125	1
0	41195	0.50725	1
0	41205	0.507375	1
0	41215	0.5075	1
0	41225	0.507625	1
0	41235	0.50775	1
0	41245	0.507875	1
0	41255	0.508	1
0	41265	0.508125	1
0	41275	0.50825	1
0	41285	0.508375	1
0	41295	0.5085	1
0	41305	0.508625	1
0	41315	0.50875	1
0	41325	0.508875	1
0	41335	0.509	1
0	41345	0.509125	1
0	41355	0.50925	1
0	41365	0.509375	1
0	41375	0.5095	1
0	41385	0.509625	1
0	41395	0.50975	1
0	41405	0.509875	1
0	41415	0.51	1
0	41425	0.510125	1
0	41435	0.51025	1
0	41445	0.510375	1
0	41459	0.5105	1
0	41469	0.510625	1
0	41479	0.51075	1
0	41489	0.510875	1
0	41499	0.511	1
0	41509	0.511125	1
0	41519	0.51125	1
0	41529	0.511375	1
0	41539	0.5115	1
0	41549	0.511625	1
0	41559	0.51175	1
0	41569	0.511875	1
0	41579	0.512	1
0	41589	0.512125	1
0	41599	0.51225	1
0	41609	0.512375	1
0	41619	0.5125	1
0	41629	0.512625	1
0	41639	0.51275	1
0	41649	0.512875	1
0	41659	0.513	1
0	41669	0.513125	1
0	41679	0.51325	1
0	41689	0.513375	1
0	41699	0.5135	1
0	41709	0.513625	1
0	41723	0.51375	1
0	41733	0.513875	1
0	41743	0.514	1
0	41753	0.514125	1
0	41763	0.51425	1
0	41773	0.514375	1
0	41783	0.5145	1
0	41793	0.514625	1
0	41803	0.51475	1
0	41813	0.514875	1
0	41823	0.515	1
0	41833	0.515125	1
0	41843	0.51525	1
0	41853	0.515375	1
0	41863	0.5155	1
0	41873	0.515625	1
0	41883	0.51575	1
0	41893	0.515875	1
0	41903	0.516	1
0	41913	0.516125	1
0	41923	0.51625	1
0	41933	0.516375	1
0	41943	0.5165	1
0	41953	0.516625	1
0	41963	0.51675	1
0	41973	0.516875	1
0	41987	0.517	1
0	41997	0.517125	1
0	42007	0.51725	1
0	42017	0.517375	1
0	42027	0.5175	1
0	42037	0.517625	1
0	42047	0.51775	1
0	42057	0.517875	1
0	42067	0.518	1
0	42077	0.518125	1
0	42087	0.51825	1
0	42097	0.518375	1
0	42107	0.5185	1
0	42117	0.518625	1
0	42127	0.51875	1
0	42137	0.518875	1
0	42147	0.519	1
0	42157	0.519125	1
0	42167	0.51925	1
0	42177	0.519375	1
0	42187	0.5195	1
0	42197	0.519625	1
0	42207	0.51975	1
0	42217	0.519875	1
0	42227	0.52	1
0	42237	0.520125	1
0	42251	0.52025	1
0	42261	0.520375	1
0	42271	0.5205	1
0	42281	0.520625	1
0	42291	0.52075	1
0	42301	0.520875	1
0	42311	0.521	1
0	42321	0.521125	1
0	42331	0.52125	1
0	42341	0.521375	1
0	42351	0.5215	1
0	42361	0.521625	1
0	42371	0.52175	1
0	42381	0.521875	1
0	42391	0.522	1
0	42401	0.522125	1
0	42411	0.52225	1
0	42421	0.522375	1
0	42431	0.5225	1
0	42441	0.522625	1
0	42451	0.52275	1
0	42461	0.522875	1
0	42471	0.523	1
0	42481	0.523125	1
0	42491	0.52325	1
0	42501	0.523375	1
0	42515	0.5235	1
0	42525	0.523625	1
0	42535	0.52375	1
0	42545	0.523875	1
0	42555	0.524	1
0	42565	0.524125	1
0	42575	0.52425	1
0	42585	0.524375	1
0	42595	0.5245	1
0	42605	0.524625	1
0	42615	0.52475	1
0	42625	0.524875	1
0	42635	0.525	1
0	42645	0.525125	1
0	42655	0.52525	1
0	42665	0.525375	1
0	42675	0.5255	1
0	42685	0.525625	1
0	42695	0.52575	1
0	42705	0.525875	1
0	42715	0.526	1
0	42725	0.526125	1
0	42735	0.52625	1
0	42745	0.526375	1
0	42755	0.5265	1
0	42765	0.526625	1
0	42775	0.52675	1
0	42789	0.526875	1
0	42799	0.527	1
0	42809	0.527125	1
0	42819	0.52725	1
0	42829	0.527375	1
0	42839	0.5275	1
0	42849	0.527625	1
0	42859	0.52775	1
0	42869	0.527875	1
0	42879	0.528	1
0	42889	0.528125	1
0	42899	0.52825	1
0	42909	0.528375	1
0	42919	0.5285	1
0	42929	0.528625	1
0	42939	0.52875	1
0	42949	0.528875	1
0	42959	0.529	1
0	42969	0.529125	1
0	42979	0.52925	1
0	42989	0.529375	1
0	42999	0.5295	1
0	43009	0.529625	1
0	43019	0.52975	1
0	43029	0.529875	1
0	43039	0.53	1
0	43053	0.530125	1
0	43063	0.53025	1
0	43073	0.530375	1
0	43083	0.5305	1
0	43093	0.530625	1
0	43103	0.53075	1
0	43113	0.530875	1
0	43123	0.531	1
0	43133	0.531125	1
0	43143	0.53125	1
0	43153	0.531375	1
0	43163	0.5315	1
0	43173	0.531625	1
0	43183	0.53175	1
0	43193	0.531875	1
0	43203	0.532	1
0	43213	0.532125	1
0	43223	0.53225	1
0	43233	0.532375	1
0	43243	0.5325	1
0	43253	0.532625	1
0	43263	0.53275	1
0	43273	0.532875	1
0	43283	0.533	1
0	43293	0.533125	1
0	43303	0.53325	1
0	43317	0.533375	1
0	43327	0.5335	1
0	43337	0.533625	1
0	43347	0.53375	1
0	43357	0.533875	1
0	43367	0.534	1
0	43377	0.534125	1
0	43387	0.53425	1
0	43397	0.534375	1
0	43407	0.5345	1
0	43417	0.534625	1
0	43427	0.53475	1
0	43437	0.534875	1
0	43447	0.535	1
0	43457	0.535125	1
0	43467	0.53525	1
0	43477	0.535375	1
0	43487	0.5355	1
0	43497	0.535625	1
0	43507	0.53575	1
0	43517	0.535875	1
0	43527	0.536	1
0	43537	0.536125	1
0	43547	0.53625	1
0	43557	0.536375	1
0	43567	0.5365	1
0	43581	0.536625	1
0	43591	0.53675	1
0	43601	0.536875	1
0	43611	0.537	1
0	43621	0.537125	1
0	43631	0.53725	1
0	43641	0.537375	1
0	43651	0.5375	1
0	43661	0.537625	1
0	43671	0.53775	1
0	43681	0.537875	1
0	43691	0.538	1
0	43701	0.538125	1
0	43711	0.53825	1
0	43721	0.538375	1
0	43731	0.5385	1
0	43741	0.538625	1
0	43751	0.53875	1
0	43761	0.538875	1
0	43771	0.539	1
0	43781	0.539125	1
0	43791	0.53925	1
0	43801	0.539375	1
0	43811	0.5395	1
0	43821	0.539625	1
0	43831	0.53975	1
0	43845	0.539875	1
0	43855	0.54	1
0	43865	0.540125	1
0	43875	0.54025	1
0	43885	0.540375	1
0	43895	0.5405	1
0	43905	0.540625	1
0	43915	0.54075	1
0	43925	0.540875	1
0	43935	0.541	1
0	43945	0.541125	1
0	43955	0.54125	1
0	43965	0.541375	1
0	43975	0.5415	1
0	43985	0.541625	1
0	43995	0.54175	1
0	44005	0.541875	1
0	44015	0.542	1
0	44025	0.542125	1
0	44035	0.54225	1
0	44045	0.542375	1
0	44055	0.5425	1
0	44065	0.542625	1
0	44075	0.54275	1
0	44085	0.542875	1
0	44095	0.543	1
0	44109	0.543125	1
0	44119	0.54325	1
0	44129	0.543375	1
0	44139	0.5435	1
0	44149	0.543625	1
0	44159	0.54375	1
0	44169	0.543875	1
0	44179	0.544	1
0	44189	0.544125	1
0	44199	0.54425	1
0	44209	0.544375	1
0	44219	0.5445	1
0	44229	0.544625	1
0	44239	0.54475	1
0	44249	0.544875	1
0	44259	0.545	1
0	44269	0.545125	1
0	44279	0.54525	1
0	44289	0.545375	1
0	44299	0.5455	1
0	44309	0.545625	1
0	44319	0.54575	1
0	44329	0.545875	1
0	44339	0.546	1
0	44349	0.546125	1
0	44359	0.54625	1
0	44369	0.546375	1
0	44383	0.5465	1
0	44393	0.546625	1
0	44403	0.54675	1
0	44413	0.546875	1
0	44423	0.547	1
0	44433	0.547125	1
0	44443	0.54725	1
0	44453	0.547375	1
0	44463	0.5475	1
0	44473	0.547625	1
0	44483	0.54775	1
0	44493	0.547875	1
0	44503	0.548	1
0	44513	0.548125	1
0	44523	0.54825	1
0	44533	0.548375	1
0	44543	0.5485	1
0	44553	0.548625	1
0	44563	0.54875	1
0	44573	0.548875	1
0	44583	0.549	1
0	44593	0.549125	1
0	44603	0.54925	1
0	44613	0.549375	1
0	44623	0.5495	1
0	44633	0.549625	1
0	44647	0.54975	1
0	44657	0.549875	1
0	44667	0.55	1
0	44677	0.550125	1
0	44687	0.55025	1
0	44697	0.550375	1
0	44707	0.5505	1
0	44717	0.550625	1
0	44727	0.55075	1
0	44737	0.550875	1
0	44747	0.551	1
0	44757	0.551125	1
0	44767	0.55125	1
0	44777	0.551375	1
0	44787	0.5515	1
0	44797	0.551625	1
0	44807	0.55175	1
0	44817	0.551875	1
0	44827	0.552	1
0	44837	0.552125	1
0	44847	0.55225	1
0	44857	0.552375	1
0	44867	0.5525	1
0	44877	0.552625	1
0	44887	0.55275	1
0	44897	0.552875	1
0	44911	0.553	1
0	44921	0.553125	1
0	44931	0.55325	1
0	44941	0.553375	1
0	44951	0.5535	1
0	44961	0.553625	1
0	44971	0.55375	1
0	44981	0.553875	1
0	44991	0.554	1
0	45001	0.554125	1
0	45011	0.55425	1
0	45021	0.554375	1
0	45031	0.5545	1
0	45041	0.554625	1
0	45051	0.55475	1
0	45061	0.554875	1
0	45071	0.555	1
0	45081	0.555125	1
0	45091	0.55525	1
0	45101	0.555375	1
0	45111	0.5555	1
0	45121	0.555625	1
0	45131	0.55575	1
0	45141	0.555875	1
0	45151	0.556	1
0	45161	0.556125	1
0	45175	0.55625	1
0	45185	0.556375	1
0	45195	0.5565	1
0	45205	0.556625	1
0	45215	0.55675	1
0	45225	0.556875	1
0	45235	0.557	1
0	45245	0.557125	1
0	45255	0.55725	1
0	45265	0.557375	1
0	45275	0.5575	1
0	45285	0.557625	1
0	45295	0.55775	1
0	45305	0.557875	1
0	45315	0.558	1
0	45325	0.558125	1
0	45335	0.55825	1
0	45345	0.558375	1
0	45355	0.5585	1
0	45365	0.558625	1
0	45375	0.55875	1
0	45385	0.558875	1
0	45395	0.559	1
0	45405	0.559125	1
0	45415	0.55925	1
0	45425	0.559375	1
0	45439	0.5595	1
0	45449	0.559625	1
0	45459	0.55975	1
0	45469	0.559875	1
0	45479	0.56	1
0	45489	0.560125	1
0	45499	0.56025	1
0	45509	0.560375	1
0	45519	0.5605	1
0	45529	0.560625	1
0	45539	0.56075	1
0	45549	0.560875	1
0	45559	0.561	1
0	45569	0.561125	1
0	45579	0.56125	1
0	45589	0.561375	1
0	45599	0.5615	1
0	45609	0.561625	1
0	45619	0.56175	1
0	45629	0.561875	1
0	45639	0.562	1
0	45649	0.562125	1
0	45659	0.56225	1
0	45669	0.562375	1
0	45679	0.5625	1
0	45689	0.562625	1
0	45703	0.56275	1
0	45713	0.562875	1
0	45723	0.563	1
0	45733	0.563125	1
0	45743	0.56325	1
0	45753	0.563375	1
0	45763	0.5635	1
0	45773	0.563625	1
0	45783	0.56375	1
0	45793	0.563875	1
0	45803	0.564	1
0	45813	0.564125	1
0	45823	0.56425	1
0	45833	0.564375	1
0	45843	0.5645	1
0	45853	0.564625	1
0	45863	0.56475	1
0	45873	0.564875	1
0	45883	0.565	1
0	45893	0.565125	1
0	45903	0.56525	1
0	45913	0.565375	1
0	45923	0.5655	1
0	45933	0.565625	1
0	45943	0.56575	1
0	45953	0.565875	1
0	45963	0.566	1
0	45977	0.566125	1
0	45987	0.56625	1
0	45997	0.566375	1
0	46007	0.5665	1
0	46017	0.566625	1
0	46027	0.56675	1
0	46037	0.566875	1
0	46047	0.567	1
0	46057	0.567125	1
0	46067	0.56725	1
0	46077	0.567375	1
0	46087	0.5675	1
0	46097	0.567625	1
0	46107	0.56775	1
0	46117	0.567875	1
0	46127	0.568	1
0	46137	0.568125	1
0	46147	0.56825	1
0	46157	0.568375	1
0	46167	0.5685	1
0	46177	0.568625	1
0	46187	0.56875	1
0	46197	0.568875	1
0	46207	0.569	1
0	46217	0.569125	1
0	46227	0.56925	1
0	46241	0.569375	1
0	46251	0.5695	1
0	46261	0.569625	1
0	46271	0.56975	1
0	46281	0.569875	1
0	46291	0.57	1
0	46301	0.570125	1
0	46311	0.57025	1
0	46321	0.570375	1
0	46331	0.5705	1
0	46341	0.570625	1
0	46351	0.57075	1
0	46361	0.570875	1
0	46371	0.571	1
0	46381	0.571125	1
0	46391	0.57125	1
0	46401	0.571375	1
0	46411	0.5715	1
0	46421	0.571625	1
0	46431	0.57175	1
0	46441	0.571875	1
0	46451	0.572	1
0	46461	0.572125	1
0	46471	0.57225	1
0	46481	0.572375	1
0	46491	0.5725	1
0	46505	0.572625	1
0	46515	0.57275	1
0	46525	0.572875	1
0	46535	0.573	1
0	46545	0.573125	1
0	46555	0.57325	1
0	46565	0.573375	1
0	46575	0.5735	1
0	46585	0.573625	1
0	46595	0.57375	1
0	46605	0.573875	1
0	46615	0.574	1
0	46625	0.574125	1
0	46635	0.57425	1
0	46645	0.574375	1
0	46655	0.5745	1
0	46665	0.574625	1
0	46675	0.57475	1
0	46685	0.574875	1
0	46695	0.575	1
0	46705	0.575125	1
0	46715	0.57525	1
0	46725	0.575375	1
0	46735	0.5755	1
0	46745	0.575625	1
0	46755	0.57575	1
0	46769	0.575875	1
0	46779	0.576	1
0	46789	0.576125	1
0	46799	0.57625	1
0	46809	0.576375	1
0	46819	0.5765	1
0	46829	0.576625	1
0	46839	0.57675	1
0	46849	0.576875	1
0	46859	0.577	1
0	46869	0.577125	1
0	46879	0.57725	1
0	46889	0.577375	1
0	46899	0.5775	1
0	46909	0.577625	1
0	46919	0.57775	1
0	46929	0.577875	1
0	46939	0.578	1
0	46949	0.578125	1
0	46959	0.57825	1
0	46969	0.578375	1
0	46979	0.5785	1
0	46989	0.578625	1
0	46999	0.57875	1
0	47009	0.578875	1
0	47019	0.579	1
0	47033	0.579125	1
0	47043	0.57925	1
0	47053	0.579375	1
0	47063	0.5795	1
0	47073	0.579625	1
0	47083	0.57975	1
0	47093	0.579875	1
0	47103	0.58	1
0	47113	0.580125	1
0	47123	0.58025	1
0	47133	0.580375	1
0	47143	0.5805	1
0	47153	0.580625	1
0	47163	0.58075	1
0	47173	0.580875	1
0	47183	0.581	1
0	47193	0.581125	1
0	47203	0.58125	1
0	47213	0.581375	1
0	47223	0.5815	1
0	47233	0.581625	1
0	47243	0.58175	1
0	47253	0.581875	1
0	47263	0.582	1
0	47273	0.582125	1
0	47283	0.58225	1
0	47297	0.582375	1
0	47307	0.5825	1
0	47317	0.582625	1
0	47327	0.58275	1
0	47337	0.582875	1
0	47347	0.583	1
0	47357	0.583125	1
0	47367	0.58325	1
0	47377	0.583375	1
0	47387	0.5835	1
0	47397	0.583625	1
0	47407	0.58375	1
0	47417	0.583875	1
0	47427	0.584	1
0	47437	0.584125	1
0	47447	0.58425	1
0	47457	0.584375	1
0	47467	0.5845	1
0	47477	0.584625	1
0	47487	0.58475	1
0	47497	0.584875	1
0	47507	0.585	1
0	47517	0.585125	1
0	47527	0.58525	1
0	47537	0.585375	1
0	47547	0.5855	1
0	47557	0.585625	1
0	47571	0.58575	1
0	47581	0.585875	1
0	47591	0.586	1
0	47601	0.586125	1
0	47611	0.58625	1
0	47621	0.586375	1
0	47631	0.5865	1
0	47641	0.586625	1
0	47651	0.58675	1
0	47661	0.586875	1
0	47671	0.587	1
0	47681	0.587125	1
0	47691	0.58725	1
0	47701	0.587375	1
0	47711	0.5875	1
0	47721	0.587625	1
0	47731	0.58775	1
0	47741	0.587875	1
0	47751	0.588	1
0	47761	0.588125	1
0	47771	0.58825	1
0	47781	0.588375	1
0	47791	0.5885	1
0	47801	0.588625	1
0	47811	0.58875	1
0	47821	0.588875	1
0	47835	0.589	1
0	47845	0.589125	1
0	47855	0.58925	1
0	47865	0.589375	1
0	47875	0.5895	1
0	47885	0.589625	1
0	47895	0.58975	1
0	47905	0.589875	1
0	47915	0.59	1
0	47925	0.590125	1
0	47935	0.59025	1
0	47945	0.590375	1
0	47955	0.5905	1
0	47965	0.590625	1
0	47975	0.59075	1
0	47985	0.590875	1
0	47995	0.591	1
0	48005	0.591125	1
0	48015	0.59125	1
0	48025	0.591375	1
0	48035	0.5915	1
0	48045	0.591625	1
0	48055	0.59175	1
0	48065	0.591875	1
0	48075	0.592	1
0	48085	0.592125	1
0	48099	0.59225	1
0	48109	0.592375	1
0	48119	0.5925	1
0	48129	0.592625	1
0	48139	0.59275	1
0	48149	0.592875	1
0	48159	0.593	1
0	48169	0.593125	1
0	48179	0.59325	1
0	48189	0.593375	1
0	48199	0.5935	1
0	48209	0.593625	1
0	48219	0.59375	1
0	48229	0.593875	1
0	48239	0.594	1
0	48249	0.594125	1
0	48259	0.59425	1
0	48269	0.594375	1
0	48279	0.5945	1
0	48289	0.594625	1
0	48299	0.59475	1
0	48309	0.594875	1
0	48319	0.595	1
0	48329	0.595125	1
0	48339	0.59525	1
0	48349	0.595375	1
0	48363	0.5955	1
0	48373	0.595625	1
0	48383	0.59575	1
0	48393	0.595875	1
0	48403	0.596	1
0	48413	0.596125	1
0	48423	0.59625	1
0	48433	0.596375	1
0	48443	0.5965	1
0	48453	0.596625	1
0	48463	0.59675	1
0	48473	0.596875	1
0	48483	0.597	1
0	48493	0.597125	1
0	48503	0.59725	1
0	48513	0.597375	1
0	48523	0.5975	1
0	48533	0.597625	1
0	48543	0.59775	1
0	48553	0.597875	1
0	48563	0.598	1
0	48573	0.598125	1
0	48583	0.59825	1
0	48593	0.598375	1
0	48603	0.5985	1
0	48613	0.598625	1
0	48627	0.59875	1
0	48637	0.598875	1
0	48647	0.599	1
0	48657	0.599125	1
0	48667	0.59925	1
0	48677	0.599375	1
0	48687	0.5995	1
0	48697	0.599625	1
0	48707	0.59975	1
0	48717	0.599875	1
0	48727	0.6	1
0	48737	0.600125	1
0	48747	0.60025	1
0	48757	0.600375	1
0	48767	0.6005	1
0	48777	0.600625	1
0	48787	0.60075	1
0	48797	0.600875	1
0	48807	0.601	1
0	48817	0.601125	1
0	48827	0.60125	1
0	48837	0.601375	1
0	48847	0.6015	1
0	48857	0.601625	1
0	48867	0.60175	1
0	48877	0.601875	1
0	48887	0.602	1
0	48901	0.602125	1
0	48911	0.60225	1
0	48921	0.602375	1
0	48931	0.6025	1
0	48941	0.602625	1
0	48951	0.60275	1
0	48961	0.602875	1
0	48971	0.603	1
0	48981	0.603125	1
0	48991	0.60325	1
0	49001	0.603375	1
0	49011	0.6035	1
0	49021	0.603625	1
0	49031	0.60375	1
0	49041	0.603875	1
0	49051	0.604	1
0	49061	0.604125	1
0	49071	0.60425	1
0	49081	0.604375	1
0	49091	0.6045	1
0	49101	0.604625	1
0	49111	0.60475	1
0	49121	0.604875	1
0	49131	0.605	1
0	49141	0.605125	1
0	49151	0.60525	1
0	49165	0.605375	1
0	49175	0.6055	1
0	49185	0.605625	1
0	49195	0.60575	1
0	49205	0.605875	1
0	49215	0.606	1
0	49225	0.606125	1
0	49235	0.60625	1
0	49245	0.606375	1
0	49255	0.6065	1
0	49265	0.606625	1
0	49275	0.60675	1
0	49285	0.606875	1
0	49295	0.607	1
0	49305	0.607125	1
0	49315	0.60725	1
0	49325	0.607375	1
0	49335	0.6075	1
0	49345	0.607625	1
0	49355	0.60775	1
0	49365	0.607875	1
0	49375	0.608	1
0	49385	0.608125	1
0	49395	0.60825	1
0	49405	0.608375	1
0	49415	0.6085	1
0	49429	0.608625	1
0	49439	0.60875	1
0	49449	0.608875	1
0	49459	0.609	1
0	49469	0.609125	1
0	49479	0.60925	1
0	49489	0.609375	1
0	49499	0.6095	1
0	49509	0.609625	1
0	49519	0.60975	1
0	49529	0.609875	1
0	49539	0.61	1
0	49549	0.610125	1
0	49559	0.61025	1
0	49569	0.610375	1
0	49579	0.6105	1
0	49589	0.610625	1
0	49599	0.61075	1
0	49609	0.610875	1
0	49619	0.611	1
0	49629	0.611125	1
0	49639	0.61125	1
0	49649	0.611375	1
0	49659	0.6115	1
0	49669	0.611625	1
0	49679	0.61175	1
0	49693	0.611875	1
0	49703	0.612	1
0	49713	0.612125	1
0	49723	0.61225	1
0	49733	0.612375	1
0	49743	0.6125	1
0	49753	0.612625	1
0	49763	0.61275	1
0	49773	0.612875	1
0	49783	0.613	1
0	49793	0.613125	1
0	49803	0.61325	1
0	49813	0.613375	1
0	49823	0.6135	1
0	49833	0.613625	1
0	49843	0.61375	1
0	49853	0.613875	1
0	49863	0.614	1
0	49873	0.614125	1
0	49883	0.61425	1
0	49893	0.614375	1
0	49903	0.6145	1
0	49913	0.614625	1
0	49923	0.61475	1
0	49933	0.614875	1
0	49943	0.615	1
0	49957	0.615125	1
0	49967	0.61525	1
0	49977	0.615375	1
0	49987	0.6155	1
0	49997	0.615625	1
0	50007	0.61575	1
0	50017	0.615875	1
0	50027	0.616	1
0	50037	0.616125	1
0	50047	0.61625	1
0	50057	0.616375	1
0	50067	0.6165	1
0	50077	0.616625	1
0	50087	0.61675	1
0	50097	0.616875	1
0	50107	0.617	1
0	50117	0.617125	1
0	50127	0.61725	1
0	50137	0.617375	1
0	50147	0.6175	1
0	50157	0.617625	1
0	50167	0.61775	1
0	50177	0.617875	1
0	50187	0.618	1
0	50197	0.618125	1
0	50207	0.61825	1
0	50221	0.618375	1
0	50231	0.6185	1
0	50241	0.618625	1
0	50251	0.61875	1
0	50261	0.618875	1
0	50271	0.619	1
0	50281	0.619125	1
0	50291	0.61925	1
0	50301	0.619375	1
0	50311	0.6195	1
0	50321	0.619625	1
0	50331	0.61975	1
0	50341	0.619875	1
0	50351	0.62	1
0	50361	0.620125	1
0	50371	0.62025	1
0	50381	0.620375	1
0	50391	0.6205	1
0	50401	0.620625	1
0	50411	0.62075	1
0	50421	0.620875	1
0	50431	0.621	1
0	50441	0.621125	1
0	50451	0.62125	1
0	50461	0.621375	1
0	50471	0.6215	1
0	50481	0.621625	1
0	50495	0.62175	1
0	50505	0.621875	1
0	50515	0.622	1
0	50525	0.622125	1
0	50535	0.62225	1
0	50545	0.622375	1
0	50555	0.6225	1
0	50565	0.622625	1
0	50575	0.62275	1
0	50585	0.622875	1
0	50595	0.623	1
0	50605	0.623125	1
0	50615	0.62325	1
0	50625	0.623375	1
0	50635	0.6235	1
0	50645	0.623625	1
0	50655	0.62375	1
0	50665	0.623875	1
0	50675	0.624	1
0	50685	0.624125	1
0	50695	0.62425	1
0	50705	0.624375	1
0	50715	0.6245	1
0	50725	0.624625	1
0	50735	0.62475	1
0	50745	0.624875	1
0	50759	0.625	1
0	50769	0.625125	1
0	50779	0.62525	1
0	50789	0.625375	1
0	50799	0.6255	1
0	50809	0.625625	1
0	50819	0.62575	1
0	50829	0.625875	1
0	50839	0.626	1
0	50849	0.626125	1
0	50859	0.62625	1
0	50869	0.626375	1
0	50879	0.6265	1
0	50889	0.626625	1
0	50899	0.62675	1
0	50909	0.626875	1
0	50919	0.627	1
0	50929	0.627125	1
0	50939	0.62725	1
0	50949	0.627375	1
0	50959	0.6275	1
0	50969	0.627625	1
0	50979	0.62775	1
0	50989	0.627875	1
0	50999	0.628	1
0	51009	0.628125	1
0	51023	0.62825	1
0	51033	0.628375	1
0	51043	0.6285	1
0	51053	0.628625	1
0	51063	0.62875	1
0	51073	0.628875	1
0	51083	0.629	1
0	51093	0.629125	1
0	51103	0.62925	1
0	51113	0.629375	1
0	51123	0.6295	1
0	51133	0.629625	1
0	51143	0.62975	1
0	51153	0.629875	1
0	51163	0.63	1
0	51173	0.630125	1
0	51183	0.63025	1
0	51193	0.630375	1
0	51203	0.6305	1
0	51213	0.630625	1
0	51223	0.63075	1
0	51233	0.630875	1
0	51243	0.631	1
0	51253	0.631125	1
0	51263	0.63125	1
0	51273	0.631375	1
0	51287	0.6315	1
0	51297	0.631625	1
0	51307	0.63175	1
0	51317	0.631875	1
0	51327	0.632	1
0	51337	0.632125	1
0	51347	0.63225	1
0	51357	0.632375	1
0	51367	0.6325	1
0	51377	0.632625	1
0	51387	0.63275	1
0	51397	0.632875	1
0	51407	0.633	1
0	51417	0.633125	1
0	51427	0.63325	1
0	51437	0.633375	1
0	51447	0.6335	1
0	51457	0.633625	1
0	51467	0.63375	1
0	51477	0.633875	1
0	51487	0.634	1
0	51497	0.634125	1
0	51507	0.63425	1
0	51517	0.634375	1
0	51527	0.6345	1
0	51537	0.634625	1
0	51551	0.63475	1
0	51561	0.634875	1
0	51571	0.635	1
0	51581	0.635125	1
0	51591	0.63525	1
0	51601	0.635375	1
0	51611	0.6355	1
0	51621	0.635625	1
0	51631	0.63575	1
0	51641	0.635875	1
0	51651	0.636	1
0	51661	0.636125	1
0	51671	0.63625	1
0	51681	0.636375	1
0	51691	0.6365	1
0	51701	0.636625	1
0	51711	0.63675	1
0	51721	0.636875	1
0	51731	0.637	1
0	51741	0.637125	1
0	51751	0.63725	1
0	51761	0.637375	1
0	51771	0.6375	1
0	51781	0.637625	1
0	51791	0.63775	1
0	51801	0.637875	1
0	51815	0.638	1
0	51825	0.638125	1
0	51835	0.63825	1
0	51845	0.638375	1
0	51855	0.6385	1
0	51865	0.638625	1
0	51875	0.63875	1
0	51885	0.638875	1
0	51895	0.639	1
0	51905	0.639125	1
0	51915	0.63925	1
0	51925	0.639375	1
0	51935	0.6395	1
0	51945	0.639625	1
0	51955	0.63975	1
0	51965	0.639875	1
0	51975	0.64	1
0	51985	0.640125	1
0	51995	0.64025	1
0	52005	0.640375	1
0	52015	0.6405	1
0	52025	0.640625	1
0	52035	0.64075	1
0	52045	0.640875	1
0	52055	0.641	1
0	52065	0.641125	1
0	52075	0.64125	1
0	52089	0.641375	1
0	52099	0.6415	1
0	52109	0.641625	1
0	52119	0.64175	1
0	52129	0.641875	1
0	52139	0.642	1
0	52149	0.642125	1
0	52159	0.64225	1
0	52169	0.642375	1
0	52179	0.6425	1
0	52189	0.642625	1
0	52199	0.64275	1
0	52209	0.642875	1
0	52219	0.643	1
0	52229	0.643125	1
0	52239	0.64325	1
0	52249	0.643375	1
0	52259	0.6435	1
0	52269	0.643625	1
0	52279	0.64375	1
0	52289	0.643875	1
0	52299	0.644	1
0	52309	0.644125	1
0	52319	0.64425	1
0	52329	0.644375	1
0	52339	0.6445	1
0	52353	0.644625	1
0	52363	0.64475	1
0	52373	0.644875	1
0	52383	0.645	1
0	52393	0.645125	1
0	52403	0.64525	1
0	52413	0.645375	1
0	52423	0.6455	1
0	52433	0.645625	1
0	52443	0.64575	1
0	52453	0.645875	1
0	52463	0.646	1
0	52473	0.646125	1
0	52483	0.64625	1
0	52493	0.646375	1
0	52503	0.6465	1
0	52513	0.646625	1
0	52523	0.64675	1
0	52533	0.646875	1
0	52543	0.647	1
0	52553	0.647125	1
0	52563	0.64725	1
0	52573	0.647375	1
0	52583	0.6475	1
0	52593	0.647625	1
0	52603	0.64775	1
0	52617	0.647875	1
0	52627	0.648	1
0	52637	0.648125	1
0	52647	0.64825	1
0	52657	0.648375	1
0	52667	0.6485	1
0	52677	0.648625	1
0	52687	0.64875	1
0	52697	0.648875	1
0	52707	0.649	1
0	52717	0.649125	1
0	52727	0.64925	1
0	52737	0.649375	1
0	52747	0.6495	1
0	52757	0.649625	1
0	52767	0.64975	1
0	52777	0.649875	1
0	52787	0.65	1
0	52797	0.650125	1
0	52807	0.65025	1
0	52817	0.650375	1
0	52827	0.6505	1
0	52837	0.650625	1
0	52847	0.65075	1
0	52857	0.650875	1
0	52867	0.651	1
0	52881	0.651125	1
0	52891	0.65125	1
0	52901	0.651375	1
0	52911	0.6515	1
0	52921	0.651625	1
0	52931	0.65175	1
0	52941	0.651875	1
0	52951	0.652	1
0	52961	0.652125	1
0	52971	0.65225	1
0	52981	0.652375	1
0	52991	0.6525	1
0	53001	0.652625	1
0	53011	0.65275	1
0	53021	0.652875	1
0	53031	0.653	1
0	53041	0.653125	1
0	53051	0.65325	1
0	53061	0.653375	1
0	53071	0.6535	1
0	53081	0.653625	1
0	53091	0.65375	1
0	53101	0.653875	1
0	53111	0.654	1
0	53121	0.654125	1
0	53131	0.65425	1
0	53145	0.654375	1
0	53155	0.6545	1
0	53165	0.654625	1
0	53175	0.65475	1
0	53185	0.654875	1
0	53195	0.655	1
0	53205	0.655125	1
0	53215	0.65525	1
0	53225	0.655375	1
0	53235	0.6555	1
0	53245	0.655625	1
0	53255	0.65575	1
0	53265	0.655875	1
0	53275	0.656	1
0	53285	0.656125	1
0	53295	0.65625	1
0	53305	0.656375	1
0	53315	0.6565	1
0	53325	0.656625	1
0	53335	0.65675	1
0	53345	0.656875	1
0	53355	0.657	1
0	53365	0.657125	1
0	53375	0.65725	1
0	53385	0.657375	1
0	53395	0.6575	1
0	53409	0.657625	1
0	53419	0.65775	1
0	53429	0.657875	1
0	53439	0.658	1
0	53449	0.658125	1
0	53459	0.65825	1
0	53469	0.658375	1
0	53479	0.6585	1
0	53489	0.658625	1
0	53499	0.65875	1
0	53509	0.658875	1
0	53519	0.659	1
0	53529	0.659125	1
0	53539	0.65925	1
0	53549	0.659375	1
0	53559	0.6595	1
0	53569	0.659625	1
0	53579	0.65975	1
0	53589	0.659875	1
0	53599	0.66	1
0	53609	0.660125	1
0	53619	0.66025	1
0	53629	0.660375	1
0	53639	0.6605	1
0	53649	0.660625	1
0	53659	0.66075	1
0	53669	0.660875	1
0	53683	0.661	1
0	53693	0.661125	1
0	53703	0.66125	1
0	53713	0.661375	1
0	53723	0.6615	1
0	53733	0.661625	1
0	53743	0.66175	1
0	53753	0.661875	1
0	53763	0.662	1
0	53773	0.662125	1
0	53783	0.66225	1
0	53793	0.662375	1
0	53803	0.6625	1
0	53813	0.662625	1
0	53823	0.66275	1
0	53833	0.662875	1
0	53843	0.663	1
0	53853	0.663125	1
0	53863	0.66325	1
0	53873	0.663375	1
0	53883	0.6635	1
0	53893	0.663625	1
0	53903	0.66375	1
0	53913	0.663875	1
0	53923	0.664	1
0	53933	0.664125	1
0	53947	0.66425	1
0	53957	0.664375	1
0	53967	0.6645	1
0	53977	0.664625	1
0	53987	0.66475	1
0	53997	0.664875	1
0	54007	0.665	1
0	54017	0.665125	1
0	54027	0.66525	1
0	54037	0.665375	1
0	54047	0.6655	1
0	54057	0.665625	1
0	54067	0.66575	1
0	54077	0.665875	1
0	54087	0.666	1
0	54097	0.666125	1
0	54107	0.66625	1
0	54117	0.666375	1
0	54127	0.6665	1
0	54137	0.666625	1
0	54147	0.66675	1
0	54157	0.666875	1
0	54167	0.667	1
0	54177	0.667125	1
0	54187	0.66725	1
0	54197	0.667375	1
0	54211	0.6675	1
0	54221	0.667625	1
0	54231	0.66775	1
0	54241	0.667875	1
0	54251	0.668	1
0	54261	0.668125	1
0	54271	0.66825	1
0	54281	0.668375	1
0	54291	0.6685	1
0	54301	0.668625	1
0	54311	0.66875	1
0	54321	0.668875	1
0	54331	0.669	1
0	54341	0.669125	1
0	54351	0.66925	1
0	54361	0.669375	1
0	54371	0.6695	1
0	54381	0.669625	1
0	54391	0.66975	1
0	54401	0.669875	1
0	54411	0.67	1
0	54421	0.670125	1
0	54431	0.67025	1
0	54441	0.670375	1
0	54451	0.6705	1
0	54461	0.670625	1
0	54475	0.67075	1
0	54485	0.670875	1
0	54495	0.671	1
0	54505	0.671125	1
0	54515	0.67125	1
0	54525	0.671375	1
0	54535	0.6715	1
0	54545	0.671625	1
0	54555	0.67175	1
0	54565	0.671875	1
0	54575	0.672	1
0	54585	0.672125	1
0	54595	0.67225	1
0	54605	0.672375	1
0	54615	0.6725	1
0	54625	0.672625	1
0	54635	0.67275	1
0	54645	0.672875	1
0	54655	0.673	1
0	54665	0.673125	1
0	54675	0.67325	1
0	54685	0.673375	1
0	54695	0.6735	1
0	54705	0.673625	1
0	54715	0.67375	1
0	54725	0.673875	1
0	54739	0.674	1
0	54749	0.674125	1
0	54759	0.67425	1
0	54769	0.674375	1
0	54779	0.6745	1
0	54789	0.674625	1
0	54799	0.67475	1
0	54809	0.674875	1
0	54819	0.675	1
0	54829	0.675125	1
0	54839	0.67525	1
0	54849	0.675375	1
0	54859	0.6755	1
0	54869	0.675625	1
0	54879	0.67575	1
0	54889	0.675875	1
0	54899	0.676	1
0	54909	0.676125	1
0	54919	0.67625	1
0	54929	0.676375	1
0	54939	0.6765	1
0	54949	0.676625	1
0	54959	0.67675	1
0	54969	0.676875	1
0	54979	0.677	1
0	54989	0.677125	1
0	54999	0.67725	1
0	55013	0.677375	1
0	55023	0.6775	1
0	55033	0.677625	1
0	55043	0.67775	1
0	55053	0.677875	1
0	55063	0.678	1
0	55073	0.678125	1
0	55083	0.67825	1
0	55093	0.678375	1
0	55103	0.6785	1
0	55113	0.678625	1
0	55123	0.67875	1
0	55133	0.678875	1
0	55143	0.679	1
0	55153	0.679125	1
0	55163	0.67925	1
0	55173	0.679375	1
0	55183	0.6795	1
0	55193	0.679625	1
0	55203	0.67975	1
0	55213	0.679875	1
0	55223	0.68	1
0	55233	0.680125	1
0	55243	0.68025	1
0	55253	0.680375	1
0	55263	0.6805	1
0	55277	0.680625	1
0	55287	0.68075	1
0	55297	0.680875	1
0	55307	0.681	1
0	55317	0.681125	1
0	55327	0.68125	1
0	55337	0.681375	1
0	55347	0.6815	1
0	55357	0.681625	1
0	55367	0.68175	1
0	55377	0.681875	1
0	55387	0.682	1
0	55397	0.682125	1
0	55407	0.68225	1
0	55417	0.682375	1
0	55427	0.6825	1
0	55437	0.682625	1
0	55447	0.68275	1
0	55457	0.682875	1
0	55467	0.683	1
0	55477	0.683125	1
0	55487	0.68325	1
0	55497	0.683375	1
0	55507	0.6835	1
0	55517	0.683625	1
0	55527	0.68375	1
0	55541	0.683875	1
0	55551	0.684	1
0	55561	0.684125	1
0	55571	0.68425	1
0	55581	0.684375	1
0	55591	0.6845	1
0	55601	0.684625	1
0	55611	0.68475	1
0	55621	0.684875	1
0	55631	0.685	1
0	55641	0.685125	1
0	55651	0.68525	1
0	55661	0.685375	1
0	55671	0.6855	1
0	55681	0.685625	1
0	55691	0.68575	1
0	55701	0.685875	1
0	55711	0.686	1
0	55721	0.686125	1
0	55731	0.68625	1
0	55741	0.686375	1
0	55751	0.6865	1
0	55761	0.686625	1
0	55771	0.68675	1
0	55781	0.686875	1
0	55791	0.687	1
0	55805	0.687125	1
0	55815	0.68725	1
0	55825	0.687375	1
0	55835	0.6875	1
0	55845	0.687625	1
0	55855	0.68775	1
0	55865	0.687875	1
0	55875	0.688	1
0	55885	0.688125	1
0	55895	0.68825	1
0	55905	0.688375	1
0	55915	0.6885	1
0	55925	0.688625	1
0	55935	0.68875	1
0	55945	0.688875	1
0	55955	0.689	1
0	55965	0.689125	1
0	55975	0.68925	1
0	55985	0.689375	1
0	55995	0.6895	1
0	56005	0.689625	1
0	56015	0.68975	1
0	56025	0.689875	1
0	56035	0.69	1
0	56045	0.690125	1
0	56055	0.69025	1
0	56069	0.690375	1
0	56079	0.6905	1
0	56089	0.690625	1
0	56099	0.69075	1
0	56109	0.690875	1
0	56119	0.691	1
0	56129	0.691125	1
0	56139	0.69125	1
0	56149	0.691375	1
0	56159	0.6915	1
0	56169	0.691625	1
0	56179	0.69175	1
0	56189	0.691875	1
0	56199	0.692	1
0	56209	0.692125	1
0	56219	0.69225	1
0	56229	0.692375	1
0	56239	0.6925	1
0	56249	0.692625	1
0	56259	0.69275	1
0	56269	0.692875	1
0	56279	0.693	1
0	56289	0.693125	1
0	56299	0.69325	1
0	56309	0.693375	1
0	56319	0.6935	1
0	56333	0.693625	1
0	56343	0.69375	1
0	56353	0.693875	1
0	56363	0.694	1
0	56373	0.694125	1
0	56383	0.69425	1
0	56393	0.694375	1
0	56403	0.6945	1
0	56413	0.694625	1
0	56423	0.69475	1
0	56433	0.694875	1
0	56443	0.695	1
0	56453	0.695125	1
0	56463	0.69525	1
0	56473	0.695375	1
0	56483	0.6955	1
0	56493	0.695625	1
0	56503	0.69575	1
0	56513	0.695875	1
0	56523	0.696	1
0	56533	0.696125	1
0	56543	0.69625	1
0	56553	0.696375	1
0	56563	0.6965	1
0	56573	0.696625	1
0	56583	0.69675	1
0	56593	0.696875	1
0	56607	0.697	1
0	56617	0.697125	1
0	56627	0.69725	1
0	56637	0.697375	1
0	56647	0.6975	1
0	56657	0.697625	1
0	56667	0.69775	1
0	56677	0.697875	1
0	56687	0.698	1
0	56697	0.698125	1
0	56707	0.69825	1
0	56717	0.698375	1
0	56727	0.6985	1
0	56737	0.698625	1
0	56747	0.69875	1
0	56757	0.698875	1
0	56767	0.699	1
0	56777	0.699125	1
0	56787	0.69925	1
0	56797	0.699375	1
0	56807	0.6995	1
0	56817	0.699625	1
0	56827	0.69975	1
0	56837	0.699875	1
0	56847	0.7	1
0	56857	0.700125	1
0	56871	0.70025	1
0	56881	0.700375	1
0	56891	0.7005	1
0	56901	0.700625	1
0	56911	0.70075	1
0	56921	0.700875	1
0	56931	0.701	1
0	56941	0.701125	1
0	56951	0.70125	1
0	56961	0.701375	1
0	56971	0.7015	1
0	56981	0.701625	1
0	56991	0.70175	1
0	57001	0.701875	1
0	57011	0.702	1
0	57021	0.702125	1
0	57031	0.70225	1
0	57041	0.702375	1
0	57051	0.7025	1
0	57061	0.702625	1
0	57071	0.70275	1
0	57081	0.702875	1
0	57091	0.703	1
0	57101	0.703125	1
0	57111	0.70325	1
0	57121	0.703375	1
0	57135	0.7035	1
0	57145	0.703625	1
0	57155	0.70375	1
0	57165	0.703875	1
0	57175	0.704	1
0	57185	0.704125	1
0	57195	0.70425	1
0	57205	0.704375	1
0	57215	0.7045	1
0	57225	0.704625	1
0	57235	0.70475	1
0	57245	0.704875	1
0	57255	0.705	1
0	57265	0.705125	1
0	57275	0.70525	1
0	57285	0.705375	1
0	57295	0.7055	1
0	57305	0.705625	1
0	57315	0.70575	1
0	57325	0.705875	1
0	57335	0.706	1
0	57345	0.706125	1
0	57355	0.70625	1
0	57365	0.706375	1
0	57375	0.7065	1
0	57385	0.706625	1
0	57399	0.70675	1
0	57409	0.706875	1
0	57419	0.707	1
0	57429	0.707125	1
0	57439	0.70725	1
0	57449	0.707375	1
0	57459	0.7075	1
0	57469	0.707625	1
0	57479	0.70775	1
0	57489	0.707875	1
0	57499	0.708	1
0	57509	0.708125	1
0	57519	0.70825	1
0	57529	0.708375	1
0	57539	0.7085	1
0	57549	0.708625	1
0	57559	0.70875	1
0	57569	0.708875	1
0	57579	0.709	1
0	57589	0.709125	1
0	57599	0.70925	1
0	57609	0.709375	1
0	57619	0.7095	1
0	57629	0.709625	1
0	57639	0.70975	1
0	57649	0.709875	1
0	57663	0.71	1
0	57673	0.710125	1
0	57683	0.71025	1
0	57693	0.710375	1
0	57703	0.7105	1
0	57713	0.710625	1
0	57723	0.71075	1
0	57733	0.710875	1
0	57743	0.711	1
0	57753	0.711125	1
0	57763	0.71125	1
0	57773	0.711375	1
0	57783	0.7115	1
0	57793	0.711625	1
0	57803	0.71175	1
0	57813	0.711875	1
0	57823	0.712	1
0	57833	0.712125	1
0	57843	0.71225	1
0	57853	0.712375	1
0	57863	0.7125	1
0	57873	0.712625	1
0	57883	0.71275	1
0	57893	0.712875	1
0	57903	0.713	1
0	57913	0.713125	1
0	57927	0.71325	1
0	57937	0.713375	1
0	57947	0.7135	1
0	57957	0.713625	1
0	57967	0.71375	1
0	57977	0.713875	1
0	57987	0.714	1
0	57997	0.714125	1
0	58007	0.71425	1
0	58017	0.714375	1
0	58027	0.7145	1
0	58037	0.714625	1
0	58047	0.71475	1
0	58057	0.714875	1
0	58067	0.715	1
0	58077	0.715125	1
0	58087	0.71525	1
0	58097	0.715375	1
0	58107	0.7155	1
0	58117	0.715625	1
0	58127	0.71575	1
0	58137	0.715875	1
0	58147	0.716	1
0	58157	0.716125	1
0	58167	0.71625	1
0	58177	0.716375	1
0	58187	0.7165	1
0	58201	0.716625	1
0	58211	0.71675	1
0	58221	0.716875	1
0	58231	0.717	1
0	58241	0.717125	1
0	58251	0.71725	1
0	58261	0.717375	1
0	58271	0.7175	1
0	58281	0.717625	1
0	58291	0.71775	1
0	58301	0.717875	1
0	58311	0.718	1
0	58321	0.718125	1
0	58331	0.71825	1
0	58341	0.718375	1
0	58351	0.7185	1
0	58361	0.718625	1
0	58371	0.71875	1
0	58381	0.718875	1
0	58391	0.719	1
0	58401	0.719125	1
0	58411	0.71925	1
0	58421	0.719375	1
0	58431	0.7195	1
0	58441	0.719625	1
0	58451	0.71975	1
0	58465	0.719875	1
0	58475	0.72	1
0	58485	0.720125	1
0	58495	0.72025	1
0	58505	0.720375	1
0	58515	0.7205	1
0	58525	0.720625	1
0	58535	0.72075	1
0	58545	0.720875	1
0	58555	0.721	1
0	58565	0.721125	1
0	58575	0.72125	1
0	58585	0.721375	1
0	58595	0.7215	1
0	58605	0.721625	1
0	58615	0.72175	1
0	58625	0.721875	1
0	58635	0.722	1
0	58645	0.722125	1
0	58655	0.72225	1
0	58665	0.722375	1
0	58675	0.7225	1
0	58685	0.722625	1
0	58695	0.72275	1
0	58705	0.722875	1
0	58715	0.723	1
0	58729	0.723125	1
0	58739	0.72325	1
0	58749	0.723375	1
0	58759	0.7235	1
0	58769	0.723625	1
0	58779	0.72375	1
0	58789	0.723875	1
0	58799	0.724	1
0	58809	0.724125	1
0	58819	0.72425	1
0	58829	0.724375	1
0	58839	0.7245	1
0	58849	0.724625	1
0	58859	0.72475	1
0	58869	0.724875	1
0	58879	0.725	1
0	58889	0.725125	1
0	58899	0.72525	1
0	58909	0.725375	1
0	58919	0.7255	1
0	58929	0.725625	1
0	58939	0.72575	1
0	58949	0.725875	1
0	58959	0.726	1
0	58969	0.726125	1
0	58979	0.72625	1
0	58993	0.726375	1
0	59003	0.7265	1
0	59013	0.726625	1
0	59023	0.72675	1
0	59033	0.726875	1
0	59043	0.727	1
0	59053	0.727125	1
0	59063	0.72725	1
0	59073	0.727375	1
0	59083	0.7275	1
0	59093	0.727625	1
0	59103	0.72775	1
0	59113	0.727875	1
0	59123	0.728	1
0	59133	0.728125	1
0	59143	0.72825	1
0	59153	0.728375	1
0	59163	0.7285	1
0	59173	0.728625	1
0	59183	0.72875	1
0	59193	0.728875	1
0	59203	0.729	1
0	59213	0.729125	1
0	59223	0.72925	1
0	59233	0.729375	1
0	59243	0.7295	1
0	59257	0.729625	1
0	59267	0.72975	1
0	59277	0.729875	1
0	59287	0.73	1
0	59297	0.730125	1
0	59307	0.73025	1
0	59317	0.730375	1
0	59327	0.7305	1
0	59337	0.730625	1
0	59347	0.73075	1
0	59357	0.730875	1
0	59367	0.731	1
0	59377	0.731125	1
0	59387	0.73125	1
0	59397	0.731375	1
0	59407	0.7315	1
0	59417	0.731625	1
0	59427	0.73175	1
0	59437	0.731875	1
0	59447	0.732	1
0	59457	0.732125	1
0	59467	0.73225	1
0	59477	0.732375	1
0	59487	0.7325	1
0	59497	0.732625	1
0	59507	0.73275	1
0	59521	0.732875	1
0	59531	0.733	1
0	59541	0.733125	1
0	59551	0.73325	1
0	59561	0.733375	1
0	59571	0.7335	1
0	59581	0.733625	1
0	59591	0.73375	1
0	59601	0.733875	1
0	59611	0.734	1
0	59621	0.734125	1
0	59631	0.73425	1
0	59641	0.734375	1
0	59651	0.7345	1
0	59661	0.734625	1
0	59671	0.73475	1
0	59681	0.734875	1
0	59691	0.735	1
0	59701	0.735125	1
0	59711	0.73525	1
0	59721	0.735375	1
0	59731	0.7355	1
0	59741	0.735625	1
0	59751	0.73575	1
0	59761	0.735875	1
0	59771	0.736	1
0	59781	0.736125	1
0	59795	0.73625	1
0	59805	0.736375	1
0	59815	0.7365	1
0	59825	0.736625	1
0	59835	0.73675	1
0	59845	0.736875	1
0	59855	0.737	1
0	59865	0.737125	1
0	59875	0.73725	1
0	59885	0.737375	1
0	59895	0.7375	1
0	59905	0.737625	1
0	59915	0.73775	1
0	59925	0.737875	1
0	59935	0.738	1
0	59945	0.738125	1
0	59955	0.73825	1
0	59965	0.738375	1
0	59975	0.7385	1
0	59985	0.738625	1
0	59995	0.73875	1
0	60005	0.738875	1
0	60015	0.739	1
0	60025	0.739125	1
0	60035	0.73925	1
0	60045	0.739375	1
0	60059	0.7395	1
0	60069	0.739625	1
0	60079	0.73975	1
0	60089	0.739875	1
0	60099	0.74	1
0	60109	0.740125	1
0	60119	0.74025	1
0	60129	0.740375	1
0	60139	0.7405	1
0	60149	0.740625	1
0	60159	0.74075	1
0	60169	0.740875	1
0	60179	0.741	1
0	60189	0.741125	1
0	60199	0.74125	1
0	60209	0.741375	1
0	60219	0.7415	1
0	60229	0.741625	1
0	60239	0.74175	1
0	60249	0.741875	1
0	60259	0.742	1
0	60269	0.742125	1
0	60279	0.74225	1
0	60289	0.742375	1
0	60299	0.7425	1
0	60309	0.742625	1
0	60323	0.74275	1
0	60333	0.742875	1
0	60343	0.743	1
0	60353	0.743125	1
0	60363	0.74325	1
0	60373	0.743375	1
0	60383	0.7435	1
0	60393	0.743625	1
0	60403	0.74375	1
0	60413	0.743875	1
0	60423	0.744	1
0	60433	0.744125	1
0	60443	0.74425	1
0	60453	0.744375	1
0	60463	0.7445	1
0	60473	0.744625	1
0	60483	0.74475	1
0	60493	0.744875	1
0	60503	0.745	1
0	60513	0.745125	1
0	60523	0.74525	1
0	60533	0.745375	1
0	60543	0.7455	1
0	60553	0.745625	1
0	60563	0.74575	1
0	60573	0.745875	1
0	60587	0.746	1
0	60597	0.746125	1
0	60607	0.74625	1
0	60617	0.746375	1
0	60627	0.7465	1
0	60637	0.746625	1
0	60647	0.74675	1
0	60657	0.746875	1
0	60667	0.747	1
0	60677	0.747125	1
0	60687	0.74725	1
0	60697	0.747375	1
0	60707	0.7475	1
0	60717	0.747625	1
0	60727	0.74775	1
0	60737	0.747875	1
0	60747	0.748	1
0	60757	0.748125	1
0	60767	0.74825	1
0	60777	0.748375	1
0	60787	0.7485	1
0	60797	0.748625	1
0	60807	0.74875	1
0	60817	0.748875	1
0	60827	0.749	1
0	60837	0.749125	1
0	60851	0.74925	1
0	60861	0.749375	1
0	60871	0.7495	1
0	60881	0.749625	1
0	60891	0.74975	1
0	60901	0.749875	1
0	60911	0.75	1
0	60921	0.750125	1
0	60931	0.75025	1
0	60941	0.750375	1
0	60951	0.7505	1
0	60961	0.750625	1
0	60971	0.75075	1
0	60981	0.750875	1
0	60991	0.751	1
0	61001	0.751125	1
0	61011	0.75125	1
0	61021	0.751375	1
0	61031	0.7515	1
0	61041	0.751625	1
0	61051	0.75175	1
0	61061	0.751875	1
0	61071	0.752	1
0	61081	0.752125	1
0	61091	0.75225	1
0	61101	0.752375	1
0	61111	0.7525	1
0	61125	0.752625	1
0	61135	0.75275	1
0	61145	0.752875	1
0	61155	0.753	1
0	61165	0.753125	1
0	61175	0.75325	1
0	61185	0.753375	1
0	61195	0.7535	1
0	61205	0.753625	1
0	61215	0.75375	1
0	61225	0.753875	1
0	61235	0.754	1
0	61245	0.754125	1
0	61255	0.75425	1
0	61265	0.754375	1
0	61275	0.7545	1
0	61285	0.754625	1
0	61295	0.75475	1
0	61305	0.754875	1
0	61315	0.755	1
0	61325	0.755125	1
0	61335	0.75525	1
0	61345	0.755375	1
0	61355	0.7555	1
0	61365	0.755625	1
0	61375	0.75575	1
0	61389	0.755875	1
0	61399	0.756	1
0	61409	0.756125	1
0	61419	0.75625	1
0	61429	0.756375	1
0	61439	0.7565	1
0	61449	0.756625	1
0	61459	0.75675	1
0	61469	0.756875	1
0	61479	0.757	1
0	61489	0.757125	1
0	61499	0.75725	1
0	61509	0.757375	1
0	61519	0.7575	1
0	61529	0.757625	1
0	61539	0.75775	1
0	61549	0.757875	1
0	61559	0.758	1
0	61569	0.758125	1
0	61579	0.75825	1
0	61589	0.758375	1
0	61599	0.7585	1
0	61609	0.758625	1
0	61619	0.75875	1
0	61629	0.758875	1
0	61639	0.759	1
0	61653	0.759125	1
0	61663	0.75925	1
0	61673	0.759375	1
0	61683	0.7595	1
0	61693	0.759625	1
0	61703	0.75975	1
0	61713	0.759875	1
0	61723	0.76	1
0	61733	0.760125	1
0	61743	0.76025	1
0	61753	0.760375	1
0	61763	0.7605	1
0	61773	0.760625	1
0	61783	0.76075	1
0	61793	0.760875	1
0	61803	0.761	1
0	61813	0.761125	1
0	61823	0.76125	1
0	61833	0.761375	1
0	61843	0.7615	1
0	61853	0.761625	1
0	61863	0.76175	1
0	61873	0.761875	1
0	61883	0.762	1
0	61893	0.762125	1
0	61903	0.76225	1
0	61917	0.762375	1
0	61927	0.7625	1
0	61937	0.762625	1
0	61947	0.76275	1
0	61957	0.762875	1
0	61967	0.763	1
0	61977	0.763125	1
0	61987	0.76325	1
0	61997	0.763375	1
0	62007	0.7635	1
0	62017	0.763625	1
0	62027	0.76375	1
0	62037	0.763875	1
0	62047	0.764	1
0	62057	0.764125	1
0	62067	0.76425	1
0	62077	0.764375	1
0	62087	0.7645	1
0	62097	0.764625	1
0	62107	0.76475	1
0	62117	0.764875	1
0	62127	0.765	1
0	62137	0.765125	1
0	62147	0.76525	1
0	62157	0.765375	1
0	62167	0.7655	1
0	62181	0.765625	1
0	62191	0.76575	1
0	62201	0.765875	1
0	62211	0.766	1
0	62221	0.766125	1
0	62231	0.76625	1
0	62241	0.766375	1
0	62251	0.7665	1
0	62261	0.766625	1
0	62271	0.76675	1
0	62281	0.766875	1
0	62291	0.767	1
0	62301	0.767125	1
0	62311	0.76725	1
0	62321	0.767375	1
0	62331	0.7675	1
0	62341	0.767625	1
0	62351	0.76775	1
0	62361	0.767875	1
0	62371	0.768	1
0	62381	0.768125	1
0	62391	0.76825	1
0	62401	0.768375	1
0	62411	0.7685	1
0	62421	0.768625	1
0	62431	0.76875	1
0	62445	0.768875	1
0	62455	0.769	1
0	62465	0.769125	1
0	62475	0.76925	1
0	62485	0.769375	1
0	62495	0.7695	1
0	62505	0.769625	1
0	62515	0.76975	1
0	62525	0.769875	1
0	62535	0.77	1
0	62545	0.770125	1
0	62555	0.77025	1
0	62565	0.770375	1
0	62575	0.7705	1
0	62585	0.770625	1
0	62595	0.77075	1
0	62605	0.770875	1
0	62615	0.771	1
0	62625	0.771125	1
0	62635	0.77125	1
0	62645	0.771375	1
0	62655	0.7715	1
0	62665	0.771625	1
0	62675	0.77175	1
0	62685	0.771875	1
0	62695	0.772	1
0	62705	0.772125	1
0	62719	0.77225	1
0	62729	0.772375	1
0	62739	0.7725	1
0	62749	0.772625	1
0	62759	0.77275	1
0	62769	0.772875	1
0	62779	0.773	1
0	62789	0.773125	1
0	62799	0.77325	1
0	62809	0.773375	1
0	62819	0.7735	1
0	62829	0.773625	1
0	62839	0.77375	1
0	62849	0.773875	1
0	62859	0.774	1
0	62869	0.774125	1
0	62879	0.77425	1
0	62889	0.774375	1
0	62899	0.7745	1
0	62909	0.774625	1
0	62919	0.77475	1
0	62929	0.774875	1
0	62939	0.775	1
0	62949	0.775125	1
0	62959	0.77525	1
0	62969	0.775375	1
0	62983	0.7755	1
0	62993	0.775625	1
0	63003	0.77575	1
0	63013	0.775875	1
0	63023	0.776	1
0	63033	0.776125	1
0	63043	0.77625	1
0	63053	0.776375	1
0	63063	0.7765	1
0	63073	0.776625	1
0	63083	0.77675	1
0	63093	0.776875	1
0	63103	0.777	1
0	63113	0.777125	1
0	63123	0.77725	1
0	63133	0.777375	1
0	63143	0.7775	1
0	63153	0.777625	1
0	63163	0.77775	1
0	63173	0.777875	1
0	63183	0.778	1
0	63193	0.778125	1
0	63203	0.77825	1
0	63213	0.778375	1
0	63223	0.7785	1
0	63233	0.778625	1
0	63247	0.77875	1
0	63257	0.778875	1
0	63267	0.779	1
0	63277	0.779125	1
0	63287	0.77925	1
0	63297	0.779375	1
0	63307	0.7795	1
0	63317	0.779625	1
0	63327	0.77975	1
0	63337	0.779875	1
0	63347	0.78	1
0	63357	0.780125	1
0	63367	0.78025	1
0	63377	0.780375	1
0	63387	0.7805	1
0	63397	0.780625	1
0	63407	0.78075	1
0	63417	0.780875	1
0	63427	0.781	1
0	63437	0.781125	1
0	63447	0.78125	1
0	63457	0.781375	1
0	63467	0.7815	1
0	63477	0.781625	1
0	63487	0.78175	1
0	63497	0.781875	1
0	63511	0.782	1
0	63521	0.782125	1
0	63531	0.78225	1
0	63541	0.782375	1
0	63551	0.7825	1
0	63561	0.782625	1
0	63571	0.78275	1
0	63581	0.782875	1
0	63591	0.783	1
0	63601	0.783125	1
0	63611	0.78325	1
0	63621	0.783375	1
0	63631	0.7835	1
0	63641	0.783625	1
0	63651	0.78375	1
0	63661	0.783875	1
0	63671	0.784	1
0	63681	0.784125	1
0	63691	0.78425	1
0	63701	0.784375	1
0	63711	0.7845	1
0	63721	0.784625	1
0	63731	0.78475	1
0	63741	0.784875	1
0	63751	0.785	1
0	63761	0.785125	1
0	63775	0.78525	1
0	63785	0.785375	1
0	63795	0.7855	1
0	63805	0.785625	1
0	63815	0.78575	1
0	63825	0.785875	1
0	63835	0.786	1
0	63845	0.786125	1
0	63855	0.78625	1
0	63865	0.786375	1
0	63875	0.7865	1
0	63885	0.786625	1
0	63895	0.78675	1
0	63905	0.786875	1
0	63915	0.787	1
0	63925	0.787125	1
0	63935	0.78725	1
0	63945	0.787375	1
0	63955	0.7875	1
0	63965	0.787625	1
0	63975	0.78775	1
0	63985	0.787875	1
0	63995	0.788	1
0	64005	0.788125	1
0	64015	0.78825	1
0	64025	0.788375	1
0	64039	0.7885	1
0	64049	0.788625	1
0	64059	0.78875	1
0	64069	0.788875	1
0	64079	0.789	1
0	64089	0.789125	1
0	64099	0.78925	1
0	64109	0.789375	1
0	64119	0.7895	1
0	64129	0.789625	1
0	64139	0.78975	1
0	64149	0.789875	1
0	64159	0.79	1
0	64169	0.790125	1
0	64179	0.79025	1
0	64189	0.790375	1
0	64199	0.7905	1
0	64209	0.790625	1
0	64219	0.79075	1
0	64229	0.790875	1
0	64239	0.791	1
0	64249	0.791125	1
0	64259	0.79125	1
0	64269	0.791375	1
0	64279	0.7915	1
0	64289	0.791625	1
0	64299	0.79175	1
0	64313	0.791875	1
0	64323	0.792	1
0	64333	0.792125	1
0	64343	0.79225	1
0	64353	0.792375	1
0	64363	0.7925	1
0	64373	0.792625	1
0	64383	0.79275	1
0	64393	0.792875	1
0	64403	0.793	1
0	64413	0.793125	1
0	64423	0.79325	1
0	64433	0.793375	1
0	64443	0.7935	1
0	64453	0.793625	1
0	64463	0.79375	1
0	64473	0.793875	1
0	64483	0.794	1
0	64493	0.794125	1
0	64503	0.79425	1
0	64513	0.794375	1
0	64523	0.7945	1
0	64533	0.794625	1
0	64543	0.79475	1
0	64553	0.794875	1
0	64563	0.795	1
0	64577	0.795125	1
0	64587	0.79525	1
0	64597	0.795375	1
0	64607	0.7955	1
0	64617	0.795625	1
0	64627	0.79575	1
0	64637	0.795875	1
0	64647	0.796	1
0	64657	0.796125	1
0	64667	0.79625	1
0	64677	0.796375	1
0	64687	0.7965	1
0	64697	0.796625	1
0	64707	0.79675	1
0	64717	0.796875	1
0	64727	0.797	1
0	64737	0.797125	1
0	64747	0.79725	1
0	64757	0.797375	1
0	64767	0.7975	1
0	64777	0.797625	1
0	64787	0.79775	1
0	64797	0.797875	1
0	64807	0.798	1
0	64817	0.798125	1
0	64827	0.79825	1
0	64841	0.798375	1
0	64851	0.7985	1
0	64861	0.798625	1
0	64871	0.79875	1
0	64881	0.798875	1
0	64891	0.799	1
0	64901	0.799125	1
0	64911	0.79925	1
0	64921	0.799375	1
0	64931	0.7995	1
0	64941	0.799625	1
0	64951	0.79975	1
0	64961	0.799875	1
0	64971	0.8	1
0	64981	0.800125	1
0	64991	0.80025	1
0	65001	0.800375	1
0	65011	0.8005	1
0	65021	0.800625	1
0	65031	0.80075	1
0	65041	0.800875	1
0	65051	0.801	1
0	65061	0.801125	1
0	65071	0.80125	1
0	65081	0.801375	1
0	65091	0.8015	1
0	65105	0.801625	1
0	65115	0.80175	1
0	65125	0.801875	1
0	65135	0.802	1
0	65145	0.802125	1
0	65155	0.80225	1
0	65165	0.802375	1
0	65175	0.8025	1
0	65185	0.802625	1
0	65195	0.80275	1
0	65205	0.802875	1
0	65215	0.803	1
0	65225	0.803125	1
0	65235	0.80325	1
0	65245	0.803375	1
0	65255	0.8035	1
0	65265	0.803625	1
0	65275	0.80375	1
0	65285	0.803875	1
0	65295	0.804	1
0	65305	0.804125	1
0	65315	0.80425	1
0	65325	0.804375	1
0	65335	0.8045	1
0	65345	0.804625	1
0	65355	0.80475	1
0	65369	0.804875	1
0	65379	0.805	1
0	65389	0.805125	1
0	65399	0.80525	1
0	65409	0.805375	1
0	65419	0.8055	1
0	65429	0.805625	1
0	65439	0.80575	1
0	65449	0.805875	1
0	65459	0.806	1
0	65469	0.806125	1
0	65479	0.80625	1
0	65489	0.806375	1
0	65499	0.8065	1
0	65509	0.806625	1
0	65519	0.80675	1
0	65529	0.806875	1
0	65539	0.807	1
0	65549	0.807125	1
0	65559	0.80725	1
0	65569	0.807375	1
0	65579	0.8075	1
0	65589	0.807625	1
0	65599	0.80775	1
0	65609	0.807875	1
0	65619	0.808	1
0	65633	0.808125	1
0	65643	0.80825	1
0	65653	0.808375	1
0	65663	0.8085	1
0	65673	0.808625	1
0	65683	0.80875	1
0	65693	0.808875	1
0	65703	0.809	1
0	65713	0.809125	1
0	65723	0.80925	1
0	65733	0.809375	1
0	65743	0.8095	1
0	65753	0.809625	1
0	65763	0.80975	1
0	65773	0.809875	1
0	65783	0.81	1
0	65793	0.810125	1
0	65803	0.81025	1
0	65813	0.810375	1
0	65823	0.8105	1
0	65833	0.810625	1
0	65843	0.81075	1
0	65853	0.810875	1
0	65863	0.811	1
0	65873	0.811125	1
0	65883	0.81125	1
0	65893	0.811375	1
0	65907	0.8115	1
0	65917	0.811625	1
0	65927	0.81175	1
0	65937	0.811875	1
0	65947	0.812	1
0	65957	0.812125	1
0	65967	0.81225	1
0	65977	0.812375	1
0	65987	0.8125	1
0	65997	0.812625	1
0	66007	0.81275	1
0	66017	0.812875	1
0	66027	0.813	1
0	66037	0.813125	1
0	66047	0.81325	1
0	66057	0.813375	1
0	66067	0.8135	1
0	66077	0.813625	1
0	66087	0.81375	1
0	66097	0.813875	1
0	66107	0.814	1
0	66117	0.814125	1
0	66127	0.81425	1
0	66137	0.814375	1
0	66147	0.8145	1
0	66157	0.814625	1
0	66171	0.81475	1
0	66181	0.814875	1
0	66191	0.815	1
0	66201	0.815125	1
0	66211	0.81525	1
0	66221	0.815375	1
0	66231	0.8155	1
0	66241	0.815625	1
0	66251	0.81575	1
0	66261	0.815875	1
0	66271	0.816	1
0	66281	0.816125	1
0	66291	0.81625	1
0	66301	0.816375	1
0	66311	0.8165	1
0	66321	0.816625	1
0	66331	0.81675	1
0	66341	0.816875	1
0	66351	0.817	1
0	66361	0.817125	1
0	66371	0.81725	1
0	66381	0.817375	1
0	66391	0.8175	1
0	66401	0.817625	1
0	66411	0.81775	1
0	66421	0.817875	1
0	66435	0.818	1
0	66445	0.818125	1
0	66455	0.81825	1
0	66465	0.818375	1
0	66475	0.8185	1
0	66485	0.818625	1
0	66495	0.81875	1
0	66505	0.818875	1
0	66515	0.819	1
0	66525	0.819125	1
0	66535	0.81925	1
0	66545	0.819375	1
0	66555	0.8195	1
0	66565	0.819625	1
0	66575	0.81975	1
0	66585	0.819875	1
0	66595	0.82	1
0	66605	0.820125	1
0	66615	0.82025	1
0	66625	0.820375	1
0	66635	0.8205	1
0	66645	0.820625	1
0	66655	0.82075	1
0	66665	0.820875	1
0	66675	0.821	1
0	66685	0.821125	1
0	66699	0.82125	1
0	66709	0.821375	1
0	66719	0.8215	1
0	66729	0.821625	1
0	66739	0.82175	1
0	66749	0.821875	1
0	66759	0.822	1
0	66769	0.822125	1
0	66779	0.82225	1
0	66789	0.822375	1
0	66799	0.8225	1
0	66809	0.822625	1
0	66819	0.82275	1
0	66829	0.822875	1
0	66839	0.823	1
0	66849	0.823125	1
0	66859	0.82325	1
0	66869	0.823375	1
0	66879	0.8235	1
0	66889	0.823625	1
0	66899	0.82375	1
0	66909	0.823875	1
0	66919	0.824	1
0	66929	0.824125	1
0	66939	0.82425	1
0	66949	0.824375	1
0	66963	0.8245	1
0	66973	0.824625	1
0	66983	0.82475	1
0	66993	0.824875	1
0	67003	0.825	1
0	67013	0.825125	1
0	67023	0.82525	1
0	67033	0.825375	1
0	67043	0.8255	1
0	67053	0.825625	1
0	67063	0.82575	1
0	67073	0.825875	1
0	67083	0.826	1
0	67093	0.826125	1
0	67103	0.82625	1
0	67113	0.826375	1
0	67123	0.8265	1
0	67133	0.826625	1
0	67143	0.82675	1
0	67153	0.826875	1
0	67163	0.827	1
0	67173	0.827125	1
0	67183	0.82725	1
0	67193	0.827375	1
0	67203	0.8275	1
0	67213	0.827625	1
0	67223	0.82775	1
0	67237	0.827875	1
0	67247	0.828	1
0	67257	0.828125	1
0	67267	0.82825	1
0	67277	0.828375	1
0	67287	0.8285	1
0	67297	0.828625	1
0	67307	0.82875	1
0	67317	0.828875	1
0	67327	0.829	1
0	67337	0.829125	1
0	67347	0.82925	1
0	67357	0.829375	1
0	67367	0.8295	1
0	67377	0.829625	1
0	67387	0.82975	1
0	67397	0.829875	1
0	67407	0.83	1
0	67417	0.830125	1
0	67427	0.83025	1
0	67437	0.830375	1
0	67447	0.8305	1
0	67457	0.830625	1
0	67467	0.83075	1
0	67477	0.830875	1
0	67487	0.831	1
0	67501	0.831125	1
0	67511	0.83125	1
0	67521	0.831375	1
0	67531	0.8315	1
0	67541	0.831625	1
0	67551	0.83175	1
0	67561	0.831875	1
0	67571	0.832	1
0	67581	0.832125	1
0	67591	0.83225	1
0	67601	0.832375	1
0	67611	0.8325	1
0	67621	0.832625	1
0	67631	0.83275	1
0	67641	0.832875	1
0	67651	0.833	1
0	67661	0.833125	1
0	67671	0.83325	1
0	67681	0.833375	1
0	67691	0.8335	1
0	67701	0.833625	1
0	67711	0.83375	1
0	67721	0.833875	1
0	67731	0.834	1
0	67741	0.834125	1
0	67751	0.83425	1
0	67765	0.834375	1
0	67775	0.8345	1
0	67785	0.834625	1
0	67795	0.83475	1
0	67805	0.834875	1
0	67815	0.835	1
0	67825	0.835125	1
0	67835	0.83525	1
0	67845	0.835375	1
0	67855	0.8355	1
0	67865	0.835625	1
0	67875	0.83575	1
0	67885	0.835875	1
0	67895	0.836	1
0	67905	0.836125	1
0	67915	0.83625	1
0	67925	0.836375	1
0	67935	0.8365	1
0	67945	0.836625	1
0	67955	0.83675	1
0	67965	0.836875	1
0	67975	0.837	1
0	67985	0.837125	1
0	67995	0.83725	1
0	68005	0.837375	1
0	68015	0.8375	1
0	68029	0.837625	1
0	68039	0.83775	1
0	68049	0.837875	1
0	68059	0.838	1
0	68069	0.838125	1
0	68079	0.83825	1
0	68089	0.838375	1
0	68099	0.8385	1
0	68109	0.838625	1
0	68119	0.83875	1
0	68129	0.838875	1
0	68139	0.839	1
0	68149	0.839125	1
0	68159	0.83925	1
0	68169	0.839375	1
0	68179	0.8395	1
0	68189	0.839625	1
0	68199	0.83975	1
0	68209	0.839875	1
0	68219	0.84	1
0	68229	0.840125	1
0	68239	0.84025	1
0	68249	0.840375	1
0	68259	0.8405	1
0	68269	0.840625	1
0	68279	0.84075	1
0	68293	0.840875	1
0	68303	0.841	1
0	68313	0.841125	1
0	68323	0.84125	1
0	68333	0.841375	1
0	68343	0.8415	1
0	68353	0.841625	1
0	68363	0.84175	1
0	68373	0.841875	1
0	68383	0.842	1
0	68393	0.842125	1
0	68403	0.84225	1
0	68413	0.842375	1
0	68423	0.8425	1
0	68433	0.842625	1
0	68443	0.84275	1
0	68453	0.842875	1
0	68463	0.843	1
0	68473	0.843125	1
0	68483	0.84325	1
0	68493	0.843375	1
0	68503	0.8435	1
0	68513	0.843625	1
0	68523	0.84375	1
0	68533	0.843875	1
0	68543	0.844	1
0	68557	0.844125	1
0	68567	0.84425	1
0	68577	0.844375	1
0	68587	0.8445	1
0	68597	0.844625	1
0	68607	0.84475	1
0	68617	0.844875	1
0	68627	0.845	1
0	68637	0.845125	1
0	68647	0.84525	1
0	68657	0.845375	1
0	68667	0.8455	1
0	68677	0.845625	1
0	68687	0.84575	1
0	68697	0.845875	1
0	68707	0.846	1
0	68717	0.846125	1
0	68727	0.84625	1
0	68737	0.846375	1
0	68747	0.8465	1
0	68757	0.846625	1
0	68767	0.84675	1
0	68777	0.846875	1
0	68787	0.847	1
0	68797	0.847125	1
0	68807	0.84725	1
0	68817	0.847375	1
0	68831	0.8475	1
0	68841	0.847625	1
0	68851	0.84775	1
0	68861	0.847875	1
0	68871	0.848	1
0	68881	0.848125	1
0	68891	0.84825	1
0	68901	0.848375	1
0	68911	0.8485	1
0	68921	0.848625	1
0	68931	0.84875	1
0	68941	0.848875	1
0	68951	0.849	1
0	68961	0.849125	1
0	68971	0.84925	1
0	68981	0.849375	1
0	68991	0.8495	1
0	69001	0.849625	1
0	69011	0.84975	1
0	69021	0.849875	1
0	69031	0.85	1
0	69041	0.850125	1
0	69051	0.85025	1
0	69061	0.850375	1
0	69071	0.8505	1
0	69081	0.850625	1
0	69095	0.85075	1
0	69105	0.850875	1
0	69115	0.851	1
0	69125	0.851125	1
0	69135	0.85125	1
0	69145	0.851375	1
0	69155	0.8515	1
0	69165	0.851625	1
0	69175	0.85175	1
0	69185	0.851875	1
0	69195	0.852	1
0	69205	0.852125	1
0	69215	0.85225	1
0	69225	0.852375	1
0	69235	0.8525	1
0	69245	0.852625	1
0	69255	0.85275	1
0	69265	0.852875	1
0	69275	0.853	1
0	69285	0.853125	1
0	69295	0.85325	1
0	69305	0.853375	1
0	69315	0.8535	1
0	69325	0.853625	1
0	69335	0.85375	1
0	69345	0.853875	1
0	69359	0.854	1
0	69369	0.854125	1
0	69379	0.85425	1
0	69389	0.854375	1
0	69399	0.8545	1
0	69409	0.854625	1
0	69419	0.85475	1
0	69429	0.854875	1
0	69439	0.855	1
0	69449	0.855125	1
0	69459	0.85525	1
0	69469	0.855375	1
0	69479	0.8555	1
0	69489	0.855625	1
0	69499	0.85575	1
0	69509	0.855875	1
0	69519	0.856	1
0	69529	0.856125	1
0	69539	0.85625	1
0	69549	0.856375	1
0	69559	0.8565	1
0	69569	0.856625	1
0	69579	0.85675	1
0	69589	0.856875	1
0	69599	0.857	1
0	69609	0.857125	1
0	69623	0.85725	1
0	69633	0.857375	1
0	69643	0.8575	1
0	69653	0.857625	1
0	69663	0.85775	1
0	69673	0.857875	1
0	69683	0.858	1
0	69693	0.858125	1
0	69703	0.85825	1
0	69713	0.858375	1
0	69723	0.8585	1
0	69733	0.858625	1
0	69743	0.85875	1
0	69753	0.858875	1
0	69763	0.859	1
0	69773	0.859125	1
0	69783	0.85925	1
0	69793	0.859375	1
0	69803	0.8595	1
0	69813	0.859625	1
0	69823	0.85975	1
0	69833	0.859875	1
0	69843	0.86	1
0	69853	0.860125	1
0	69863	0.86025	1
0	69873	0.860375	1
0	69887	0.8605	1
0	69897	0.860625	1
0	69907	0.86075	1
0	69917	0.860875	1
0	69927	0.861	1
0	69937	0.861125	1
0	69947	0.86125	1
0	69957	0.861375	1
0	69967	0.8615	1
0	69977	0.861625	1
0	69987	0.86175	1
0	69997	0.861875	1
0	70007	0.862	1
0	70017	0.862125	1
0	70027	0.86225	1
0	70037	0.862375	1
0	70047	0.8625	1
0	70057	0.862625	1
0	70067	0.86275	1
0	70077	0.862875	1
0	70087	0.863	1
0	70097	0.863125	1
0	70107	0.86325	1
0	70117	0.863375	1
0	70127	0.8635	1
0	70137	0.863625	1
0	70151	0.86375	1
0	70161	0.863875	1
0	70171	0.864	1
0	70181	0.864125	1
0	70191	0.86425	1
0	70201	0.864375	1
0	70211	0.8645	1
0	70221	0.864625	1
0	70231	0.86475	1
0	70241	0.864875	1
0	70251	0.865	1
0	70261	0.865125	1
0	70271	0.86525	1
0	70281	0.865375	1
0	70291	0.8655	1
0	70301	0.865625	1
0	70311	0.86575	1
0	70321	0.865875	1
0	70331	0.866	1
0	70341	0.866125	1
0	70351	0.86625	1
0	70361	0.866375	1
0	70371	0.8665	1
0	70381	0.866625	1
0	70391	0.86675	1
0	70401	0.866875	1
0	70411	0.867	1
0	70425	0.867125	1
0	70435	0.86725	1
0	70445	0.867375	1
0	70455	0.8675	1
0	70465	0.867625	1
0	70475	0.86775	1
0	70485	0.867875	1
0	70495	0.868	1
0	70505	0.868125	1
0	70515	0.86825	1
0	70525	0.868375	1
0	70535	0.8685	1
0	70545	0.868625	1
0	70555	0.86875	1
0	70565	0.868875	1
0	70575	0.869	1
0	70585	0.869125	1
0	70595	0.86925	1
0	70605	0.869375	1
0	70615	0.8695	1
0	70625	0.869625	1
0	70635	0.86975	1
0	70645	0.869875	1
0	70655	0.87	1
0	70665	0.870125	1
0	70675	0.87025	1
0	70689	0.870375	1
0	70699	0.8705	1
0	70709	0.870625	1
0	70719	0.87075	1
0	70729	0.870875	1
0	70739	0.871	1
0	70749	0.871125	1
0	70759	0.87125	1
0	70769	0.871375	1
0	70779	0.8715	1
0	70789	0.871625	1
0	70799	0.87175	1
0	70809	0.871875	1
0	70819	0.872	1
0	70829	0.872125	1
0	70839	0.87225	1
0	70849	0.872375	1
0	70859	0.8725	1
0	70869	0.872625	1
0	70879	0.87275	1
0	70889	0.872875	1
0	70899	0.873	1
0	70909	0.873125	1
0	70919	0.87325	1
0	70929	0.873375	1
0	70939	0.8735	1
0	70953	0.873625	1
0	70963	0.87375	1
0	70973	0.873875	1
0	70983	0.874	1
0	70993	0.874125	1
0	71003	0.87425	1
0	71013	0.874375	1
0	71023	0.8745	1
0	71033	0.874625	1
0	71043	0.87475	1
0	71053	0.874875	1
0	71063	0.875	1
0	71073	0.875125	1
0	71083	0.87525	1
0	71093	0.875375	1
0	71103	0.8755	1
0	71113	0.875625	1
0	71123	0.87575	1
0	71133	0.875875	1
0	71143	0.876	1
0	71153	0.876125	1
0	71163	0.87625	1
0	71173	0.876375	1
0	71183	0.8765	1
0	71193	0.876625	1
0	71203	0.87675	1
0	71217	0.876875	1
0	71227	0.877	1
0	71237	0.877125	1
0	71247	0.87725	1
0	71257	0.877375	1
0	71267	0.8775	1
0	71277	0.877625	1
0	71287	0.87775	1
0	71297	0.877875	1
0	71307	0.878	1
0	71317	0.878125	1
0	71327	0.87825	1
0	71337	0.878375	1
0	71347	0.8785	1
0	71357	0.878625	1
0	71367	0.87875	1
0	71377	0.878875	1
0	71387	0.879	1
0	71397	0.879125	1
0	71407	0.87925	1
0	71417	0.879375	1
0	71427	0.8795	1
0	71437	0.879625	1
0	71447	0.87975	1
0	71457	0.879875	1
0	71467	0.88	1
0	71481	0.880125	1
0	71491	0.88025	1
0	71501	0.880375	1
0	71511	0.8805	1
0	71521	0.880625	1
0	71531	0.88075	1
0	71541	0.880875	1
0	71551	0.881	1
0	71561	0.881125	1
0	71571	0.88125	1
0	71581	0.881375	1
0	71591	0.8815	1
0	71601	0.881625	1
0	71611	0.88175	1
0	71621	0.881875	1
0	71631	0.882	1
0	71641	0.882125	1
0	71651	0.88225	1
0	71661	0.882375	1
0	71671	0.8825	1
0	71681	0.882625	1
0	71691	0.88275	1
0	71701	0.882875	1
0	71711	0.883	1
0	71721	0.883125	1
0	71731	0.88325	1
0	71745	0.883375	1
0	71755	0.8835	1
0	71765	0.883625	1
0	71775	0.88375	1
0	71785	0.883875	1
0	71795	0.884	1
0	71805	0.884125	1
0	71815	0.88425	1
0	71825	0.884375	1
0	71835	0.8845	1
0	71845	0.884625	1
0	71855	0.88475	1
0	71865	0.884875	1
0	71875	0.885	1
0	71885	0.885125	1
0	71895	0.88525	1
0	71905	0.885375	1
0	71915	0.8855	1
0	71925	0.885625	1
0	71935	0.88575	1
0	71945	0.885875	1
0	71955	0.886	1
0	71965	0.886125	1
0	71975	0.88625	1
0	71985	0.886375	1
0	71995	0.8865	1
0	72005	0.886625	1
0	72019	0.88675	1
0	72029	0.886875	1
0	72039	0.887	1
0	72049	0.887125	1
0	72059	0.88725	1
0	72069	0.887375	1
0	72079	0.8875	1
0	72089	0.887625	1
0	72099	0.88775	1
0	72109	0.887875	1
0	72119	0.888	1
0	72129	0.888125	1
0	72139	0.88825	1
0	72149	0.888375	1
0	72159	0.8885	1
0	72169	0.888625	1
0	72179	0.88875	1
0	72189	0.888875	1
0	72199	0.889	1
0	72209	0.889125	1
0	72219	0.88925	1
0	72229	0.889375	1
0	72239	0.8895	1
0	72249	0.889625	1
0	72259	0.88975	1
0	72269	0.889875	1
0	72283	0.89	1
0	72293	0.890125	1
0	72303	0.89025	1
0	72313	0.890375	1
0	72323	0.8905	1
0	72333	0.890625	1
0	72343	0.89075	1
0	72353	0.890875	1
0	72363	0.891	1
0	72373	0.891125	1
0	72383	0.89125	1
0	72393	0.891375	1
0	72403	0.8915	1
0	72413	0.891625	1
0	72423	0.89175	1
0	72433	0.891875	1
0	72443	0.892	1
0	72453	0.892125	1
0	72463	0.89225	1
0	72473	0.892375	1
0	72483	0.8925	1
0	72493	0.892625	1
0	72503	0.89275	1
0	72513	0.892875	1
0	72523	0.893	1
0	72533	0.893125	1
0	72547	0.89325	1
0	72557	0.893375	1
0	72567	0.8935	1
0	72577	0.893625	1
0	72587	0.89375	1
0	72597	0.893875	1
0	72607	0.894	1
0	72617	0.894125	1
0	72627	0.89425	1
0	72637	0.894375	1
0	72647	0.8945	1
0	72657	0.894625	1
0	72667	0.89475	1
0	72677	0.894875	1
0	72687	0.895	1
0	72697	0.895125	1
0	72707	0.89525	1
0	72717	0.895375	1
0	72727	0.8955	1
0	72737	0.895625	1
0	72747	0.89575	1
0	72757	0.895875	1
0	72767	0.896	1
0	72777	0.896125	1
0	72787	0.89625	1
0	72797	0.896375	1
0	72811	0.8965	1
0	72821	0.896625	1
0	72831	0.89675	1
0	72841	0.896875	1
0	72851	0.897	1
0	72861	0.897125	1
0	72871	0.89725	1
0	72881	0.897375	1
0	72891	0.8975	1
0	72901	0.897625	1
0	72911	0.89775	1
0	72921	0.897875	1
0	72931	0.898	1
0	72941	0.898125	1
0	72951	0.89825	1
0	72961	0.898375	1
0	72971	0.8985	1
0	72981	0.898625	1
0	72991	0.89875	1
0	73001	0.898875	1
0	73011	0.899	1
0	73021	0.899125	1
0	73031	0.89925	1
0	73041	0.899375	1
0	73051	0.8995	1
0	73061	0.899625	1
0	73075	0.89975	1
0	73085	0.899875	1
0	73095	0.9	1
0	73105	0.900125	1
0	73115	0.90025	1
0	73125	0.900375	1
0	73135	0.9005	1
0	73145	0.900625	1
0	73155	0.90075	1
0	73165	0.900875	1
0	73175	0.901	1
0	73185	0.901125	1
0	73195	0.90125	1
0	73205	0.901375	1
0	73215	0.9015	1
0	73225	0.901625	1
0	73235	0.90175	1
0	73245	0.901875	1
0	73255	0.902	1
0	73265	0.902125	1
0	73275	0.90225	1
0	73285	0.902375	1
0	73295	0.9025	1
0	73305	0.902625	1
0	73315	0.90275	1
0	73325	0.902875	1
0	73335	0.903	1
0	73349	0.903125	1
0	73359	0.90325	1
0	73369	0.903375	1
0	73379	0.9035	1
0	73389	0.903625	1
0	73399	0.90375	1
0	73409	0.903875	1
0	73419	0.904	1
0	73429	0.904125	1
0	73439	0.90425	1
0	73449	0.904375	1
0	73459	0.9045	1
0	73469	0.904625	1
0	73479	0.90475	1
0	73489	0.904875	1
0	73499	0.905	1
0	73509	0.905125	1
0	73519	0.90525	1
0	73529	0.905375	1
0	73539	0.9055	1
0	73549	0.905625	1
0	73559	0.90575	1
0	73569	0.905875	1
0	73579	0.906	1
0	73589	0.906125	1
0	73599	0.90625	1
0	73613	0.906375	1
0	73623	0.9065	1
0	73633	0.906625	1
0	73643	0.90675	1
0	73653	0.906875	1
0	73663	0.907	1
0	73673	0.907125	1
0	73683	0.90725	1
0	73693	0.907375	1
0	73703	0.9075	1
0	73713	0.907625	1
0	73723	0.90775	1
0	73733	0.907875	1
0	73743	0.908	1
0	73753	0.908125	1
0	73763	0.90825	1
0	73773	0.908375	1
0	73783	0.9085	1
0	73793	0.908625	1
0	73803	0.90875	1
0	73813	0.908875	1
0	73823	0.909	1
0	73833	0.909125	1
0	73843	0.90925	1
0	73853	0.909375	1
0	73863	0.9095	1
0	73877	0.909625	1
0	73887	0.90975	1
0	73897	0.909875	1
0	73907	0.91	1
0	73917	0.910125	1
0	73927	0.91025	1
0	73937	0.910375	1
0	73947	0.9105	1
0	73957	0.910625	1
0	73967	0.91075	1
0	73977	0.910875	1
0	73987	0.911	1
0	73997	0.911125	1
0	74007	0.91125	1
0	74017	0.911375	1
0	74027	0.9115	1
0	74037	0.911625	1
0	74047	0.91175	1
0	74057	0.911875	1
0	74067	0.912	1
0	74077	0.912125	1
0	74087	0.91225	1
0	74097	0.912375	1
0	74107	0.9125	1
0	74117	0.912625	1
0	74127	0.91275	1
0	74141	0.912875	1
0	74151	0.913	1
0	74161	0.913125	1
0	74171	0.91325	1
0	74181	0.913375	1
0	74191	0.9135	1
0	74201	0.913625	1
0	74211	0.91375	1
0	74221	0.913875	1
0	74231	0.914	1
0	74241	0.914125	1
0	74251	0.91425	1
0	74261	0.914375	1
0	74271	0.9145	1
0	74281	0.914625	1
0	74291	0.91475	1
0	74301	0.914875	1
0	74311	0.915	1
0	74321	0.915125	1
0	74331	0.91525	1
0	74341	0.915375	1
0	74351	0.9155	1
0	74361	0.915625	1
0	74371	0.91575	1
0	74381	0.915875	1
0	74391	0.916	1
0	74405	0.916125	1
0	74415	0.91625	1
0	74425	0.916375	1
0	74435	0.9165	1
0	74445	0.916625	1
0	74455	0.91675	1
0	74465	0.916875	1
0	74475	0.917	1
0	74485	0.917125	1
0	74495	0.91725	1
0	74505	0.917375	1
0	74515	0.9175	1
0	74525	0.917625	1
0	74535	0.91775	1
0	74545	0.917875	1
0	74555	0.918	1
0	74565	0.918125	1
0	74575	0.91825	1
0	74585	0.918375	1
0	74595	0.9185	1
0	74605	0.918625	1
0	74615	0.91875	1
0	74625	0.918875	1
0	74635	0.919	1
0	74645	0.919125	1
0	74655	0.91925	1
0	74669	0.919375	1
0	74679	0.9195	1
0	74689	0.919625	1
0	74699	0.91975	1
0	74709	0.919875	1
0	74719	0.92	1
0	74729	0.920125	1
0	74739	0.92025	1
0	74749	0.920375	1
0	74759	0.9205	1
0	74769	0.920625	1
0	74779	0.92075	1
0	74789	0.920875	1
0	74799	0.921	1
0	74809	0.921125	1
0	74819	0.92125	1
0	74829	0.921375	1
0	74839	0.9215	1
0	74849	0.921625	1
0	74859	0.92175	1
0	74869	0.921875	1
0	74879	0.922	1
0	74889	0.922125	1
0	74899	0.92225	1
0	74909	0.922375	1
0	74919	0.9225	1
0	74929	0.922625	1
0	74943	0.92275	1
0	74953	0.922875	1
0	74963	0.923	1
0	74973	0.923125	1
0	74983	0.92325	1
0	74993	0.923375	1
0	75003	0.9235	1
0	75013	0.923625	1
0	75023	0.92375	1
0	75033	0.923875	1
0	75043	0.924	1
0	75053	0.924125	1
0	75063	0.92425	1
0	75073	0.924375	1
0	75083	0.9245	1
0	75093	0.924625	1
0	75103	0.92475	1
0	75113	0.924875	1
0	75123	0.925	1
0	75133	0.925125	1
0	75143	0.92525	1
0	75153	0.925375	1
0	75163	0.9255	1
0	75173	0.925625	1
0	75183	0.92575	1
0	75193	0.925875	1
0	75207	0.926	1
0	75217	0.926125	1
0	75227	0.92625	1
0	75237	0.926375	1
0	75247	0.9265	1
0	75257	0.926625	1
0	75267	0.92675	1
0	75277	0.926875	1
0	75287	0.927	1
0	75297	0.927125	1
0	75307	0.92725	1
0	75317	0.927375	1
0	75327	0.9275	1
0	75337	0.927625	1
0	75347	0.92775	1
0	75357	0.927875	1
0	75367	0.928	1
0	75377	0.928125	1
0	75387	0.92825	1
0	75397	0.928375	1
0	75407	0.9285	1
0	75417	0.928625	1
0	75427	0.92875	1
0	75437	0.928875	1
0	75447	0.929	1
0	75457	0.929125	1
0	75471	0.92925	1
0	75481	0.929375	1
0	75491	0.9295	1
0	75501	0.929625	1
0	75511	0.92975	1
0	75521	0.929875	1
0	75531	0.93	1
0	75541	0.930125	1
0	75551	0.93025	1
0	75561	0.930375	1
0	75571	0.9305	1
0	75581	0.930625	1
0	75591	0.93075	1
0	75601	0.930875	1
0	75611	0.931	1
0	75621	0.931125	1
0	75631	0.93125	1
0	75641	0.931375	1
0	75651	0.9315	1
0	75661	0.931625	1
0	75671	0.93175	1
0	75681	0.931875	1
0	75691	0.932	1
0	75701	0.932125	1
0	75711	0.93225	1
0	75721	0.932375	1
0	75735	0.9325	1
0	75745	0.932625	1
0	75755	0.93275	1
0	75765	0.932875	1
0	75775	0.933	1
0	75785	0.933125	1
0	75795	0.93325	1
0	75805	0.933375	1
0	75815	0.9335	1
0	75825	0.933625	1
0	75835	0.93375	1
0	75845	0.933875	1
0	75855	0.934	1
0	75865	0.934125	1
0	75875	0.93425	1
0	75885	0.934375	1
0	75895	0.9345	1
0	75905	0.934625	1
0	75915	0.93475	1
0	75925	0.934875	1
0	75935	0.935	1
0	75945	0.935125	1
0	75955	0.93525	1
0	75965	0.935375	1
0	75975	0.9355	1
0	75985	0.935625	1
0	75999	0.93575	1
0	76009	0.935875	1
0	76019	0.936	1
0	76029	0.936125	1
0	76039	0.93625	1
0	76049	0.936375	1
0	76059	0.9365	1
0	76069	0.936625	1
0	76079	0.93675	1
0	76089	0.936875	1
0	76099	0.937	1
0	76109	0.937125	1
0	76119	0.93725	1
0	76129	0.937375	1
0	76139	0.9375	1
0	76149	0.937625	1
0	76159	0.93775	1
0	76169	0.937875	1
0	76179	0.938	1
0	76189	0.938125	1
0	76199	0.93825	1
0	76209	0.938375	1
0	76219	0.9385	1
0	76229	0.938625	1
0	76239	0.93875	1
0	76249	0.938875	1
0	76263	0.939	1
0	76273	0.939125	1
0	76283	0.93925	1
0	76293	0.939375	1
0	76303	0.9395	1
0	76313	0.939625	1
0	76323	0.93975	1
0	76333	0.939875	1
0	76343	0.94	1
0	76353	0.940125	1
0	76363	0.94025	1
0	76373	0.940375	1
0	76383	0.9405	1
0	76393	0.940625	1
0	76403	0.94075	1
0	76413	0.940875	1
0	76423	0.941	1
0	76433	0.941125	1
0	76443	0.94125	1
0	76453	0.941375	1
0	76463	0.9415	1
0	76473	0.941625	1
0	76483	0.94175	1
0	76493	0.941875	1
0	76503	0.942	1
0	76513	0.942125	1
0	76523	0.94225	1
0	76537	0.942375	1
0	76547	0.9425	1
0	76557	0.942625	1
0	76567	0.94275	1
0	76577	0.942875	1
0	76587	0.943	1
0	76597	0.943125	1
0	76607	0.94325	1
0	76617	0.943375	1
0	76627	0.9435	1
0	76637	0.943625	1
0	76647	0.94375	1
0	76657	0.943875	1
0	76667	0.944	1
0	76677	0.944125	1
0	76687	0.94425	1
0	76697	0.944375	1
0	76707	0.9445	1
0	76717	0.944625	1
0	76727	0.94475	1
0	76737	0.944875	1
0	76747	0.945	1
0	76757	0.945125	1
0	76767	0.94525	1
0	76777	0.945375	1
0	76787	0.9455	1
0	76801	0.945625	1
0	76811	0.94575	1
0	76821	0.945875	1
0	76831	0.946	1
0	76841	0.946125	1
0	76851	0.94625	1
0	76861	0.946375	1
0	76871	0.9465	1
0	76881	0.946625	1
0	76891	0.94675	1
0	76901	0.946875	1
0	76911	0.947	1
0	76921	0.947125	1
0	76931	0.94725	1
0	76941	0.947375	1
0	76951	0.9475	1
0	76961	0.947625	1
0	76971	0.94775	1
0	76981	0.947875	1
0	76991	0.948	1
0	77001	0.948125	1
0	77011	0.94825	1
0	77021	0.948375	1
0	77031	0.9485	1
0	77041	0.948625	1
0	77051	0.94875	1
0	77065	0.948875	1
0	77075	0.949	1
0	77085	0.949125	1
0	77095	0.94925	1
0	77105	0.949375	1
0	77115	0.9495	1
0	77125	0.949625	1
0	77135	0.94975	1
0	77145	0.949875	1
0	77155	0.95	1
0	77165	0.950125	1
0	77175	0.95025	1
0	77185	0.950375	1
0	77195	0.9505	1
0	77205	0.950625	1
0	77215	0.95075	1
0	77225	0.950875	1
0	77235	0.951	1
0	77245	0.951125	1
0	77255	0.95125	1
0	77265	0.951375	1
0	77275	0.9515	1
0	77285	0.951625	1
0	77295	0.95175	1
0	77305	0.951875	1
0	77315	0.952	1
0	77329	0.952125	1
0	77339	0.95225	1
0	77349	0.952375	1
0	77359	0.9525	1
0	77369	0.952625	1
0	77379	0.95275	1
0	77389	0.952875	1
0	77399	0.953	1
0	77409	0.953125	1
0	77419	0.95325	1
0	77429	0.953375	1
0	77439	0.9535	1
0	77449	0.953625	1
0	77459	0.95375	1
0	77469	0.953875	1
0	77479	0.954	1
0	77489	0.954125	1
0	77499	0.95425	1
0	77509	0.954375	1
0	77519	0.9545	1
0	77529	0.954625	1
0	77539	0.95475	1
0	77549	0.954875	1
0	77559	0.955	1
0	77569	0.955125	1
0	77579	0.95525	1
0	77593	0.955375	1
0	77603	0.9555	1
0	77613	0.955625	1
0	77623	0.95575	1
0	77633	0.955875	1
0	77643	0.956	1
0	77653	0.956125	1
0	77663	0.95625	1
0	77673	0.956375	1
0	77683	0.9565	1
0	77693	0.956625	1
0	77703	0.95675	1
0	77713	0.956875	1
0	77723	0.957	1
0	77733	0.957125	1
0	77743	0.95725	1
0	77753	0.957375	1
0	77763	0.9575	1
0	77773	0.957625	1
0	77783	0.95775	1
0	77793	0.957875	1
0	77803	0.958	1
0	77813	0.958125	1
0	77823	0.95825	1
0	77833	0.958375	1
0	77843	0.9585	1
0	77857	0.958625	1
0	77867	0.95875	1
0	77877	0.958875	1
0	77887	0.959	1
0	77897	0.959125	1
0	77907	0.95925	1
0	77917	0.959375	1
0	77927	0.9595	1
0	77937	0.959625	1
0	77947	0.95975	1
0	77957	0.959875	1
0	77967	0.96	1
0	77977	0.960125	1
0	77987	0.96025	1
0	77997	0.960375	1
0	78007	0.9605	1
0	78017	0.960625	1
0	78027	0.96075	1
0	78037	0.960875	1
0	78047	0.961	1
0	78057	0.961125	1
0	78067	0.96125	1
0	78077	0.961375	1
0	78087	0.9615	1
0	78097	0.961625	1
0	78107	0.96175	1
0	78117	0.961875	1
0	78131	0.962	1
0	78141	0.962125	1
0	78151	0.96225	1
0	78161	0.962375	1
0	78171	0.9625	1
0	78181	0.962625	1
0	78191	0.96275	1
0	78201	0.962875	1
0	78211	0.963	1
0	78221	0.963125	1
0	78231	0.96325	1
0	78241	0.963375	1
0	78251	0.9635	1
0	78261	0.963625	1
0	78271	0.96375	1
0	78281	0.963875	1
0	78291	0.964	1
0	78301	0.964125	1
0	78311	0.96425	1
0	78321	0.964375	1
0	78331	0.9645	1
0	78341	0.964625	1
0	78351	0.96475	1
0	78361	0.964875	1
0	78371	0.965	1
0	78381	0.965125	1
0	78395	0.96525	1
0	78405	0.965375	1
0	78415	0.9655	1
0	78425	0.965625	1
0	78435	0.96575	1
0	78445	0.965875	1
0	78455	0.966	1
0	78465	0.966125	1
0	78475	0.96625	1
0	78485	0.966375	1
0	78495	0.9665	1
0	78505	0.966625	1
0	78515	0.96675	1
0	78525	0.966875	1
0	78535	0.967	1
0	78545	0.967125	1
0	78555	0.96725	1
0	78565	0.967375	1
0	78575	0.9675	1
0	78585	0.967625	1
0	78595	0.96775	1
0	78605	0.967875	1
0	78615	0.968	1
0	78625	0.968125	1
0	78635	0.96825	1
0	78645	0.968375	1
0	78659	0.9685	1
0	78669	0.968625	1
0	78679	0.96875	1
0	78689	0.968875	1
0	78699	0.969	1
0	78709	0.969125	1
0	78719	0.96925	1
0	78729	0.969375	1
0	78739	0.9695	1
0	78749	0.969625	1
0	78759	0.96975	1
0	78769	0.969875	1
0	78779	0.97	1
0	78789	0.970125	1
0	78799	0.97025	1
0	78809	0.970375	1
0	78819	0.9705	1
0	78829	0.970625	1
0	78839	0.97075	1
0	78849	0.970875	1
0	78859	0.971	1
0	78869	0.971125	1
0	78879	0.97125	1
0	78889	0.971375	1
0	78899	0.9715	1
0	78909	0.971625	1
0	78923	0.97175	1
0	78933	0.971875	1
0	78943	0.972	1
0	78953	0.972125	1
0	78963	0.97225	1
0	78973	0.972375	1
0	78983	0.9725	1
0	78993	0.972625	1
0	79003	0.97275	1
0	79013	0.972875	1
0	79023	0.973	1
0	79033	0.973125	1
0	79043	0.97325	1
0	79053	0.973375	1
0	79063	0.9735	1
0	79073	0.973625	1
0	79083	0.97375	1
0	79093	0.973875	1
0	79103	0.974	1
0	79113	0.974125	1
0	79123	0.97425	1
0	79133	0.974375	1
0	79143	0.9745	1
0	79153	0.974625	1
0	79163	0.97475	1
0	79173	0.974875	1
0	79187	0.975	1
0	79197	0.975125	1
0	79207	0.97525	1
0	79217	0.975375	1
0	79227	0.9755	1
0	79237	0.975625	1
0	79247	0.97575	1
0	79257	0.975875	1
0	79267	0.976	1
0	79277	0.976125	1
0	79287	0.97625	1
0	79297	0.976375	1
0	79307	0.9765	1
0	79317	0.976625	1
0	79327	0.97675	1
0	79337	0.976875	1
0	79347	0.977	1
0	79357	0.977125	1
0	79367	0.97725	1
0	79377	0.977375	1
0	79387	0.9775	1
0	79397	0.977625	1
0	79407	0.97775	1
0	79417	0.977875	1
0	79427	0.978	1
0	79437	0.978125	1
0	79447	0.97825	1
0	79461	0.978375	1
0	79471	0.9785	1
0	79481	0.978625	1
0	79491	0.97875	1
0	79501	0.978875	1
0	79511	0.979	1
0	79521	0.979125	1
0	79531	0.97925	1
0	79541	0.979375	1
0	79551	0.9795	1
0	79561	0.979625	1
0	79571	0.97975	1
0	79581	0.979875	1
0	79591	0.98	1
0	79601	0.980125	1
0	79611	0.98025	1
0	79621	0.980375	1
0	79631	0.9805	1
0	79641	0.980625	1
0	79651	0.98075	1
0	79661	0.980875	1
0	79671	0.981	1
0	79681	0.981125	1
0	79691	0.98125	1
0	79701	0.981375	1
0	79711	0.9815	1
0	79725	0.981625	1
0	79735	0.98175	1
0	79745	0.981875	1
0	79755	0.982	1
0	79765	0.982125	1
0	79775	0.98225	1
0	79785	0.982375	1
0	79795	0.9825	1
0	79805	0.982625	1
0	79815	0.98275	1
0	79825	0.982875	1
0	79835	0.983	1
0	79845	0.983125	1
0	79855	0.98325	1
0	79865	0.983375	1
0	79875	0.9835	1
0	79885	0.983625	1
0	79895	0.98375	1
0	79905	0.983875	1
0	79915	0.984	1
0	79925	0.984125	1
0	79935	0.98425	1
0	79945	0.984375	1
0	79955	0.9845	1
0	79965	0.984625	1
0	79975	0.98475	1
0	79989	0.984875	1
0	79999	0.985	1
0	80009	0.985125	1
0	80019	0.98525	1
0	80029	0.985375	1
0	80039	0.9855	1
0	80049	0.985625	1
0	80059	0.98575	1
0	80069	0.985875	1
0	80079	0.986	1
0	80089	0.986125	1
0	80099	0.98625	1
0	80109	0.986375	1
0	80119	0.9865	1
0	80129	0.986625	1
0	80139	0.98675	1
0	80149	0.986875	1
0	80159	0.987	1
0	80169	0.987125	1
0	80179	0.98725	1
0	80189	0.987375	1
0	80199	0.9875	1
0	80209	0.987625	1
0	80219	0.98775	1
0	80229	0.987875	1
0	80239	0.988	1
0	80253	0.988125	1
0	80263	0.98825	1
0	80273	0.988375	1
0	80283	0.9885	1
0	80293	0.988625	1
0	80303	0.98875	1
0	80313	0.988875	1
0	80323	0.989	1
0	80333	0.989125	1
0	80343	0.98925	1
0	80353	0.989375	1
0	80363	0.9895	1
0	80373	0.989625	1
0	80383	0.98975	1
0	80393	0.989875	1
0	80403	0.99	1
0	80413	0.990125	1
0	80423	0.99025	1
0	80433	0.990375	1
0	80443	0.9905	1
0	80453	0.990625	1
0	80463	0.99075	1
0	80473	0.990875	1
0	80483	0.991	1
0	80493	0.991125	1
0	80503	0.99125	1
0	80517	0.991375	1
0	80527	0.9915	1
0	80537	0.991625	1
0	80547	0.99175	1
0	80557	0.991875	1
0	80567	0.992	1
0	80577	0.992125	1
0	80587	0.99225	1
0	80597	0.992375	1
0	80607	0.9925	1
0	80617	0.992625	1
0	80627	0.99275	1
0	80637	0.992875	1
0	80647	0.993	1
0	80657	0.993125	1
0	80667	0.99325	1
0	80677	0.993375	1
0	80687	0.9935	1
0	80697	0.993625	1
0	80707	0.99375	1
0	80717	0.993875	1
0	80727	0.994	1
0	80737	0.994125	1
0	80747	0.99425	1
0	80757	0.994375	1
0	80767	0.9945	1
0	80781	0.994625	1
0	80791	0.99475	1
0	80801	0.994875	1
0	80811	0.995	1
0	80821	0.995125	1
0	80831	0.99525	1
0	80841	0.995375	1
0	80851	0.9955	1
0	80861	0.995625	1
0	80871	0.99575	1
0	80881	0.995875	1
0	80891	0.996	1
0	80901	0.996125	1
0	80911	0.99625	1
0	80921	0.996375	1
0	80931	0.9965	1
0	80941	0.996625	1
0	80951	0.99675	1
0	80961	0.996875	1
0	80971	0.997	1
0	80981	0.997125	1
0	80991	0.99725	1
0	81001	0.997375	1
0	81011	0.9975	1
0	81021	0.997625	1
0	81031	0.99775	1
0	81041	0.997875	1
0	81055	0.998	1
0	81065	0.998125	1
0	81075	0.99825	1
0	81085	0.998375	1
0	81095	0.9985	1
0	81105	0.998625	1
0	81115	0.99875	1
0	81125	0.998875	1
0	81135	0.999	1
0	81145	0.999125	1
0	81155	0.99925	1
0	81165	0.999375	1
0	81175	0.9995	1
0	81185	0.999625	1
0	81195	0.99975	1
0	81205	0.999875	1
0	81215	1	1
1	5	0.000125	1
1	15	0.00025	2
1	25	0.000375	3
1	35	0.0005	4
1	45	0.000625	5
1	55	0.00075	6
1	65	0.000875	7
1	75	0.001	8
1	85	0.001125	9
1	95	0.00125	10
1	105	0.001375	11
1	115	0.0015	12
1	125	0.001625	13
1	135	0.00175	14
1	145	0.001875	15
1	155	0.002	16
1	165	0.002125	17
1	175	0.00225	18
1	185	0.002375	19
1	195	0.0025	20
1	205	0.002625	21
1	215	0.00275	22
1	225	0.002875	23
1	235	0.003	24
1	245	0.003125	25
1	255	0.00325	26
1	269	0.003375	27
1	279	0.0035	28
1	289	0.003625	29
1	299	0.00375	30
1	309	0.003875	31
1	319	0.004	32
1	329	0.004125	33
1	339	0.00425	34
1	349	0.004375	35
1	359	0.0045	36
1	369	0.004625	37
1	379	0.00475	38
1	389	0.004875	39
1	399	0.005	40
1	409	0.005125	41
1	419	0.00525	42
1	429	0.005375	43
1	439	0.0055	44
1	449	0.005625	45
1	459	0.00575	46
1	469	0.005875	47
1	479	0.006	48
1	489	0.006125	49
1	499	0.00625	50
1	509	0.006375	51
1	519	0.0065	52
1	533	0.006625	53
1	543	0.00675	54
1	553	0.006875	55
1	563	0.007	56
1	573	0.007125	57
1	583	0.00725	58
1	593	0.007375	59
1	603	0.0075	60
1	613	0.007625	61
1	623	0.00775	62
1	633	0.007875	63
1	643	0.008	64
1	653	0.008125	65
1	663	0.00825	66
1	673	0.008375	67
1	683	0.0085	68
1	693	0.008625	69
1	703	0.00875	70
1	713	0.008875	71
1	723	0.009	72
1	733	0.009125	73
1	743	0.00925	74
1	753	0.009375	75
1	763	0.0095	76
1	773	0.009625	77
1	783	0.00975	78
1	797	0.009875	79
1	807	0.01	80
1	817	0.010125	81
1	827	0.01025	82
1	837	0.010375	83
1	847	0.0105	84
1	857	0.010625	85
1	867	0.01075	86
1	877	0.010875	87
1	887	0.011	88
1	897	0.011125	89
1	907	0.01125	90
1	917	0.011375	91
1	927	0.0115	92
1	937	0.011625	93
1	947	0.01175	94
1	957	0.011875	95
1	967	0.012	96
1	977	0.012125	97
1	987	0.01225	98
1	997	0.012375	99
1	1007	0.0125	100
1	1017	0.012625	101
1	1027	0.01275	102
1	1037	0.012875	103
1	1047	0.013	104
1	1061	0.013125	105
1	1071	0.01325	106
1	1081	0.013375	107
1	1091	0.0135	108
1	1101	0.013625	109
1	1111	0.01375	110
1	1121	0.013875	111
1	1131	0.014	112
1	1141	0.014125	113
1	1151	0.01425	114
1	1161	0.014375	115
1	1171	0.0145	116
1	1181	0.014625	117
1	1191	0.01475	118
1	1201	0.014875	119
1	1211	0.015	120
1	1221	0.015125	121
1	1231	0.01525	122
1	1241	0.015375	123
1	1251	0.0155	124
1	1261	0.015625	125
1	1271	0.01575	126
1	1281	0.015875	127
1	1291	0.016	128
1	1301	0.016125	129
1	1311	0.01625	130
1	1325	0.016375	131
1	1335	0.0165	132
1	1345	0.016625	133
1	1355	0.01675	134
1	1365	0.016875	135
1	1375	0.017	136
1	1385	0.017125	137
1	1395	0.01725	138
1	1405	0.017375	139
1	1415	0.0175	140
1	1425	0.017625	141
1	1435	0.01775	142
1	1445	0.017875	143
1	1455	0.018	144
1	1465	0.018125	145
1	1475	0.01825	146
1	1485	0.018375	147
1	1495	0.0185	148
1	1505	0.018625	149
1	1515	0.01875	150
1	1525	0.018875	151
1	1535	0.019	152
1	1545	0.019125	153
1	1555	0.01925	154
1	1565	0.019375	155
1	1575	0.0195	156
1	1585	0.019625	157
1	1599	0.01975	158
1	1609	0.019875	159
1	1619	0.02	160
1	1629	0.020125	161
1	1639	0.02025	162
1	1649	0.020375	163
1	1659	0.0205	164
1	1669	0.020625	165
1	1679	0.02075	166
1	1689	0.020875	167
1	1699	0.021	168
1	1709	0.021125	169
1	1719	0.02125	170
1	1729	0.021375	171
1	1739	0.0215	172
1	1749	0.021625	173
1	1759	0.02175	174
1	1769	0.021875	175
1	1779	0.022	176
1	1789	0.022125	177
1	1799	0.02225	178
1	1809	0.022375	179
1	1819	0.0225	180
1	1829	0.022625	181
1	1839	0.02275	182
1	1849	0.022875	183
1	1863	0.023	184
1	1873	0.023125	185
1	1883	0.02325	186
1	1893	0.023375	187
1	1903	0.0235	188
1	1913	0.023625	189
1	1923	0.02375	190
1	1933	0.023875	191
1	1943	0.024	192
1	1953	0.024125	193
1	1963	0.02425	194
1	1973	0.024375	195
1	1983	0.0245	196
1	1993	0.024625	197
1	2003	0.02475	198
1	2013	0.024875	199
1	2023	0.025	200
1	2033	0.025125	201
1	2043	0.02525	202
1	2053	0.025375	203
1	2063	0.0255	204
1	2073	0.025625	205
1	2083	0.02575	206
1	2093	0.025875	207
1	2103	0.026	208
1	2113	0.026125	209
1	2127	0.02625	210
1	2137	0.026375	211
1	2147	0.0265	212
1	2157	0.026625	213
1	2167	0.02675	214
1	2177	0.026875	215
1	2187	0.027	216
1	2197	0.027125	217
1	2207	0.02725	218
1	2217	0.027375	219
1	2227	0.0275	220
1	2237	0.027625	221
1	2247	0.02775	222
1	2257	0.027875	223
1	2267	0.028	224
1	2277	0.028125	225
1	2287	0.02825	226
1	2297	0.028375	227
1	2307	0.0285	228
1	2317	0.028625	229
1	2327	0.02875	230
1	2337	0.028875	231
1	2347	0.029	232
1	2357	0.029125	233
1	2367	0.02925	234
1	2377	0.029375	235
1	2391	0.0295	236
1	2401	0.029625	237
1	2411	0.02975	238
1	2421	0.029875	239
1	2431	0.03	240
1	2441	0.030125	241
1	2451	0.03025	242
1	2461	0.030375	243
1	2471	0.0305	244
1	2481	0.030625	245
1	2491	0.03075	246
1	2501	0.030875	247
1	2511	0.031	248
1	2521	0.031125	249
1	2531	0.03125	250
1	2541	0.031375	251
1	2551	0.0315	252
1	2561	0.031625	253
1	2571	0.03175	254
1	2581	0.031875	255
1	2591	0.032	256
1	2601	0.032125	257
1	2611	0.03225	258
1	2621	0.032375	259
1	2631	0.0325	260
1	2641	0.032625	261
1	2655	0.03275	262
1	2665	0.032875	263
1	2675	0.033	264
1	2685	0.033125	265
1	2695	0.03325	266
1	2705	0.033375	267
1	2715	0.0335	268
1	2725	0.033625	269
1	2735	0.03375	270
1	2745	0.033875	271
1	2755	0.034	272
1	2765	0.034125	273
1	2775	0.03425	274
1	2785	0.034375	275
1	2795	0.0345	276
1	2805	0.034625	277
1	2815	0.03475	278
1	2825	0.034875	279
1	2835	0.035	280
1	2845	0.035125	281
1	2855	0.03525	282
1	2865	0.035375	283
1	2875	0.0355	284
1	2885	0.035625	285
1	2895	0.03575	286
1	2905	0.035875	287
1	2919	0.036	288
1	2929	0.036125	289
1	2939	0.03625	290
1	2949	0.036375	291
1	2959	0.0365	292
1	2969	0.036625	293
1	2979	0.03675	294
1	2989	0.036875	295
1	2999	0.037	296
1	3009	0.037125	297
1	3019	0.03725	298
1	3029	0.037375	299
1	3039	0.0375	300
1	3049	0.037625	301
1	3059	0.03775	302
1	3069	0.037875	303
1	3079	0.038	304
1	3089	0.038125	305
1	3099	0.03825	306
1	3109	0.038375	307
1	3119	0.0385	308
1	3129	0.038625	309
1	3139	0.03875	310
1	3149	0.038875	311
1	3159	0.039	312
1	3169	0.039125	313
1	3179	0.03925	314
1	3193	0.039375	315
1	3203	0.0395	316
1	3213	0.039625	317
1	3223	0.03975	318
1	3233	0.039875	319
1	3243	0.04	320
1	3253	0.040125	321
1	3263	0.04025	322
1	3273	0.040375	323
1	3283	0.0405	324
1	3293	0.040625	325
1	3303	0.04075	326
1	3313	0.040875	327
1	3323	0.041	328
1	3333	0.041125	329
1	3343	0.04125	330
1	3353	0.041375	331
1	3363	0.0415	332
1	3373	0.041625	333
1	3383	0.04175	334
1	3393	0.041875	335
1	3403	0.042	336
1	3413	0.042125	337
1	3423	0.04225	338
1	3433	0.042375	339
1	3443	0.0425	340
1	3457	0.042625	341
1	3467	0.04275	342
1	3477	0.042875	343
1	3487	0.043	344
1	3497	0.043125	345
1	3507	0.04325	346
1	3517	0.043375	347
1	3527	0.0435	348
1	3537	0.043625	349
1	3547	0.04375	350
1	3557	0.043875	351
1	3567	0.044	352
1	3577	0.044125	353
1	3587	0.04425	354
1	3597	0.044375	355
1	3607	0.0445	356
1	3617	0.044625	357
1	3627	0.04475	358
1	3637	0.044875	359
1	3647	0.045	360
1	3657	0.045125	361
1	3667	0.04525	362
1	3677	0.045375	363
1	3687	0.0455	364
1	3697	0.045625	365
1	3707	0.04575	366
1	3721	0.045875	367
1	3731	0.046	368
1	3741	0.046125	369
1	3751	0.04625	370
1	3761	0.046375	371
1	3771	0.0465	372
1	3781	0.046625	373
1	3791	0.04675	374
1	3801	0.046875	375
1	3811	0.047	376
1	3821	0.047125	377
1	3831	0.04725	378
1	3841	0.047375	379
1	3851	0.0475	380
1	3861	0.047625	381
1	3871	0.04775	382
1	3881	0.047875	383
1	3891	0.048	384
1	3901	0.048125	385
1	3911	0.04825	386
1	3921	0.048375	387
1	3931	0.0485	388
1	3941	0.048625	389
1	3951	0.04875	390
1	3961	0.048875	391
1	3971	0.049	392
1	3985	0.049125	393
1	3995	0.04925	394
1	4005	0.049375	395
1	4015	0.0495	396
1	4025	0.049625	397
1	4035	0.04975	398
1	4045	0.049875	399
1	4055	0.05	400
1	4065	0.050125	401
1	4075	0.05025	402
1	4085	0.050375	403
1	4095	0.0505	404
1	4105	0.050625	405
1	4115	0.05075	406
1	4125	0.050875	407
1	4135	0.051	408
1	4145	0.051125	409
1	4155	0.05125	410
1	4165	0.051375	411
1	4175	0.0515	412
1	4185	0.051625	413
1	4195	0.05175	414
1	4205	0.051875	415
1	4215	0.052	416
1	4225	0.052125	417
1	4235	0.05225	418
1	4249	0.052375	419
1	4259	0.0525	420
1	4269	0.052625	421
1	4279	0.05275	422
1	4289	0.052875	423
1	4299	0.053	424
1	4309	0.053125	425
1	4319	0.05325	426
1	4329	0.053375	427
1	4339	0.0535	428
1	4349	0.053625	429
1	4359	0.05375	430
1	4369	0.053875	431
1	4379	0.054	432
1	4389	0.054125	433
1	4399	0.05425	434
1	4409	0.054375	435
1	4419	0.0545	436
1	4429	0.054625	437
1	4439	0.05475	438
1	4449	0.054875	439
1	4459	0.055	440
1	4469	0.055125	441
1	4479	0.05525	442
1	4489	0.055375	443
1	4499	0.0555	444
1	4513	0.055625	445
1	4523	0.05575	446
1	4533	0.055875	447
1	4543	0.056	448
1	4553	0.056125	449
1	4563	0.05625	450
1	4573	0.056375	451
1	4583	0.0565	452
1	4593	0.056625	453
1	4603	0.05675	454
1	4613	0.056875	455
1	4623	0.057	456
1	4633	0.057125	457
1	4643	0.05725	458
1	4653	0.057375	459
1	4663	0.0575	460
1	4673	0.057625	461
1	4683	0.05775	462
1	4693	0.057875	463
1	4703	0.058	464
1	4713	0.058125	465
1	4723	0.05825	466
1	4733	0.058375	467
1	4743	0.0585	468
1	4753	0.058625	469
1	4763	0.05875	470
1	4773	0.058875	471
1	4787	0.059	472
1	4797	0.059125	473
1	4807	0.05925	474
1	4817	0.059375	475
1	4827	0.0595	476
1	4837	0.059625	477
1	4847	0.05975	478
1	4857	0.059875	479
1	4867	0.06	480
1	4877	0.060125	481
1	4887	0.06025	482
1	4897	0.060375	483
1	4907	0.0605	484
1	4917	0.060625	485
1	4927	0.06075	486
1	4937	0.060875	487
1	4947	0.061	488
1	4957	0.061125	489
1	4967	0.06125	490
1	4977	0.061375	491
1	4987	0.0615	492
1	4997	0.061625	493
1	5007	0.06175	494
1	5017	0.061875	495
1	5027	0.062	496
1	5037	0.062125	497
1	5051	0.06225	498
1	5061	0.062375	499
1	5071	0.0625	500
1	5081	0.062625	501
1	5091	0.06275	502
1	5101	0.062875	503
1	5111	0.063	504
1	5121	0.063125	505
1	5131	0.06325	506
1	5141	0.063375	507
1	5151	0.0635	508
1	5161	0.063625	509
1	5171	0.06375	510
1	5181	0.063875	511
1	5191	0.064	512
1	5201	0.064125	513
1	5211	0.06425	514
1	5221	0.064375	515
1	5231	0.0645	516
1	5241	0.064625	517
1	5251	0.06475	518
1	5261	0.064875	519
1	5271	0.065	520
1	5281	0.065125	521
1	5291	0.06525	522
1	5301	0.065375	523
1	5315	0.0655	524
1	5325	0.065625	525
1	5335	0.06575	526
1	5345	0.065875	527
1	5355	0.066	528
1	5365	0.066125	529
1	5375	0.06625	530
1	5385	0.066375	531
1	5395	0.0665	532
1	5405	0.066625	533
1	5415	0.06675	534
1	5425	0.066875	535
1	5435	0.067	536
1	5445	0.067125	537
1	5455	0.06725	538
1	5465	0.067375	539
1	5475	0.0675	540
1	5485	0.067625	541
1	5495	0.06775	542
1	5505	0.067875	543
1	5515	0.068	544
1	5525	0.068125	545
1	5535	0.06825	546
1	5545	0.068375	547
1	5555	0.0685	548
1	5565	0.068625	549
1	5579	0.06875	550
1	5589	0.068875	551
1	5599	0.069	552
1	5609	0.069125	553
1	5619	0.06925	554
1	5629	0.069375	555
1	5639	0.0695	556
1	5649	0.069625	557
1	5659	0.06975	558
1	5669	0.069875	559
1	5679	0.07	560
1	5689	0.070125	561
1	5699	0.07025	562
1	5709	0.070375	563
1	5719	0.0705	564
1	5729	0.070625	565
1	5739	0.07075	566
1	5749	0.070875	567
1	5759	0.071	568
1	5769	0.071125	569
1	5779	0.07125	570
1	5789	0.071375	571
1	5799	0.0715	572
1	5809	0.071625	573
1	5819	0.07175	574
1	5829	0.071875	575
1	5843	0.072	576
1	5853	0.072125	577
1	5863	0.07225	578
1	5873	0.072375	579
1	5883	0.0725	580
1	5893	0.072625	581
1	5903	0.07275	582
1	5913	0.072875	583
1	5923	0.073	584
1	5933	0.073125	585
1	5943	0.07325	586
1	5953	0.073375	587
1	5963	0.0735	588
1	5973	0.073625	589
1	5983	0.07375	590
1	5993	0.073875	591
1	6003	0.074	592
1	6013	0.074125	593
1	6023	0.07425	594
1	6033	0.074375	595
1	6043	0.0745	596
1	6053	0.074625	597
1	6063	0.07475	598
1	6073	0.074875	599
1	6083	0.075	600
1	6093	0.075125	601
1	6103	0.07525	602
1	6117	0.075375	603
1	6127	0.0755	604
1	6137	0.075625	605
1	6147	0.07575	606
1	6157	0.075875	607
1	6167	0.076	608
1	6177	0.076125	609
1	6187	0.07625	610
1	6197	0.076375	611
1	6207	0.0765	612
1	6217	0.076625	613
1	6227	0.07675	614
1	6237	0.076875	615
1	6247	0.077	616
1	6257	0.077125	617
1	6267	0.07725	618
1	6277	0.077375	619
1	6287	0.0775	620
1	6297	0.077625	621
1	6307	0.07775	622
1	6317	0.077875	623
1	6327	0.078	624
1	6337	0.078125	625
1	6347	0.07825	626
1	6357	0.078375	627
1	6367	0.0785	628
1	6381	0.078625	629
1	6391	0.07875	630
1	6401	0.078875	631
1	6411	0.079	632
1	6421	0.079125	633
1	6431	0.07925	634
1	6441	0.079375	635
1	6451	0.0795	636
1	6461	0.079625	637
1	6471	0.07975	638
1	6481	0.079875	639
1	6491	0.08	640
1	6501	0.080125	641
1	6511	0.08025	642
1	6521	0.080375	643
1	6531	0.0805	644
1	6541	0.080625	645
1	6551	0.08075	646
1	6561	0.080875	647
1	6571	0.081	648
1	6581	0.081125	649
1	6591	0.08125	650
1	6601	0.081375	651
1	6611	0.0815	652
1	6621	0.081625	653
1	6631	0.08175	654
1	6645	0.081875	655
1	6655	0.082	656
1	6665	0.082125	657
1	6675	0.08225	658
1	6685	0.082375	659
1	6695	0.0825	660
1	6705	0.082625	661
1	6715	0.08275	662
1	6725	0.082875	663
1	6735	0.083	664
1	6745	0.083125	665
1	6755	0.08325	666
1	6765	0.083375	667
1	6775	0.0835	668
1	6785	0.083625	669
1	6795	0.08375	670
1	6805	0.083875	671
1	6815	0.084	672
1	6825	0.084125	673
1	6835	0.08425	674
1	6845	0.084375	675
1	6855	0.0845	676
1	6865	0.084625	677
1	6875	0.08475	678
1	6885	0.084875	679
1	6895	0.085	680
1	6909	0.085125	681
1	6919	0.08525	682
1	6929	0.085375	683
1	6939	0.0855	684
1	6949	0.085625	685
1	6959	0.08575	686
1	6969	0.085875	687
1	6979	0.086	688
1	6989	0.086125	689
1	6999	0.08625	690
1	7009	0.086375	691
1	7019	0.0865	692
1	7029	0.086625	693
1	7039	0.08675	694
1	7049	0.086875	695
1	7059	0.087	696
1	7069	0.087125	697
1	7079	0.08725	698
1	7089	0.087375	699
1	7099	0.0875	700
1	7109	0.087625	701
1	7119	0.08775	702
1	7129	0.087875	703
1	7139	0.088	704
1	7149	0.088125	705
1	7159	0.08825	706
1	7173	0.088375	707
1	7183	0.0885	708
1	7193	0.088625	709
1	7203	0.08875	710
1	7213	0.088875	711
1	7223	0.089	712
1	7233	0.089125	713
1	7243	0.08925	714
1	7253	0.089375	715
1	7263	0.0895	716
1	7273	0.089625	717
1	7283	0.08975	718
1	7293	0.089875	719
1	7303	0.09	720
1	7313	0.090125	721
1	7323	0.09025	722
1	7333	0.090375	723
1	7343	0.0905	724
1	7353	0.090625	725
1	7363	0.09075	726
1	7373	0.090875	727
1	7383	0.091	728
1	7393	0.091125	729
1	7403	0.09125	730
1	7413	0.091375	731
1	7423	0.0915	732
1	7437	0.091625	733
1	7447	0.09175	734
1	7457	0.091875	735
1	7467	0.092	736
1	7477	0.092125	737
1	7487	0.09225	738
1	7497	0.092375	739
1	7507	0.0925	740
1	7517	0.092625	741
1	7527	0.09275	742
1	7537	0.092875	743
1	7547	0.093	744
1	7557	0.093125	745
1	7567	0.09325	746
1	7577	0.093375	747
1	7587	0.0935	748
1	7597	0.093625	749
1	7607	0.09375	750
1	7617	0.093875	751
1	7627	0.094	752
1	7637	0.094125	753
1	7647	0.09425	754
1	7657	0.094375	755
1	7667	0.0945	756
1	7677	0.094625	757
1	7687	0.09475	758
1	7697	0.094875	759
1	7711	0.095	760
1	7721	0.095125	761
1	7731	0.09525	762
1	7741	0.095375	763
1	7751	0.0955	764
1	7761	0.095625	765
1	7771	0.09575	766
1	7781	0.095875	767
1	7791	0.096	768
1	7801	0.096125	769
1	7811	0.09625	770
1	7821	0.096375	771
1	7831	0.0965	772
1	7841	0.096625	773
1	7851	0.09675	774
1	7861	0.096875	775
1	7871	0.097	776
1	7881	0.097125	777
1	7891	0.09725	778
1	7901	0.097375	779
1	7911	0.0975	780
1	7921	0.097625	781
1	7931	0.09775	782
1	7941	0.097875	783
1	7951	0.098	784
1	7961	0.098125	785
1	7975	0.09825	786
1	7985	0.098375	787
1	7995	0.0985	788
1	8005	0.098625	789
1	8015	0.09875	790
1	8025	0.098875	791
1	8035	0.099	792
1	8045	0.099125	793
1	8055	0.09925	794
1	8065	0.099375	795
1	8075	0.0995	796
1	8085	0.099625	797
1	8095	0.09975	798
1	8105	0.099875	799
1	8115	0.1	800
1	8125	0.100125	801
1	8135	0.10025	802
1	8145	0.100375	803
1	8155	0.1005	804
1	8165	0.100625	805
1	8175	0.10075	806
1	8185	0.100875	807
1	8195	0.101	808
1	8205	0.101125	809
1	8215	0.10125	810
1	8225	0.101375	811
1	8239	0.1015	812
1	8249	0.101625	813
1	8259	0.10175	814
1	8269	0.101875	815
1	8279	0.102	816
1	8289	0.102125	817
1	8299	0.10225	818
1	8309	0.102375	819
1	8319	0.1025	820
1	8329	0.102625	821
1	8339	0.10275	822
1	8349	0.102875	823
1	8359	0.103	824
1	8369	0.103125	825
1	8379	0.10325	826
1	8389	0.103375	827
1	8399	0.1035	828
1	8409	0.103625	829
1	8419	0.10375	830
1	8429	0.103875	831
1	8439	0.104	832
1	8449	0.104125	833
1	8459	0.10425	834
1	8469	0.104375	835
1	8479	0.1045	836
1	8489	0.104625	837
1	8503	0.10475	838
1	8513	0.104875	839
1	8523	0.105	840
1	8533	0.105125	841
1	8543	0.10525	842
1	8553	0.105375	843
1	8563	0.1055	844
1	8573	0.105625	845
1	8583	0.10575	846
1	8593	0.105875	847
1	8603	0.106	848
1	8613	0.106125	849
1	8623	0.10625	850
1	8633	0.106375	851
1	8643	0.1065	852
1	8653	0.106625	853
1	8663	0.10675	854
1	8673	0.106875	855
1	8683	0.107	856
1	8693	0.107125	857
1	8703	0.10725	858
1	8713	0.107375	859
1	8723	0.1075	860
1	8733	0.107625	861
1	8743	0.10775	862
1	8753	0.107875	863
1	8767	0.108	864
1	8777	0.108125	865
1	8787	0.10825	866
1	8797	0.108375	867
1	8807	0.1085	868
1	8817	0.108625	869
1	8827	0.10875	870
1	8837	0.108875	871
1	8847	0.109	872
1	8857	0.109125	873
1	8867	0.10925	874
1	8877	0.109375	875
1	8887	0.1095	876
1	8897	0.109625	877
1	8907	0.10975	878
1	8917	0.109875	879
1	8927	0.11	880
1	8937	0.110125	881
1	8947	0.11025	882
1	8957	0.110375	883
1	8967	0.1105	884
1	8977	0.110625	885
1	8987	0.11075	886
1	8997	0.110875	887
1	9007	0.111	888
1	9017	0.111125	889
1	9031	0.11125	890
1	9041	0.111375	891
1	9051	0.1115	892
1	9061	0.111625	893
1	9071	0.11175	894
1	9081	0.111875	895
1	9091	0.112	896
1	9101	0.112125	897
1	9111	0.11225	898
1	9121	0.112375	899
1	9131	0.1125	900
1	9141	0.112625	901
1	9151	0.11275	902
1	9161	0.112875	903
1	9171	0.113	904
1	9181	0.113125	905
1	9191	0.11325	906
1	9201	0.113375	907
1	9211	0.1135	908
1	9221	0.113625	909
1	9231	0.11375	910
1	9241	0.113875	911
1	9251	0.114	912
1	9261	0.114125	913
1	9271	0.11425	914
1	9281	0.114375	915
1	9291	0.1145	916
1	9305	0.114625	917
1	9315	0.11475	918
1	9325	0.114875	919
1	9335	0.115	920
1	9345	0.115125	921
1	9355	0.11525	922
1	9365	0.115375	923
1	9375	0.1155	924
1	9385	0.115625	925
1	9395	0.11575	926
1	9405	0.115875	927
1	9415	0.116	928
1	9425	0.116125	929
1	9435	0.11625	930
1	9445	0.116375	931
1	9455	0.1165	932
1	9465	0.116625	933
1	9475	0.11675	934
1	9485	0.116875	935
1	9495	0.117	936
1	9505	0.117125	937
1	9515	0.11725	938
1	9525	0.117375	939
1	9535	0.1175	940
1	9545	0.117625	941
1	9555	0.11775	942
1	9569	0.117875	943
1	9579	0.118	944
1	9589	0.118125	945
1	9599	0.11825	946
1	9609	0.118375	947
1	9619	0.1185	948
1	9629	0.118625	949
1	9639	0.11875	950
1	9649	0.118875	951
1	9659	0.119	952
1	9669	0.119125	953
1	9679	0.11925	954
1	9689	0.119375	955
1	9699	0.1195	956
1	9709	0.119625	957
1	9719	0.11975	958
1	9729	0.119875	959
1	9739	0.12	960
1	9749	0.120125	961
1	9759	0.12025	962
1	9769	0.120375	963
1	9779	0.1205	964
1	9789	0.120625	965
1	9799	0.12075	966
1	9809	0.120875	967
1	9819	0.121	968
1	9833	0.121125	969
1	9843	0.12125	970
1	9853	0.121375	971
1	9863	0.1215	972
1	9873	0.121625	973
1	9883	0.12175	974
1	9893	0.121875	975
1	9903	0.122	976
1	9913	0.122125	977
1	9923	0.12225	978
1	9933	0.122375	979
1	9943	0.1225	980
1	9953	0.122625	981
1	9963	0.12275	982
1	9973	0.122875	983
1	9983	0.123	984
1	9993	0.123125	985
1	10003	0.12325	986
1	10013	0.123375	987
1	10023	0.1235	988
1	10033	0.123625	989
1	10043	0.12375	990
1	10053	0.123875	991
1	10063	0.124	992
1	10073	0.124125	993
1	10083	0.12425	994
1	10097	0.124375	995
1	10107	0.1245	996
1	10117	0.124625	997
1	10127	0.12475	998
1	10137	0.124875	999
1	10147	0.125	1000
1	10157	0.125125	1001
1	10167	0.12525	1002
1	10177	0.125375	1003
1	10187	0.1255	1004
1	10197	0.125625	1005
1	10207	0.12575	1006
1	10217	0.125875	1007
1	10227	0.126	1008
1	10237	0.126125	1009
1	10247	0.12625	1010
1	10257	0.126375	1011
1	10267	0.1265	1012
1	10277	0.126625	1013
1	10287	0.12675	1014
1	10297	0.126875	1015
1	10307	0.127	1016
1	10317	0.127125	1017
1	10327	0.12725	1018
1	10337	0.127375	1019
1	10347	0.1275	1020
1	10361	0.127625	1021
1	10371	0.12775	1022
1	10381	0.127875	1023
1	10391	0.128	1024
1	10401	0.128125	1025
1	10411	0.12825	1026
1	10421	0.128375	1027
1	10431	0.1285	1028
1	10441	0.128625	1029
1	10451	0.12875	1030
1	10461	0.128875	1031
1	10471	0.129	1032
1	10481	0.129125	1033
1	10491	0.12925	1034
1	10501	0.129375	1035
1	10511	0.1295	1036
1	10521	0.129625	1037
1	10531	0.12975	1038
1	10541	0.129875	1039
1	10551	0.13	1040
1	10561	0.130125	1041
1	10571	0.13025	1042
1	10581	0.130375	1043
1	10591	0.1305	1044
1	10601	0.130625	1045
1	10611	0.13075	1046
1	10625	0.130875	1047
1	10635	0.131	1048
1	10645	0.131125	1049
1	10655	0.13125	1050
1	10665	0.131375	1051
1	10675	0.1315	1052
1	10685	0.131625	1053
1	10695	0.13175	1054
1	10705	0.131875	1055
1	10715	0.132	1056
1	10725	0.132125	1057
1	10735	0.13225	1058
1	10745	0.132375	1059
1	10755	0.1325	1060
1	10765	0.132625	1061
1	10775	0.13275	1062
1	10785	0.132875	1063
1	10795	0.133	1064
1	10805	0.133125	1065
1	10815	0.13325	1066
1	10825	0.133375	1067
1	10835	0.1335	1068
1	10845	0.133625	1069
1	10855	0.13375	1070
1	10865	0.133875	1071
1	10875	0.134	1072
1	10885	0.134125	1073
1	10899	0.13425	1074
1	10909	0.134375	1075
1	10919	0.1345	1076
1	10929	0.134625	1077
1	10939	0.13475	1078
1	10949	0.134875	1079
1	10959	0.135	1080
1	10969	0.135125	1081
1	10979	0.13525	1082
1	10989	0.135375	1083
1	10999	0.1355	1084
1	11009	0.135625	1085
1	11019	0.13575	1086
1	11029	0.135875	1087
1	11039	0.136	1088
1	11049	0.136125	1089
1	11059	0.13625	1090
1	11069	0.136375	1091
1	11079	0.1365	1092
1	11089	0.136625	1093
1	11099	0.13675	1094
1	11109	0.136875	1095
1	11119	0.137	1096
1	11129	0.137125	1097
1	11139	0.13725	1098
1	11149	0.137375	1099
1	11163	0.1375	1100
1	11173	0.137625	1101
1	11183	0.13775	1102
1	11193	0.137875	1103
1	11203	0.138	1104
1	11213	0.138125	1105
1	11223	0.13825	1106
1	11233	0.138375	1107
1	11243	0.1385	1108
1	11253	0.138625	1109
1	11263	0.13875	1110
1	11273	0.138875	1111
1	11283	0.139	1112
1	11293	0.139125	1113
1	11303	0.13925	1114
1	11313	0.139375	1115
1	11323	0.1395	1116
1	11333	0.139625	1117
1	11343	0.13975	1118
1	11353	0.139875	1119
1	11363	0.14	1120
1	11373	0.140125	1121
1	11383	0.14025	1122
1	11393	0.140375	1123
1	11403	0.1405	1124
1	11413	0.140625	1125
1	11427	0.14075	1126
1	11437	0.140875	1127
1	11447	0.141	1128
1	11457	0.141125	1129
1	11467	0.14125	1130
1	11477	0.141375	1131
1	11487	0.1415	1132
1	11497	0.141625	1133
1	11507	0.14175	1134
1	11517	0.141875	1135
1	11527	0.142	1136
1	11537	0.142125	1137
1	11547	0.14225	1138
1	11557	0.142375	1139
1	11567	0.1425	1140
1	11577	0.142625	1141
1	11587	0.14275	1142
1	11597	0.142875	1143
1	11607	0.143	1144
1	11617	0.143125	1145
1	11627	0.14325	1146
1	11637	0.143375	1147
1	11647	0.1435	1148
1	11657	0.143625	1149
1	11667	0.14375	1150
1	11677	0.143875	1151
1	11691	0.144	1152
1	11701	0.144125	1153
1	11711	0.14425	1154
1	11721	0.144375	1155
1	11731	0.1445	1156
1	11741	0.144625	1157
1	11751	0.14475	1158
1	11761	0.144875	1159
1	11771	0.145	1160
1	11781	0.145125	1161
1	11791	0.14525	1162
1	11801	0.145375	1163
1	11811	0.1455	1164
1	11821	0.145625	1165
1	11831	0.14575	1166
1	11841	0.145875	1167
1	11851	0.146	1168
1	11861	0.146125	1169
1	11871	0.14625	1170
1	11881	0.146375	1171
1	11891	0.1465	1172
1	11901	0.146625	1173
1	11911	0.14675	1174
1	11921	0.146875	1175
1	11931	0.147	1176
1	11941	0.147125	1177
1	11955	0.14725	1178
1	11965	0.147375	1179
1	11975	0.1475	1180
1	11985	0.147625	1181
1	11995	0.14775	1182
1	12005	0.147875	1183
1	12015	0.148	1184
1	12025	0.148125	1185
1	12035	0.14825	1186
1	12045	0.148375	1187
1	12055	0.1485	1188
1	12065	0.148625	1189
1	12075	0.14875	1190
1	12085	0.148875	1191
1	12095	0.149	1192
1	12105	0.149125	1193
1	12115	0.14925	1194
1	12125	0.149375	1195
1	12135	0.1495	1196
1	12145	0.149625	1197
1	12155	0.14975	1198
1	12165	0.149875	1199
1	12175	0.15	1200
1	12185	0.150125	1201
1	12195	0.15025	1202
1	12205	0.150375	1203
1	12215	0.1505	1204
1	12229	0.150625	1205
1	12239	0.15075	1206
1	12249	0.150875	1207
1	12259	0.151	1208
1	12269	0.151125	1209
1	12279	0.15125	1210
1	12289	0.151375	1211
1	12299	0.1515	1212
1	12309	0.151625	1213
1	12319	0.15175	1214
1	12329	0.151875	1215
1	12339	0.152	1216
1	12349	0.152125	1217
1	12359	0.15225	1218
1	12369	0.152375	1219
1	12379	0.1525	1220
1	12389	0.152625	1221
1	12399	0.15275	1222
1	12409	0.152875	1223
1	12419	0.153	1224
1	12429	0.153125	1225
1	12439	0.15325	1226
1	12449	0.153375	1227
1	12459	0.1535	1228
1	12469	0.153625	1229
1	12479	0.15375	1230
1	12493	0.153875	1231
1	12503	0.154	1232
1	12513	0.154125	1233
1	12523	0.15425	1234
1	12533	0.154375	1235
1	12543	0.1545	1236
1	12553	0.154625	1237
1	12563	0.15475	1238
1	12573	0.154875	1239
1	12583	0.155	1240
1	12593	0.155125	1241
1	12603	0.15525	1242
1	12613	0.155375	1243
1	12623	0.1555	1244
1	12633	0.155625	1245
1	12643	0.15575	1246
1	12653	0.155875	1247
1	12663	0.156	1248
1	12673	0.156125	1249
1	12683	0.15625	1250
1	12693	0.156375	1251
1	12703	0.1565	1252
1	12713	0.156625	1253
1	12723	0.15675	1254
1	12733	0.156875	1255
1	12743	0.157	1256
1	12757	0.157125	1257
1	12767	0.15725	1258
1	12777	0.157375	1259
1	12787	0.1575	1260
1	12797	0.157625	1261
1	12807	0.15775	1262
1	12817	0.157875	1263
1	12827	0.158	1264
1	12837	0.158125	1265
1	12847	0.15825	1266
1	12857	0.158375	1267
1	12867	0.1585	1268
1	12877	0.158625	1269
1	12887	0.15875	1270
1	12897	0.158875	1271
1	12907	0.159	1272
1	12917	0.159125	1273
1	12927	0.15925	1274
1	12937	0.159375	1275
1	12947	0.1595	1276
1	12957	0.159625	1277
1	12967	0.15975	1278
1	12977	0.159875	1279
1	12987	0.16	1280
1	12997	0.160125	1281
1	13007	0.16025	1282
1	13021	0.160375	1283
1	13031	0.1605	1284
1	13041	0.160625	1285
1	13051	0.16075	1286
1	13061	0.160875	1287
1	13071	0.161	1288
1	13081	0.161125	1289
1	13091	0.16125	1290
1	13101	0.161375	1291
1	13111	0.1615	1292
1	13121	0.161625	1293
1	13131	0.16175	1294
1	13141	0.161875	1295
1	13151	0.162	1296
1	13161	0.162125	1297
1	13171	0.16225	1298
1	13181	0.162375	1299
1	13191	0.1625	1300
1	13201	0.162625	1301
1	13211	0.16275	1302
1	13221	0.162875	1303
1	13231	0.163	1304
1	13241	0.163125	1305
1	13251	0.16325	1306
1	13261	0.163375	1307
1	13271	0.1635	1308
1	13285	0.163625	1309
1	13295	0.16375	1310
1	13305	0.163875	1311
1	13315	0.164	1312
1	13325	0.164125	1313
1	13335	0.16425	1314
1	13345	0.164375	1315
1	13355	0.1645	1316
1	13365	0.164625	1317
1	13375	0.16475	1318
1	13385	0.164875	1319
1	13395	0.165	1320
1	13405	0.165125	1321
1	13415	0.16525	1322
1	13425	0.165375	1323
1	13435	0.1655	1324
1	13445	0.165625	1325
1	13455	0.16575	1326
1	13465	0.165875	1327
1	13475	0.166	1328
1	13485	0.166125	1329
1	13495	0.16625	1330
1	13505	0.166375	1331
1	13515	0.1665	1332
1	13525	0.166625	1333
1	13535	0.16675	1334
1	13549	0.166875	1335
1	13559	0.167	1336
1	13569	0.167125	1337
1	13579	0.16725	1338
1	13589	0.167375	1339
1	13599	0.1675	1340
1	13609	0.167625	1341
1	13619	0.16775	1342
1	13629	0.167875	1343
1	13639	0.168	1344
1	13649	0.168125	1345
1	13659	0.16825	1346
1	13669	0.168375	1347
1	13679	0.1685	1348
1	13689	0.168625	1349
1	13699	0.16875	1350
1	13709	0.168875	1351
1	13719	0.169	1352
1	13729	0.169125	1353
1	13739	0.16925	1354
1	13749	0.169375	1355
1	13759	0.1695	1356
1	13769	0.169625	1357
1	13779	0.16975	1358
1	13789	0.169875	1359
1	13799	0.17	1360
1	13809	0.170125	1361
1	13823	0.17025	1362
1	13833	0.170375	1363
1	13843	0.1705	1364
1	13853	0.170625	1365
1	13863	0.17075	1366
1	13873	0.170875	1367
1	13883	0.171	1368
1	13893	0.171125	1369
1	13903	0.17125	1370
1	13913	0.171375	1371
1	13923	0.1715	1372
1	13933	0.171625	1373
1	13943	0.17175	1374
1	13953	0.171875	1375
1	13963	0.172	1376
1	13973	0.172125	1377
1	13983	0.17225	1378
1	13993	0.172375	1379
1	14003	0.1725	1380
1	14013	0.172625	1381
1	14023	0.17275	1382
1	14033	0.172875	1383
1	14043	0.173	1384
1	14053	0.173125	1385
1	14063	0.17325	1386
1	14073	0.173375	1387
1	14087	0.1735	1388
1	14097	0.173625	1389
1	14107	0.17375	1390
1	14117	0.173875	1391
1	14127	0.174	1392
1	14137	0.174125	1393
1	14147	0.17425	1394
1	14157	0.174375	1395
1	14167	0.1745	1396
1	14177	0.174625	1397
1	14187	0.17475	1398
1	14197	0.174875	1399
1	14207	0.175	1400
1	14217	0.175125	1401
1	14227	0.17525	1402
1	14237	0.175375	1403
1	14247	0.1755	1404
1	14257	0.175625	1405
1	14267	0.17575	1406
1	14277	0.175875	1407
1	14287	0.176	1408
1	14297	0.176125	1409
1	14307	0.17625	1410
1	14317	0.176375	1411
1	14327	0.1765	1412
1	14337	0.176625	1413
1	14351	0.17675	1414
1	14361	0.176875	1415
1	14371	0.177	1416
1	14381	0.177125	1417
1	14391	0.17725	1418
1	14401	0.177375	1419
1	14411	0.1775	1420
1	14421	0.177625	1421
1	14431	0.17775	1422
1	14441	0.177875	1423
1	14451	0.178	1424
1	14461	0.178125	1425
1	14471	0.17825	1426
1	14481	0.178375	1427
1	14491	0.1785	1428
1	14501	0.178625	1429
1	14511	0.17875	1430
1	14521	0.178875	1431
1	14531	0.179	1432
1	14541	0.179125	1433
1	14551	0.17925	1434
1	14561	0.179375	1435
1	14571	0.1795	1436
1	14581	0.179625	1437
1	14591	0.17975	1438
1	14601	0.179875	1439
1	14615	0.18	1440
1	14625	0.180125	1441
1	14635	0.18025	1442
1	14645	0.180375	1443
1	14655	0.1805	1444
1	14665	0.180625	1445
1	14675	0.18075	1446
1	14685	0.180875	1447
1	14695	0.181	1448
1	14705	0.181125	1449
1	14715	0.18125	1450
1	14725	0.181375	1451
1	14735	0.1815	1452
1	14745	0.181625	1453
1	14755	0.18175	1454
1	14765	0.181875	1455
1	14775	0.182	1456
1	14785	0.182125	1457
1	14795	0.18225	1458
1	14805	0.182375	1459
1	14815	0.1825	1460
1	14825	0.182625	1461
1	14835	0.18275	1462
1	14845	0.182875	1463
1	14855	0.183	1464
1	14865	0.183125	1465
1	14879	0.18325	1466
1	14889	0.183375	1467
1	14899	0.1835	1468
1	14909	0.183625	1469
1	14919	0.18375	1470
1	14929	0.183875	1471
1	14939	0.184	1472
1	14949	0.184125	1473
1	14959	0.18425	1474
1	14969	0.184375	1475
1	14979	0.1845	1476
1	14989	0.184625	1477
1	14999	0.18475	1478
1	15009	0.184875	1479
1	15019	0.185	1480
1	15029	0.185125	1481
1	15039	0.18525	1482
1	15049	0.185375	1483
1	15059	0.1855	1484
1	15069	0.185625	1485
1	15079	0.18575	1486
1	15089	0.185875	1487
1	15099	0.186	1488
1	15109	0.186125	1489
1	15119	0.18625	1490
1	15129	0.186375	1491
1	15143	0.1865	1492
1	15153	0.186625	1493
1	15163	0.18675	1494
1	15173	0.186875	1495
1	15183	0.187	1496
1	15193	0.187125	1497
1	15203	0.18725	1498
1	15213	0.187375	1499
1	15223	0.1875	1500
1	15233	0.187625	1501
1	15243	0.18775	1502
1	15253	0.187875	1503
1	15263	0.188	1504
1	15273	0.188125	1505
1	15283	0.18825	1506
1	15293	0.188375	1507
1	15303	0.1885	1508
1	15313	0.188625	1509
1	15323	0.18875	1510
1	15333	0.188875	1511
1	15343	0.189	1512
1	15353	0.189125	1513
1	15363	0.18925	1514
1	15373	0.189375	1515
1	15383	0.1895	1516
1	15393	0.189625	1517
1	15403	0.18975	1518
1	15417	0.189875	1519
1	15427	0.19	1520
1	15437	0.190125	1521
1	15447	0.19025	1522
1	15457	0.190375	1523
1	15467	0.1905	1524
1	15477	0.190625	1525
1	15487	0.19075	1526
1	15497	0.190875	1527
1	15507	0.191	1528
1	15517	0.191125	1529
1	15527	0.19125	1530
1	15537	0.191375	1531
1	15547	0.1915	1532
1	15557	0.191625	1533
1	15567	0.19175	1534
1	15577	0.191875	1535
1	15587	0.192	1536
1	15597	0.192125	1537
1	15607	0.19225	1538
1	15617	0.192375	1539
1	15627	0.1925	1540
1	15637	0.192625	1541
1	15647	0.19275	1542
1	15657	0.192875	1543
1	15667	0.193	1544
1	15681	0.193125	1545
1	15691	0.19325	1546
1	15701	0.193375	1547
1	15711	0.1935	1548
1	15721	0.193625	1549
1	15731	0.19375	1550
1	15741	0.193875	1551
1	15751	0.194	1552
1	15761	0.194125	1553
1	15771	0.19425	1554
1	15781	0.194375	1555
1	15791	0.1945	1556
1	15801	0.194625	1557
1	15811	0.19475	1558
1	15821	0.194875	1559
1	15831	0.195	1560
1	15841	0.195125	1561
1	15851	0.19525	1562
1	15861	0.195375	1563
1	15871	0.1955	1564
1	15881	0.195625	1565
1	15891	0.19575	1566
1	15901	0.195875	1567
1	15911	0.196	1568
1	15921	0.196125	1569
1	15931	0.19625	1570
1	15945	0.196375	1571
1	15955	0.1965	1572
1	15965	0.196625	1573
1	15975	0.19675	1574
1	15985	0.196875	1575
1	15995	0.197	1576
1	16005	0.197125	1577
1	16015	0.19725	1578
1	16025	0.197375	1579
1	16035	0.1975	1580
1	16045	0.197625	1581
1	16055	0.19775	1582
1	16065	0.197875	1583
1	16075	0.198	1584
1	16085	0.198125	1585
1	16095	0.19825	1586
1	16105	0.198375	1587
1	16115	0.1985	1588
1	16125	0.198625	1589
1	16135	0.19875	1590
1	16145	0.198875	1591
1	16155	0.199	1592
1	16165	0.199125	1593
1	16175	0.19925	1594
1	16185	0.199375	1595
1	16195	0.1995	1596
1	16209	0.199625	1597
1	16219	0.19975	1598
1	16229	0.199875	1599
1	16239	0.2	1600
1	16249	0.200125	1601
1	16259	0.20025	1602
1	16269	0.200375	1603
1	16279	0.2005	1604
1	16289	0.200625	1605
1	16299	0.20075	1606
1	16309	0.200875	1607
1	16319	0.201	1608
1	16329	0.201125	1609
1	16339	0.20125	1610
1	16349	0.201375	1611
1	16359	0.2015	1612
1	16369	0.201625	1613
1	16379	0.20175	1614
1	16389	0.201875	1615
1	16399	0.202	1616
1	16409	0.202125	1617
1	16419	0.20225	1618
1	16429	0.202375	1619
1	16439	0.2025	1620
1	16449	0.202625	1621
1	16459	0.20275	1622
1	16473	0.202875	1623
1	16483	0.203	1624
1	16493	0.203125	1625
1	16503	0.20325	1626
1	16513	0.203375	1627
1	16523	0.2035	1628
1	16533	0.203625	1629
1	16543	0.20375	1630
1	16553	0.203875	1631
1	16563	0.204	1632
1	16573	0.204125	1633
1	16583	0.20425	1634
1	16593	0.204375	1635
1	16603	0.2045	1636
1	16613	0.204625	1637
1	16623	0.20475	1638
1	16633	0.204875	1639
1	16643	0.205	1640
1	16653	0.205125	1641
1	16663	0.20525	1642
1	16673	0.205375	1643
1	16683	0.2055	1644
1	16693	0.205625	1645
1	16703	0.20575	1646
1	16713	0.205875	1647
1	16723	0.206	1648
1	16737	0.206125	1649
1	16747	0.20625	1650
1	16757	0.206375	1651
1	16767	0.2065	1652
1	16777	0.206625	1653
1	16787	0.20675	1654
1	16797	0.206875	1655
1	16807	0.207	1656
1	16817	0.207125	1657
1	16827	0.20725	1658
1	16837	0.207375	1659
1	16847	0.2075	1660
1	16857	0.207625	1661
1	16867	0.20775	1662
1	16877	0.207875	1663
1	16887	0.208	1664
1	16897	0.208125	1665
1	16907	0.20825	1666
1	16917	0.208375	1667
1	16927	0.2085	1668
1	16937	0.208625	1669
1	16947	0.20875	1670
1	16957	0.208875	1671
1	16967	0.209	1672
1	16977	0.209125	1673
1	16987	0.20925	1674
1	16997	0.209375	1675
1	17011	0.2095	1676
1	17021	0.209625	1677
1	17031	0.20975	1678
1	17041	0.209875	1679
1	17051	0.21	1680
1	17061	0.210125	1681
1	17071	0.21025	1682
1	17081	0.210375	1683
1	17091	0.2105	1684
1	17101	0.210625	1685
1	17111	0.21075	1686
1	17121	0.210875	1687
1	17131	0.211	1688
1	17141	0.211125	1689
1	17151	0.21125	1690
1	17161	0.211375	1691
1	17171	0.2115	1692
1	17181	0.211625	1693
1	17191	0.21175	1694
1	17201	0.211875	1695
1	17211	0.212	1696
1	17221	0.212125	1697
1	17231	0.21225	1698
1	17241	0.212375	1699
1	17251	0.2125	1700
1	17261	0.212625	1701
1	17275	0.21275	1702
1	17285	0.212875	1703
1	17295	0.213	1704
1	17305	0.213125	1705
1	17315	0.21325	1706
1	17325	0.213375	1707
1	17335	0.2135	1708
1	17345	0.213625	1709
1	17355	0.21375	1710
1	17365	0.213875	1711
1	17375	0.214	1712
1	17385	0.214125	1713
1	17395	0.21425	1714
1	17405	0.214375	1715
1	17415	0.2145	1716
1	17425	0.214625	1717
1	17435	0.21475	1718
1	17445	0.214875	1719
1	17455	0.215	1720
1	17465	0.215125	1721
1	17475	0.21525	1722
1	17485	0.215375	1723
1	17495	0.2155	1724
1	17505	0.215625	1725
1	17515	0.21575	1726
1	17525	0.215875	1727
1	17539	0.216	1728
1	17549	0.216125	1729
1	17559	0.21625	1730
1	17569	0.216375	1731
1	17579	0.2165	1732
1	17589	0.216625	1733
1	17599	0.21675	1734
1	17609	0.216875	1735
1	17619	0.217	1736
1	17629	0.217125	1737
1	17639	0.21725	1738
1	17649	0.217375	1739
1	17659	0.2175	1740
1	17669	0.217625	1741
1	17679	0.21775	1742
1	17689	0.217875	1743
1	17699	0.218	1744
1	17709	0.218125	1745
1	17719	0.21825	1746
1	17729	0.218375	1747
1	17739	0.2185	1748
1	17749	0.218625	1749
1	17759	0.21875	1750
1	17769	0.218875	1751
1	17779	0.219	1752
1	17789	0.219125	1753
1	17803	0.21925	1754
1	17813	0.219375	1755
1	17823	0.2195	1756
1	17833	0.219625	1757
1	17843	0.21975	1758
1	17853	0.219875	1759
1	17863	0.22	1760
1	17873	0.220125	1761
1	17883	0.22025	1762
1	17893	0.220375	1763
1	17903	0.2205	1764
1	17913	0.220625	1765
1	17923	0.22075	1766
1	17933	0.220875	1767
1	17943	0.221	1768
1	17953	0.221125	1769
1	17963	0.22125	1770
1	17973	0.221375	1771
1	17983	0.2215	1772
1	17993	0.221625	1773
1	18003	0.22175	1774
1	18013	0.221875	1775
1	18023	0.222	1776
1	18033	0.222125	1777
1	18043	0.22225	1778
1	18053	0.222375	1779
1	18067	0.2225	1780
1	18077	0.222625	1781
1	18087	0.22275	1782
1	18097	0.222875	1783
1	18107	0.223	1784
1	18117	0.223125	1785
1	18127	0.22325	1786
1	18137	0.223375	1787
1	18147	0.2235	1788
1	18157	0.223625	1789
1	18167	0.22375	1790
1	18177	0.223875	1791
1	18187	0.224	1792
1	18197	0.224125	1793
1	18207	0.22425	1794
1	18217	0.224375	1795
1	18227	0.2245	1796
1	18237	0.224625	1797
1	18247	0.22475	1798
1	18257	0.224875	1799
1	18267	0.225	1800
1	18277	0.225125	1801
1	18287	0.22525	1802
1	18297	0.225375	1803
1	18307	0.2255	1804
1	18317	0.225625	1805
1	18327	0.22575	1806
1	18341	0.225875	1807
1	18351	0.226	1808
1	18361	0.226125	1809
1	18371	0.22625	1810
1	18381	0.226375	1811
1	18391	0.2265	1812
1	18401	0.226625	1813
1	18411	0.22675	1814
1	18421	0.226875	1815
1	18431	0.227	1816
1	18441	0.227125	1817
1	18451	0.22725	1818
1	18461	0.227375	1819
1	18471	0.2275	1820
1	18481	0.227625	1821
1	18491	0.22775	1822
1	18501	0.227875	1823
1	18511	0.228	1824
1	18521	0.228125	1825
1	18531	0.22825	1826
1	18541	0.228375	1827
1	18551	0.2285	1828
1	18561	0.228625	1829
1	18571	0.22875	1830
1	18581	0.228875	1831
1	18591	0.229	1832
1	18605	0.229125	1833
1	18615	0.22925	1834
1	18625	0.229375	1835
1	18635	0.2295	1836
1	18645	0.229625	1837
1	18655	0.22975	1838
1	18665	0.229875	1839
1	18675	0.23	1840
1	18685	0.230125	1841
1	18695	0.23025	1842
1	18705	0.230375	1843
1	18715	0.2305	1844
1	18725	0.230625	1845
1	18735	0.23075	1846
1	18745	0.230875	1847
1	18755	0.231	1848
1	18765	0.231125	1849
1	18775	0.23125	1850
1	18785	0.231375	1851
1	18795	0.2315	1852
1	18805	0.231625	1853
1	18815	0.23175	1854
1	18825	0.231875	1855
1	18835	0.232	1856
1	18845	0.232125	1857
1	18855	0.23225	1858
1	18869	0.232375	1859
1	18879	0.2325	1860
1	18889	0.232625	1861
1	18899	0.23275	1862
1	18909	0.232875	1863
1	18919	0.233	1864
1	18929	0.233125	1865
1	18939	0.23325	1866
1	18949	0.233375	1867
1	18959	0.2335	1868
1	18969	0.233625	1869
1	18979	0.23375	1870
1	18989	0.233875	1871
1	18999	0.234	1872
1	19009	0.234125	1873
1	19019	0.23425	1874
1	19029	0.234375	1875
1	19039	0.2345	1876
1	19049	0.234625	1877
1	19059	0.23475	1878
1	19069	0.234875	1879
1	19079	0.235	1880
1	19089	0.235125	1881
1	19099	0.23525	1882
1	19109	0.235375	1883
1	19119	0.2355	1884
1	19133	0.235625	1885
1	19143	0.23575	1886
1	19153	0.235875	1887
1	19163	0.236	1888
1	19173	0.236125	1889
1	19183	0.23625	1890
1	19193	0.236375	1891
1	19203	0.2365	1892
1	19213	0.236625	1893
1	19223	0.23675	1894
1	19233	0.236875	1895
1	19243	0.237	1896
1	19253	0.237125	1897
1	19263	0.23725	1898
1	19273	0.237375	1899
1	19283	0.2375	1900
1	19293	0.237625	1901
1	19303	0.23775	1902
1	19313	0.237875	1903
1	19323	0.238	1904
1	19333	0.238125	1905
1	19343	0.23825	1906
1	19353	0.238375	1907
1	19363	0.2385	1908
1	19373	0.238625	1909
1	19383	0.23875	1910
1	19397	0.238875	1911
1	19407	0.239	1912
1	19417	0.239125	1913
1	19427	0.23925	1914
1	19437	0.239375	1915
1	19447	0.2395	1916
1	19457	0.239625	1917
1	19467	0.23975	1918
1	19477	0.239875	1919
1	19487	0.24	1920
1	19497	0.240125	1921
1	19507	0.24025	1922
1	19517	0.240375	1923
1	19527	0.2405	1924
1	19537	0.240625	1925
1	19547	0.24075	1926
1	19557	0.240875	1927
1	19567	0.241	1928
1	19577	0.241125	1929
1	19587	0.24125	1930
1	19597	0.241375	1931
1	19607	0.2415	1932
1	19617	0.241625	1933
1	19627	0.24175	1934
1	19637	0.241875	1935
1	19647	0.242	1936
1	19661	0.242125	1937
1	19671	0.24225	1938
1	19681	0.242375	1939
1	19691	0.2425	1940
1	19701	0.242625	1941
1	19711	0.24275	1942
1	19721	0.242875	1943
1	19731	0.243	1944
1	19741	0.243125	1945
1	19751	0.24325	1946
1	19761	0.243375	1947
1	19771	0.2435	1948
1	19781	0.243625	1949
1	19791	0.24375	1950
1	19801	0.243875	1951
1	19811	0.244	1952
1	19821	0.244125	1953
1	19831	0.24425	1954
1	19841	0.244375	1955
1	19851	0.2445	1956
1	19861	0.244625	1957
1	19871	0.24475	1958
1	19881	0.244875	1959
1	19891	0.245	1960
1	19901	0.245125	1961
1	19911	0.24525	1962
1	19921	0.245375	1963
1	19935	0.2455	1964
1	19945	0.245625	1965
1	19955	0.24575	1966
1	19965	0.245875	1967
1	19975	0.246	1968
1	19985	0.246125	1969
1	19995	0.24625	1970
1	20005	0.246375	1971
1	20015	0.2465	1972
1	20025	0.246625	1973
1	20035	0.24675	1974
1	20045	0.246875	1975
1	20055	0.247	1976
1	20065	0.247125	1977
1	20075	0.24725	1978
1	20085	0.247375	1979
1	20095	0.2475	1980
1	20105	0.247625	1981
1	20115	0.24775	1982
1	20125	0.247875	1983
1	20135	0.248	1984
1	20145	0.248125	1985
1	20155	0.24825	1986
1	20165	0.248375	1987
1	20175	0.2485	1988
1	20185	0.248625	1989
1	20199	0.24875	1990
1	20209	0.248875	1991
1	20219	0.249	1992
1	20229	0.249125	1993
1	20239	0.24925	1994
1	20249	0.249375	1995
1	20259	0.2495	1996
1	20269	0.249625	1997
1	20279	0.24975	1998
1	20289	0.249875	1999
1	20299	0.25	2000
1	20309	0.250125	2001
1	20319	0.25025	2002
1	20329	0.250375	2003
1	20339	0.2505	2004
1	20349	0.250625	2005
1	20359	0.25075	2006
1	20369	0.250875	2007
1	20379	0.251	2008
1	20389	0.251125	2009
1	20399	0.25125	2010
1	20409	0.251375	2011
1	20419	0.2515	2012
1	20429	0.251625	2013
1	20439	0.25175	2014
1	20449	0.251875	2015
1	20463	0.252	2016
1	20473	0.252125	2017
1	20483	0.25225	2018
1	20493	0.252375	2019
1	20503	0.2525	2020
1	20513	0.252625	2021
1	20523	0.25275	2022
1	20533	0.252875	2023
1	20543	0.253	2024
1	20553	0.253125	2025
1	20563	0.25325	2026
1	20573	0.253375	2027
1	20583	0.2535	2028
1	20593	0.253625	2029
1	20603	0.25375	2030
1	20613	0.253875	2031
1	20623	0.254	2032
1	20633	0.254125	2033
1	20643	0.25425	2034
1	20653	0.254375	2035
1	20663	0.2545	2036
1	20673	0.254625	2037
1	20683	0.25475	2038
1	20693	0.254875	2039
1	20703	0.255	2040
1	20713	0.255125	2041
1	20727	0.25525	2042
1	20737	0.255375	2043
1	20747	0.2555	2044
1	20757	0.255625	2045
1	20767	0.25575	2046
1	20777	0.255875	2047
1	20787	0.256	2048
1	20797	0.256125	2049
1	20807	0.25625	2050
1	20817	0.256375	2051
1	20827	0.2565	2052
1	20837	0.256625	2053
1	20847	0.25675	2054
1	20857	0.256875	2055
1	20867	0.257	2056
1	20877	0.257125	2057
1	20887	0.25725	2058
1	20897	0.257375	2059
1	20907	0.2575	2060
1	20917	0.257625	2061
1	20927	0.25775	2062
1	20937	0.257875	2063
1	20947	0.258	2064
1	20957	0.258125	2065
1	20967	0.25825	2066
1	20977	0.258375	2067
1	20991	0.2585	2068
1	21001	0.258625	2069
1	21011	0.25875	2070
1	21021	0.258875	2071
1	21031	0.259	2072
1	21041	0.259125	2073
1	21051	0.25925	2074
1	21061	0.259375	2075
1	21071	0.2595	2076
1	21081	0.259625	2077
1	21091	0.25975	2078
1	21101	0.259875	2079
1	21111	0.26	2080
1	21121	0.260125	2081
1	21131	0.26025	2082
1	21141	0.260375	2083
1	21151	0.2605	2084
1	21161	0.260625	2085
1	21171	0.26075	2086
1	21181	0.260875	2087
1	21191	0.261	2088
1	21201	0.261125	2089
1	21211	0.26125	2090
1	21221	0.261375	2091
1	21231	0.2615	2092
1	21241	0.261625	2093
1	21255	0.26175	2094
1	21265	0.261875	2095
1	21275	0.262	2096
1	21285	0.262125	2097
1	21295	0.26225	2098
1	21305	0.262375	2099
1	21315	0.2625	2100
1	21325	0.262625	2101
1	21335	0.26275	2102
1	21345	0.262875	2103
1	21355	0.263	2104
1	21365	0.263125	2105
1	21375	0.26325	2106
1	21385	0.263375	2107
1	21395	0.2635	2108
1	21405	0.263625	2109
1	21415	0.26375	2110
1	21425	0.263875	2111
1	21435	0.264	2112
1	21445	0.264125	2113
1	21455	0.26425	2114
1	21465	0.264375	2115
1	21475	0.2645	2116
1	21485	0.264625	2117
1	21495	0.26475	2118
1	21505	0.264875	2119
1	21515	0.265	2120
1	21529	0.265125	2121
1	21539	0.26525	2122
1	21549	0.265375	2123
1	21559	0.2655	2124
1	21569	0.265625	2125
1	21579	0.26575	2126
1	21589	0.265875	2127
1	21599	0.266	2128
1	21609	0.266125	2129
1	21619	0.26625	2130
1	21629	0.266375	2131
1	21639	0.2665	2132
1	21649	0.266625	2133
1	21659	0.26675	2134
1	21669	0.266875	2135
1	21679	0.267	2136
1	21689	0.267125	2137
1	21699	0.26725	2138
1	21709	0.267375	2139
1	21719	0.2675	2140
1	21729	0.267625	2141
1	21739	0.26775	2142
1	21749	0.267875	2143
1	21759	0.268	2144
1	21769	0.268125	2145
1	21779	0.26825	2146
1	21793	0.268375	2147
1	21803	0.2685	2148
1	21813	0.268625	2149
1	21823	0.26875	2150
1	21833	0.268875	2151
1	21843	0.269	2152
1	21853	0.269125	2153
1	21863	0.26925	2154
1	21873	0.269375	2155
1	21883	0.2695	2156
1	21893	0.269625	2157
1	21903	0.26975	2158
1	21913	0.269875	2159
1	21923	0.27	2160
1	21933	0.270125	2161
1	21943	0.27025	2162
1	21953	0.270375	2163
1	21963	0.2705	2164
1	21973	0.270625	2165
1	21983	0.27075	2166
1	21993	0.270875	2167
1	22003	0.271	2168
1	22013	0.271125	2169
1	22023	0.27125	2170
1	22033	0.271375	2171
1	22043	0.2715	2172
1	22057	0.271625	2173
1	22067	0.27175	2174
1	22077	0.271875	2175
1	22087	0.272	2176
1	22097	0.272125	2177
1	22107	0.27225	2178
1	22117	0.272375	2179
1	22127	0.2725	2180
1	22137	0.272625	2181
1	22147	0.27275	2182
1	22157	0.272875	2183
1	22167	0.273	2184
1	22177	0.273125	2185
1	22187	0.27325	2186
1	22197	0.273375	2187
1	22207	0.2735	2188
1	22217	0.273625	2189
1	22227	0.27375	2190
1	22237	0.273875	2191
1	22247	0.274	2192
1	22257	0.274125	2193
1	22267	0.27425	2194
1	22277	0.274375	2195
1	22287	0.2745	2196
1	22297	0.274625	2197
1	22307	0.27475	2198
1	22321	0.274875	2199
1	22331	0.275	2200
1	22341	0.275125	2201
1	22351	0.27525	2202
1	22361	0.275375	2203
1	22371	0.2755	2204
1	22381	0.275625	2205
1	22391	0.27575	2206
1	22401	0.275875	2207
1	22411	0.276	2208
1	22421	0.276125	2209
1	22431	0.27625	2210
1	22441	0.276375	2211
1	22451	0.2765	2212
1	22461	0.276625	2213
1	22471	0.27675	2214
1	22481	0.276875	2215
1	22491	0.277	2216
1	22501	0.277125	2217
1	22511	0.27725	2218
1	22521	0.277375	2219
1	22531	0.2775	2220
1	22541	0.277625	2221
1	22551	0.27775	2222
1	22561	0.277875	2223
1	22571	0.278	2224
1	22585	0.278125	2225
1	22595	0.27825	2226
1	22605	0.278375	2227
1	22615	0.2785	2228
1	22625	0.278625	2229
1	22635	0.27875	2230
1	22645	0.278875	2231
1	22655	0.279	2232
1	22665	0.279125	2233
1	22675	0.27925	2234
1	22685	0.279375	2235
1	22695	0.2795	2236
1	22705	0.279625	2237
1	22715	0.27975	2238
1	22725	0.279875	2239
1	22735	0.28	2240
1	22745	0.280125	2241
1	22755	0.28025	2242
1	22765	0.280375	2243
1	22775	0.2805	2244
1	22785	0.280625	2245
1	22795	0.28075	2246
1	22805	0.280875	2247
1	22815	0.281	2248
1	22825	0.281125	2249
1	22835	0.28125	2250
1	22849	0.281375	2251
1	22859	0.2815	2252
1	22869	0.281625	2253
1	22879	0.28175	2254
1	22889	0.281875	2255
1	22899	0.282	2256
1	22909	0.282125	2257
1	22919	0.28225	2258
1	22929	0.282375	2259
1	22939	0.2825	2260
1	22949	0.282625	2261
1	22959	0.28275	2262
1	22969	0.282875	2263
1	22979	0.283	2264
1	22989	0.283125	2265
1	22999	0.28325	2266
1	23009	0.283375	2267
1	23019	0.2835	2268
1	23029	0.283625	2269
1	23039	0.28375	2270
1	23049	0.283875	2271
1	23059	0.284	2272
1	23069	0.284125	2273
1	23079	0.28425	2274
1	23089	0.284375	2275
1	23099	0.2845	2276
1	23109	0.284625	2277
1	23123	0.28475	2278
1	23133	0.284875	2279
1	23143	0.285	2280
1	23153	0.285125	2281
1	23163	0.28525	2282
1	23173	0.285375	2283
1	23183	0.2855	2284
1	23193	0.285625	2285
1	23203	0.28575	2286
1	23213	0.285875	2287
1	23223	0.286	2288
1	23233	0.286125	2289
1	23243	0.28625	2290
1	23253	0.286375	2291
1	23263	0.2865	2292
1	23273	0.286625	2293
1	23283	0.28675	2294
1	23293	0.286875	2295
1	23303	0.287	2296
1	23313	0.287125	2297
1	23323	0.28725	2298
1	23333	0.287375	2299
1	23343	0.2875	2300
1	23353	0.287625	2301
1	23363	0.28775	2302
1	23373	0.287875	2303
1	23387	0.288	2304
1	23397	0.288125	2305
1	23407	0.28825	2306
1	23417	0.288375	2307
1	23427	0.2885	2308
1	23437	0.288625	2309
1	23447	0.28875	2310
1	23457	0.288875	2311
1	23467	0.289	2312
1	23477	0.289125	2313
1	23487	0.28925	2314
1	23497	0.289375	2315
1	23507	0.2895	2316
1	23517	0.289625	2317
1	23527	0.28975	2318
1	23537	0.289875	2319
1	23547	0.29	2320
1	23557	0.290125	2321
1	23567	0.29025	2322
1	23577	0.290375	2323
1	23587	0.2905	2324
1	23597	0.290625	2325
1	23607	0.29075	2326
1	23617	0.290875	2327
1	23627	0.291	2328
1	23637	0.291125	2329
1	23651	0.29125	2330
1	23661	0.291375	2331
1	23671	0.2915	2332
1	23681	0.291625	2333
1	23691	0.29175	2334
1	23701	0.291875	2335
1	23711	0.292	2336
1	23721	0.292125	2337
1	23731	0.29225	2338
1	23741	0.292375	2339
1	23751	0.2925	2340
1	23761	0.292625	2341
1	23771	0.29275	2342
1	23781	0.292875	2343
1	23791	0.293	2344
1	23801	0.293125	2345
1	23811	0.29325	2346
1	23821	0.293375	2347
1	23831	0.2935	2348
1	23841	0.293625	2349
1	23851	0.29375	2350
1	23861	0.293875	2351
1	23871	0.294	2352
1	23881	0.294125	2353
1	23891	0.29425	2354
1	23901	0.294375	2355
1	23915	0.2945	2356
1	23925	0.294625	2357
1	23935	0.29475	2358
1	23945	0.294875	2359
1	23955	0.295	2360
1	23965	0.295125	2361
1	23975	0.29525	2362
1	23985	0.295375	2363
1	23995	0.2955	2364
1	24005	0.295625	2365
1	24015	0.29575	2366
1	24025	0.295875	2367
1	24035	0.296	2368
1	24045	0.296125	2369
1	24055	0.29625	2370
1	24065	0.296375	2371
1	24075	0.2965	2372
1	24085	0.296625	2373
1	24095	0.29675	2374
1	24105	0.296875	2375
1	24115	0.297	2376
1	24125	0.297125	2377
1	24135	0.29725	2378
1	24145	0.297375	2379
1	24155	0.2975	2380
1	24165	0.297625	2381
1	24179	0.29775	2382
1	24189	0.297875	2383
1	24199	0.298	2384
1	24209	0.298125	2385
1	24219	0.29825	2386
1	24229	0.298375	2387
1	24239	0.2985	2388
1	24249	0.298625	2389
1	24259	0.29875	2390
1	24269	0.298875	2391
1	24279	0.299	2392
1	24289	0.299125	2393
1	24299	0.29925	2394
1	24309	0.299375	2395
1	24319	0.2995	2396
1	24329	0.299625	2397
1	24339	0.29975	2398
1	24349	0.299875	2399
1	24359	0.3	2400
1	24369	0.300125	2401
1	24379	0.30025	2402
1	24389	0.300375	2403
1	24399	0.3005	2404
1	24409	0.300625	2405
1	24419	0.30075	2406
1	24429	0.300875	2407
1	24439	0.301	2408
1	24453	0.301125	2409
1	24463	0.30125	2410
1	24473	0.301375	2411
1	24483	0.3015	2412
1	24493	0.301625	2413
1	24503	0.30175	2414
1	24513	0.301875	2415
1	24523	0.302	2416
1	24533	0.302125	2417
1	24543	0.30225	2418
1	24553	0.302375	2419
1	24563	0.3025	2420
1	24573	0.302625	2421
1	24583	0.30275	2422
1	24593	0.302875	2423
1	24603	0.303	2424
1	24613	0.303125	2425
1	24623	0.30325	2426
1	24633	0.303375	2427
1	24643	0.3035	2428
1	24653	0.303625	2429
1	24663	0.30375	2430
1	24673	0.303875	2431
1	24683	0.304	2432
1	24693	0.304125	2433
1	24703	0.30425	2434
1	24717	0.304375	2435
1	24727	0.3045	2436
1	24737	0.304625	2437
1	24747	0.30475	2438
1	24757	0.304875	2439
1	24767	0.305	2440
1	24777	0.305125	2441
1	24787	0.30525	2442
1	24797	0.305375	2443
1	24807	0.3055	2444
1	24817	0.305625	2445
1	24827	0.30575	2446
1	24837	0.305875	2447
1	24847	0.306	2448
1	24857	0.306125	2449
1	24867	0.30625	2450
1	24877	0.306375	2451
1	24887	0.3065	2452
1	24897	0.306625	2453
1	24907	0.30675	2454
1	24917	0.306875	2455
1	24927	0.307	2456
1	24937	0.307125	2457
1	24947	0.30725	2458
1	24957	0.307375	2459
1	24967	0.3075	2460
1	24981	0.307625	2461
1	24991	0.30775	2462
1	25001	0.307875	2463
1	25011	0.308	2464
1	25021	0.308125	2465
1	25031	0.30825	2466
1	25041	0.308375	2467
1	25051	0.3085	2468
1	25061	0.308625	2469
1	25071	0.30875	2470
1	25081	0.308875	2471
1	25091	0.309	2472
1	25101	0.309125	2473
1	25111	0.30925	2474
1	25121	0.309375	2475
1	25131	0.3095	2476
1	25141	0.309625	2477
1	25151	0.30975	2478
1	25161	0.309875	2479
1	25171	0.31	2480
1	25181	0.310125	2481
1	25191	0.31025	2482
1	25201	0.310375	2483
1	25211	0.3105	2484
1	25221	0.310625	2485
1	25231	0.31075	2486
1	25245	0.310875	2487
1	25255	0.311	2488
1	25265	0.311125	2489
1	25275	0.31125	2490
1	25285	0.311375	2491
1	25295	0.3115	2492
1	25305	0.311625	2493
1	25315	0.31175	2494
1	25325	0.311875	2495
1	25335	0.312	2496
1	25345	0.312125	2497
1	25355	0.31225	2498
1	25365	0.312375	2499
1	25375	0.3125	2500
1	25385	0.312625	2501
1	25395	0.31275	2502
1	25405	0.312875	2503
1	25415	0.313	2504
1	25425	0.313125	2505
1	25435	0.31325	2506
1	25445	0.313375	2507
1	25455	0.3135	2508
1	25465	0.313625	2509
1	25475	0.31375	2510
1	25485	0.313875	2511
1	25495	0.314	2512
1	25509	0.314125	2513
1	25519	0.31425	2514
1	25529	0.314375	2515
1	25539	0.3145	2516
1	25549	0.314625	2517
1	25559	0.31475	2518
1	25569	0.314875	2519
1	25579	0.315	2520
1	25589	0.315125	2521
1	25599	0.31525	2522
1	25609	0.315375	2523
1	25619	0.3155	2524
1	25629	0.315625	2525
1	25639	0.31575	2526
1	25649	0.315875	2527
1	25659	0.316	2528
1	25669	0.316125	2529
1	25679	0.31625	2530
1	25689	0.316375	2531
1	25699	0.3165	2532
1	25709	0.316625	2533
1	25719	0.31675	2534
1	25729	0.316875	2535
1	25739	0.317	2536
1	25749	0.317125	2537
1	25759	0.31725	2538
1	25773	0.317375	2539
1	25783	0.3175	2540
1	25793	0.317625	2541
1	25803	0.31775	2542
1	25813	0.317875	2543
1	25823	0.318	2544
1	25833	0.318125	2545
1	25843	0.31825	2546
1	25853	0.318375	2547
1	25863	0.3185	2548
1	25873	0.318625	2549
1	25883	0.31875	2550
1	25893	0.318875	2551
1	25903	0.319	2552
1	25913	0.319125	2553
1	25923	0.31925	2554
1	25933	0.319375	2555
1	25943	0.3195	2556
1	25953	0.319625	2557
1	25963	0.31975	2558
1	25973	0.319875	2559
1	25983	0.32	2560
1	25993	0.320125	2561
1	26003	0.32025	2562
1	26013	0.320375	2563
1	26023	0.3205	2564
1	26033	0.320625	2565
1	26047	0.32075	2566
1	26057	0.320875	2567
1	26067	0.321	2568
1	26077	0.321125	2569
1	26087	0.32125	2570
1	26097	0.321375	2571
1	26107	0.3215	2572
1	26117	0.321625	2573
1	26127	0.32175	2574
1	26137	0.321875	2575
1	26147	0.322	2576
1	26157	0.322125	2577
1	26167	0.32225	2578
1	26177	0.322375	2579
1	26187	0.3225	2580
1	26197	0.322625	2581
1	26207	0.32275	2582
1	26217	0.322875	2583
1	26227	0.323	2584
1	26237	0.323125	2585
1	26247	0.32325	2586
1	26257	0.323375	2587
1	26267	0.3235	2588
1	26277	0.323625	2589
1	26287	0.32375	2590
1	26297	0.323875	2591
1	26311	0.324	2592
1	26321	0.324125	2593
1	26331	0.32425	2594
1	26341	0.324375	2595
1	26351	0.3245	2596
1	26361	0.324625	2597
1	26371	0.32475	2598
1	26381	0.324875	2599
1	26391	0.325	2600
1	26401	0.325125	2601
1	26411	0.32525	2602
1	26421	0.325375	2603
1	26431	0.3255	2604
1	26441	0.325625	2605
1	26451	0.32575	2606
1	26461	0.325875	2607
1	26471	0.326	2608
1	26481	0.326125	2609
1	26491	0.32625	2610
1	26501	0.326375	2611
1	26511	0.3265	2612
1	26521	0.326625	2613
1	26531	0.32675	2614
1	26541	0.326875	2615
1	26551	0.327	2616
1	26561	0.327125	2617
1	26575	0.32725	2618
1	26585	0.327375	2619
1	26595	0.3275	2620
1	26605	0.327625	2621
1	26615	0.32775	2622
1	26625	0.327875	2623
1	26635	0.328	2624
1	26645	0.328125	2625
1	26655	0.32825	2626
1	26665	0.328375	2627
1	26675	0.3285	2628
1	26685	0.328625	2629
1	26695	0.32875	2630
1	26705	0.328875	2631
1	26715	0.329	2632
1	26725	0.329125	2633
1	26735	0.32925	2634
1	26745	0.329375	2635
1	26755	0.3295	2636
1	26765	0.329625	2637
1	26775	0.32975	2638
1	26785	0.329875	2639
1	26795	0.33	2640
1	26805	0.330125	2641
1	26815	0.33025	2642
1	26825	0.330375	2643
1	26839	0.3305	2644
1	26849	0.330625	2645
1	26859	0.33075	2646
1	26869	0.330875	2647
1	26879	0.331	2648
1	26889	0.331125	2649
1	26899	0.33125	2650
1	26909	0.331375	2651
1	26919	0.3315	2652
1	26929	0.331625	2653
1	26939	0.33175	2654
1	26949	0.331875	2655
1	26959	0.332	2656
1	26969	0.332125	2657
1	26979	0.33225	2658
1	26989	0.332375	2659
1	26999	0.3325	2660
1	27009	0.332625	2661
1	27019	0.33275	2662
1	27029	0.332875	2663
1	27039	0.333	2664
1	27049	0.333125	2665
1	27059	0.33325	2666
1	27069	0.333375	2667
1	27079	0.3335	2668
1	27089	0.333625	2669
1	27103	0.33375	2670
1	27113	0.333875	2671
1	27123	0.334	2672
1	27133	0.334125	2673
1	27143	0.33425	2674
1	27153	0.334375	2675
1	27163	0.3345	2676
1	27173	0.334625	2677
1	27183	0.33475	2678
1	27193	0.334875	2679
1	27203	0.335	2680
1	27213	0.335125	2681
1	27223	0.33525	2682
1	27233	0.335375	2683
1	27243	0.3355	2684
1	27253	0.335625	2685
1	27263	0.33575	2686
1	27273	0.335875	2687
1	27283	0.336	2688
1	27293	0.336125	2689
1	27303	0.33625	2690
1	27313	0.336375	2691
1	27323	0.3365	2692
1	27333	0.336625	2693
1	27343	0.33675	2694
1	27353	0.336875	2695
1	27367	0.337	2696
1	27377	0.337125	2697
1	27387	0.33725	2698
1	27397	0.337375	2699
1	27407	0.3375	2700
1	27417	0.337625	2701
1	27427	0.33775	2702
1	27437	0.337875	2703
1	27447	0.338	2704
1	27457	0.338125	2705
1	27467	0.33825	2706
1	27477	0.338375	2707
1	27487	0.3385	2708
1	27497	0.338625	2709
1	27507	0.33875	2710
1	27517	0.338875	2711
1	27527	0.339	2712
1	27537	0.339125	2713
1	27547	0.33925	2714
1	27557	0.339375	2715
1	27567	0.3395	2716
1	27577	0.339625	2717
1	27587	0.33975	2718
1	27597	0.339875	2719
1	27607	0.34	2720
1	27617	0.340125	2721
1	27627	0.34025	2722
1	27641	0.340375	2723
1	27651	0.3405	2724
1	27661	0.340625	2725
1	27671	0.34075	2726
1	27681	0.340875	2727
1	27691	0.341	2728
1	27701	0.341125	2729
1	27711	0.34125	2730
1	27721	0.341375	2731
1	27731	0.3415	2732
1	27741	0.341625	2733
1	27751	0.34175	2734
1	27761	0.341875	2735
1	27771	0.342	2736
1	27781	0.342125	2737
1	27791	0.34225	2738
1	27801	0.342375	2739
1	27811	0.3425	2740
1	27821	0.342625	2741
1	27831	0.34275	2742
1	27841	0.342875	2743
1	27851	0.343	2744
1	27861	0.343125	2745
1	27871	0.34325	2746
1	27881	0.343375	2747
1	27891	0.3435	2748
1	27905	0.343625	2749
1	27915	0.34375	2750
1	27925	0.343875	2751
1	27935	0.344	2752
1	27945	0.344125	2753
1	27955	0.34425	2754
1	27965	0.344375	2755
1	27975	0.3445	2756
1	27985	0.344625	2757
1	27995	0.34475	2758
1	28005	0.344875	2759
1	28015	0.345	2760
1	28025	0.345125	2761
1	28035	0.34525	2762
1	28045	0.345375	2763
1	28055	0.3455	2764
1	28065	0.345625	2765
1	28075	0.34575	2766
1	28085	0.345875	2767
1	28095	0.346	2768
1	28105	0.346125	2769
1	28115	0.34625	2770
1	28125	0.346375	2771
1	28135	0.3465	2772
1	28145	0.346625	2773
1	28155	0.34675	2774
1	28169	0.346875	2775
1	28179	0.347	2776
1	28189	0.347125	2777
1	28199	0.34725	2778
1	28209	0.347375	2779
1	28219	0.3475	2780
1	28229	0.347625	2781
1	28239	0.34775	2782
1	28249	0.347875	2783
1	28259	0.348	2784
1	28269	0.348125	2785
1	28279	0.34825	2786
1	28289	0.348375	2787
1	28299	0.3485	2788
1	28309	0.348625	2789
1	28319	0.34875	2790
1	28329	0.348875	2791
1	28339	0.349	2792
1	28349	0.349125	2793
1	28359	0.34925	2794
1	28369	0.349375	2795
1	28379	0.3495	2796
1	28389	0.349625	2797
1	28399	0.34975	2798
1	28409	0.349875	2799
1	28419	0.35	2800
1	28433	0.350125	2801
1	28443	0.35025	2802
1	28453	0.350375	2803
1	28463	0.3505	2804
1	28473	0.350625	2805
1	28483	0.35075	2806
1	28493	0.350875	2807
1	28503	0.351	2808
1	28513	0.351125	2809
1	28523	0.35125	2810
1	28533	0.351375	2811
1	28543	0.3515	2812
1	28553	0.351625	2813
1	28563	0.35175	2814
1	28573	0.351875	2815
1	28583	0.352	2816
1	28593	0.352125	2817
1	28603	0.35225	2818
1	28613	0.352375	2819
1	28623	0.3525	2820
1	28633	0.352625	2821
1	28643	0.35275	2822
1	28653	0.352875	2823
1	28663	0.353	2824
1	28673	0.353125	2825
1	28683	0.35325	2826
1	28697	0.353375	2827
1	28707	0.3535	2828
1	28717	0.353625	2829
1	28727	0.35375	2830
1	28737	0.353875	2831
1	28747	0.354	2832
1	28757	0.354125	2833
1	28767	0.35425	2834
1	28777	0.354375	2835
1	28787	0.3545	2836
1	28797	0.354625	2837
1	28807	0.35475	2838
1	28817	0.354875	2839
1	28827	0.355	2840
1	28837	0.355125	2841
1	28847	0.35525	2842
1	28857	0.355375	2843
1	28867	0.3555	2844
1	28877	0.355625	2845
1	28887	0.35575	2846
1	28897	0.355875	2847
1	28907	0.356	2848
1	28917	0.356125	2849
1	28927	0.35625	2850
1	28937	0.356375	2851
1	28947	0.3565	2852
1	28961	0.356625	2853
1	28971	0.35675	2854
1	28981	0.356875	2855
1	28991	0.357	2856
1	29001	0.357125	2857
1	29011	0.35725	2858
1	29021	0.357375	2859
1	29031	0.3575	2860
1	29041	0.357625	2861
1	29051	0.35775	2862
1	29061	0.357875	2863
1	29071	0.358	2864
1	29081	0.358125	2865
1	29091	0.35825	2866
1	29101	0.358375	2867
1	29111	0.3585	2868
1	29121	0.358625	2869
1	29131	0.35875	2870
1	29141	0.358875	2871
1	29151	0.359	2872
1	29161	0.359125	2873
1	29171	0.35925	2874
1	29181	0.359375	2875
1	29191	0.3595	2876
1	29201	0.359625	2877
1	29211	0.35975	2878
1	29221	0.359875	2879
1	29235	0.36	2880
1	29245	0.360125	2881
1	29255	0.36025	2882
1	29265	0.360375	2883
1	29275	0.3605	2884
1	29285	0.360625	2885
1	29295	0.36075	2886
1	29305	0.360875	2887
1	29315	0.361	2888
1	29325	0.361125	2889
1	29335	0.36125	2890
1	29345	0.361375	2891
1	29355	0.3615	2892
1	29365	0.361625	2893
1	29375	0.36175	2894
1	29385	0.361875	2895
1	29395	0.362	2896
1	29405	0.362125	2897
1	29415	0.36225	2898
1	29425	0.362375	2899
1	29435	0.3625	2900
1	29445	0.362625	2901
1	29455	0.36275	2902
1	29465	0.362875	2903
1	29475	0.363	2904
1	29485	0.363125	2905
1	29499	0.36325	2906
1	29509	0.363375	2907
1	29519	0.3635	2908
1	29529	0.363625	2909
1	29539	0.36375	2910
1	29549	0.363875	2911
1	29559	0.364	2912
1	29569	0.364125	2913
1	29579	0.36425	2914
1	29589	0.364375	2915
1	29599	0.3645	2916
1	29609	0.364625	2917
1	29619	0.36475	2918
1	29629	0.364875	2919
1	29639	0.365	2920
1	29649	0.365125	2921
1	29659	0.36525	2922
1	29669	0.365375	2923
1	29679	0.3655	2924
1	29689	0.365625	2925
1	29699	0.36575	2926
1	29709	0.365875	2927
1	29719	0.366	2928
1	29729	0.366125	2929
1	29739	0.36625	2930
1	29749	0.366375	2931
1	29763	0.3665	2932
1	29773	0.366625	2933
1	29783	0.36675	2934
1	29793	0.366875	2935
1	29803	0.367	2936
1	29813	0.367125	2937
1	29823	0.36725	2938
1	29833	0.367375	2939
1	29843	0.3675	2940
1	29853	0.367625	2941
1	29863	0.36775	2942
1	29873	0.367875	2943
1	29883	0.368	2944
1	29893	0.368125	2945
1	29903	0.36825	2946
1	29913	0.368375	2947
1	29923	0.3685	2948
1	29933	0.368625	2949
1	29943	0.36875	2950
1	29953	0.368875	2951
1	29963	0.369	2952
1	29973	0.369125	2953
1	29983	0.36925	2954
1	29993	0.369375	2955
1	30003	0.3695	2956
1	30013	0.369625	2957
1	30027	0.36975	2958
1	30037	0.369875	2959
1	30047	0.37	2960
1	30057	0.370125	2961
1	30067	0.37025	2962
1	30077	0.370375	2963
1	30087	0.3705	2964
1	30097	0.370625	2965
1	30107	0.37075	2966
1	30117	0.370875	2967
1	30127	0.371	2968
1	30137	0.371125	2969
1	30147	0.37125	2970
1	30157	0.371375	2971
1	30167	0.3715	2972
1	30177	0.371625	2973
1	30187	0.37175	2974
1	30197	0.371875	2975
1	30207	0.372	2976
1	30217	0.372125	2977
1	30227	0.37225	2978
1	30237	0.372375	2979
1	30247	0.3725	2980
1	30257	0.372625	2981
1	30267	0.37275	2982
1	30277	0.372875	2983
1	30291	0.373	2984
1	30301	0.373125	2985
1	30311	0.37325	2986
1	30321	0.373375	2987
1	30331	0.3735	2988
1	30341	0.373625	2989
1	30351	0.37375	2990
1	30361	0.373875	2991
1	30371	0.374	2992
1	30381	0.374125	2993
1	30391	0.37425	2994
1	30401	0.374375	2995
1	30411	0.3745	2996
1	30421	0.374625	2997
1	30431	0.37475	2998
1	30441	0.374875	2999
1	30451	0.375	3000
1	30461	0.375125	3001
1	30471	0.37525	3002
1	30481	0.375375	3003
1	30491	0.3755	3004
1	30501	0.375625	3005
1	30511	0.37575	3006
1	30521	0.375875	3007
1	30531	0.376	3008
1	30541	0.376125	3009
1	30551	0.37625	3010
1	30565	0.376375	3011
1	30575	0.3765	3012
1	30585	0.376625	3013
1	30595	0.37675	3014
1	30605	0.376875	3015
1	30615	0.377	3016
1	30625	0.377125	3017
1	30635	0.37725	3018
1	30645	0.377375	3019
1	30655	0.3775	3020
1	30665	0.377625	3021
1	30675	0.37775	3022
1	30685	0.377875	3023
1	30695	0.378	3024
1	30705	0.378125	3025
1	30715	0.37825	3026
1	30725	0.378375	3027
1	30735	0.3785	3028
1	30745	0.378625	3029
1	30755	0.37875	3030
1	30765	0.378875	3031
1	30775	0.379	3032
1	30785	0.379125	3033
1	30795	0.37925	3034
1	30805	0.379375	3035
1	30815	0.3795	3036
1	30829	0.379625	3037
1	30839	0.37975	3038
1	30849	0.379875	3039
1	30859	0.38	3040
1	30869	0.380125	3041
1	30879	0.38025	3042
1	30889	0.380375	3043
1	30899	0.3805	3044
1	30909	0.380625	3045
1	30919	0.38075	3046
1	30929	0.380875	3047
1	30939	0.381	3048
1	30949	0.381125	3049
1	30959	0.38125	3050
1	30969	0.381375	3051
1	30979	0.3815	3052
1	30989	0.381625	3053
1	30999	0.38175	3054
1	31009	0.381875	3055
1	31019	0.382	3056
1	31029	0.382125	3057
1	31039	0.38225	3058
1	31049	0.382375	3059
1	31059	0.3825	3060
1	31069	0.382625	3061
1	31079	0.38275	3062
1	31093	0.382875	3063
1	31103	0.383	3064
1	31113	0.383125	3065
1	31123	0.38325	3066
1	31133	0.383375	3067
1	31143	0.3835	3068
1	31153	0.383625	3069
1	31163	0.38375	3070
1	31173	0.383875	3071
1	31183	0.384	3072
1	31193	0.384125	3073
1	31203	0.38425	3074
1	31213	0.384375	3075
1	31223	0.3845	3076
1	31233	0.384625	3077
1	31243	0.38475	3078
1	31253	0.384875	3079
1	31263	0.385	3080
1	31273	0.385125	3081
1	31283	0.38525	3082
1	31293	0.385375	3083
1	31303	0.3855	3084
1	31313	0.385625	3085
1	31323	0.38575	3086
1	31333	0.385875	3087
1	31343	0.386	3088
1	31357	0.386125	3089
1	31367	0.38625	3090
1	31377	0.386375	3091
1	31387	0.3865	3092
1	31397	0.386625	3093
1	31407	0.38675	3094
1	31417	0.386875	3095
1	31427	0.387	3096
1	31437	0.387125	3097
1	31447	0.38725	3098
1	31457	0.387375	3099
1	31467	0.3875	3100
1	31477	0.387625	3101
1	31487	0.38775	3102
1	31497	0.387875	3103
1	31507	0.388	3104
1	31517	0.388125	3105
1	31527	0.38825	3106
1	31537	0.388375	3107
1	31547	0.3885	3108
1	31557	0.388625	3109
1	31567	0.38875	3110
1	31577	0.388875	3111
1	31587	0.389	3112
1	31597	0.389125	3113
1	31607	0.38925	3114
1	31621	0.389375	3115
1	31631	0.3895	3116
1	31641	0.389625	3117
1	31651	0.38975	3118
1	31661	0.389875	3119
1	31671	0.39	3120
1	31681	0.390125	3121
1	31691	0.39025	3122
1	31701	0.390375	3123
1	31711	0.3905	3124
1	31721	0.390625	3125
1	31731	0.39075	3126
1	31741	0.390875	3127
1	31751	0.391	3128
1	31761	0.391125	3129
1	31771	0.39125	3130
1	31781	0.391375	3131
1	31791	0.3915	3132
1	31801	0.391625	3133
1	31811	0.39175	3134
1	31821	0.391875	3135
1	31831	0.392	3136
1	31841	0.392125	3137
1	31851	0.39225	3138
1	31861	0.392375	3139
1	31871	0.3925	3140
1	31885	0.392625	3141
1	31895	0.39275	3142
1	31905	0.392875	3143
1	31915	0.393	3144
1	31925	0.393125	3145
1	31935	0.39325	3146
1	31945	0.393375	3147
1	31955	0.3935	3148
1	31965	0.393625	3149
1	31975	0.39375	3150
1	31985	0.393875	3151
1	31995	0.394	3152
1	32005	0.394125	3153
1	32015	0.39425	3154
1	32025	0.394375	3155
1	32035	0.3945	3156
1	32045	0.394625	3157
1	32055	0.39475	3158
1	32065	0.394875	3159
1	32075	0.395	3160
1	32085	0.395125	3161
1	32095	0.39525	3162
1	32105	0.395375	3163
1	32115	0.3955	3164
1	32125	0.395625	3165
1	32135	0.39575	3166
1	32145	0.395875	3167
1	32159	0.396	3168
1	32169	0.396125	3169
1	32179	0.39625	3170
1	32189	0.396375	3171
1	32199	0.3965	3172
1	32209	0.396625	3173
1	32219	0.39675	3174
1	32229	0.396875	3175
1	32239	0.397	3176
1	32249	0.397125	3177
1	32259	0.39725	3178
1	32269	0.397375	3179
1	32279	0.3975	3180
1	32289	0.397625	3181
1	32299	0.39775	3182
1	32309	0.397875	3183
1	32319	0.398	3184
1	32329	0.398125	3185
1	32339	0.39825	3186
1	32349	0.398375	3187
1	32359	0.3985	3188
1	32369	0.398625	3189
1	32379	0.39875	3190
1	32389	0.398875	3191
1	32399	0.399	3192
1	32409	0.399125	3193
1	32423	0.39925	3194
1	32433	0.399375	3195
1	32443	0.3995	3196
1	32453	0.399625	3197
1	32463	0.39975	3198
1	32473	0.399875	3199
1	32483	0.4	3200
1	32493	0.400125	3201
1	32503	0.40025	3202
1	32513	0.400375	3203
1	32523	0.4005	3204
1	32533	0.400625	3205
1	32543	0.40075	3206
1	32553	0.400875	3207
1	32563	0.401	3208
1	32573	0.401125	3209
1	32583	0.40125	3210
1	32593	0.401375	3211
1	32603	0.4015	3212
1	32613	0.401625	3213
1	32623	0.40175	3214
1	32633	0.401875	3215
1	32643	0.402	3216
1	32653	0.402125	3217
1	32663	0.40225	3218
1	32673	0.402375	3219
1	32687	0.4025	3220
1	32697	0.402625	3221
1	32707	0.40275	3222
1	32717	0.402875	3223
1	32727	0.403	3224
1	32737	0.403125	3225
1	32747	0.40325	3226
1	32757	0.403375	3227
1	32767	0.4035	3228
1	32777	0.403625	3229
1	32787	0.40375	3230
1	32797	0.403875	3231
1	32807	0.404	3232
1	32817	0.404125	3233
1	32827	0.40425	3234
1	32837	0.404375	3235
1	32847	0.4045	3236
1	32857	0.404625	3237
1	32867	0.40475	3238
1	32877	0.404875	3239
1	32887	0.405	3240
1	32897	0.405125	3241
1	32907	0.40525	3242
1	32917	0.405375	3243
1	32927	0.4055	3244
1	32937	0.405625	3245
1	32951	0.40575	3246
1	32961	0.405875	3247
1	32971	0.406	3248
1	32981	0.406125	3249
1	32991	0.40625	3250
1	33001	0.406375	3251
1	33011	0.4065	3252
1	33021	0.406625	3253
1	33031	0.40675	3254
1	33041	0.406875	3255
1	33051	0.407	3256
1	33061	0.407125	3257
1	33071	0.40725	3258
1	33081	0.407375	3259
1	33091	0.4075	3260
1	33101	0.407625	3261
1	33111	0.40775	3262
1	33121	0.407875	3263
1	33131	0.408	3264
1	33141	0.408125	3265
1	33151	0.40825	3266
1	33161	0.408375	3267
1	33171	0.4085	3268
1	33181	0.408625	3269
1	33191	0.40875	3270
1	33201	0.408875	3271
1	33215	0.409	3272
1	33225	0.409125	3273
1	33235	0.40925	3274
1	33245	0.409375	3275
1	33255	0.4095	3276
1	33265	0.409625	3277
1	33275	0.40975	3278
1	33285	0.409875	3279
1	33295	0.41	3280
1	33305	0.410125	3281
1	33315	0.41025	3282
1	33325	0.410375	3283
1	33335	0.4105	3284
1	33345	0.410625	3285
1	33355	0.41075	3286
1	33365	0.410875	3287
1	33375	0.411	3288
1	33385	0.411125	3289
1	33395	0.41125	3290
1	33405	0.411375	3291
1	33415	0.4115	3292
1	33425	0.411625	3293
1	33435	0.41175	3294
1	33445	0.411875	3295
1	33455	0.412	3296
1	33465	0.412125	3297
1	33479	0.41225	3298
1	33489	0.412375	3299
1	33499	0.4125	3300
1	33509	0.412625	3301
1	33519	0.41275	3302
1	33529	0.412875	3303
1	33539	0.413	3304
1	33549	0.413125	3305
1	33559	0.41325	3306
1	33569	0.413375	3307
1	33579	0.4135	3308
1	33589	0.413625	3309
1	33599	0.41375	3310
1	33609	0.413875	3311
1	33619	0.414	3312
1	33629	0.414125	3313
1	33639	0.41425	3314
1	33649	0.414375	3315
1	33659	0.4145	3316
1	33669	0.414625	3317
1	33679	0.41475	3318
1	33689	0.414875	3319
1	33699	0.415	3320
1	33709	0.415125	3321
1	33719	0.41525	3322
1	33729	0.415375	3323
1	33739	0.4155	3324
1	33753	0.415625	3325
1	33763	0.41575	3326
1	33773	0.415875	3327
1	33783	0.416	3328
1	33793	0.416125	3329
1	33803	0.41625	3330
1	33813	0.416375	3331
1	33823	0.4165	3332
1	33833	0.416625	3333
1	33843	0.41675	3334
1	33853	0.416875	3335
1	33863	0.417	3336
1	33873	0.417125	3337
1	33883	0.41725	3338
1	33893	0.417375	3339
1	33903	0.4175	3340
1	33913	0.417625	3341
1	33923	0.41775	3342
1	33933	0.417875	3343
1	33943	0.418	3344
1	33953	0.418125	3345
1	33963	0.41825	3346
1	33973	0.418375	3347
1	33983	0.4185	3348
1	33993	0.418625	3349
1	34003	0.41875	3350
1	34017	0.418875	3351
1	34027	0.419	3352
1	34037	0.419125	3353
1	34047	0.41925	3354
1	34057	0.419375	3355
1	34067	0.4195	3356
1	34077	0.419625	3357
1	34087	0.41975	3358
1	34097	0.419875	3359
1	34107	0.42	3360
1	34117	0.420125	3361
1	34127	0.42025	3362
1	34137	0.420375	3363
1	34147	0.4205	3364
1	34157	0.420625	3365
1	34167	0.42075	3366
1	34177	0.420875	3367
1	34187	0.421	3368
1	34197	0.421125	3369
1	34207	0.42125	3370
1	34217	0.421375	3371
1	34227	0.4215	3372
1	34237	0.421625	3373
1	34247	0.42175	3374
1	34257	0.421875	3375
1	34267	0.422	3376
1	34281	0.422125	3377
1	34291	0.42225	3378
1	34301	0.422375	3379
1	34311	0.4225	3380
1	34321	0.422625	3381
1	34331	0.42275	3382
1	34341	0.422875	3383
1	34351	0.423	3384
1	34361	0.423125	3385
1	34371	0.42325	3386
1	34381	0.423375	3387
1	34391	0.4235	3388
1	34401	0.423625	3389
1	34411	0.42375	3390
1	34421	0.423875	3391
1	34431	0.424	3392
1	34441	0.424125	3393
1	34451	0.42425	3394
1	34461	0.424375	3395
1	34471	0.4245	3396
1	34481	0.424625	3397
1	34491	0.42475	3398
1	34501	0.424875	3399
1	34511	0.425	3400
1	34521	0.425125	3401
1	34531	0.42525	3402
1	34545	0.425375	3403
1	34555	0.4255	3404
1	34565	0.425625	3405
1	34575	0.42575	3406
1	34585	0.425875	3407
1	34595	0.426	3408
1	34605	0.426125	3409
1	34615	0.42625	3410
1	34625	0.426375	3411
1	34635	0.4265	3412
1	34645	0.426625	3413
1	34655	0.42675	3414
1	34665	0.426875	3415
1	34675	0.427	3416
1	34685	0.427125	3417
1	34695	0.42725	3418
1	34705	0.427375	3419
1	34715	0.4275	3420
1	34725	0.427625	3421
1	34735	0.42775	3422
1	34745	0.427875	3423
1	34755	0.428	3424
1	34765	0.428125	3425
1	34775	0.42825	3426
1	34785	0.428375	3427
1	34795	0.4285	3428
1	34809	0.428625	3429
1	34819	0.42875	3430
1	34829	0.428875	3431
1	34839	0.429	3432
1	34849	0.429125	3433
1	34859	0.42925	3434
1	34869	0.429375	3435
1	34879	0.4295	3436
1	34889	0.429625	3437
1	34899	0.42975	3438
1	34909	0.429875	3439
1	34919	0.43	3440
1	34929	0.430125	3441
1	34939	0.43025	3442
1	34949	0.430375	3443
1	34959	0.4305	3444
1	34969	0.430625	3445
1	34979	0.43075	3446
1	34989	0.430875	3447
1	34999	0.431	3448
1	35009	0.431125	3449
1	35019	0.43125	3450
1	35029	0.431375	3451
1	35039	0.4315	3452
1	35049	0.431625	3453
1	35059	0.43175	3454
1	35073	0.431875	3455
1	35083	0.432	3456
1	35093	0.432125	3457
1	35103	0.43225	3458
1	35113	0.432375	3459
1	35123	0.4325	3460
1	35133	0.432625	3461
1	35143	0.43275	3462
1	35153	0.432875	3463
1	35163	0.433	3464
1	35173	0.433125	3465
1	35183	0.43325	3466
1	35193	0.433375	3467
1	35203	0.4335	3468
1	35213	0.433625	3469
1	35223	0.43375	3470
1	35233	0.433875	3471
1	35243	0.434	3472
1	35253	0.434125	3473
1	35263	0.43425	3474
1	35273	0.434375	3475
1	35283	0.4345	3476
1	35293	0.434625	3477
1	35303	0.43475	3478
1	35313	0.434875	3479
1	35323	0.435	3480
1	35333	0.435125	3481
1	35347	0.43525	3482
1	35357	0.435375	3483
1	35367	0.4355	3484
1	35377	0.435625	3485
1	35387	0.43575	3486
1	35397	0.435875	3487
1	35407	0.436	3488
1	35417	0.436125	3489
1	35427	0.43625	3490
1	35437	0.436375	3491
1	35447	0.4365	3492
1	35457	0.436625	3493
1	35467	0.43675	3494
1	35477	0.436875	3495
1	35487	0.437	3496
1	35497	0.437125	3497
1	35507	0.43725	3498
1	35517	0.437375	3499
1	35527	0.4375	3500
1	35537	0.437625	3501
1	35547	0.43775	3502
1	35557	0.437875	3503
1	35567	0.438	3504
1	35577	0.438125	3505
1	35587	0.43825	3506
1	35597	0.438375	3507
1	35611	0.4385	3508
1	35621	0.438625	3509
1	35631	0.43875	3510
1	35641	0.438875	3511
1	35651	0.439	3512
1	35661	0.439125	3513
1	35671	0.43925	3514
1	35681	0.439375	3515
1	35691	0.4395	3516
1	35701	0.439625	3517
1	35711	0.43975	3518
1	35721	0.439875	3519
1	35731	0.44	3520
1	35741	0.440125	3521
1	35751	0.44025	3522
1	35761	0.440375	3523
1	35771	0.4405	3524
1	35781	0.440625	3525
1	35791	0.44075	3526
1	35801	0.440875	3527
1	35811	0.441	3528
1	35821	0.441125	3529
1	35831	0.44125	3530
1	35841	0.441375	3531
1	35851	0.4415	3532
1	35861	0.441625	3533
1	35875	0.44175	3534
1	35885	0.441875	3535
1	35895	0.442	3536
1	35905	0.442125	3537
1	35915	0.44225	3538
1	35925	0.442375	3539
1	35935	0.4425	3540
1	35945	0.442625	3541
1	35955	0.44275	3542
1	35965	0.442875	3543
1	35975	0.443	3544
1	35985	0.443125	3545
1	35995	0.44325	3546
1	36005	0.443375	3547
1	36015	0.4435	3548
1	36025	0.443625	3549
1	36035	0.44375	3550
1	36045	0.443875	3551
1	36055	0.444	3552
1	36065	0.444125	3553
1	36075	0.44425	3554
1	36085	0.444375	3555
1	36095	0.4445	3556
1	36105	0.444625	3557
1	36115	0.44475	3558
1	36125	0.444875	3559
1	36139	0.445	3560
1	36149	0.445125	3561
1	36159	0.44525	3562
1	36169	0.445375	3563
1	36179	0.4455	3564
1	36189	0.445625	3565
1	36199	0.44575	3566
1	36209	0.445875	3567
1	36219	0.446	3568
1	36229	0.446125	3569
1	36239	0.44625	3570
1	36249	0.446375	3571
1	36259	0.4465	3572
1	36269	0.446625	3573
1	36279	0.44675	3574
1	36289	0.446875	3575
1	36299	0.447	3576
1	36309	0.447125	3577
1	36319	0.44725	3578
1	36329	0.447375	3579
1	36339	0.4475	3580
1	36349	0.447625	3581
1	36359	0.44775	3582
1	36369	0.447875	3583
1	36379	0.448	3584
1	36389	0.448125	3585
1	36403	0.44825	3586
1	36413	0.448375	3587
1	36423	0.4485	3588
1	36433	0.448625	3589
1	36443	0.44875	3590
1	36453	0.448875	3591
1	36463	0.449	3592
1	36473	0.449125	3593
1	36483	0.44925	3594
1	36493	0.449375	3595
1	36503	0.4495	3596
1	36513	0.449625	3597
1	36523	0.44975	3598
1	36533	0.449875	3599
1	36543	0.45	3600
1	36553	0.450125	3601
1	36563	0.45025	3602
1	36573	0.450375	3603
1	36583	0.4505	3604
1	36593	0.450625	3605
1	36603	0.45075	3606
1	36613	0.450875	3607
1	36623	0.451	3608
1	36633	0.451125	3609
1	36643	0.45125	3610
1	36653	0.451375	3611
1	36663	0.4515	3612
1	36677	0.451625	3613
1	36687	0.45175	3614
1	36697	0.451875	3615
1	36707	0.452	3616
1	36717	0.452125	3617
1	36727	0.45225	3618
1	36737	0.452375	3619
1	36747	0.4525	3620
1	36757	0.452625	3621
1	36767	0.45275	3622
1	36777	0.452875	3623
1	36787	0.453	3624
1	36797	0.453125	3625
1	36807	0.45325	3626
1	36817	0.453375	3627
1	36827	0.4535	3628
1	36837	0.453625	3629
1	36847	0.45375	3630
1	36857	0.453875	3631
1	36867	0.454	3632
1	36877	0.454125	3633
1	36887	0.45425	3634
1	36897	0.454375	3635
1	36907	0.4545	3636
1	36917	0.454625	3637
1	36927	0.45475	3638
1	36941	0.454875	3639
1	36951	0.455	3640
1	36961	0.455125	3641
1	36971	0.45525	3642
1	36981	0.455375	3643
1	36991	0.4555	3644
1	37001	0.455625	3645
1	37011	0.45575	3646
1	37021	0.455875	3647
1	37031	0.456	3648
1	37041	0.456125	3649
1	37051	0.45625	3650
1	37061	0.456375	3651
1	37071	0.4565	3652
1	37081	0.456625	3653
1	37091	0.45675	3654
1	37101	0.456875	3655
1	37111	0.457	3656
1	37121	0.457125	3657
1	37131	0.45725	3658
1	37141	0.457375	3659
1	37151	0.4575	3660
1	37161	0.457625	3661
1	37171	0.45775	3662
1	37181	0.457875	3663
1	37191	0.458	3664
1	37205	0.458125	3665
1	37215	0.45825	3666
1	37225	0.458375	3667
1	37235	0.4585	3668
1	37245	0.458625	3669
1	37255	0.45875	3670
1	37265	0.458875	3671
1	37275	0.459	3672
1	37285	0.459125	3673
1	37295	0.45925	3674
1	37305	0.459375	3675
1	37315	0.4595	3676
1	37325	0.459625	3677
1	37335	0.45975	3678
1	37345	0.459875	3679
1	37355	0.46	3680
1	37365	0.460125	3681
1	37375	0.46025	3682
1	37385	0.460375	3683
1	37395	0.4605	3684
1	37405	0.460625	3685
1	37415	0.46075	3686
1	37425	0.460875	3687
1	37435	0.461	3688
1	37445	0.461125	3689
1	37455	0.46125	3690
1	37469	0.461375	3691
1	37479	0.4615	3692
1	37489	0.461625	3693
1	37499	0.46175	3694
1	37509	0.461875	3695
1	37519	0.462	3696
1	37529	0.462125	3697
1	37539	0.46225	3698
1	37549	0.462375	3699
1	37559	0.4625	3700
1	37569	0.462625	3701
1	37579	0.46275	3702
1	37589	0.462875	3703
1	37599	0.463	3704
1	37609	0.463125	3705
1	37619	0.46325	3706
1	37629	0.463375	3707
1	37639	0.4635	3708
1	37649	0.463625	3709
1	37659	0.46375	3710
1	37669	0.463875	3711
1	37679	0.464	3712
1	37689	0.464125	3713
1	37699	0.46425	3714
1	37709	0.464375	3715
1	37719	0.4645	3716
1	37733	0.464625	3717
1	37743	0.46475	3718
1	37753	0.464875	3719
1	37763	0.465	3720
1	37773	0.465125	3721
1	37783	0.46525	3722
1	37793	0.465375	3723
1	37803	0.4655	3724
1	37813	0.465625	3725
1	37823	0.46575	3726
1	37833	0.465875	3727
1	37843	0.466	3728
1	37853	0.466125	3729
1	37863	0.46625	3730
1	37873	0.466375	3731
1	37883	0.4665	3732
1	37893	0.466625	3733
1	37903	0.46675	3734
1	37913	0.466875	3735
1	37923	0.467	3736
1	37933	0.467125	3737
1	37943	0.46725	3738
1	37953	0.467375	3739
1	37963	0.4675	3740
1	37973	0.467625	3741
1	37983	0.46775	3742
1	37997	0.467875	3743
1	38007	0.468	3744
1	38017	0.468125	3745
1	38027	0.46825	3746
1	38037	0.468375	3747
1	38047	0.4685	3748
1	38057	0.468625	3749
1	38067	0.46875	3750
1	38077	0.468875	3751
1	38087	0.469	3752
1	38097	0.469125	3753
1	38107	0.46925	3754
1	38117	0.469375	3755
1	38127	0.4695	3756
1	38137	0.469625	3757
1	38147	0.46975	3758
1	38157	0.469875	3759
1	38167	0.47	3760
1	38177	0.470125	3761
1	38187	0.47025	3762
1	38197	0.470375	3763
1	38207	0.4705	3764
1	38217	0.470625	3765
1	38227	0.47075	3766
1	38237	0.470875	3767
1	38247	0.471	3768
1	38257	0.471125	3769
1	38271	0.47125	3770
1	38281	0.471375	3771
1	38291	0.4715	3772
1	38301	0.471625	3773
1	38311	0.47175	3774
1	38321	0.471875	3775
1	38331	0.472	3776
1	38341	0.472125	3777
1	38351	0.47225	3778
1	38361	0.472375	3779
1	38371	0.4725	3780
1	38381	0.472625	3781
1	38391	0.47275	3782
1	38401	0.472875	3783
1	38411	0.473	3784
1	38421	0.473125	3785
1	38431	0.47325	3786
1	38441	0.473375	3787
1	38451	0.4735	3788
1	38461	0.473625	3789
1	38471	0.47375	3790
1	38481	0.473875	3791
1	38491	0.474	3792
1	38501	0.474125	3793
1	38511	0.47425	3794
1	38521	0.474375	3795
1	38535	0.4745	3796
1	38545	0.474625	3797
1	38555	0.47475	3798
1	38565	0.474875	3799
1	38575	0.475	3800
1	38585	0.475125	3801
1	38595	0.47525	3802
1	38605	0.475375	3803
1	38615	0.4755	3804
1	38625	0.475625	3805
1	38635	0.47575	3806
1	38645	0.475875	3807
1	38655	0.476	3808
1	38665	0.476125	3809
1	38675	0.47625	3810
1	38685	0.476375	3811
1	38695	0.4765	3812
1	38705	0.476625	3813
1	38715	0.47675	3814
1	38725	0.476875	3815
1	38735	0.477	3816
1	38745	0.477125	3817
1	38755	0.47725	3818
1	38765	0.477375	3819
1	38775	0.4775	3820
1	38785	0.477625	3821
1	38799	0.47775	3822
1	38809	0.477875	3823
1	38819	0.478	3824
1	38829	0.478125	3825
1	38839	0.47825	3826
1	38849	0.478375	3827
1	38859	0.4785	3828
1	38869	0.478625	3829
1	38879	0.47875	3830
1	38889	0.478875	3831
1	38899	0.479	3832
1	38909	0.479125	3833
1	38919	0.47925	3834
1	38929	0.479375	3835
1	38939	0.4795	3836
1	38949	0.479625	3837
1	38959	0.47975	3838
1	38969	0.479875	3839
1	38979	0.48	3840
1	38989	0.480125	3841
1	38999	0.48025	3842
1	39009	0.480375	3843
1	39019	0.4805	3844
1	39029	0.480625	3845
1	39039	0.48075	3846
1	39049	0.480875	3847
1	39063	0.481	3848
1	39073	0.481125	3849
1	39083	0.48125	3850
1	39093	0.481375	3851
1	39103	0.4815	3852
1	39113	0.481625	3853
1	39123	0.48175	3854
1	39133	0.481875	3855
1	39143	0.482	3856
1	39153	0.482125	3857
1	39163	0.48225	3858
1	39173	0.482375	3859
1	39183	0.4825	3860
1	39193	0.482625	3861
1	39203	0.48275	3862
1	39213	0.482875	3863
1	39223	0.483	3864
1	39233	0.483125	3865
1	39243	0.48325	3866
1	39253	0.483375	3867
1	39263	0.4835	3868
1	39273	0.483625	3869
1	39283	0.48375	3870
1	39293	0.483875	3871
1	39303	0.484	3872
1	39313	0.484125	3873
1	39327	0.48425	3874
1	39337	0.484375	3875
1	39347	0.4845	3876
1	39357	0.484625	3877
1	39367	0.48475	3878
1	39377	0.484875	3879
1	39387	0.485	3880
1	39397	0.485125	3881
1	39407	0.48525	3882
1	39417	0.485375	3883
1	39427	0.4855	3884
1	39437	0.485625	3885
1	39447	0.48575	3886
1	39457	0.485875	3887
1	39467	0.486	3888
1	39477	0.486125	3889
1	39487	0.48625	3890
1	39497	0.486375	3891
1	39507	0.4865	3892
1	39517	0.486625	3893
1	39527	0.48675	3894
1	39537	0.486875	3895
1	39547	0.487	3896
1	39557	0.487125	3897
1	39567	0.48725	3898
1	39577	0.487375	3899
1	39591	0.4875	3900
1	39601	0.487625	3901
1	39611	0.48775	3902
1	39621	0.487875	3903
1	39631	0.488	3904
1	39641	0.488125	3905
1	39651	0.48825	3906
1	39661	0.488375	3907
1	39671	0.4885	3908
1	39681	0.488625	3909
1	39691	0.48875	3910
1	39701	0.488875	3911
1	39711	0.489	3912
1	39721	0.489125	3913
1	39731	0.48925	3914
1	39741	0.489375	3915
1	39751	0.4895	3916
1	39761	0.489625	3917
1	39771	0.48975	3918
1	39781	0.489875	3919
1	39791	0.49	3920
1	39801	0.490125	3921
1	39811	0.49025	3922
1	39821	0.490375	3923
1	39831	0.4905	3924
1	39841	0.490625	3925
1	39851	0.49075	3926
1	39865	0.490875	3927
1	39875	0.491	3928
1	39885	0.491125	3929
1	39895	0.49125	3930
1	39905	0.491375	3931
1	39915	0.4915	3932
1	39925	0.491625	3933
1	39935	0.49175	3934
1	39945	0.491875	3935
1	39955	0.492	3936
1	39965	0.492125	3937
1	39975	0.49225	3938
1	39985	0.492375	3939
1	39995	0.4925	3940
1	40005	0.492625	3941
1	40015	0.49275	3942
1	40025	0.492875	3943
1	40035	0.493	3944
1	40045	0.493125	3945
1	40055	0.49325	3946
1	40065	0.493375	3947
1	40075	0.4935	3948
1	40085	0.493625	3949
1	40095	0.49375	3950
1	40105	0.493875	3951
1	40115	0.494	3952
1	40129	0.494125	3953
1	40139	0.49425	3954
1	40149	0.494375	3955
1	40159	0.4945	3956
1	40169	0.494625	3957
1	40179	0.49475	3958
1	40189	0.494875	3959
1	40199	0.495	3960
1	40209	0.495125	3961
1	40219	0.49525	3962
1	40229	0.495375	3963
1	40239	0.4955	3964
1	40249	0.495625	3965
1	40259	0.49575	3966
1	40269	0.495875	3967
1	40279	0.496	3968
1	40289	0.496125	3969
1	40299	0.49625	3970
1	40309	0.496375	3971
1	40319	0.4965	3972
1	40329	0.496625	3973
1	40339	0.49675	3974
1	40349	0.496875	3975
1	40359	0.497	3976
1	40369	0.497125	3977
1	40379	0.49725	3978
1	40393	0.497375	3979
1	40403	0.4975	3980
1	40413	0.497625	3981
1	40423	0.49775	3982
1	40433	0.497875	3983
1	40443	0.498	3984
1	40453	0.498125	3985
1	40463	0.49825	3986
1	40473	0.498375	3987
1	40483	0.4985	3988
1	40493	0.498625	3989
1	40503	0.49875	3990
1	40513	0.498875	3991
1	40523	0.499	3992
1	40533	0.499125	3993
1	40543	0.49925	3994
1	40553	0.499375	3995
1	40563	0.4995	3996
1	40573	0.499625	3997
1	40583	0.49975	3998
1	40593	0.499875	3999
1	40603	0.5	4000
1	40613	0.500125	4001
1	40623	0.50025	4002
1	40633	0.500375	4003
1	40643	0.5005	4004
1	40657	0.500625	4005
1	40667	0.50075	4006
1	40677	0.500875	4007
1	40687	0.501	4008
1	40697	0.501125	4009
1	40707	0.50125	4010
1	40717	0.501375	4011
1	40727	0.5015	4012
1	40737	0.501625	4013
1	40747	0.50175	4014
1	40757	0.501875	4015
1	40767	0.502	4016
1	40777	0.502125	4017
1	40787	0.50225	4018
1	40797	0.502375	4019
1	40807	0.5025	4020
1	40817	0.502625	4021
1	40827	0.50275	4022
1	40837	0.502875	4023
1	40847	0.503	4024
1	40857	0.503125	4025
1	40867	0.50325	4026
1	40877	0.503375	4027
1	40887	0.5035	4028
1	40897	0.503625	4029
1	40907	0.50375	4030
1	40921	0.503875	4031
1	40931	0.504	4032
1	40941	0.504125	4033
1	40951	0.50425	4034
1	40961	0.504375	4035
1	40971	0.5045	4036
1	40981	0.504625	4037
1	40991	0.50475	4038
1	41001	0.504875	4039
1	41011	0.505	4040
1	41021	0.505125	4041
1	41031	0.50525	4042
1	41041	0.505375	4043
1	41051	0.5055	4044
1	41061	0.505625	4045
1	41071	0.50575	4046
1	41081	0.505875	4047
1	41091	0.506	4048
1	41101	0.506125	4049
1	41111	0.50625	4050
1	41121	0.506375	4051
1	41131	0.5065	4052
1	41141	0.506625	4053
1	41151	0.50675	4054
1	41161	0.506875	4055
1	41171	0.507	4056
1	41185	0.507125	4057
1	41195	0.50725	4058
1	41205	0.507375	4059
1	41215	0.5075	4060
1	41225	0.507625	4061
1	41235	0.50775	4062
1	41245	0.507875	4063
1	41255	0.508	4064
1	41265	0.508125	4065
1	41275	0.50825	4066
1	41285	0.508375	4067
1	41295	0.5085	4068
1	41305	0.508625	4069
1	41315	0.50875	4070
1	41325	0.508875	4071
1	41335	0.509	4072
1	41345	0.509125	4073
1	41355	0.50925	4074
1	41365	0.509375	4075
1	41375	0.5095	4076
1	41385	0.509625	4077
1	41395	0.50975	4078
1	41405	0.509875	4079
1	41415	0.51	4080
1	41425	0.510125	4081
1	41435	0.51025	4082
1	41445	0.510375	4083
1	41459	0.5105	4084
1	41469	0.510625	4085
1	41479	0.51075	4086
1	41489	0.510875	4087
1	41499	0.511	4088
1	41509	0.511125	4089
1	41519	0.51125	4090
1	41529	0.511375	4091
1	41539	0.5115	4092
1	41549	0.511625	4093
1	41559	0.51175	4094
1	41569	0.511875	4095
1	41579	0.512	4096
1	41589	0.512125	4097
1	41599	0.51225	4098
1	41609	0.512375	4099
1	41619	0.5125	4100
1	41629	0.512625	4101
1	41639	0.51275	4102
1	41649	0.512875	4103
1	41659	0.513	4104
1	41669	0.513125	4105
1	41679	0.51325	4106
1	41689	0.513375	4107
1	41699	0.5135	4108
1	41709	0.513625	4109
1	41723	0.51375	4110
1	41733	0.513875	4111
1	41743	0.514	4112
1	41753	0.514125	4113
1	41763	0.51425	4114
1	41773	0.514375	4115
1	41783	0.5145	4116
1	41793	0.514625	4117
1	41803	0.51475	4118
1	41813	0.514875	4119
1	41823	0.515	4120
1	41833	0.515125	4121
1	41843	0.51525	4122
1	41853	0.515375	4123
1	41863	0.5155	4124
1	41873	0.515625	4125
1	41883	0.51575	4126
1	41893	0.515875	4127
1	41903	0.516	4128
1	41913	0.516125	4129
1	41923	0.51625	4130
1	41933	0.516375	4131
1	41943	0.5165	4132
1	41953	0.516625	4133
1	41963	0.51675	4134
1	41973	0.516875	4135
1	41987	0.517	4136
1	41997	0.517125	4137
1	42007	0.51725	4138
1	42017	0.517375	4139
1	42027	0.5175	4140
1	42037	0.517625	4141
1	42047	0.51775	4142
1	42057	0.517875	4143
1	42067	0.518	4144
1	42077	0.518125	4145
1	42087	0.51825	4146
1	42097	0.518375	4147
1	42107	0.5185	4148
1	42117	0.518625	4149
1	42127	0.51875	4150
1	42137	0.518875	4151
1	42147	0.519	4152
1	42157	0.519125	4153
1	42167	0.51925	4154
1	42177	0.519375	4155
1	42187	0.5195	4156
1	42197	0.519625	4157
1	42207	0.51975	4158
1	42217	0.519875	4159
1	42227	0.52	4160
1	42237	0.520125	4161
1	42251	0.52025	4162
1	42261	0.520375	4163
1	42271	0.5205	4164
1	42281	0.520625	4165
1	42291	0.52075	4166
1	42301	0.520875	4167
1	42311	0.521	4168
1	42321	0.521125	4169
1	42331	0.52125	4170
1	42341	0.521375	4171
1	42351	0.5215	4172
1	42361	0.521625	4173
1	42371	0.52175	4174
1	42381	0.521875	4175
1	42391	0.522	4176
1	42401	0.522125	4177
1	42411	0.52225	4178
1	42421	0.522375	4179
1	42431	0.5225	4180
1	42441	0.522625	4181
1	42451	0.52275	4182
1	42461	0.522875	4183
1	42471	0.523	4184
1	42481	0.523125	4185
1	42491	0.52325	4186
1	42501	0.523375	4187
1	42515	0.5235	4188
1	42525	0.523625	4189
1	42535	0.52375	4190
1	42545	0.523875	4191
1	42555	0.524	4192
1	42565	0.524125	4193
1	42575	0.52425	4194
1	42585	0.524375	4195
1	42595	0.5245	4196
1	42605	0.524625	4197
1	42615	0.52475	4198
1	42625	0.524875	4199
1	42635	0.525	4200
1	42645	0.525125	4201
1	42655	0.52525	4202
1	42665	0.525375	4203
1	42675	0.5255	4204
1	42685	0.525625	4205
1	42695	0.52575	4206
1	42705	0.525875	4207
1	42715	0.526	4208
1	42725	0.526125	4209
1	42735	0.52625	4210
1	42745	0.526375	4211
1	42755	0.5265	4212
1	42765	0.526625	4213
1	42775	0.52675	4214
1	42789	0.526875	4215
1	42799	0.527	4216
1	42809	0.527125	4217
1	42819	0.52725	4218
1	42829	0.527375	4219
1	42839	0.5275	4220
1	42849	0.527625	4221
1	42859	0.52775	4222
1	42869	0.527875	4223
1	42879	0.528	4224
1	42889	0.528125	4225
1	42899	0.52825	4226
1	42909	0.528375	4227
1	42919	0.5285	4228
1	42929	0.528625	4229
1	42939	0.52875	4230
1	42949	0.528875	4231
1	42959	0.529	4232
1	42969	0.529125	4233
1	42979	0.52925	4234
1	42989	0.529375	4235
1	42999	0.5295	4236
1	43009	0.529625	4237
1	43019	0.52975	4238
1	43029	0.529875	4239
1	43039	0.53	4240
1	43053	0.530125	4241
1	43063	0.53025	4242
1	43073	0.530375	4243
1	43083	0.5305	4244
1	43093	0.530625	4245
1	43103	0.53075	4246
1	43113	0.530875	4247
1	43123	0.531	4248
1	43133	0.531125	4249
1	43143	0.53125	4250
1	43153	0.531375	4251
1	43163	0.5315	4252
1	43173	0.531625	4253
1	43183	0.53175	4254
1	43193	0.531875	4255
1	43203	0.532	4256
1	43213	0.532125	4257
1	43223	0.53225	4258
1	43233	0.532375	4259
1	43243	0.5325	4260
1	43253	0.532625	4261
1	43263	0.53275	4262
1	43273	0.532875	4263
1	43283	0.533	4264
1	43293	0.533125	4265
1	43303	0.53325	4266
1	43317	0.533375	4267
1	43327	0.5335	4268
1	43337	0.533625	4269
1	43347	0.53375	4270
1	43357	0.533875	4271
1	43367	0.534	4272
1	43377	0.534125	4273
1	43387	0.53425	4274
1	43397	0.534375	4275
1	43407	0.5345	4276
1	43417	0.534625	4277
1	43427	0.53475	4278
1	43437	0.534875	4279
1	43447	0.535	4280
1	43457	0.535125	4281
1	43467	0.53525	4282
1	43477	0.535375	4283
1	43487	0.5355	4284
1	43497	0.535625	4285
1	43507	0.53575	4286
1	43517	0.535875	4287
1	43527	0.536	4288
1	43537	0.536125	4289
1	43547	0.53625	4290
1	43557	0.536375	4291
1	43567	0.5365	4292
1	43581	0.536625	4293
1	43591	0.53675	4294
1	43601	0.536875	4295
1	43611	0.537	4296
1	43621	0.537125	4297
1	43631	0.53725	4298
1	43641	0.537375	4299
1	43651	0.5375	4300
1	43661	0.537625	4301
1	43671	0.53775	4302
1	43681	0.537875	4303
1	43691	0.538	4304
1	43701	0.538125	4305
1	43711	0.53825	4306
1	43721	0.538375	4307
1	43731	0.5385	4308
1	43741	0.538625	4309
1	43751	0.53875	4310
1	43761	0.538875	4311
1	43771	0.539	4312
1	43781	0.539125	4313
1	43791	0.53925	4314
1	43801	0.539375	4315
1	43811	0.5395	4316
1	43821	0.539625	4317
1	43831	0.53975	4318
1	43845	0.539875	4319
1	43855	0.54	4320
1	43865	0.540125	4321
1	43875	0.54025	4322
1	43885	0.540375	4323
1	43895	0.5405	4324
1	43905	0.540625	4325
1	43915	0.54075	4326
1	43925	0.540875	4327
1	43935	0.541	4328
1	43945	0.541125	4329
1	43955	0.54125	4330
1	43965	0.541375	4331
1	43975	0.5415	4332
1	43985	0.541625	4333
1	43995	0.54175	4334
1	44005	0.541875	4335
1	44015	0.542	4336
1	44025	0.542125	4337
1	44035	0.54225	4338
1	44045	0.542375	4339
1	44055	0.5425	4340
1	44065	0.542625	4341
1	44075	0.54275	4342
1	44085	0.542875	4343
1	44095	0.543	4344
1	44109	0.543125	4345
1	44119	0.54325	4346
1	44129	0.543375	4347
1	44139	0.5435	4348
1	44149	0.543625	4349
1	44159	0.54375	4350
1	44169	0.543875	4351
1	44179	0.544	4352
1	44189	0.544125	4353
1	44199	0.54425	4354
1	44209	0.544375	4355
1	44219	0.5445	4356
1	44229	0.544625	4357
1	44239	0.54475	4358
1	44249	0.544875	4359
1	44259	0.545	4360
1	44269	0.545125	4361
1	44279	0.54525	4362
1	44289	0.545375	4363
1	44299	0.5455	4364
1	44309	0.545625	4365
1	44319	0.54575	4366
1	44329	0.545875	4367
1	44339	0.546	4368
1	44349	0.546125	4369
1	44359	0.54625	4370
1	44369	0.546375	4371
1	44383	0.5465	4372
1	44393	0.546625	4373
1	44403	0.54675	4374
1	44413	0.546875	4375
1	44423	0.547	4376
1	44433	0.547125	4377
1	44443	0.54725	4378
1	44453	0.547375	4379
1	44463	0.5475	4380
1	44473	0.547625	4381
1	44483	0.54775	4382
1	44493	0.547875	4383
1	44503	0.548	4384
1	44513	0.548125	4385
1	44523	0.54825	4386
1	44533	0.548375	4387
1	44543	0.5485	4388
1	44553	0.548625	4389
1	44563	0.54875	4390
1	44573	0.548875	4391
1	44583	0.549	4392
1	44593	0.549125	4393
1	44603	0.54925	4394
1	44613	0.549375	4395
1	44623	0.5495	4396
1	44633	0.549625	4397
1	44647	0.54975	4398
1	44657	0.549875	4399
1	44667	0.55	4400
1	44677	0.550125	4401
1	44687	0.55025	4402
1	44697	0.550375	4403
1	44707	0.5505	4404
1	44717	0.550625	4405
1	44727	0.55075	4406
1	44737	0.550875	4407
1	44747	0.551	4408
1	44757	0.551125	4409
1	44767	0.55125	4410
1	44777	0.551375	4411
1	44787	0.5515	4412
1	44797	0.551625	4413
1	44807	0.55175	4414
1	44817	0.551875	4415
1	44827	0.552	4416
1	44837	0.552125	4417
1	44847	0.55225	4418
1	44857	0.552375	4419
1	44867	0.5525	4420
1	44877	0.552625	4421
1	44887	0.55275	4422
1	44897	0.552875	4423
1	44911	0.553	4424
1	44921	0.553125	4425
1	44931	0.55325	4426
1	44941	0.553375	4427
1	44951	0.5535	4428
1	44961	0.553625	4429
1	44971	0.55375	4430
1	44981	0.553875	4431
1	44991	0.554	4432
1	45001	0.554125	4433
1	45011	0.55425	4434
1	45021	0.554375	4435
1	45031	0.5545	4436
1	45041	0.554625	4437
1	45051	0.55475	4438
1	45061	0.554875	4439
1	45071	0.555	4440
1	45081	0.555125	4441
1	45091	0.55525	4442
1	45101	0.555375	4443
1	45111	0.5555	4444
1	45121	0.555625	4445
1	45131	0.55575	4446
1	45141	0.555875	4447
1	45151	0.556	4448
1	45161	0.556125	4449
1	45175	0.55625	4450
1	45185	0.556375	4451
1	45195	0.5565	4452
1	45205	0.556625	4453
1	45215	0.55675	4454
1	45225	0.556875	4455
1	45235	0.557	4456
1	45245	0.557125	4457
1	45255	0.55725	4458
1	45265	0.557375	4459
1	45275	0.5575	4460
1	45285	0.557625	4461
1	45295	0.55775	4462
1	45305	0.557875	4463
1	45315	0.558	4464
1	45325	0.558125	4465
1	45335	0.55825	4466
1	45345	0.558375	4467
1	45355	0.5585	4468
1	45365	0.558625	4469
1	45375	0.55875	4470
1	45385	0.558875	4471
1	45395	0.559	4472
1	45405	0.559125	4473
1	45415	0.55925	4474
1	45425	0.559375	4475
1	45439	0.5595	4476
1	45449	0.559625	4477
1	45459	0.55975	4478
1	45469	0.559875	4479
1	45479	0.56	4480
1	45489	0.560125	4481
1	45499	0.56025	4482
1	45509	0.560375	4483
1	45519	0.5605	4484
1	45529	0.560625	4485
1	45539	0.56075	4486
1	45549	0.560875	4487
1	45559	0.561	4488
1	45569	0.561125	4489
1	45579	0.56125	4490
1	45589	0.561375	4491
1	45599	0.5615	4492
1	45609	0.561625	4493
1	45619	0.56175	4494
1	45629	0.561875	4495
1	45639	0.562	4496
1	45649	0.562125	4497
1	45659	0.56225	4498
1	45669	0.562375	4499
1	45679	0.5625	4500
1	45689	0.562625	4501
1	45703	0.56275	4502
1	45713	0.562875	4503
1	45723	0.563	4504
1	45733	0.563125	4505
1	45743	0.56325	4506
1	45753	0.563375	4507
1	45763	0.5635	4508
1	45773	0.563625	4509
1	45783	0.56375	4510
1	45793	0.563875	4511
1	45803	0.564	4512
1	45813	0.564125	4513
1	45823	0.56425	4514
1	45833	0.564375	4515
1	45843	0.5645	4516
1	45853	0.564625	4517
1	45863	0.56475	4518
1	45873	0.564875	4519
1	45883	0.565	4520
1	45893	0.565125	4521
1	45903	0.56525	4522
1	45913	0.565375	4523
1	45923	0.5655	4524
1	45933	0.565625	4525
1	45943	0.56575	4526
1	45953	0.565875	4527
1	45963	0.566	4528
1	45977	0.566125	4529
1	45987	0.56625	4530
1	45997	0.566375	4531
1	46007	0.5665	4532
1	46017	0.566625	4533
1	46027	0.56675	4534
1	46037	0.566875	4535
1	46047	0.567	4536
1	46057	0.567125	4537
1	46067	0.56725	4538
1	46077	0.567375	4539
1	46087	0.5675	4540
1	46097	0.567625	4541
1	46107	0.56775	4542
1	46117	0.567875	4543
1	46127	0.568	4544
1	46137	0.568125	4545
1	46147	0.56825	4546
1	46157	0.568375	4547
1	46167	0.5685	4548
1	46177	0.568625	4549
1	46187	0.56875	4550
1	46197	0.568875	4551
1	46207	0.569	4552
1	46217	0.569125	4553
1	46227	0.56925	4554
1	46241	0.569375	4555
1	46251	0.5695	4556
1	46261	0.569625	4557
1	46271	0.56975	4558
1	46281	0.569875	4559
1	46291	0.57	4560
1	46301	0.570125	4561
1	46311	0.57025	4562
1	46321	0.570375	4563
1	46331	0.5705	4564
1	46341	0.570625	4565
1	46351	0.57075	4566
1	46361	0.570875	4567
1	46371	0.571	4568
1	46381	0.571125	4569
1	46391	0.57125	4570
1	46401	0.571375	4571
1	46411	0.5715	4572
1	46421	0.571625	4573
1	46431	0.57175	4574
1	46441	0.571875	4575
1	46451	0.572	4576
1	46461	0.572125	4577
1	46471	0.57225	4578
1	46481	0.572375	4579
1	46491	0.5725	4580
1	46505	0.572625	4581
1	46515	0.57275	4582
1	46525	0.572875	4583
1	46535	0.573	4584
1	46545	0.573125	4585
1	46555	0.57325	4586
1	46565	0.573375	4587
1	46575	0.5735	4588
1	46585	0.573625	4589
1	46595	0.57375	4590
1	46605	0.573875	4591
1	46615	0.574	4592
1	46625	0.574125	4593
1	46635	0.57425	4594
1	46645	0.574375	4595
1	46655	0.5745	4596
1	46665	0.574625	4597
1	46675	0.57475	4598
1	46685	0.574875	4599
1	46695	0.575	4600
1	46705	0.575125	4601
1	46715	0.57525	4602
1	46725	0.575375	4603
1	46735	0.5755	4604
1	46745	0.575625	4605
1	46755	0.57575	4606
1	46769	0.575875	4607
1	46779	0.576	4608
1	46789	0.576125	4609
1	46799	0.57625	4610
1	46809	0.576375	4611
1	46819	0.5765	4612
1	46829	0.576625	4613
1	46839	0.57675	4614
1	46849	0.576875	4615
1	46859	0.577	4616
1	46869	0.577125	4617
1	46879	0.57725	4618
1	46889	0.577375	4619
1	46899	0.5775	4620
1	46909	0.577625	4621
1	46919	0.57775	4622
1	46929	0.577875	4623
1	46939	0.578	4624
1	46949	0.578125	4625
1	46959	0.57825	4626
1	46969	0.578375	4627
1	46979	0.5785	4628
1	46989	0.578625	4629
1	46999	0.57875	4630
1	47009	0.578875	4631
1	47019	0.579	4632
1	47033	0.579125	4633
1	47043	0.57925	4634
1	47053	0.579375	4635
1	47063	0.5795	4636
1	47073	0.579625	4637
1	47083	0.57975	4638
1	47093	0.579875	4639
1	47103	0.58	4640
1	47113	0.580125	4641
1	47123	0.58025	4642
1	47133	0.580375	4643
1	47143	0.5805	4644
1	47153	0.580625	4645
1	47163	0.58075	4646
1	47173	0.580875	4647
1	47183	0.581	4648
1	47193	0.581125	4649
1	47203	0.58125	4650
1	47213	0.581375	4651
1	47223	0.5815	4652
1	47233	0.581625	4653
1	47243	0.58175	4654
1	47253	0.581875	4655
1	47263	0.582	4656
1	47273	0.582125	4657
1	47283	0.58225	4658
1	47297	0.582375	4659
1	47307	0.5825	4660
1	47317	0.582625	4661
1	47327	0.58275	4662
1	47337	0.582875	4663
1	47347	0.583	4664
1	47357	0.583125	4665
1	47367	0.58325	4666
1	47377	0.583375	4667
1	47387	0.5835	4668
1	47397	0.583625	4669
1	47407	0.58375	4670
1	47417	0.583875	4671
1	47427	0.584	4672
1	47437	0.584125	4673
1	47447	0.58425	4674
1	47457	0.584375	4675
1	47467	0.5845	4676
1	47477	0.584625	4677
1	47487	0.58475	4678
1	47497	0.584875	4679
1	47507	0.585	4680
1	47517	0.585125	4681
1	47527	0.58525	4682
1	47537	0.585375	4683
1	47547	0.5855	4684
1	47557	0.585625	4685
1	47571	0.58575	4686
1	47581	0.585875	4687
1	47591	0.586	4688
1	47601	0.586125	4689
1	47611	0.58625	4690
1	47621	0.586375	4691
1	47631	0.5865	4692
1	47641	0.586625	4693
1	47651	0.58675	4694
1	47661	0.586875	4695
1	47671	0.587	4696
1	47681	0.587125	4697
1	47691	0.58725	4698
1	47701	0.587375	4699
1	47711	0.5875	4700
1	47721	0.587625	4701
1	47731	0.58775	4702
1	47741	0.587875	4703
1	47751	0.588	4704
1	47761	0.588125	4705
1	47771	0.58825	4706
1	47781	0.588375	4707
1	47791	0.5885	4708
1	47801	0.588625	4709
1	47811	0.58875	4710
1	47821	0.588875	4711
1	47835	0.589	4712
1	47845	0.589125	4713
1	47855	0.58925	4714
1	47865	0.589375	4715
1	47875	0.5895	4716
1	47885	0.589625	4717
1	47895	0.58975	4718
1	47905	0.589875	4719
1	47915	0.59	4720
1	47925	0.590125	4721
1	47935	0.59025	4722
1	47945	0.590375	4723
1	47955	0.5905	4724
1	47965	0.590625	4725
1	47975	0.59075	4726
1	47985	0.590875	4727
1	47995	0.591	4728
1	48005	0.591125	4729
1	48015	0.59125	4730
1	48025	0.591375	4731
1	48035	0.5915	4732
1	48045	0.591625	4733
1	48055	0.59175	4734
1	48065	0.591875	4735
1	48075	0.592	4736
1	48085	0.592125	4737
1	48099	0.59225	4738
1	48109	0.592375	4739
1	48119	0.5925	4740
1	48129	0.592625	4741
1	48139	0.59275	4742
1	48149	0.592875	4743
1	48159	0.593	4744
1	48169	0.593125	4745
1	48179	0.59325	4746
1	48189	0.593375	4747
1	48199	0.5935	4748
1	48209	0.593625	4749
1	48219	0.59375	4750
1	48229	0.593875	4751
1	48239	0.594	4752
1	48249	0.594125	4753
1	48259	0.59425	4754
1	48269	0.594375	4755
1	48279	0.5945	4756
1	48289	0.594625	4757
1	48299	0.59475	4758
1	48309	0.594875	4759
1	48319	0.595	4760
1	48329	0.595125	4761
1	48339	0.59525	4762
1	48349	0.595375	4763
1	48363	0.5955	4764
1	48373	0.595625	4765
1	48383	0.59575	4766
1	48393	0.595875	4767
1	48403	0.596	4768
1	48413	0.596125	4769
1	48423	0.59625	4770
1	48433	0.596375	4771
1	48443	0.5965	4772
1	48453	0.596625	4773
1	48463	0.59675	4774
1	48473	0.596875	4775
1	48483	0.597	4776
1	48493	0.597125	4777
1	48503	0.59725	4778
1	48513	0.597375	4779
1	48523	0.5975	4780
1	48533	0.597625	4781
1	48543	0.59775	4782
1	48553	0.597875	4783
1	48563	0.598	4784
1	48573	0.598125	4785
1	48583	0.59825	4786
1	48593	0.598375	4787
1	48603	0.5985	4788
1	48613	0.598625	4789
1	48627	0.59875	4790
1	48637	0.598875	4791
1	48647	0.599	4792
1	48657	0.599125	4793
1	48667	0.59925	4794
1	48677	0.599375	4795
1	48687	0.5995	4796
1	48697	0.599625	4797
1	48707	0.59975	4798
1	48717	0.599875	4799
1	48727	0.6	4800
1	48737	0.600125	4801
1	48747	0.60025	4802
1	48757	0.600375	4803
1	48767	0.6005	4804
1	48777	0.600625	4805
1	48787	0.60075	4806
1	48797	0.600875	4807
1	48807	0.601	4808
1	48817	0.601125	4809
1	48827	0.60125	4810
1	48837	0.601375	4811
1	48847	0.6015	4812
1	48857	0.601625	4813
1	48867	0.60175	4814
1	48877	0.601875	4815
1	48887	0.602	4816
1	48901	0.602125	4817
1	48911	0.60225	4818
1	48921	0.602375	4819
1	48931	0.6025	4820
1	48941	0.602625	4821
1	48951	0.60275	4822
1	48961	0.602875	4823
1	48971	0.603	4824
1	48981	0.603125	4825
1	48991	0.60325	4826
1	49001	0.603375	4827
1	49011	0.6035	4828
1	49021	0.603625	4829
1	49031	0.60375	4830
1	49041	0.603875	4831
1	49051	0.604	4832
1	49061	0.604125	4833
1	49071	0.60425	4834
1	49081	0.604375	4835
1	49091	0.6045	4836
1	49101	0.604625	4837
1	49111	0.60475	4838
1	49121	0.604875	4839
1	49131	0.605	4840
1	49141	0.605125	4841
1	49151	0.60525	4842
1	49165	0.605375	4843
1	49175	0.6055	4844
1	49185	0.605625	4845
1	49195	0.60575	4846
1	49205	0.605875	4847
1	49215	0.606	4848
1	49225	0.606125	4849
1	49235	0.60625	4850
1	49245	0.606375	4851
1	49255	0.6065	4852
1	49265	0.606625	4853
1	49275	0.60675	4854
1	49285	0.606875	4855
1	49295	0.607	4856
1	49305	0.607125	4857
1	49315	0.60725	4858
1	49325	0.607375	4859
1	49335	0.6075	4860
1	49345	0.607625	4861
1	49355	0.60775	4862
1	49365	0.607875	4863
1	49375	0.608	4864
1	49385	0.608125	4865
1	49395	0.60825	4866
1	49405	0.608375	4867
1	49415	0.6085	4868
1	49429	0.608625	4869
1	49439	0.60875	4870
1	49449	0.608875	4871
1	49459	0.609	4872
1	49469	0.609125	4873
1	49479	0.60925	4874
1	49489	0.609375	4875
1	49499	0.6095	4876
1	49509	0.609625	4877
1	49519	0.60975	4878
1	49529	0.609875	4879
1	49539	0.61	4880
1	49549	0.610125	4881
1	49559	0.61025	4882
1	49569	0.610375	4883
1	49579	0.6105	4884
1	49589	0.610625	4885
1	49599	0.61075	4886
1	49609	0.610875	4887
1	49619	0.611	4888
1	49629	0.611125	4889
1	49639	0.61125	4890
1	49649	0.611375	4891
1	49659	0.6115	4892
1	49669	0.611625	4893
1	49679	0.61175	4894
1	49693	0.611875	4895
1	49703	0.612	4896
1	49713	0.612125	4897
1	49723	0.61225	4898
1	49733	0.612375	4899
1	49743	0.6125	4900
1	49753	0.612625	4901
1	49763	0.61275	4902
1	49773	0.612875	4903
1	49783	0.613	4904
1	49793	0.613125	4905
1	49803	0.61325	4906
1	49813	0.613375	4907
1	49823	0.6135	4908
1	49833	0.613625	4909
1	49843	0.61375	4910
1	49853	0.613875	4911
1	49863	0.614	4912
1	49873	0.614125	4913
1	49883	0.61425	4914
1	49893	0.614375	4915
1	49903	0.6145	4916
1	49913	0.614625	4917
1	49923	0.61475	4918
1	49933	0.614875	4919
1	49943	0.615	4920
1	49957	0.615125	4921
1	49967	0.61525	4922
1	49977	0.615375	4923
1	49987	0.6155	4924
1	49997	0.615625	4925
1	50007	0.61575	4926
1	50017	0.615875	4927
1	50027	0.616	4928
1	50037	0.616125	4929
1	50047	0.61625	4930
1	50057	0.616375	4931
1	50067	0.6165	4932
1	50077	0.616625	4933
1	50087	0.61675	4934
1	50097	0.616875	4935
1	50107	0.617	4936
1	50117	0.617125	4937
1	50127	0.61725	4938
1	50137	0.617375	4939
1	50147	0.6175	4940
1	50157	0.617625	4941
1	50167	0.61775	4942
1	50177	0.617875	4943
1	50187	0.618	4944
1	50197	0.618125	4945
1	50207	0.61825	4946
1	50221	0.618375	4947
1	50231	0.6185	4948
1	50241	0.618625	4949
1	50251	0.61875	4950
1	50261	0.618875	4951
1	50271	0.619	4952
1	50281	0.619125	4953
1	50291	0.61925	4954
1	50301	0.619375	4955
1	50311	0.6195	4956
1	50321	0.619625	4957
1	50331	0.61975	4958
1	50341	0.619875	4959
1	50351	0.62	4960
1	50361	0.620125	4961
1	50371	0.62025	4962
1	50381	0.620375	4963
1	50391	0.6205	4964
1	50401	0.620625	4965
1	50411	0.62075	4966
1	50421	0.620875	4967
1	50431	0.621	4968
1	50441	0.621125	4969
1	50451	0.62125	4970
1	50461	0.621375	4971
1	50471	0.6215	4972
1	50481	0.621625	4973
1	50495	0.62175	4974
1	50505	0.621875	4975
1	50515	0.622	4976
1	50525	0.622125	4977
1	50535	0.62225	4978
1	50545	0.622375	4979
1	50555	0.6225	4980
1	50565	0.622625	4981
1	50575	0.62275	4982
1	50585	0.622875	4983
1	50595	0.623	4984
1	50605	0.623125	4985
1	50615	0.62325	4986
1	50625	0.623375	4987
1	50635	0.6235	4988
1	50645	0.623625	4989
1	50655	0.62375	4990
1	50665	0.623875	4991
1	50675	0.624	4992
1	50685	0.624125	4993
1	50695	0.62425	4994
1	50705	0.624375	4995
1	50715	0.6245	4996
1	50725	0.624625	4997
1	50735	0.62475	4998
1	50745	0.624875	4999
1	50759	0.625	5000
1	50769	0.625125	5001
1	50779	0.62525	5002
1	50789	0.625375	5003
1	50799	0.6255	5004
1	50809	0.625625	5005
1	50819	0.62575	5006
1	50829	0.625875	5007
1	50839	0.626	5008
1	50849	0.626125	5009
1	50859	0.62625	5010
1	50869	0.626375	5011
1	50879	0.6265	5012
1	50889	0.626625	5013
1	50899	0.62675	5014
1	50909	0.626875	5015
1	50919	0.627	5016
1	50929	0.627125	5017
1	50939	0.62725	5018
1	50949	0.627375	5019
1	50959	0.6275	5020
1	50969	0.627625	5021
1	50979	0.62775	5022
1	50989	0.627875	5023
1	50999	0.628	5024
1	51009	0.628125	5025
1	51023	0.62825	5026
1	51033	0.628375	5027
1	51043	0.6285	5028
1	51053	0.628625	5029
1	51063	0.62875	5030
1	51073	0.628875	5031
1	51083	0.629	5032
1	51093	0.629125	5033
1	51103	0.62925	5034
1	51113	0.629375	5035
1	51123	0.6295	5036
1	51133	0.629625	5037
1	51143	0.62975	5038
1	51153	0.629875	5039
1	51163	0.63	5040
1	51173	0.630125	5041
1	51183	0.63025	5042
1	51193	0.630375	5043
1	51203	0.6305	5044
1	51213	0.630625	5045
1	51223	0.63075	5046
1	51233	0.630875	5047
1	51243	0.631	5048
1	51253	0.631125	5049
1	51263	0.63125	5050
1	51273	0.631375	5051
1	51287	0.6315	5052
1	51297	0.631625	5053
1	51307	0.63175	5054
1	51317	0.631875	5055
1	51327	0.632	5056
1	51337	0.632125	5057
1	51347	0.63225	5058
1	51357	0.632375	5059
1	51367	0.6325	5060
1	51377	0.632625	5061
1	51387	0.63275	5062
1	51397	0.632875	5063
1	51407	0.633	5064
1	51417	0.633125	5065
1	51427	0.63325	5066
1	51437	0.633375	5067
1	51447	0.6335	5068
1	51457	0.633625	5069
1	51467	0.63375	5070
1	51477	0.633875	5071
1	51487	0.634	5072
1	51497	0.634125	5073
1	51507	0.63425	5074
1	51517	0.634375	5075
1	51527	0.6345	5076
1	51537	0.634625	5077
1	51551	0.63475	5078
1	51561	0.634875	5079
1	51571	0.635	5080
1	51581	0.635125	5081
1	51591	0.63525	5082
1	51601	0.635375	5083
1	51611	0.6355	5084
1	51621	0.635625	5085
1	51631	0.63575	5086
1	51641	0.635875	5087
1	51651	0.636	5088
1	51661	0.636125	5089
1	51671	0.63625	5090
1	51681	0.636375	5091
1	51691	0.6365	5092
1	51701	0.636625	5093
1	51711	0.63675	5094
1	51721	0.636875	5095
1	51731	0.637	5096
1	51741	0.637125	5097
1	51751	0.63725	5098
1	51761	0.637375	5099
1	51771	0.6375	5100
1	51781	0.637625	5101
1	51791	0.63775	5102
1	51801	0.637875	5103
1	51815	0.638	5104
1	51825	0.638125	5105
1	51835	0.63825	5106
1	51845	0.638375	5107
1	51855	0.6385	5108
1	51865	0.638625	5109
1	51875	0.63875	5110
1	51885	0.638875	5111
1	51895	0.639	5112
1	51905	0.639125	5113
1	51915	0.63925	5114
1	51925	0.639375	5115
1	51935	0.6395	5116
1	51945	0.639625	5117
1	51955	0.63975	5118
1	51965	0.639875	5119
1	51975	0.64	5120
1	51985	0.640125	5121
1	51995	0.64025	5122
1	52005	0.640375	5123
1	52015	0.6405	5124
1	52025	0.640625	5125
1	52035	0.64075	5126
1	52045	0.640875	5127
1	52055	0.641	5128
1	52065	0.641125	5129
1	52075	0.64125	5130
1	52089	0.641375	5131
1	52099	0.6415	5132
1	52109	0.641625	5133
1	52119	0.64175	5134
1	52129	0.641875	5135
1	52139	0.642	5136
1	52149	0.642125	5137
1	52159	0.64225	5138
1	52169	0.642375	5139
1	52179	0.6425	5140
1	52189	0.642625	5141
1	52199	0.64275	5142
1	52209	0.642875	5143
1	52219	0.643	5144
1	52229	0.643125	5145
1	52239	0.64325	5146
1	52249	0.643375	5147
1	52259	0.6435	5148
1	52269	0.643625	5149
1	52279	0.64375	5150
1	52289	0.643875	5151
1	52299	0.644	5152
1	52309	0.644125	5153
1	52319	0.64425	5154
1	52329	0.644375	5155
1	52339	0.6445	5156
1	52353	0.644625	5157
1	52363	0.64475	5158
1	52373	0.644875	5159
1	52383	0.645	5160
1	52393	0.645125	5161
1	52403	0.64525	5162
1	52413	0.645375	5163
1	52423	0.6455	5164
1	52433	0.645625	5165
1	52443	0.64575	5166
1	52453	0.645875	5167
1	52463	0.646	5168
1	52473	0.646125	5169
1	52483	0.64625	5170
1	52493	0.646375	5171
1	52503	0.6465	5172
1	52513	0.646625	5173
1	52523	0.64675	5174
1	52533	0.646875	5175
1	52543	0.647	5176
1	52553	0.647125	5177
1	52563	0.64725	5178
1	52573	0.647375	5179
1	52583	0.6475	5180
1	52593	0.647625	5181
1	52603	0.64775	5182
1	52617	0.647875	5183
1	52627	0.648	5184
1	52637	0.648125	5185
1	52647	0.64825	5186
1	52657	0.648375	5187
1	52667	0.6485	5188
1	52677	0.648625	5189
1	52687	0.64875	5190
1	52697	0.648875	5191
1	52707	0.649	5192
1	52717	0.649125	5193
1	52727	0.64925	5194
1	52737	0.649375	5195
1	52747	0.6495	5196
1	52757	0.649625	5197
1	52767	0.64975	5198
1	52777	0.649875	5199
1	52787	0.65	5200
1	52797	0.650125	5201
1	52807	0.65025	5202
1	52817	0.650375	5203
1	52827	0.6505	5204
1	52837	0.650625	5205
1	52847	0.65075	5206
1	52857	0.650875	5207
1	52867	0.651	5208
1	52881	0.651125	5209
1	52891	0.65125	5210
1	52901	0.651375	5211
1	52911	0.6515	5212
1	52921	0.651625	5213
1	52931	0.65175	5214
1	52941	0.651875	5215
1	52951	0.652	5216
1	52961	0.652125	5217
1	52971	0.65225	5218
1	52981	0.652375	5219
1	52991	0.6525	5220
1	53001	0.652625	5221
1	53011	0.65275	5222
1	53021	0.652875	5223
1	53031	0.653	5224
1	53041	0.653125	5225
1	53051	0.65325	5226
1	53061	0.653375	5227
1	53071	0.6535	5228
1	53081	0.653625	5229
1	53091	0.65375	5230
1	53101	0.653875	5231
1	53111	0.654	5232
1	53121	0.654125	5233
1	53131	0.65425	5234
1	53145	0.654375	5235
1	53155	0.6545	5236
1	53165	0.654625	5237
1	53175	0.65475	5238
1	53185	0.654875	5239
1	53195	0.655	5240
1	53205	0.655125	5241
1	53215	0.65525	5242
1	53225	0.655375	5243
1	53235	0.6555	5244
1	53245	0.655625	5245
1	53255	0.65575	5246
1	53265	0.655875	5247
1	53275	0.656	5248
1	53285	0.656125	5249
1	53295	0.65625	5250
1	53305	0.656375	5251
1	53315	0.6565	5252
1	53325	0.656625	5253
1	53335	0.65675	5254
1	53345	0.656875	5255
1	53355	0.657	5256
1	53365	0.657125	5257
1	53375	0.65725	5258
1	53385	0.657375	5259
1	53395	0.6575	5260
1	53409	0.657625	5261
1	53419	0.65775	5262
1	53429	0.657875	5263
1	53439	0.658	5264
1	53449	0.658125	5265
1	53459	0.65825	5266
1	53469	0.658375	5267
1	53479	0.6585	5268
1	53489	0.658625	5269
1	53499	0.65875	5270
1	53509	0.658875	5271
1	53519	0.659	5272
1	53529	0.659125	5273
1	53539	0.65925	5274
1	53549	0.659375	5275
1	53559	0.6595	5276
1	53569	0.659625	5277
1	53579	0.65975	5278
1	53589	0.659875	5279
1	53599	0.66	5280
1	53609	0.660125	5281
1	53619	0.66025	5282
1	53629	0.660375	5283
1	53639	0.6605	5284
1	53649	0.660625	5285
1	53659	0.66075	5286
1	53669	0.660875	5287
1	53683	0.661	5288
1	53693	0.661125	5289
1	53703	0.66125	5290
1	53713	0.661375	5291
1	53723	0.6615	5292
1	53733	0.661625	5293
1	53743	0.66175	5294
1	53753	0.661875	5295
1	53763	0.662	5296
1	53773	0.662125	5297
1	53783	0.66225	5298
1	53793	0.662375	5299
1	53803	0.6625	5300
1	53813	0.662625	5301
1	53823	0.66275	5302
1	53833	0.662875	5303
1	53843	0.663	5304
1	53853	0.663125	5305
1	53863	0.66325	5306
1	53873	0.663375	5307
1	53883	0.6635	5308
1	53893	0.663625	5309
1	53903	0.66375	5310
1	53913	0.663875	5311
1	53923	0.664	5312
1	53933	0.664125	5313
1	53947	0.66425	5314
1	53957	0.664375	5315
1	53967	0.6645	5316
1	53977	0.664625	5317
1	53987	0.66475	5318
1	53997	0.664875	5319
1	54007	0.665	5320
1	54017	0.665125	5321
1	54027	0.66525	5322
1	54037	0.665375	5323
1	54047	0.6655	5324
1	54057	0.665625	5325
1	54067	0.66575	5326
1	54077	0.665875	5327
1	54087	0.666	5328
1	54097	0.666125	5329
1	54107	0.66625	5330
1	54117	0.666375	5331
1	54127	0.6665	5332
1	54137	0.666625	5333
1	54147	0.66675	5334
1	54157	0.666875	5335
1	54167	0.667	5336
1	54177	0.667125	5337
1	54187	0.66725	5338
1	54197	0.667375	5339
1	54211	0.6675	5340
1	54221	0.667625	5341
1	54231	0.66775	5342
1	54241	0.667875	5343
1	54251	0.668	5344
1	54261	0.668125	5345
1	54271	0.66825	5346
1	54281	0.668375	5347
1	54291	0.6685	5348
1	54301	0.668625	5349
1	54311	0.66875	5350
1	54321	0.668875	5351
1	54331	0.669	5352
1	54341	0.669125	5353
1	54351	0.66925	5354
1	54361	0.669375	5355
1	54371	0.6695	5356
1	54381	0.669625	5357
1	54391	0.66975	5358
1	54401	0.669875	5359
1	54411	0.67	5360
1	54421	0.670125	5361
1	54431	0.67025	5362
1	54441	0.670375	5363
1	54451	0.6705	5364
1	54461	0.670625	5365
1	54475	0.67075	5366
1	54485	0.670875	5367
1	54495	0.671	5368
1	54505	0.671125	5369
1	54515	0.67125	5370
1	54525	0.671375	5371
1	54535	0.6715	5372
1	54545	0.671625	5373
1	54555	0.67175	5374
1	54565	0.671875	5375
1	54575	0.672	5376
1	54585	0.672125	5377
1	54595	0.67225	5378
1	54605	0.672375	5379
1	54615	0.6725	5380
1	54625	0.672625	5381
1	54635	0.67275	5382
1	54645	0.672875	5383
1	54655	0.673	5384
1	54665	0.673125	5385
1	54675	0.67325	5386
1	54685	0.673375	5387
1	54695	0.6735	5388
1	54705	0.673625	5389
1	54715	0.67375	5390
1	54725	0.673875	5391
1	54739	0.674	5392
1	54749	0.674125	5393
1	54759	0.67425	5394
1	54769	0.674375	5395
1	54779	0.6745	5396
1	54789	0.674625	5397
1	54799	0.67475	5398
1	54809	0.674875	5399
1	54819	0.675	5400
1	54829	0.675125	5401
1	54839	0.67525	5402
1	54849	0.675375	5403
1	54859	0.6755	5404
1	54869	0.675625	5405
1	54879	0.67575	5406
1	54889	0.675875	5407
1	54899	0.676	5408
1	54909	0.676125	5409
1	54919	0.67625	5410
1	54929	0.676375	5411
1	54939	0.6765	5412
1	54949	0.676625	5413
1	54959	0.67675	5414
1	54969	0.676875	5415
1	54979	0.677	5416
1	54989	0.677125	5417
1	54999	0.67725	5418
1	55013	0.677375	5419
1	55023	0.6775	5420
1	55033	0.677625	5421
1	55043	0.67775	5422
1	55053	0.677875	5423
1	55063	0.678	5424
1	55073	0.678125	5425
1	55083	0.67825	5426
1	55093	0.678375	5427
1	55103	0.6785	5428
1	55113	0.678625	5429
1	55123	0.67875	5430
1	55133	0.678875	5431
1	55143	0.679	5432
1	55153	0.679125	5433
1	55163	0.67925	5434
1	55173	0.679375	5435
1	55183	0.6795	5436
1	55193	0.679625	5437
1	55203	0.67975	5438
1	55213	0.679875	5439
1	55223	0.68	5440
1	55233	0.680125	5441
1	55243	0.68025	5442
1	55253	0.680375	5443
1	55263	0.6805	5444
1	55277	0.680625	5445
1	55287	0.68075	5446
1	55297	0.680875	5447
1	55307	0.681	5448
1	55317	0.681125	5449
1	55327	0.68125	5450
1	55337	0.681375	5451
1	55347	0.6815	5452
1	55357	0.681625	5453
1	55367	0.68175	5454
1	55377	0.681875	5455
1	55387	0.682	5456
1	55397	0.682125	5457
1	55407	0.68225	5458
1	55417	0.682375	5459
1	55427	0.6825	5460
1	55437	0.682625	5461
1	55447	0.68275	5462
1	55457	0.682875	5463
1	55467	0.683	5464
1	55477	0.683125	5465
1	55487	0.68325	5466
1	55497	0.683375	5467
1	55507	0.6835	5468
1	55517	0.683625	5469
1	55527	0.68375	5470
1	55541	0.683875	5471
1	55551	0.684	5472
1	55561	0.684125	5473
1	55571	0.68425	5474
1	55581	0.684375	5475
1	55591	0.6845	5476
1	55601	0.684625	5477
1	55611	0.68475	5478
1	55621	0.684875	5479
1	55631	0.685	5480
1	55641	0.685125	5481
1	55651	0.68525	5482
1	55661	0.685375	5483
1	55671	0.6855	5484
1	55681	0.685625	5485
1	55691	0.68575	5486
1	55701	0.685875	5487
1	55711	0.686	5488
1	55721	0.686125	5489
1	55731	0.68625	5490
1	55741	0.686375	5491
1	55751	0.6865	5492
1	55761	0.686625	5493
1	55771	0.68675	5494
1	55781	0.686875	5495
1	55791	0.687	5496
1	55805	0.687125	5497
1	55815	0.68725	5498
1	55825	0.687375	5499
1	55835	0.6875	5500
1	55845	0.687625	5501
1	55855	0.68775	5502
1	55865	0.687875	5503
1	55875	0.688	5504
1	55885	0.688125	5505
1	55895	0.68825	5506
1	55905	0.688375	5507
1	55915	0.6885	5508
1	55925	0.688625	5509
1	55935	0.68875	5510
1	55945	0.688875	5511
1	55955	0.689	5512
1	55965	0.689125	5513
1	55975	0.68925	5514
1	55985	0.689375	5515
1	55995	0.6895	5516
1	56005	0.689625	5517
1	56015	0.68975	5518
1	56025	0.689875	5519
1	56035	0.69	5520
1	56045	0.690125	5521
1	56055	0.69025	5522
1	56069	0.690375	5523
1	56079	0.6905	5524
1	56089	0.690625	5525
1	56099	0.69075	5526
1	56109	0.690875	5527
1	56119	0.691	5528
1	56129	0.691125	5529
1	56139	0.69125	5530
1	56149	0.691375	5531
1	56159	0.6915	5532
1	56169	0.691625	5533
1	56179	0.69175	5534
1	56189	0.691875	5535
1	56199	0.692	5536
1	56209	0.692125	5537
1	56219	0.69225	5538
1	56229	0.692375	5539
1	56239	0.6925	5540
1	56249	0.692625	5541
1	56259	0.69275	5542
1	56269	0.692875	5543
1	56279	0.693	5544
1	56289	0.693125	5545
1	56299	0.69325	5546
1	56309	0.693375	5547
1	56319	0.6935	5548
1	56333	0.693625	5549
1	56343	0.69375	5550
1	56353	0.693875	5551
1	56363	0.694	5552
1	56373	0.694125	5553
1	56383	0.69425	5554
1	56393	0.694375	5555
1	56403	0.6945	5556
1	56413	0.694625	5557
1	56423	0.69475	5558
1	56433	0.694875	5559
1	56443	0.695	5560
1	56453	0.695125	5561
1	56463	0.69525	5562
1	56473	0.695375	5563
1	56483	0.6955	5564
1	56493	0.695625	5565
1	56503	0.69575	5566
1	56513	0.695875	5567
1	56523	0.696	5568
1	56533	0.696125	5569
1	56543	0.69625	5570
1	56553	0.696375	5571
1	56563	0.6965	5572
1	56573	0.696625	5573
1	56583	0.69675	5574
1	56593	0.696875	5575
1	56607	0.697	5576
1	56617	0.697125	5577
1	56627	0.69725	5578
1	56637	0.697375	5579
1	56647	0.6975	5580
1	56657	0.697625	5581
1	56667	0.69775	5582
1	56677	0.697875	5583
1	56687	0.698	5584
1	56697	0.698125	5585
1	56707	0.69825	5586
1	56717	0.698375	5587
1	56727	0.6985	5588
1	56737	0.698625	5589
1	56747	0.69875	5590
1	56757	0.698875	5591
1	56767	0.699	5592
1	56777	0.699125	5593
1	56787	0.69925	5594
1	56797	0.699375	5595
1	56807	0.6995	5596
1	56817	0.699625	5597
1	56827	0.69975	5598
1	56837	0.699875	5599
1	56847	0.7	5600
1	56857	0.700125	5601
1	56871	0.70025	5602
1	56881	0.700375	5603
1	56891	0.7005	5604
1	56901	0.700625	5605
1	56911	0.70075	5606
1	56921	0.700875	5607
1	56931	0.701	5608
1	56941	0.701125	5609
1	56951	0.70125	5610
1	56961	0.701375	5611
1	56971	0.7015	5612
1	56981	0.701625	5613
1	56991	0.70175	5614
1	57001	0.701875	5615
1	57011	0.702	5616
1	57021	0.702125	5617
1	57031	0.70225	5618
1	57041	0.702375	5619
1	57051	0.7025	5620
1	57061	0.702625	5621
1	57071	0.70275	5622
1	57081	0.702875	5623
1	57091	0.703	5624
1	57101	0.703125	5625
1	57111	0.70325	5626
1	57121	0.703375	5627
1	57135	0.7035	5628
1	57145	0.703625	5629
1	57155	0.70375	5630
1	57165	0.703875	5631
1	57175	0.704	5632
1	57185	0.704125	5633
1	57195	0.70425	5634
1	57205	0.704375	5635
1	57215	0.7045	5636
1	57225	0.704625	5637
1	57235	0.70475	5638
1	57245	0.704875	5639
1	57255	0.705	5640
1	57265	0.705125	5641
1	57275	0.70525	5642
1	57285	0.705375	5643
1	57295	0.7055	5644
1	57305	0.705625	5645
1	57315	0.70575	5646
1	57325	0.705875	5647
1	57335	0.706	5648
1	57345	0.706125	5649
1	57355	0.70625	5650
1	57365	0.706375	5651
1	57375	0.7065	5652
1	57385	0.706625	5653
1	57399	0.70675	5654
1	57409	0.706875	5655
1	57419	0.707	5656
1	57429	0.707125	5657
1	57439	0.70725	5658
1	57449	0.707375	5659
1	57459	0.7075	5660
1	57469	0.707625	5661
1	57479	0.70775	5662
1	57489	0.707875	5663
1	57499	0.708	5664
1	57509	0.708125	5665
1	57519	0.70825	5666
1	57529	0.708375	5667
1	57539	0.7085	5668
1	57549	0.708625	5669
1	57559	0.70875	5670
1	57569	0.708875	5671
1	57579	0.709	5672
1	57589	0.709125	5673
1	57599	0.70925	5674
1	57609	0.709375	5675
1	57619	0.7095	5676
1	57629	0.709625	5677
1	57639	0.70975	5678
1	57649	0.709875	5679
1	57663	0.71	5680
1	57673	0.710125	5681
1	57683	0.71025	5682
1	57693	0.710375	5683
1	57703	0.7105	5684
1	57713	0.710625	5685
1	57723	0.71075	5686
1	57733	0.710875	5687
1	57743	0.711	5688
1	57753	0.711125	5689
1	57763	0.71125	5690
1	57773	0.711375	5691
1	57783	0.7115	5692
1	57793	0.711625	5693
1	57803	0.71175	5694
1	57813	0.711875	5695
1	57823	0.712	5696
1	57833	0.712125	5697
1	57843	0.71225	5698
1	57853	0.712375	5699
1	57863	0.7125	5700
1	57873	0.712625	5701
1	57883	0.71275	5702
1	57893	0.712875	5703
1	57903	0.713	5704
1	57913	0.713125	5705
1	57927	0.71325	5706
1	57937	0.713375	5707
1	57947	0.7135	5708
1	57957	0.713625	5709
1	57967	0.71375	5710
1	57977	0.713875	5711
1	57987	0.714	5712
1	57997	0.714125	5713
1	58007	0.71425	5714
1	58017	0.714375	5715
1	58027	0.7145	5716
1	58037	0.714625	5717
1	58047	0.71475	5718
1	58057	0.714875	5719
1	58067	0.715	5720
1	58077	0.715125	5721
1	58087	0.71525	5722
1	58097	0.715375	5723
1	58107	0.7155	5724
1	58117	0.715625	5725
1	58127	0.71575	5726
1	58137	0.715875	5727
1	58147	0.716	5728
1	58157	0.716125	5729
1	58167	0.71625	5730
1	58177	0.716375	5731
1	58187	0.7165	5732
1	58201	0.716625	5733
1	58211	0.71675	5734
1	58221	0.716875	5735
1	58231	0.717	5736
1	58241	0.717125	5737
1	58251	0.71725	5738
1	58261	0.717375	5739
1	58271	0.7175	5740
1	58281	0.717625	5741
1	58291	0.71775	5742
1	58301	0.717875	5743
1	58311	0.718	5744
1	58321	0.718125	5745
1	58331	0.71825	5746
1	58341	0.718375	5747
1	58351	0.7185	5748
1	58361	0.718625	5749
1	58371	0.71875	5750
1	58381	0.718875	5751
1	58391	0.719	5752
1	58401	0.719125	5753
1	58411	0.71925	5754
1	58421	0.719375	5755
1	58431	0.7195	5756
1	58441	0.719625	5757
1	58451	0.71975	5758
1	58465	0.719875	5759
1	58475	0.72	5760
1	58485	0.720125	5761
1	58495	0.72025	5762
1	58505	0.720375	5763
1	58515	0.7205	5764
1	58525	0.720625	5765
1	58535	0.72075	5766
1	58545	0.720875	5767
1	58555	0.721	5768
1	58565	0.721125	5769
1	58575	0.72125	5770
1	58585	0.721375	5771
1	58595	0.7215	5772
1	58605	0.721625	5773
1	58615	0.72175	5774
1	58625	0.721875	5775
1	58635	0.722	5776
1	58645	0.722125	5777
1	58655	0.72225	5778
1	58665	0.722375	5779
1	58675	0.7225	5780
1	58685	0.722625	5781
1	58695	0.72275	5782
1	58705	0.722875	5783
1	58715	0.723	5784
1	58729	0.723125	5785
1	58739	0.72325	5786
1	58749	0.723375	5787
1	58759	0.7235	5788
1	58769	0.723625	5789
1	58779	0.72375	5790
1	58789	0.723875	5791
1	58799	0.724	5792
1	58809	0.724125	5793
1	58819	0.72425	5794
1	58829	0.724375	5795
1	58839	0.7245	5796
1	58849	0.724625	5797
1	58859	0.72475	5798
1	58869	0.724875	5799
1	58879	0.725	5800
1	58889	0.725125	5801
1	58899	0.72525	5802
1	58909	0.725375	5803
1	58919	0.7255	5804
1	58929	0.725625	5805
1	58939	0.72575	5806
1	58949	0.725875	5807
1	58959	0.726	5808
1	58969	0.726125	5809
1	58979	0.72625	5810
1	58993	0.726375	5811
1	59003	0.7265	5812
1	59013	0.726625	5813
1	59023	0.72675	5814
1	59033	0.726875	5815
1	59043	0.727	5816
1	59053	0.727125	5817
1	59063	0.72725	5818
1	59073	0.727375	5819
1	59083	0.7275	5820
1	59093	0.727625	5821
1	59103	0.72775	5822
1	59113	0.727875	5823
1	59123	0.728	5824
1	59133	0.728125	5825
1	59143	0.72825	5826
1	59153	0.728375	5827
1	59163	0.7285	5828
1	59173	0.728625	5829
1	59183	0.72875	5830
1	59193	0.728875	5831
1	59203	0.729	5832
1	59213	0.729125	5833
1	59223	0.72925	5834
1	59233	0.729375	5835
1	59243	0.7295	5836
1	59257	0.729625	5837
1	59267	0.72975	5838
1	59277	0.729875	5839
1	59287	0.73	5840
1	59297	0.730125	5841
1	59307	0.73025	5842
1	59317	0.730375	5843
1	59327	0.7305	5844
1	59337	0.730625	5845
1	59347	0.73075	5846
1	59357	0.730875	5847
1	59367	0.731	5848
1	59377	0.731125	5849
1	59387	0.73125	5850
1	59397	0.731375	5851
1	59407	0.7315	5852
1	59417	0.731625	5853
1	59427	0.73175	5854
1	59437	0.731875	5855
1	59447	0.732	5856
1	59457	0.732125	5857
1	59467	0.73225	5858
1	59477	0.732375	5859
1	59487	0.7325	5860
1	59497	0.732625	5861
1	59507	0.73275	5862
1	59521	0.732875	5863
1	59531	0.733	5864
1	59541	0.733125	5865
1	59551	0.73325	5866
1	59561	0.733375	5867
1	59571	0.7335	5868
1	59581	0.733625	5869
1	59591	0.73375	5870
1	59601	0.733875	5871
1	59611	0.734	5872
1	59621	0.734125	5873
1	59631	0.73425	5874
1	59641	0.734375	5875
1	59651	0.7345	5876
1	59661	0.734625	5877
1	59671	0.73475	5878
1	59681	0.734875	5879
1	59691	0.735	5880
1	59701	0.735125	5881
1	59711	0.73525	5882
1	59721	0.735375	5883
1	59731	0.7355	5884
1	59741	0.735625	5885
1	59751	0.73575	5886
1	59761	0.735875	5887
1	59771	0.736	5888
1	59781	0.736125	5889
1	59795	0.73625	5890
1	59805	0.736375	5891
1	59815	0.7365	5892
1	59825	0.736625	5893
1	59835	0.73675	5894
1	59845	0.736875	5895
1	59855	0.737	5896
1	59865	0.737125	5897
1	59875	0.73725	5898
1	59885	0.737375	5899
1	59895	0.7375	5900
1	59905	0.737625	5901
1	59915	0.73775	5902
1	59925	0.737875	5903
1	59935	0.738	5904
1	59945	0.738125	5905
1	59955	0.73825	5906
1	59965	0.738375	5907
1	59975	0.7385	5908
1	59985	0.738625	5909
1	59995	0.73875	5910
1	60005	0.738875	5911
1	60015	0.739	5912
1	60025	0.739125	5913
1	60035	0.73925	5914
1	60045	0.739375	5915
1	60059	0.7395	5916
1	60069	0.739625	5917
1	60079	0.73975	5918
1	60089	0.739875	5919
1	60099	0.74	5920
1	60109	0.740125	5921
1	60119	0.74025	5922
1	60129	0.740375	5923
1	60139	0.7405	5924
1	60149	0.740625	5925
1	60159	0.74075	5926
1	60169	0.740875	5927
1	60179	0.741	5928
1	60189	0.741125	5929
1	60199	0.74125	5930
1	60209	0.741375	5931
1	60219	0.7415	5932
1	60229	0.741625	5933
1	60239	0.74175	5934
1	60249	0.741875	5935
1	60259	0.742	5936
1	60269	0.742125	5937
1	60279	0.74225	5938
1	60289	0.742375	5939
1	60299	0.7425	5940
1	60309	0.742625	5941
1	60323	0.74275	5942
1	60333	0.742875	5943
1	60343	0.743	5944
1	60353	0.743125	5945
1	60363	0.74325	5946
1	60373	0.743375	5947
1	60383	0.7435	5948
1	60393	0.743625	5949
1	60403	0.74375	5950
1	60413	0.743875	5951
1	60423	0.744	5952
1	60433	0.744125	5953
1	60443	0.74425	5954
1	60453	0.744375	5955
1	60463	0.7445	5956
1	60473	0.744625	5957
1	60483	0.74475	5958
1	60493	0.744875	5959
1	60503	0.745	5960
1	60513	0.745125	5961
1	60523	0.74525	5962
1	60533	0.745375	5963
1	60543	0.7455	5964
1	60553	0.745625	5965
1	60563	0.74575	5966
1	60573	0.745875	5967
1	60587	0.746	5968
1	60597	0.746125	5969
1	60607	0.74625	5970
1	60617	0.746375	5971
1	60627	0.7465	5972
1	60637	0.746625	5973
1	60647	0.74675	5974
1	60657	0.746875	5975
1	60667	0.747	5976
1	60677	0.747125	5977
1	60687	0.74725	5978
1	60697	0.747375	5979
1	60707	0.7475	5980
1	60717	0.747625	5981
1	60727	0.74775	5982
1	60737	0.747875	5983
1	60747	0.748	5984
1	60757	0.748125	5985
1	60767	0.74825	5986
1	60777	0.748375	5987
1	60787	0.7485	5988
1	60797	0.748625	5989
1	60807	0.74875	5990
1	60817	0.748875	5991
1	60827	0.749	5992
1	60837	0.749125	5993
1	60851	0.74925	5994
1	60861	0.749375	5995
1	60871	0.7495	5996
1	60881	0.749625	5997
1	60891	0.74975	5998
1	60901	0.749875	5999
1	60911	0.75	6000
1	60921	0.750125	6001
1	60931	0.75025	6002
1	60941	0.750375	6003
1	60951	0.7505	6004
1	60961	0.750625	6005
1	60971	0.75075	6006
1	60981	0.750875	6007
1	60991	0.751	6008
1	61001	0.751125	6009
1	61011	0.75125	6010
1	61021	0.751375	6011
1	61031	0.7515	6012
1	61041	0.751625	6013
1	61051	0.75175	6014
1	61061	0.751875	6015
1	61071	0.752	6016
1	61081	0.752125	6017
1	61091	0.75225	6018
1	61101	0.752375	6019
1	61111	0.7525	6020
1	61125	0.752625	6021
1	61135	0.75275	6022
1	61145	0.752875	6023
1	61155	0.753	6024
1	61165	0.753125	6025
1	61175	0.75325	6026
1	61185	0.753375	6027
1	61195	0.7535	6028
1	61205	0.753625	6029
1	61215	0.75375	6030
1	61225	0.753875	6031
1	61235	0.754	6032
1	61245	0.754125	6033
1	61255	0.75425	6034
1	61265	0.754375	6035
1	61275	0.7545	6036
1	61285	0.754625	6037
1	61295	0.75475	6038
1	61305	0.754875	6039
1	61315	0.755	6040
1	61325	0.755125	6041
1	61335	0.75525	6042
1	61345	0.755375	6043
1	61355	0.7555	6044
1	61365	0.755625	6045
1	61375	0.75575	6046
1	61389	0.755875	6047
1	61399	0.756	6048
1	61409	0.756125	6049
1	61419	0.75625	6050
1	61429	0.756375	6051
1	61439	0.7565	6052
1	61449	0.756625	6053
1	61459	0.75675	6054
1	61469	0.756875	6055
1	61479	0.757	6056
1	61489	0.757125	6057
1	61499	0.75725	6058
1	61509	0.757375	6059
1	61519	0.7575	6060
1	61529	0.757625	6061
1	61539	0.75775	6062
1	61549	0.757875	6063
1	61559	0.758	6064
1	61569	0.758125	6065
1	61579	0.75825	6066
1	61589	0.758375	6067
1	61599	0.7585	6068
1	61609	0.758625	6069
1	61619	0.75875	6070
1	61629	0.758875	6071
1	61639	0.759	6072
1	61653	0.759125	6073
1	61663	0.75925	6074
1	61673	0.759375	6075
1	61683	0.7595	6076
1	61693	0.759625	6077
1	61703	0.75975	6078
1	61713	0.759875	6079
1	61723	0.76	6080
1	61733	0.760125	6081
1	61743	0.76025	6082
1	61753	0.760375	6083
1	61763	0.7605	6084
1	61773	0.760625	6085
1	61783	0.76075	6086
1	61793	0.760875	6087
1	61803	0.761	6088
1	61813	0.761125	6089
1	61823	0.76125	6090
1	61833	0.761375	6091
1	61843	0.7615	6092
1	61853	0.761625	6093
1	61863	0.76175	6094
1	61873	0.761875	6095
1	61883	0.762	6096
1	61893	0.762125	6097
1	61903	0.76225	6098
1	61917	0.762375	6099
1	61927	0.7625	6100
1	61937	0.762625	6101
1	61947	0.76275	6102
1	61957	0.762875	6103
1	61967	0.763	6104
1	61977	0.763125	6105
1	61987	0.76325	6106
1	61997	0.763375	6107
1	62007	0.7635	6108
1	62017	0.763625	6109
1	62027	0.76375	6110
1	62037	0.763875	6111
1	62047	0.764	6112
1	62057	0.764125	6113
1	62067	0.76425	6114
1	62077	0.764375	6115
1	62087	0.7645	6116
1	62097	0.764625	6117
1	62107	0.76475	6118
1	62117	0.764875	6119
1	62127	0.765	6120
1	62137	0.765125	6121
1	62147	0.76525	6122
1	62157	0.765375	6123
1	62167	0.7655	6124
1	62181	0.765625	6125
1	62191	0.76575	6126
1	62201	0.765875	6127
1	62211	0.766	6128
1	62221	0.766125	6129
1	62231	0.76625	6130
1	62241	0.766375	6131
1	62251	0.7665	6132
1	62261	0.766625	6133
1	62271	0.76675	6134
1	62281	0.766875	6135
1	62291	0.767	6136
1	62301	0.767125	6137
1	62311	0.76725	6138
1	62321	0.767375	6139
1	62331	0.7675	6140
1	62341	0.767625	6141
1	62351	0.76775	6142
1	62361	0.767875	6143
1	62371	0.768	6144
1	62381	0.768125	6145
1	62391	0.76825	6146
1	62401	0.768375	6147
1	62411	0.7685	6148
1	62421	0.768625	6149
1	62431	0.76875	6150
1	62445	0.768875	6151
1	62455	0.769	6152
1	62465	0.769125	6153
1	62475	0.76925	6154
1	62485	0.769375	6155
1	62495	0.7695	6156
1	62505	0.769625	6157
1	62515	0.76975	6158
1	62525	0.769875	6159
1	62535	0.77	6160
1	62545	0.770125	6161
1	62555	0.77025	6162
1	62565	0.770375	6163
1	62575	0.7705	6164
1	62585	0.770625	6165
1	62595	0.77075	6166
1	62605	0.770875	6167
1	62615	0.771	6168
1	62625	0.771125	6169
1	62635	0.77125	6170
1	62645	0.771375	6171
1	62655	0.7715	6172
1	62665	0.771625	6173
1	62675	0.77175	6174
1	62685	0.771875	6175
1	62695	0.772	6176
1	62705	0.772125	6177
1	62719	0.77225	6178
1	62729	0.772375	6179
1	62739	0.7725	6180
1	62749	0.772625	6181
1	62759	0.77275	6182
1	62769	0.772875	6183
1	62779	0.773	6184
1	62789	0.773125	6185
1	62799	0.77325	6186
1	62809	0.773375	6187
1	62819	0.7735	6188
1	62829	0.773625	6189
1	62839	0.77375	6190
1	62849	0.773875	6191
1	62859	0.774	6192
1	62869	0.774125	6193
1	62879	0.77425	6194
1	62889	0.774375	6195
1	62899	0.7745	6196
1	62909	0.774625	6197
1	62919	0.77475	6198
1	62929	0.774875	6199
1	62939	0.775	6200
1	62949	0.775125	6201
1	62959	0.77525	6202
1	62969	0.775375	6203
1	62983	0.7755	6204
1	62993	0.775625	6205
1	63003	0.77575	6206
1	63013	0.775875	6207
1	63023	0.776	6208
1	63033	0.776125	6209
1	63043	0.77625	6210
1	63053	0.776375	6211
1	63063	0.7765	6212
1	63073	0.776625	6213
1	63083	0.77675	6214
1	63093	0.776875	6215
1	63103	0.777	6216
1	63113	0.777125	6217
1	63123	0.77725	6218
1	63133	0.777375	6219
1	63143	0.7775	6220
1	63153	0.777625	6221
1	63163	0.77775	6222
1	63173	0.777875	6223
1	63183	0.778	6224
1	63193	0.778125	6225
1	63203	0.77825	6226
1	63213	0.778375	6227
1	63223	0.7785	6228
1	63233	0.778625	6229
1	63247	0.77875	6230
1	63257	0.778875	6231
1	63267	0.779	6232
1	63277	0.779125	6233
1	63287	0.77925	6234
1	63297	0.779375	6235
1	63307	0.7795	6236
1	63317	0.779625	6237
1	63327	0.77975	6238
1	63337	0.779875	6239
1	63347	0.78	6240
1	63357	0.780125	6241
1	63367	0.78025	6242
1	63377	0.780375	6243
1	63387	0.7805	6244
1	63397	0.780625	6245
1	63407	0.78075	6246
1	63417	0.780875	6247
1	63427	0.781	6248
1	63437	0.781125	6249
1	63447	0.78125	6250
1	63457	0.781375	6251
1	63467	0.7815	6252
1	63477	0.781625	6253
1	63487	0.78175	6254
1	63497	0.781875	6255
1	63511	0.782	6256
1	63521	0.782125	6257
1	63531	0.78225	6258
1	63541	0.782375	6259
1	63551	0.7825	6260
1	63561	0.782625	6261
1	63571	0.78275	6262
1	63581	0.782875	6263
1	63591	0.783	6264
1	63601	0.783125	6265
1	63611	0.78325	6266
1	63621	0.783375	6267
1	63631	0.7835	6268
1	63641	0.783625	6269
1	63651	0.78375	6270
1	63661	0.783875	6271
1	63671	0.784	6272
1	63681	0.784125	6273
1	63691	0.78425	6274
1	63701	0.784375	6275
1	63711	0.7845	6276
1	63721	0.784625	6277
1	63731	0.78475	6278
1	63741	0.784875	6279
1	63751	0.785	6280
1	63761	0.785125	6281
1	63775	0.78525	6282
1	63785	0.785375	6283
1	63795	0.7855	6284
1	63805	0.785625	6285
1	63815	0.78575	6286
1	63825	0.785875	6287
1	63835	0.786	6288
1	63845	0.786125	6289
1	63855	0.78625	6290
1	63865	0.786375	6291
1	63875	0.7865	6292
1	63885	0.786625	6293
1	63895	0.78675	6294
1	63905	0.786875	6295
1	63915	0.787	6296
1	63925	0.787125	6297
1	63935	0.78725	6298
1	63945	0.787375	6299
1	63955	0.7875	6300
1	63965	0.787625	6301
1	63975	0.78775	6302
1	63985	0.787875	6303
1	63995	0.788	6304
1	64005	0.788125	6305
1	64015	0.78825	6306
1	64025	0.788375	6307
1	64039	0.7885	6308
1	64049	0.788625	6309
1	64059	0.78875	6310
1	64069	0.788875	6311
1	64079	0.789	6312
1	64089	0.789125	6313
1	64099	0.78925	6314
1	64109	0.789375	6315
1	64119	0.7895	6316
1	64129	0.789625	6317
1	64139	0.78975	6318
1	64149	0.789875	6319
1	64159	0.79	6320
1	64169	0.790125	6321
1	64179	0.79025	6322
1	64189	0.790375	6323
1	64199	0.7905	6324
1	64209	0.790625	6325
1	64219	0.79075	6326
1	64229	0.790875	6327
1	64239	0.791	6328
1	64249	0.791125	6329
1	64259	0.79125	6330
1	64269	0.791375	6331
1	64279	0.7915	6332
1	64289	0.791625	6333
1	64299	0.79175	6334
1	64313	0.791875	6335
1	64323	0.792	6336
1	64333	0.792125	6337
1	64343	0.79225	6338
1	64353	0.792375	6339
1	64363	0.7925	6340
1	64373	0.792625	6341
1	64383	0.79275	6342
1	64393	0.792875	6343
1	64403	0.793	6344
1	64413	0.793125	6345
1	64423	0.79325	6346
1	64433	0.793375	6347
1	64443	0.7935	6348
1	64453	0.793625	6349
1	64463	0.79375	6350
1	64473	0.793875	6351
1	64483	0.794	6352
1	64493	0.794125	6353
1	64503	0.79425	6354
1	64513	0.794375	6355
1	64523	0.7945	6356
1	64533	0.794625	6357
1	64543	0.79475	6358
1	64553	0.794875	6359
1	64563	0.795	6360
1	64577	0.795125	6361
1	64587	0.79525	6362
1	64597	0.795375	6363
1	64607	0.7955	6364
1	64617	0.795625	6365
1	64627	0.79575	6366
1	64637	0.795875	6367
1	64647	0.796	6368
1	64657	0.796125	6369
1	64667	0.79625	6370
1	64677	0.796375	6371
1	64687	0.7965	6372
1	64697	0.796625	6373
1	64707	0.79675	6374
1	64717	0.796875	6375
1	64727	0.797	6376
1	64737	0.797125	6377
1	64747	0.79725	6378
1	64757	0.797375	6379
1	64767	0.7975	6380
1	64777	0.797625	6381
1	64787	0.79775	6382
1	64797	0.797875	6383
1	64807	0.798	6384
1	64817	0.798125	6385
1	64827	0.79825	6386
1	64841	0.798375	6387
1	64851	0.7985	6388
1	64861	0.798625	6389
1	64871	0.79875	6390
1	64881	0.798875	6391
1	64891	0.799	6392
1	64901	0.799125	6393
1	64911	0.79925	6394
1	64921	0.799375	6395
1	64931	0.7995	6396
1	64941	0.799625	6397
1	64951	0.79975	6398
1	64961	0.799875	6399
1	64971	0.8	6400
1	64981	0.800125	6401
1	64991	0.80025	6402
1	65001	0.800375	6403
1	65011	0.8005	6404
1	65021	0.800625	6405
1	65031	0.80075	6406
1	65041	0.800875	6407
1	65051	0.801	6408
1	65061	0.801125	6409
1	65071	0.80125	6410
1	65081	0.801375	6411
1	65091	0.8015	6412
1	65105	0.801625	6413
1	65115	0.80175	6414
1	65125	0.801875	6415
1	65135	0.802	6416
1	65145	0.802125	6417
1	65155	0.80225	6418
1	65165	0.802375	6419
1	65175	0.8025	6420
1	65185	0.802625	6421
1	65195	0.80275	6422
1	65205	0.802875	6423
1	65215	0.803	6424
1	65225	0.803125	6425
1	65235	0.80325	6426
1	65245	0.803375	6427
1	65255	0.8035	6428
1	65265	0.803625	6429
1	65275	0.80375	6430
1	65285	0.803875	6431
1	65295	0.804	6432
1	65305	0.804125	6433
1	65315	0.80425	6434
1	65325	0.804375	6435
1	65335	0.8045	6436
1	65345	0.804625	6437
1	65355	0.80475	6438
1	65369	0.804875	6439
1	65379	0.805	6440
1	65389	0.805125	6441
1	65399	0.80525	6442
1	65409	0.805375	6443
1	65419	0.8055	6444
1	65429	0.805625	6445
1	65439	0.80575	6446
1	65449	0.805875	6447
1	65459	0.806	6448
1	65469	0.806125	6449
1	65479	0.80625	6450
1	65489	0.806375	6451
1	65499	0.8065	6452
1	65509	0.806625	6453
1	65519	0.80675	6454
1	65529	0.806875	6455
1	65539	0.807	6456
1	65549	0.807125	6457
1	65559	0.80725	6458
1	65569	0.807375	6459
1	65579	0.8075	6460
1	65589	0.807625	6461
1	65599	0.80775	6462
1	65609	0.807875	6463
1	65619	0.808	6464
1	65633	0.808125	6465
1	65643	0.80825	6466
1	65653	0.808375	6467
1	65663	0.8085	6468
1	65673	0.808625	6469
1	65683	0.80875	6470
1	65693	0.808875	6471
1	65703	0.809	6472
1	65713	0.809125	6473
1	65723	0.80925	6474
1	65733	0.809375	6475
1	65743	0.8095	6476
1	65753	0.809625	6477
1	65763	0.80975	6478
1	65773	0.809875	6479
1	65783	0.81	6480
1	65793	0.810125	6481
1	65803	0.81025	6482
1	65813	0.810375	6483
1	65823	0.8105	6484
1	65833	0.810625	6485
1	65843	0.81075	6486
1	65853	0.810875	6487
1	65863	0.811	6488
1	65873	0.811125	6489
1	65883	0.81125	6490
1	65893	0.811375	6491
1	65907	0.8115	6492
1	65917	0.811625	6493
1	65927	0.81175	6494
1	65937	0.811875	6495
1	65947	0.812	6496
1	65957	0.812125	6497
1	65967	0.81225	6498
1	65977	0.812375	6499
1	65987	0.8125	6500
1	65997	0.812625	6501
1	66007	0.81275	6502
1	66017	0.812875	6503
1	66027	0.813	6504
1	66037	0.813125	6505
1	66047	0.81325	6506
1	66057	0.813375	6507
1	66067	0.8135	6508
1	66077	0.813625	6509
1	66087	0.81375	6510
1	66097	0.813875	6511
1	66107	0.814	6512
1	66117	0.814125	6513
1	66127	0.81425	6514
1	66137	0.814375	6515
1	66147	0.8145	6516
1	66157	0.814625	6517
1	66171	0.81475	6518
1	66181	0.814875	6519
1	66191	0.815	6520
1	66201	0.815125	6521
1	66211	0.81525	6522
1	66221	0.815375	6523
1	66231	0.8155	6524
1	66241	0.815625	6525
1	66251	0.81575	6526
1	66261	0.815875	6527
1	66271	0.816	6528
1	66281	0.816125	6529
1	66291	0.81625	6530
1	66301	0.816375	6531
1	66311	0.8165	6532
1	66321	0.816625	6533
1	66331	0.81675	6534
1	66341	0.816875	6535
1	66351	0.817	6536
1	66361	0.817125	6537
1	66371	0.81725	6538
1	66381	0.817375	6539
1	66391	0.8175	6540
1	66401	0.817625	6541
1	66411	0.81775	6542
1	66421	0.817875	6543
1	66435	0.818	6544
1	66445	0.818125	6545
1	66455	0.81825	6546
1	66465	0.818375	6547
1	66475	0.8185	6548
1	66485	0.818625	6549
1	66495	0.81875	6550
1	66505	0.818875	6551
1	66515	0.819	6552
1	66525	0.819125	6553
1	66535	0.81925	6554
1	66545	0.819375	6555
1	66555	0.8195	6556
1	66565	0.819625	6557
1	66575	0.81975	6558
1	66585	0.819875	6559
1	66595	0.82	6560
1	66605	0.820125	6561
1	66615	0.82025	6562
1	66625	0.820375	6563
1	66635	0.8205	6564
1	66645	0.820625	6565
1	66655	0.82075	6566
1	66665	0.820875	6567
1	66675	0.821	6568
1	66685	0.821125	6569
1	66699	0.82125	6570
1	66709	0.821375	6571
1	66719	0.8215	6572
1	66729	0.821625	6573
1	66739	0.82175	6574
1	66749	0.821875	6575
1	66759	0.822	6576
1	66769	0.822125	6577
1	66779	0.82225	6578
1	66789	0.822375	6579
1	66799	0.8225	6580
1	66809	0.822625	6581
1	66819	0.82275	6582
1	66829	0.822875	6583
1	66839	0.823	6584
1	66849	0.823125	6585
1	66859	0.82325	6586
1	66869	0.823375	6587
1	66879	0.8235	6588
1	66889	0.823625	6589
1	66899	0.82375	6590
1	66909	0.823875	6591
1	66919	0.824	6592
1	66929	0.824125	6593
1	66939	0.82425	6594
1	66949	0.824375	6595
1	66963	0.8245	6596
1	66973	0.824625	6597
1	66983	0.82475	6598
1	66993	0.824875	6599
1	67003	0.825	6600
1	67013	0.825125	6601
1	67023	0.82525	6602
1	67033	0.825375	6603
1	67043	0.8255	6604
1	67053	0.825625	6605
1	67063	0.82575	6606
1	67073	0.825875	6607
1	67083	0.826	6608
1	67093	0.826125	6609
1	67103	0.82625	6610
1	67113	0.826375	6611
1	67123	0.8265	6612
1	67133	0.826625	6613
1	67143	0.82675	6614
1	67153	0.826875	6615
1	67163	0.827	6616
1	67173	0.827125	6617
1	67183	0.82725	6618
1	67193	0.827375	6619
1	67203	0.8275	6620
1	67213	0.827625	6621
1	67223	0.82775	6622
1	67237	0.827875	6623
1	67247	0.828	6624
1	67257	0.828125	6625
1	67267	0.82825	6626
1	67277	0.828375	6627
1	67287	0.8285	6628
1	67297	0.828625	6629
1	67307	0.82875	6630
1	67317	0.828875	6631
1	67327	0.829	6632
1	67337	0.829125	6633
1	67347	0.82925	6634
1	67357	0.829375	6635
1	67367	0.8295	6636
1	67377	0.829625	6637
1	67387	0.82975	6638
1	67397	0.829875	6639
1	67407	0.83	6640
1	67417	0.830125	6641
1	67427	0.83025	6642
1	67437	0.830375	6643
1	67447	0.8305	6644
1	67457	0.830625	6645
1	67467	0.83075	6646
1	67477	0.830875	6647
1	67487	0.831	6648
1	67501	0.831125	6649
1	67511	0.83125	6650
1	67521	0.831375	6651
1	67531	0.8315	6652
1	67541	0.831625	6653
1	67551	0.83175	6654
1	67561	0.831875	6655
1	67571	0.832	6656
1	67581	0.832125	6657
1	67591	0.83225	6658
1	67601	0.832375	6659
1	67611	0.8325	6660
1	67621	0.832625	6661
1	67631	0.83275	6662
1	67641	0.832875	6663
1	67651	0.833	6664
1	67661	0.833125	6665
1	67671	0.83325	6666
1	67681	0.833375	6667
1	67691	0.8335	6668
1	67701	0.833625	6669
1	67711	0.83375	6670
1	67721	0.833875	6671
1	67731	0.834	6672
1	67741	0.834125	6673
1	67751	0.83425	6674
1	67765	0.834375	6675
1	67775	0.8345	6676
1	67785	0.834625	6677
1	67795	0.83475	6678
1	67805	0.834875	6679
1	67815	0.835	6680
1	67825	0.835125	6681
1	67835	0.83525	6682
1	67845	0.835375	6683
1	67855	0.8355	6684
1	67865	0.835625	6685
1	67875	0.83575	6686
1	67885	0.835875	6687
1	67895	0.836	6688
1	67905	0.836125	6689
1	67915	0.83625	6690
1	67925	0.836375	6691
1	67935	0.8365	6692
1	67945	0.836625	6693
1	67955	0.83675	6694
1	67965	0.836875	6695
1	67975	0.837	6696
1	67985	0.837125	6697
1	67995	0.83725	6698
1	68005	0.837375	6699
1	68015	0.8375	6700
1	68029	0.837625	6701
1	68039	0.83775	6702
1	68049	0.837875	6703
1	68059	0.838	6704
1	68069	0.838125	6705
1	68079	0.83825	6706
1	68089	0.838375	6707
1	68099	0.8385	6708
1	68109	0.838625	6709
1	68119	0.83875	6710
1	68129	0.838875	6711
1	68139	0.839	6712
1	68149	0.839125	6713
1	68159	0.83925	6714
1	68169	0.839375	6715
1	68179	0.8395	6716
1	68189	0.839625	6717
1	68199	0.83975	6718
1	68209	0.839875	6719
1	68219	0.84	6720
1	68229	0.840125	6721
1	68239	0.84025	6722
1	68249	0.840375	6723
1	68259	0.8405	6724
1	68269	0.840625	6725
1	68279	0.84075	6726
1	68293	0.840875	6727
1	68303	0.841	6728
1	68313	0.841125	6729
1	68323	0.84125	6730
1	68333	0.841375	6731
1	68343	0.8415	6732
1	68353	0.841625	6733
1	68363	0.84175	6734
1	68373	0.841875	6735
1	68383	0.842	6736
1	68393	0.842125	6737
1	68403	0.84225	6738
1	68413	0.842375	6739
1	68423	0.8425	6740
1	68433	0.842625	6741
1	68443	0.84275	6742
1	68453	0.842875	6743
1	68463	0.843	6744
1	68473	0.843125	6745
1	68483	0.84325	6746
1	68493	0.843375	6747
1	68503	0.8435	6748
1	68513	0.843625	6749
1	68523	0.84375	6750
1	68533	0.843875	6751
1	68543	0.844	6752
1	68557	0.844125	6753
1	68567	0.84425	6754
1	68577	0.844375	6755
1	68587	0.8445	6756
1	68597	0.844625	6757
1	68607	0.84475	6758
1	68617	0.844875	6759
1	68627	0.845	6760
1	68637	0.845125	6761
1	68647	0.84525	6762
1	68657	0.845375	6763
1	68667	0.8455	6764
1	68677	0.845625	6765
1	68687	0.84575	6766
1	68697	0.845875	6767
1	68707	0.846	6768
1	68717	0.846125	6769
1	68727	0.84625	6770
1	68737	0.846375	6771
1	68747	0.8465	6772
1	68757	0.846625	6773
1	68767	0.84675	6774
1	68777	0.846875	6775
1	68787	0.847	6776
1	68797	0.847125	6777
1	68807	0.84725	6778
1	68817	0.847375	6779
1	68831	0.8475	6780
1	68841	0.847625	6781
1	68851	0.84775	6782
1	68861	0.847875	6783
1	68871	0.848	6784
1	68881	0.848125	6785
1	68891	0.84825	6786
1	68901	0.848375	6787
1	68911	0.8485	6788
1	68921	0.848625	6789
1	68931	0.84875	6790
1	68941	0.848875	6791
1	68951	0.849	6792
1	68961	0.849125	6793
1	68971	0.84925	6794
1	68981	0.849375	6795
1	68991	0.8495	6796
1	69001	0.849625	6797
1	69011	0.84975	6798
1	69021	0.849875	6799
1	69031	0.85	6800
1	69041	0.850125	6801
1	69051	0.85025	6802
1	69061	0.850375	6803
1	69071	0.8505	6804
1	69081	0.850625	6805
1	69095	0.85075	6806
1	69105	0.850875	6807
1	69115	0.851	6808
1	69125	0.851125	6809
1	69135	0.85125	6810
1	69145	0.851375	6811
1	69155	0.8515	6812
1	69165	0.851625	6813
1	69175	0.85175	6814
1	69185	0.851875	6815
1	69195	0.852	6816
1	69205	0.852125	6817
1	69215	0.85225	6818
1	69225	0.852375	6819
1	69235	0.8525	6820
1	69245	0.852625	6821
1	69255	0.85275	6822
1	69265	0.852875	6823
1	69275	0.853	6824
1	69285	0.853125	6825
1	69295	0.85325	6826
1	69305	0.853375	6827
1	69315	0.8535	6828
1	69325	0.853625	6829
1	69335	0.85375	6830
1	69345	0.853875	6831
1	69359	0.854	6832
1	69369	0.854125	6833
1	69379	0.85425	6834
1	69389	0.854375	6835
1	69399	0.8545	6836
1	69409	0.854625	6837
1	69419	0.85475	6838
1	69429	0.854875	6839
1	69439	0.855	6840
1	69449	0.855125	6841
1	69459	0.85525	6842
1	69469	0.855375	6843
1	69479	0.8555	6844
1	69489	0.855625	6845
1	69499	0.85575	6846
1	69509	0.855875	6847
1	69519	0.856	6848
1	69529	0.856125	6849
1	69539	0.85625	6850
1	69549	0.856375	6851
1	69559	0.8565	6852
1	69569	0.856625	6853
1	69579	0.85675	6854
1	69589	0.856875	6855
1	69599	0.857	6856
1	69609	0.857125	6857
1	69623	0.85725	6858
1	69633	0.857375	6859
1	69643	0.8575	6860
1	69653	0.857625	6861
1	69663	0.85775	6862
1	69673	0.857875	6863
1	69683	0.858	6864
1	69693	0.858125	6865
1	69703	0.85825	6866
1	69713	0.858375	6867
1	69723	0.8585	6868
1	69733	0.858625	6869
1	69743	0.85875	6870
1	69753	0.858875	6871
1	69763	0.859	6872
1	69773	0.859125	6873
1	69783	0.85925	6874
1	69793	0.859375	6875
1	69803	0.8595	6876
1	69813	0.859625	6877
1	69823	0.85975	6878
1	69833	0.859875	6879
1	69843	0.86	6880
1	69853	0.860125	6881
1	69863	0.86025	6882
1	69873	0.860375	6883
1	69887	0.8605	6884
1	69897	0.860625	6885
1	69907	0.86075	6886
1	69917	0.860875	6887
1	69927	0.861	6888
1	69937	0.861125	6889
1	69947	0.86125	6890
1	69957	0.861375	6891
1	69967	0.8615	6892
1	69977	0.861625	6893
1	69987	0.86175	6894
1	69997	0.861875	6895
1	70007	0.862	6896
1	70017	0.862125	6897
1	70027	0.86225	6898
1	70037	0.862375	6899
1	70047	0.8625	6900
1	70057	0.862625	6901
1	70067	0.86275	6902
1	70077	0.862875	6903
1	70087	0.863	6904
1	70097	0.863125	6905
1	70107	0.86325	6906
1	70117	0.863375	6907
1	70127	0.8635	6908
1	70137	0.863625	6909
1	70151	0.86375	6910
1	70161	0.863875	6911
1	70171	0.864	6912
1	70181	0.864125	6913
1	70191	0.86425	6914
1	70201	0.864375	6915
1	70211	0.8645	6916
1	70221	0.864625	6917
1	70231	0.86475	6918
1	70241	0.864875	6919
1	70251	0.865	6920
1	70261	0.865125	6921
1	70271	0.86525	6922
1	70281	0.865375	6923
1	70291	0.8655	6924
1	70301	0.865625	6925
1	70311	0.86575	6926
1	70321	0.865875	6927
1	70331	0.866	6928
1	70341	0.866125	6929
1	70351	0.86625	6930
1	70361	0.866375	6931
1	70371	0.8665	6932
1	70381	0.866625	6933
1	70391	0.86675	6934
1	70401	0.866875	6935
1	70411	0.867	6936
1	70425	0.867125	6937
1	70435	0.86725	6938
1	70445	0.867375	6939
1	70455	0.8675	6940
1	70465	0.867625	6941
1	70475	0.86775	6942
1	70485	0.867875	6943
1	70495	0.868	6944
1	70505	0.868125	6945
1	70515	0.86825	6946
1	70525	0.868375	6947
1	70535	0.8685	6948
1	70545	0.868625	6949
1	70555	0.86875	6950
1	70565	0.868875	6951
1	70575	0.869	6952
1	70585	0.869125	6953
1	70595	0.86925	6954
1	70605	0.869375	6955
1	70615	0.8695	6956
1	70625	0.869625	6957
1	70635	0.86975	6958
1	70645	0.869875	6959
1	70655	0.87	6960
1	70665	0.870125	6961
1	70675	0.87025	6962
1	70689	0.870375	6963
1	70699	0.8705	6964
1	70709	0.870625	6965
1	70719	0.87075	6966
1	70729	0.870875	6967
1	70739	0.871	6968
1	70749	0.871125	6969
1	70759	0.87125	6970
1	70769	0.871375	6971
1	70779	0.8715	6972
1	70789	0.871625	6973
1	70799	0.87175	6974
1	70809	0.871875	6975
1	70819	0.872	6976
1	70829	0.872125	6977
1	70839	0.87225	6978
1	70849	0.872375	6979
1	70859	0.8725	6980
1	70869	0.872625	6981
1	70879	0.87275	6982
1	70889	0.872875	6983
1	70899	0.873	6984
1	70909	0.873125	6985
1	70919	0.87325	6986
1	70929	0.873375	6987
1	70939	0.8735	6988
1	70953	0.873625	6989
1	70963	0.87375	6990
1	70973	0.873875	6991
1	70983	0.874	6992
1	70993	0.874125	6993
1	71003	0.87425	6994
1	71013	0.874375	6995
1	71023	0.8745	6996
1	71033	0.874625	6997
1	71043	0.87475	6998
1	71053	0.874875	6999
1	71063	0.875	7000
1	71073	0.875125	7001
1	71083	0.87525	7002
1	71093	0.875375	7003
1	71103	0.8755	7004
1	71113	0.875625	7005
1	71123	0.87575	7006
1	71133	0.875875	7007
1	71143	0.876	7008
1	71153	0.876125	7009
1	71163	0.87625	7010
1	71173	0.876375	7011
1	71183	0.8765	7012
1	71193	0.876625	7013
1	71203	0.87675	7014
1	71217	0.876875	7015
1	71227	0.877	7016
1	71237	0.877125	7017
1	71247	0.87725	7018
1	71257	0.877375	7019
1	71267	0.8775	7020
1	71277	0.877625	7021
1	71287	0.87775	7022
1	71297	0.877875	7023
1	71307	0.878	7024
1	71317	0.878125	7025
1	71327	0.87825	7026
1	71337	0.878375	7027
1	71347	0.8785	7028
1	71357	0.878625	7029
1	71367	0.87875	7030
1	71377	0.878875	7031
1	71387	0.879	7032
1	71397	0.879125	7033
1	71407	0.87925	7034
1	71417	0.879375	7035
1	71427	0.8795	7036
1	71437	0.879625	7037
1	71447	0.87975	7038
1	71457	0.879875	7039
1	71467	0.88	7040
1	71481	0.880125	7041
1	71491	0.88025	7042
1	71501	0.880375	7043
1	71511	0.8805	7044
1	71521	0.880625	7045
1	71531	0.88075	7046
1	71541	0.880875	7047
1	71551	0.881	7048
1	71561	0.881125	7049
1	71571	0.88125	7050
1	71581	0.881375	7051
1	71591	0.8815	7052
1	71601	0.881625	7053
1	71611	0.88175	7054
1	71621	0.881875	7055
1	71631	0.882	7056
1	71641	0.882125	7057
1	71651	0.88225	7058
1	71661	0.882375	7059
1	71671	0.8825	7060
1	71681	0.882625	7061
1	71691	0.88275	7062
1	71701	0.882875	7063
1	71711	0.883	7064
1	71721	0.883125	7065
1	71731	0.88325	7066
1	71745	0.883375	7067
1	71755	0.8835	7068
1	71765	0.883625	7069
1	71775	0.88375	7070
1	71785	0.883875	7071
1	71795	0.884	7072
1	71805	0.884125	7073
1	71815	0.88425	7074
1	71825	0.884375	7075
1	71835	0.8845	7076
1	71845	0.884625	7077
1	71855	0.88475	7078
1	71865	0.884875	7079
1	71875	0.885	7080
1	71885	0.885125	7081
1	71895	0.88525	7082
1	71905	0.885375	7083
1	71915	0.8855	7084
1	71925	0.885625	7085
1	71935	0.88575	7086
1	71945	0.885875	7087
1	71955	0.886	7088
1	71965	0.886125	7089
1	71975	0.88625	7090
1	71985	0.886375	7091
1	71995	0.8865	7092
1	72005	0.886625	7093
1	72019	0.88675	7094
1	72029	0.886875	7095
1	72039	0.887	7096
1	72049	0.887125	7097
1	72059	0.88725	7098
1	72069	0.887375	7099
1	72079	0.8875	7100
1	72089	0.887625	7101
1	72099	0.88775	7102
1	72109	0.887875	7103
1	72119	0.888	7104
1	72129	0.888125	7105
1	72139	0.88825	7106
1	72149	0.888375	7107
1	72159	0.8885	7108
1	72169	0.888625	7109
1	72179	0.88875	7110
1	72189	0.888875	7111
1	72199	0.889	7112
1	72209	0.889125	7113
1	72219	0.88925	7114
1	72229	0.889375	7115
1	72239	0.8895	7116
1	72249	0.889625	7117
1	72259	0.88975	7118
1	72269	0.889875	7119
1	72283	0.89	7120
1	72293	0.890125	7121
1	72303	0.89025	7122
1	72313	0.890375	7123
1	72323	0.8905	7124
1	72333	0.890625	7125
1	72343	0.89075	7126
1	72353	0.890875	7127
1	72363	0.891	7128
1	72373	0.891125	7129
1	72383	0.89125	7130
1	72393	0.891375	7131
1	72403	0.8915	7132
1	72413	0.891625	7133
1	72423	0.89175	7134
1	72433	0.891875	7135
1	72443	0.892	7136
1	72453	0.892125	7137
1	72463	0.89225	7138
1	72473	0.892375	7139
1	72483	0.8925	7140
1	72493	0.892625	7141
1	72503	0.89275	7142
1	72513	0.892875	7143
1	72523	0.893	7144
1	72533	0.893125	7145
1	72547	0.89325	7146
1	72557	0.893375	7147
1	72567	0.8935	7148
1	72577	0.893625	7149
1	72587	0.89375	7150
1	72597	0.893875	7151
1	72607	0.894	7152
1	72617	0.894125	7153
1	72627	0.89425	7154
1	72637	0.894375	7155
1	72647	0.8945	7156
1	72657	0.894625	7157
1	72667	0.89475	7158
1	72677	0.894875	7159
1	72687	0.895	7160
1	72697	0.895125	7161
1	72707	0.89525	7162
1	72717	0.895375	7163
1	72727	0.8955	7164
1	72737	0.895625	7165
1	72747	0.89575	7166
1	72757	0.895875	7167
1	72767	0.896	7168
1	72777	0.896125	7169
1	72787	0.89625	7170
1	72797	0.896375	7171
1	72811	0.8965	7172
1	72821	0.896625	7173
1	72831	0.89675	7174
1	72841	0.896875	7175
1	72851	0.897	7176
1	72861	0.897125	7177
1	72871	0.89725	7178
1	72881	0.897375	7179
1	72891	0.8975	7180
1	72901	0.897625	7181
1	72911	0.89775	7182
1	72921	0.897875	7183
1	72931	0.898	7184
1	72941	0.898125	7185
1	72951	0.89825	7186
1	72961	0.898375	7187
1	72971	0.8985	7188
1	72981	0.898625	7189
1	72991	0.89875	7190
1	73001	0.898875	7191
1	73011	0.899	7192
1	73021	0.899125	7193
1	73031	0.89925	7194
1	73041	0.899375	7195
1	73051	0.8995	7196
1	73061	0.899625	7197
1	73075	0.89975	7198
1	73085	0.899875	7199
1	73095	0.9	7200
1	73105	0.900125	7201
1	73115	0.90025	7202
1	73125	0.900375	7203
1	73135	0.9005	7204
1	73145	0.900625	7205
1	73155	0.90075	7206
1	73165	0.900875	7207
1	73175	0.901	7208
1	73185	0.901125	7209
1	73195	0.90125	7210
1	73205	0.901375	7211
1	73215	0.9015	7212
1	73225	0.901625	7213
1	73235	0.90175	7214
1	73245	0.901875	7215
1	73255	0.902	7216
1	73265	0.902125	7217
1	73275	0.90225	7218
1	73285	0.902375	7219
1	73295	0.9025	7220
1	73305	0.902625	7221
1	73315	0.90275	7222
1	73325	0.902875	7223
1	73335	0.903	7224
1	73349	0.903125	7225
1	73359	0.90325	7226
1	73369	0.903375	7227
1	73379	0.9035	7228
1	73389	0.903625	7229
1	73399	0.90375	7230
1	73409	0.903875	7231
1	73419	0.904	7232
1	73429	0.904125	7233
1	73439	0.90425	7234
1	73449	0.904375	7235
1	73459	0.9045	7236
1	73469	0.904625	7237
1	73479	0.90475	7238
1	73489	0.904875	7239
1	73499	0.905	7240
1	73509	0.905125	7241
1	73519	0.90525	7242
1	73529	0.905375	7243
1	73539	0.9055	7244
1	73549	0.905625	7245
1	73559	0.90575	7246
1	73569	0.905875	7247
1	73579	0.906	7248
1	73589	0.906125	7249
1	73599	0.90625	7250
1	73613	0.906375	7251
1	73623	0.9065	7252
1	73633	0.906625	7253
1	73643	0.90675	7254
1	73653	0.906875	7255
1	73663	0.907	7256
1	73673	0.907125	7257
1	73683	0.90725	7258
1	73693	0.907375	7259
1	73703	0.9075	7260
1	73713	0.907625	7261
1	73723	0.90775	7262
1	73733	0.907875	7263
1	73743	0.908	7264
1	73753	0.908125	7265
1	73763	0.90825	7266
1	73773	0.908375	7267
1	73783	0.9085	7268
1	73793	0.908625	7269
1	73803	0.90875	7270
1	73813	0.908875	7271
1	73823	0.909	7272
1	73833	0.909125	7273
1	73843	0.90925	7274
1	73853	0.909375	7275
1	73863	0.9095	7276
1	73877	0.909625	7277
1	73887	0.90975	7278
1	73897	0.909875	7279
1	73907	0.91	7280
1	73917	0.910125	7281
1	73927	0.91025	7282
1	73937	0.910375	7283
1	73947	0.9105	7284
1	73957	0.910625	7285
1	73967	0.91075	7286
1	73977	0.910875	7287
1	73987	0.911	7288
1	73997	0.911125	7289
1	74007	0.91125	7290
1	74017	0.911375	7291
1	74027	0.9115	7292
1	74037	0.911625	7293
1	74047	0.91175	7294
1	74057	0.911875	7295
1	74067	0.912	7296
1	74077	0.912125	7297
1	74087	0.91225	7298
1	74097	0.912375	7299
1	74107	0.9125	7300
1	74117	0.912625	7301
1	74127	0.91275	7302
1	74141	0.912875	7303
1	74151	0.913	7304
1	74161	0.913125	7305
1	74171	0.91325	7306
1	74181	0.913375	7307
1	74191	0.9135	7308
1	74201	0.913625	7309
1	74211	0.91375	7310
1	74221	0.913875	7311
1	74231	0.914	7312
1	74241	0.914125	7313
1	74251	0.91425	7314
1	74261	0.914375	7315
1	74271	0.9145	7316
1	74281	0.914625	7317
1	74291	0.91475	7318
1	74301	0.914875	7319
1	74311	0.915	7320
1	74321	0.915125	7321
1	74331	0.91525	7322
1	74341	0.915375	7323
1	74351	0.9155	7324
1	74361	0.915625	7325
1	74371	0.91575	7326
1	74381	0.915875	7327
1	74391	0.916	7328
1	74405	0.916125	7329
1	74415	0.91625	7330
1	74425	0.916375	7331
1	74435	0.9165	7332
1	74445	0.916625	7333
1	74455	0.91675	7334
1	74465	0.916875	7335
1	74475	0.917	7336
1	74485	0.917125	7337
1	74495	0.91725	7338
1	74505	0.917375	7339
1	74515	0.9175	7340
1	74525	0.917625	7341
1	74535	0.91775	7342
1	74545	0.917875	7343
1	74555	0.918	7344
1	74565	0.918125	7345
1	74575	0.91825	7346
1	74585	0.918375	7347
1	74595	0.9185	7348
1	74605	0.918625	7349
1	74615	0.91875	7350
1	74625	0.918875	7351
1	74635	0.919	7352
1	74645	0.919125	7353
1	74655	0.91925	7354
1	74669	0.919375	7355
1	74679	0.9195	7356
1	74689	0.919625	7357
1	74699	0.91975	7358
1	74709	0.919875	7359
1	74719	0.92	7360
1	74729	0.920125	7361
1	74739	0.92025	7362
1	74749	0.920375	7363
1	74759	0.9205	7364
1	74769	0.920625	7365
1	74779	0.92075	7366
1	74789	0.920875	7367
1	74799	0.921	7368
1	74809	0.921125	7369
1	74819	0.92125	7370
1	74829	0.921375	7371
1	74839	0.9215	7372
1	74849	0.921625	7373
1	74859	0.92175	7374
1	74869	0.921875	7375
1	74879	0.922	7376
1	74889	0.922125	7377
1	74899	0.92225	7378
1	74909	0.922375	7379
1	74919	0.9225	7380
1	74929	0.922625	7381
1	74943	0.92275	7382
1	74953	0.922875	7383
1	74963	0.923	7384
1	74973	0.923125	7385
1	74983	0.92325	7386
1	74993	0.923375	7387
1	75003	0.9235	7388
1	75013	0.923625	7389
1	75023	0.92375	7390
1	75033	0.923875	7391
1	75043	0.924	7392
1	75053	0.924125	7393
1	75063	0.92425	7394
1	75073	0.924375	7395
1	75083	0.9245	7396
1	75093	0.924625	7397
1	75103	0.92475	7398
1	75113	0.924875	7399
1	75123	0.925	7400
1	75133	0.925125	7401
1	75143	0.92525	7402
1	75153	0.925375	7403
1	75163	0.9255	7404
1	75173	0.925625	7405
1	75183	0.92575	7406
1	75193	0.925875	7407
1	75207	0.926	7408
1	75217	0.926125	7409
1	75227	0.92625	7410
1	75237	0.926375	7411
1	75247	0.9265	7412
1	75257	0.926625	7413
1	75267	0.92675	7414
1	75277	0.926875	7415
1	75287	0.927	7416
1	75297	0.927125	7417
1	75307	0.92725	7418
1	75317	0.927375	7419
1	75327	0.9275	7420
1	75337	0.927625	7421
1	75347	0.92775	7422
1	75357	0.927875	7423
1	75367	0.928	7424
1	75377	0.928125	7425
1	75387	0.92825	7426
1	75397	0.928375	7427
1	75407	0.9285	7428
1	75417	0.928625	7429
1	75427	0.92875	7430
1	75437	0.928875	7431
1	75447	0.929	7432
1	75457	0.929125	7433
1	75471	0.92925	7434
1	75481	0.929375	7435
1	75491	0.9295	7436
1	75501	0.929625	7437
1	75511	0.92975	7438
1	75521	0.929875	7439
1	75531	0.93	7440
1	75541	0.930125	7441
1	75551	0.93025	7442
1	75561	0.930375	7443
1	75571	0.9305	7444
1	75581	0.930625	7445
1	75591	0.93075	7446
1	75601	0.930875	7447
1	75611	0.931	7448
1	75621	0.931125	7449
1	75631	0.93125	7450
1	75641	0.931375	7451
1	75651	0.9315	7452
1	75661	0.931625	7453
1	75671	0.93175	7454
1	75681	0.931875	7455
1	75691	0.932	7456
1	75701	0.932125	7457
1	75711	0.93225	7458
1	75721	0.932375	7459
1	75735	0.9325	7460
1	75745	0.932625	7461
1	75755	0.93275	7462
1	75765	0.932875	7463
1	75775	0.933	7464
1	75785	0.933125	7465
1	75795	0.93325	7466
1	75805	0.933375	7467
1	75815	0.9335	7468
1	75825	0.933625	7469
1	75835	0.93375	7470
1	75845	0.933875	7471
1	75855	0.934	7472
1	75865	0.934125	7473
1	75875	0.93425	7474
1	75885	0.934375	7475
1	75895	0.9345	7476
1	75905	0.934625	7477
1	75915	0.93475	7478
1	75925	0.934875	7479
1	75935	0.935	7480
1	75945	0.935125	7481
1	75955	0.93525	7482
1	75965	0.935375	7483
1	75975	0.9355	7484
1	75985	0.935625	7485
1	75999	0.93575	7486
1	76009	0.935875	7487
1	76019	0.936	7488
1	76029	0.936125	7489
1	76039	0.93625	7490
1	76049	0.936375	7491
1	76059	0.9365	7492
1	76069	0.936625	7493
1	76079	0.93675	7494
1	76089	0.936875	7495
1	76099	0.937	7496
1	76109	0.937125	7497
1	76119	0.93725	7498
1	76129	0.937375	7499
1	76139	0.9375	7500
1	76149	0.937625	7501
1	76159	0.93775	7502
1	76169	0.937875	7503
1	76179	0.938	7504
1	76189	0.938125	7505
1	76199	0.93825	7506
1	76209	0.938375	7507
1	76219	0.9385	7508
1	76229	0.938625	7509
1	76239	0.93875	7510
1	76249	0.938875	7511
1	76263	0.939	7512
1	76273	0.939125	7513
1	76283	0.93925	7514
1	76293	0.939375	7515
1	76303	0.9395	7516
1	76313	0.939625	7517
1	76323	0.93975	7518
1	76333	0.939875	7519
1	76343	0.94	7520
1	76353	0.940125	7521
1	76363	0.94025	7522
1	76373	0.940375	7523
1	76383	0.9405	7524
1	76393	0.940625	7525
1	76403	0.94075	7526
1	76413	0.940875	7527
1	76423	0.941	7528
1	76433	0.941125	7529
1	76443	0.94125	7530
1	76453	0.941375	7531
1	76463	0.9415	7532
1	76473	0.941625	7533
1	76483	0.94175	7534
1	76493	0.941875	7535
1	76503	0.942	7536
1	76513	0.942125	7537
1	76523	0.94225	7538
1	76537	0.942375	7539
1	76547	0.9425	7540
1	76557	0.942625	7541
1	76567	0.94275	7542
1	76577	0.942875	7543
1	76587	0.943	7544
1	76597	0.943125	7545
1	76607	0.94325	7546
1	76617	0.943375	7547
1	76627	0.9435	7548
1	76637	0.943625	7549
1	76647	0.94375	7550
1	76657	0.943875	7551
1	76667	0.944	7552
1	76677	0.944125	7553
1	76687	0.94425	7554
1	76697	0.944375	7555
1	76707	0.9445	7556
1	76717	0.944625	7557
1	76727	0.94475	7558
1	76737	0.944875	7559
1	76747	0.945	7560
1	76757	0.945125	7561
1	76767	0.94525	7562
1	76777	0.945375	7563
1	76787	0.9455	7564
1	76801	0.945625	7565
1	76811	0.94575	7566
1	76821	0.945875	7567
1	76831	0.946	7568
1	76841	0.946125	7569
1	76851	0.94625	7570
1	76861	0.946375	7571
1	76871	0.9465	7572
1	76881	0.946625	7573
1	76891	0.94675	7574
1	76901	0.946875	7575
1	76911	0.947	7576
1	76921	0.947125	7577
1	76931	0.94725	7578
1	76941	0.947375	7579
1	76951	0.9475	7580
1	76961	0.947625	7581
1	76971	0.94775	7582
1	76981	0.947875	7583
1	76991	0.948	7584
1	77001	0.948125	7585
1	77011	0.94825	7586
1	77021	0.948375	7587
1	77031	0.9485	7588
1	77041	0.948625	7589
1	77051	0.94875	7590
1	77065	0.948875	7591
1	77075	0.949	7592
1	77085	0.949125	7593
1	77095	0.94925	7594
1	77105	0.949375	7595
1	77115	0.9495	7596
1	77125	0.949625	7597
1	77135	0.94975	7598
1	77145	0.949875	7599
1	77155	0.95	7600
1	77165	0.950125	7601
1	77175	0.95025	7602
1	77185	0.950375	7603
1	77195	0.9505	7604
1	77205	0.950625	7605
1	77215	0.95075	7606
1	77225	0.950875	7607
1	77235	0.951	7608
1	77245	0.951125	7609
1	77255	0.95125	7610
1	77265	0.951375	7611
1	77275	0.9515	7612
1	77285	0.951625	7613
1	77295	0.95175	7614
1	77305	0.951875	7615
1	77315	0.952	7616
1	77329	0.952125	7617
1	77339	0.95225	7618
1	77349	0.952375	7619
1	77359	0.9525	7620
1	77369	0.952625	7621
1	77379	0.95275	7622
1	77389	0.952875	7623
1	77399	0.953	7624
1	77409	0.953125	7625
1	77419	0.95325	7626
1	77429	0.953375	7627
1	77439	0.9535	7628
1	77449	0.953625	7629
1	77459	0.95375	7630
1	77469	0.953875	7631
1	77479	0.954	7632
1	77489	0.954125	7633
1	77499	0.95425	7634
1	77509	0.954375	7635
1	77519	0.9545	7636
1	77529	0.954625	7637
1	77539	0.95475	7638
1	77549	0.954875	7639
1	77559	0.955	7640
1	77569	0.955125	7641
1	77579	0.95525	7642
1	77593	0.955375	7643
1	77603	0.9555	7644
1	77613	0.955625	7645
1	77623	0.95575	7646
1	77633	0.955875	7647
1	77643	0.956	7648
1	77653	0.956125	7649
1	77663	0.95625	7650
1	77673	0.956375	7651
1	77683	0.9565	7652
1	77693	0.956625	7653
1	77703	0.95675	7654
1	77713	0.956875	7655
1	77723	0.957	7656
1	77733	0.957125	7657
1	77743	0.95725	7658
1	77753	0.957375	7659
1	77763	0.9575	7660
1	77773	0.957625	7661
1	77783	0.95775	7662
1	77793	0.957875	7663
1	77803	0.958	7664
1	77813	0.958125	7665
1	77823	0.95825	7666
1	77833	0.958375	7667
1	77843	0.9585	7668
1	77857	0.958625	7669
1	77867	0.95875	7670
1	77877	0.958875	7671
1	77887	0.959	7672
1	77897	0.959125	7673
1	77907	0.95925	7674
1	77917	0.959375	7675
1	77927	0.9595	7676
1	77937	0.959625	7677
1	77947	0.95975	7678
1	77957	0.959875	7679
1	77967	0.96	7680
1	77977	0.960125	7681
1	77987	0.96025	7682
1	77997	0.960375	7683
1	78007	0.9605	7684
1	78017	0.960625	7685
1	78027	0.96075	7686
1	78037	0.960875	7687
1	78047	0.961	7688
1	78057	0.961125	7689
1	78067	0.96125	7690
1	78077	0.961375	7691
1	78087	0.9615	7692
1	78097	0.961625	7693
1	78107	0.96175	7694
1	78117	0.961875	7695
1	78131	0.962	7696
1	78141	0.962125	7697
1	78151	0.96225	7698
1	78161	0.962375	7699
1	78171	0.9625	7700
1	78181	0.962625	7701
1	78191	0.96275	7702
1	78201	0.962875	7703
1	78211	0.963	7704
1	78221	0.963125	7705
1	78231	0.96325	7706
1	78241	0.963375	7707
1	78251	0.9635	7708
1	78261	0.963625	7709
1	78271	0.96375	7710
1	78281	0.963875	7711
1	78291	0.964	7712
1	78301	0.964125	7713
1	78311	0.96425	7714
1	78321	0.964375	7715
1	78331	0.9645	7716
1	78341	0.964625	7717
1	78351	0.96475	7718
1	78361	0.964875	7719
1	78371	0.965	7720
1	78381	0.965125	7721
1	78395	0.96525	7722
1	78405	0.965375	7723
1	78415	0.9655	7724
1	78425	0.965625	7725
1	78435	0.96575	7726
1	78445	0.965875	7727
1	78455	0.966	7728
1	78465	0.966125	7729
1	78475	0.96625	7730
1	78485	0.966375	7731
1	78495	0.9665	7732
1	78505	0.966625	7733
1	78515	0.96675	7734
1	78525	0.966875	7735
1	78535	0.967	7736
1	78545	0.967125	7737
1	78555	0.96725	7738
1	78565	0.967375	7739
1	78575	0.9675	7740
1	78585	0.967625	7741
1	78595	0.96775	7742
1	78605	0.967875	7743
1	78615	0.968	7744
1	78625	0.968125	7745
1	78635	0.96825	7746
1	78645	0.968375	7747
1	78659	0.9685	7748
1	78669	0.968625	7749
1	78679	0.96875	7750
1	78689	0.968875	7751
1	78699	0.969	7752
1	78709	0.969125	7753
1	78719	0.96925	7754
1	78729	0.969375	7755
1	78739	0.9695	7756
1	78749	0.969625	7757
1	78759	0.96975	7758
1	78769	0.969875	7759
1	78779	0.97	7760
1	78789	0.970125	7761
1	78799	0.97025	7762
1	78809	0.970375	7763
1	78819	0.9705	7764
1	78829	0.970625	7765
1	78839	0.97075	7766
1	78849	0.970875	7767
1	78859	0.971	7768
1	78869	0.971125	7769
1	78879	0.97125	7770
1	78889	0.971375	7771
1	78899	0.9715	7772
1	78909	0.971625	7773
1	78923	0.97175	7774
1	78933	0.971875	7775
1	78943	0.972	7776
1	78953	0.972125	7777
1	78963	0.97225	7778
1	78973	0.972375	7779
1	78983	0.9725	7780
1	78993	0.972625	7781
1	79003	0.97275	7782
1	79013	0.972875	7783
1	79023	0.973	7784
1	79033	0.973125	7785
1	79043	0.97325	7786
1	79053	0.973375	7787
1	79063	0.9735	7788
1	79073	0.973625	7789
1	79083	0.97375	7790
1	79093	0.973875	7791
1	79103	0.974	7792
1	79113	0.974125	7793
1	79123	0.97425	7794
1	79133	0.974375	7795
1	79143	0.9745	7796
1	79153	0.974625	7797
1	79163	0.97475	7798
1	79173	0.974875	7799
1	79187	0.975	7800
1	79197	0.975125	7801
1	79207	0.97525	7802
1	79217	0.975375	7803
1	79227	0.9755	7804
1	79237	0.975625	7805
1	79247	0.97575	7806
1	79257	0.975875	7807
1	79267	0.976	7808
1	79277	0.976125	7809
1	79287	0.97625	7810
1	79297	0.976375	7811
1	79307	0.9765	7812
1	79317	0.976625	7813
1	79327	0.97675	7814
1	79337	0.976875	7815
1	79347	0.977	7816
1	79357	0.977125	7817
1	79367	0.97725	7818
1	79377	0.977375	7819
1	79387	0.9775	7820
1	79397	0.977625	7821
1	79407	0.97775	7822
1	79417	0.977875	7823
1	79427	0.978	7824
1	79437	0.978125	7825
1	79447	0.97825	7826
1	79461	0.978375	7827
1	79471	0.9785	7828
1	79481	0.978625	7829
1	79491	0.97875	7830
1	79501	0.978875	7831
1	79511	0.979	7832
1	79521	0.979125	7833
1	79531	0.97925	7834
1	79541	0.979375	7835
1	79551	0.9795	7836
1	79561	0.979625	7837
1	79571	0.97975	7838
1	79581	0.979875	7839
1	79591	0.98	7840
1	79601	0.980125	7841
1	79611	0.98025	7842
1	79621	0.980375	7843
1	79631	0.9805	7844
1	79641	0.980625	7845
1	79651	0.98075	7846
1	79661	0.980875	7847
1	79671	0.981	7848
1	79681	0.981125	7849
1	79691	0.98125	7850
1	79701	0.981375	7851
1	79711	0.9815	7852
1	79725	0.981625	7853
1	79735	0.98175	7854
1	79745	0.981875	7855
1	79755	0.982	7856
1	79765	0.982125	7857
1	79775	0.98225	7858
1	79785	0.982375	7859
1	79795	0.9825	7860
1	79805	0.982625	7861
1	79815	0.98275	7862
1	79825	0.982875	7863
1	79835	0.983	7864
1	79845	0.983125	7865
1	79855	0.98325	7866
1	79865	0.983375	7867
1	79875	0.9835	7868
1	79885	0.983625	7869
1	79895	0.98375	7870
1	79905	0.983875	7871
1	79915	0.984	7872
1	79925	0.984125	7873
1	79935	0.98425	7874
1	79945	0.984375	7875
1	79955	0.9845	7876
1	79965	0.984625	7877
1	79975	0.98475	7878
1	79989	0.984875	7879
1	79999	0.985	7880
1	80009	0.985125	7881
1	80019	0.98525	7882
1	80029	0.985375	7883
1	80039	0.9855	7884
1	80049	0.985625	7885
1	80059	0.98575	7886
1	80069	0.985875	7887
1	80079	0.986	7888
1	80089	0.986125	7889
1	80099	0.98625	7890
1	80109	0.986375	7891
1	80119	0.9865	7892
1	80129	0.986625	7893
1	80139	0.98675	7894
1	80149	0.986875	7895
1	80159	0.987	7896
1	80169	0.987125	7897
1	80179	0.98725	7898
1	80189	0.987375	7899
1	80199	0.9875	7900
1	80209	0.987625	7901
1	80219	0.98775	7902
1	80229	0.987875	7903
1	80239	0.988	7904
1	80253	0.988125	7905
1	80263	0.98825	7906
1	80273	0.988375	7907
1	80283	0.9885	7908
1	80293	0.988625	7909
1	80303	0.98875	7910
1	80313	0.988875	7911
1	80323	0.989	7912
1	80333	0.989125	7913
1	80343	0.98925	7914
1	80353	0.989375	7915
1	80363	0.9895	7916
1	80373	0.989625	7917
1	80383	0.98975	7918
1	80393	0.989875	7919
1	80403	0.99	7920
1	80413	0.990125	7921
1	80423	0.99025	7922
1	80433	0.990375	7923
1	80443	0.9905	7924
1	80453	0.990625	7925
1	80463	0.99075	7926
1	80473	0.990875	7927
1	80483	0.991	7928
1	80493	0.991125	7929
1	80503	0.99125	7930
1	80517	0.991375	7931
1	80527	0.9915	7932
1	80537	0.991625	7933
1	80547	0.99175	7934
1	80557	0.991875	7935
1	80567	0.992	7936
1	80577	0.992125	7937
1	80587	0.99225	7938
1	80597	0.992375	7939
1	80607	0.9925	7940
1	80617	0.992625	7941
1	80627	0.99275	7942
1	80637	0.992875	7943
1	80647	0.993	7944
1	80657	0.993125	7945
1	80667	0.99325	7946
1	80677	0.993375	7947
1	80687	0.9935	7948
1	80697	0.993625	7949
1	80707	0.99375	7950
1	80717	0.993875	7951
1	80727	0.994	7952
1	80737	0.994125	7953
1	80747	0.99425	7954
1	80757	0.994375	7955
1	80767	0.9945	7956
1	80781	0.994625	7957
1	80791	0.99475	7958
1	80801	0.994875	7959
1	80811	0.995	7960
1	80821	0.995125	7961
1	80831	0.99525	7962
1	80841	0.995375	7963
1	80851	0.9955	7964
1	80861	0.995625	7965
1	80871	0.99575	7966
1	80881	0.995875	7967
1	80891	0.996	7968
1	80901	0.996125	7969
1	80911	0.99625	7970
1	80921	0.996375	7971
1	80931	0.9965	7972
1	80941	0.996625	7973
1	80951	0.99675	7974
1	80961	0.996875	7975
1	80971	0.997	7976
1	80981	0.997125	7977
1	80991	0.99725	7978
1	81001	0.997375	7979
1	81011	0.9975	7980
1	81021	0.997625	7981
1	81031	0.99775	7982
1	81041	0.997875	7983
1	81055	0.998	7984
1	81065	0.998125	7985
1	81075	0.99825	7986
1	81085	0.998375	7987
1	81095	0.9985	7988
1	81105	0.998625	7989
1	81115	0.99875	7990
1	81125	0.998875	7991
1	81135	0.999	7992
1	81145	0.999125	7993
1	81155	0.99925	7994
1	81165	0.999375	7995
1	81175	0.9995	7996
1	81185	0.999625	7997
1	81195	0.99975	7998
1	81205	0.999875	7999
1	81215	1	8000
2	6	0.000125	1
2	16	0.00025	1
2	26	0.000375	1
2	36	0.0005	1
2	46	0.000625	1
2	56	0.00075	1
2	66	0.000875	1
2	76	0.001	1
2	86	0.001125	1
2	96	0.00125	1
2	106	0.001375	1
2	116	0.0015	1
2	126	0.001625	1
2	136	0.00175	1
2	146	0.001875	1
2	156	0.002	1
2	166	0.002125	1
2	176	0.00225	1
2	186	0.002375	1
2	196	0.0025	1
2	206	0.002625	1
2	216	0.00275	1
2	226	0.002875	1
2	236	0.003	1
2	246	0.003125	1
2	256	0.00325	1
2	270	0.003375	1
2	280	0.0035	1
2	290	0.003625	1
2	300	0.00375	1
2	310	0.003875	1
2	320	0.004	1
2	330	0.004125	1
2	340	0.00425	1
2	350	0.004375	1
2	360	0.0045	1
2	370	0.004625	1
2	380	0.00475	1
2	390	0.004875	1
2	400	0.005	1
2	410	0.005125	1
2	420	0.00525	1
2	430	0.005375	1
2	440	0.0055	1
2	450	0.005625	1
2	460	0.00575	1
2	470	0.005875	1
2	480	0.006	1
2	490	0.006125	1
2	500	0.00625	1
2	510	0.006375	1
2	520	0.0065	1
2	534	0.006625	1
2	544	0.00675	1
2	554	0.006875	1
2	564	0.007	1
2	574	0.007125	1
2	584	0.00725	1
2	594	0.007375	1
2	604	0.0075	1
2	614	0.007625	1
2	624	0.00775	1
2	634	0.007875	1
2	644	0.008	1
2	654	0.008125	1
2	664	0.00825	1
2	674	0.008375	1
2	684	0.0085	1
2	694	0.008625	1
2	704	0.00875	1
2	714	0.008875	1
2	724	0.009	1
2	734	0.009125	1
2	744	0.00925	1
2	754	0.009375	1
2	764	0.0095	1
2	774	0.009625	1
2	784	0.00975	1
2	798	0.009875	1
2	808	0.01	1
2	818	0.010125	1
2	828	0.01025	1
2	838	0.010375	1
2	848	0.0105	1
2	858	0.010625	1
2	868	0.01075	1
2	878	0.010875	1
2	888	0.011	1
2	898	0.011125	1
2	908	0.01125	1
2	918	0.011375	1
2	928	0.0115	1
2	938	0.011625	1
2	948	0.01175	1
2	958	0.011875	1
2	968	0.012	1
2	978	0.012125	1
2	988	0.01225	1
2	998	0.012375	1
2	1008	0.0125	1
2	1018	0.012625	1
2	1028	0.01275	1
2	1038	0.012875	1
2	1048	0.013	1
2	1062	0.013125	1
2	1072	0.01325	1
2	1082	0.013375	1
2	1092	0.0135	1
2	1102	0.013625	1
2	1112	0.01375	1
2	1122	0.013875	1
2	1132	0.014	1
2	1142	0.014125	1
2	1152	0.01425	1
2	1162	0.014375	1
2	1172	0.0145	1
2	1182	0.014625	1
2	1192	0.01475	1
2	1202	0.014875	1
2	1212	0.015	1
2	1222	0.015125	1
2	1232	0.01525	1
2	1242	0.015375	1
2	1252	0.0155	1
2	1262	0.015625	1
2	1272	0.01575	1
2	1282	0.015875	1
2	1292	0.016	1
2	1302	0.016125	1
2	1312	0.01625	1
2	1326	0.016375	1
2	1336	0.0165	1
2	1346	0.016625	1
2	1356	0.01675	1
2	1366	0.016875	1
2	1376	0.017	1
2	1386	0.017125	1
2	1396	0.01725	1
2	1406	0.017375	1
2	1416	0.0175	1
2	1426	0.017625	1
2	1436	0.01775	1
2	1446	0.017875	1
2	1456	0.018	1
2	1466	0.018125	1
2	1476	0.01825	1
2	1486	0.018375	1
2	1496	0.0185	1
2	1506	0.018625	1
2	1516	0.01875	1
2	1526	0.018875	1
2	1536	0.019	1
2	1546	0.019125	1
2	1556	0.01925	1
2	1566	0.019375	1
2	1576	0.0195	1
2	1586	0.019625	1
2	1600	0.01975	1
2	1610	0.019875	1
2	1620	0.02	1
2	1630	0.020125	1
2	1640	0.02025	1
2	1650	0.020375	1
2	1660	0.0205	1
2	1670	0.020625	1
2	1680	0.02075	1
2	1690	0.020875	1
2	1700	0.021	1
2	1710	0.021125	1
2	1720	0.02125	1
2	1730	0.021375	1
2	1740	0.0215	1
2	1750	0.021625	1
2	1760	0.02175	1
2	1770	0.021875	1
2	1780	0.022	1
2	1790	0.022125	1
2	1800	0.02225	1
2	1810	0.022375	1
2	1820	0.0225	1
2	1830	0.022625	1
2	1840	0.02275	1
2	1850	0.022875	1
2	1864	0.023	1
2	1874	0.023125	1
2	1884	0.02325	1
2	1894	0.023375	1
2	1904	0.0235	1
2	1914	0.023625	1
2	1924	0.02375	1
2	1934	0.023875	1
2	1944	0.024	1
2	1954	0.024125	1
2	1964	0.02425	1
2	1974	0.024375	1
2	1984	0.0245	1
2	1994	0.024625	1
2	2004	0.02475	1
2	2014	0.024875	1
2	2024	0.025	1
2	2034	0.025125	1
2	2044	0.02525	1
2	2054	0.025375	1
2	2064	0.0255	1
2	2074	0.025625	1
2	2084	0.02575	1
2	2094	0.025875	1
2	2104	0.026	1
2	2114	0.026125	1
2	2128	0.02625	1
2	2138	0.026375	1
2	2148	0.0265	1
2	2158	0.026625	1
2	2168	0.02675	1
2	2178	0.026875	1
2	2188	0.027	1
2	2198	0.027125	1
2	2208	0.02725	1
2	2218	0.027375	1
2	2228	0.0275	1
2	2238	0.027625	1
2	2248	0.02775	1
2	2258	0.027875	1
2	2268	0.028	1
2	2278	0.028125	1
2	2288	0.02825	1
2	2298	0.028375	1
2	2308	0.0285	1
2	2318	0.028625	1
2	2328	0.02875	1
2	2338	0.028875	1
2	2348	0.029	1
2	2358	0.029125	1
2	2368	0.02925	1
2	2378	0.029375	1
2	2392	0.0295	1
2	2402	0.029625	1
2	2412	0.02975	1
2	2422	0.029875	1
2	2432	0.03	1
2	2442	0.030125	1
2	2452	0.03025	1
2	2462	0.030375	1
2	2472	0.0305	1
2	2482	0.030625	1
2	2492	0.03075	1
2	2502	0.030875	1
2	2512	0.031	1
2	2522	0.031125	1
2	2532	0.03125	1
2	2542	0.031375	1
2	2552	0.0315	1
2	2562	0.031625	1
2	2572	0.03175	1
2	2582	0.031875	1
2	2592	0.032	1
2	2602	0.032125	1
2	2612	0.03225	1
2	2622	0.032375	1
2	2632	0.0325	1
2	2642	0.032625	1
2	2656	0.03275	1
2	2666	0.032875	1
2	2676	0.033	1
2	2686	0.033125	1
2	2696	0.03325	1
2	2706	0.033375	1
2	2716	0.0335	1
2	2726	0.033625	1
2	2736	0.03375	1
2	2746	0.033875	1
2	2756	0.034	1
2	2766	0.034125	1
2	2776	0.03425	1
2	2786	0.034375	1
2	2796	0.0345	1
2	2806	0.034625	1
2	2816	0.03475	1
2	2826	0.034875	1
2	2836	0.035	1
2	2846	0.035125	1
2	2856	0.03525	1
2	2866	0.035375	1
2	2876	0.0355	1
2	2886	0.035625	1
2	2896	0.03575	1
2	2906	0.035875	1
2	2920	0.036	1
2	2930	0.036125	1
2	2940	0.03625	1
2	2950	0.036375	1
2	2960	0.0365	1
2	2970	0.036625	1
2	2980	0.03675	1
2	2990	0.036875	1
2	3000	0.037	1
2	3010	0.037125	1
2	3020	0.03725	1
2	3030	0.037375	1
2	3040	0.0375	1
2	3050	0.037625	1
2	3060	0.03775	1
2	3070	0.037875	1
2	3080	0.038	1
2	3090	0.038125	1
2	3100	0.03825	1
2	3110	0.038375	1
2	3120	0.0385	1
2	3130	0.038625	1
2	3140	0.03875	1
2	3150	0.038875	1
2	3160	0.039	1
2	3170	0.039125	1
2	3180	0.03925	1
2	3194	0.039375	1
2	3204	0.0395	1
2	3214	0.039625	1
2	3224	0.03975	1
2	3234	0.039875	1
2	3244	0.04	1
2	3254	0.040125	1
2	3264	0.04025	1
2	3274	0.040375	1
2	3284	0.0405	1
2	3294	0.040625	1
2	3304	0.04075	1
2	3314	0.040875	1
2	3324	0.041	1
2	3334	0.041125	1
2	3344	0.04125	1
2	3354	0.041375	1
2	3364	0.0415	1
2	3374	0.041625	1
2	3384	0.04175	1
2	3394	0.041875	1
2	3404	0.042	1
2	3414	0.042125	1
2	3424	0.04225	1
2	3434	0.042375	1
2	3444	0.0425	1
2	3458	0.042625	1
2	3468	0.04275	1
2	3478	0.042875	1
2	3488	0.043	1
2	3498	0.043125	1
2	3508	0.04325	1
2	3518	0.043375	1
2	3528	0.0435	1
2	3538	0.043625	1
2	3548	0.04375	1
2	3558	0.043875	1
2	3568	0.044	1
2	3578	0.044125	1
2	3588	0.04425	1
2	3598	0.044375	1
2	3608	0.0445	1
2	3618	0.044625	1
2	3628	0.04475	1
2	3638	0.044875	1
2	3648	0.045	1
2	3658	0.045125	1
2	3668	0.04525	1
2	3678	0.045375	1
2	3688	0.0455	1
2	3698	0.045625	1
2	3708	0.04575	1
2	3722	0.045875	1
2	3732	0.046	1
2	3742	0.046125	1
2	3752	0.04625	1
2	3762	0.046375	1
2	3772	0.0465	1
2	3782	0.046625	1
2	3792	0.04675	1
2	3802	0.046875	1
2	3812	0.047	1
2	3822	0.047125	1
2	3832	0.04725	1
2	3842	0.047375	1
2	3852	0.0475	1
2	3862	0.047625	1
2	3872	0.04775	1
2	3882	0.047875	1
2	3892	0.048	1
2	3902	0.048125	1
2	3912	0.04825	1
2	3922	0.048375	1
2	3932	0.0485	1
2	3942	0.048625	1
2	3952	0.04875	1
2	3962	0.048875	1
2	3972	0.049	1
2	3986	0.049125	1
2	3996	0.04925	1
2	4006	0.049375	1
2	4016	0.0495	1
2	4026	0.049625	1
2	4036	0.04975	1
2	4046	0.049875	1
2	4056	0.05	1
2	4066	0.050125	1
2	4076	0.05025	1
2	4086	0.050375	1
2	4096	0.0505	1
2	4106	0.050625	1
2	4116	0.05075	1
2	4126	0.050875	1
2	4136	0.051	1
2	4146	0.051125	1
2	4156	0.05125	1
2	4166	0.051375	1
2	4176	0.0515	1
2	4186	0.051625	1
2	4196	0.05175	1
2	4206	0.051875	1
2	4216	0.052	1
2	4226	0.052125	1
2	4236	0.05225	1
2	4250	0.052375	1
2	4260	0.0525	1
2	4270	0.052625	1
2	4280	0.05275	1
2	4290	0.052875	1
2	4300	0.053	1
2	4310	0.053125	1
2	4320	0.05325	1
2	4330	0.053375	1
2	4340	0.0535	1
2	4350	0.053625	1
2	4360	0.05375	1
2	4370	0.053875	1
2	4380	0.054	1
2	4390	0.054125	1
2	4400	0.05425	1
2	4410	0.054375	1
2	4420	0.0545	1
2	4430	0.054625	1
2	4440	0.05475	1
2	4450	0.054875	1
2	4460	0.055	1
2	4470	0.055125	1
2	4480	0.05525	1
2	4490	0.055375	1
2	4500	0.0555	1
2	4514	0.055625	1
2	4524	0.05575	1
2	4534	0.055875	1
2	4544	0.056	1
2	4554	0.056125	1
2	4564	0.05625	1
2	4574	0.056375	1
2	4584	0.0565	1
2	4594	0.056625	1
2	4604	0.05675	1
2	4614	0.056875	1
2	4624	0.057	1
2	4634	0.057125	1
2	4644	0.05725	1
2	4654	0.057375	1
2	4664	0.0575	1
2	4674	0.057625	1
2	4684	0.05775	1
2	4694	0.057875	1
2	4704	0.058	1
2	4714	0.058125	1
2	4724	0.05825	1
2	4734	0.058375	1
2	4744	0.0585	1
2	4754	0.058625	1
2	4764	0.05875	1
2	4774	0.058875	1
2	4788	0.059	1
2	4798	0.059125	1
2	4808	0.05925	1
2	4818	0.059375	1
2	4828	0.0595	1
2	4838	0.059625	1
2	4848	0.05975	1
2	4858	0.059875	1
2	4868	0.06	1
2	4878	0.060125	1
2	4888	0.06025	1
2	4898	0.060375	1
2	4908	0.0605	1
2	4918	0.060625	1
2	4928	0.06075	1
2	4938	0.060875	1
2	4948	0.061	1
2	4958	0.061125	1
2	4968	0.06125	1
2	4978	0.061375	1
2	4988	0.0615	1
2	4998	0.061625	1
2	5008	0.06175	1
2	5018	0.061875	1
2	5028	0.062	1
2	5038	0.062125	1
2	5052	0.06225	1
2	5062	0.062375	1
2	5072	0.0625	1
2	5082	0.062625	1
2	5092	0.06275	1
2	5102	0.062875	1
2	5112	0.063	1
2	5122	0.063125	1
2	5132	0.06325	1
2	5142	0.063375	1
2	5152	0.0635	1
2	5162	0.063625	1
2	5172	0.06375	1
2	5182	0.063875	1
2	5192	0.064	1
2	5202	0.064125	1
2	5212	0.06425	1
2	5222	0.064375	1
2	5232	0.0645	1
2	5242	0.064625	1
2	5252	0.06475	1
2	5262	0.064875	1
2	5272	0.065	1
2	5282	0.065125	1
2	5292	0.06525	1
2	5302	0.065375	1
2	5316	0.0655	1
2	5326	0.065625	1
2	5336	0.06575	1
2	5346	0.065875	1
2	5356	0.066	1
2	5366	0.066125	1
2	5376	0.06625	1
2	5386	0.066375	1
2	5396	0.0665	1
2	5406	0.066625	1
2	5416	0.06675	1
2	5426	0.066875	1
2	5436	0.067	1
2	5446	0.067125	1
2	5456	0.06725	1
2	5466	0.067375	1
2	5476	0.0675	1
2	5486	0.067625	1
2	5496	0.06775	1
2	5506	0.067875	1
2	5516	0.068	1
2	5526	0.068125	1
2	5536	0.06825	1
2	5546	0.068375	1
2	5556	0.0685	1
2	5566	0.068625	1
2	5580	0.06875	1
2	5590	0.068875	1
2	5600	0.069	1
2	5610	0.069125	1
2	5620	0.06925	1
2	5630	0.069375	1
2	5640	0.0695	1
2	5650	0.069625	1
2	5660	0.06975	1
2	5670	0.069875	1
2	5680	0.07	1
2	5690	0.070125	1
2	5700	0.07025	1
2	5710	0.070375	1
2	5720	0.0705	1
2	5730	0.070625	1
2	5740	0.07075	1
2	5750	0.070875	1
2	5760	0.071	1
2	5770	0.071125	1
2	5780	0.07125	1
2	5790	0.071375	1
2	5800	0.0715	1
2	5810	0.071625	1
2	5820	0.07175	1
2	5830	0.071875	1
2	5844	0.072	1
2	5854	0.072125	1
2	5864	0.07225	1
2	5874	0.072375	1
2	5884	0.0725	1
2	5894	0.072625	1
2	5904	0.07275	1
2	5914	0.072875	1
2	5924	0.073	1
2	5934	0.073125	1
2	5944	0.07325	1
2	5954	0.073375	1
2	5964	0.0735	1
2	5974	0.073625	1
2	5984	0.07375	1
2	5994	0.073875	1
2	6004	0.074	1
2	6014	0.074125	1
2	6024	0.07425	1
2	6034	0.074375	1
2	6044	0.0745	1
2	6054	0.074625	1
2	6064	0.07475	1
2	6074	0.074875	1
2	6084	0.075	1
2	6094	0.075125	1
2	6104	0.07525	1
2	6118	0.075375	1
2	6128	0.0755	1
2	6138	0.075625	1
2	6148	0.07575	1
2	6158	0.075875	1
2	6168	0.076	1
2	6178	0.076125	1
2	6188	0.07625	1
2	6198	0.076375	1
2	6208	0.0765	1
2	6218	0.076625	1
2	6228	0.07675	1
2	6238	0.076875	1
2	6248	0.077	1
2	6258	0.077125	1
2	6268	0.07725	1
2	6278	0.077375	1
2	6288	0.0775	1
2	6298	0.077625	1
2	6308	0.07775	1
2	6318	0.077875	1
2	6328	0.078	1
2	6338	0.078125	1
2	6348	0.07825	1
2	6358	0.078375	1
2	6368	0.0785	1
2	6382	0.078625	1
2	6392	0.07875	1
2	6402	0.078875	1
2	6412	0.079	1
2	6422	0.079125	1
2	6432	0.07925	1
2	6442	0.079375	1
2	6452	0.0795	1
2	6462	0.079625	1
2	6472	0.07975	1
2	6482	0.079875	1
2	6492	0.08	1
2	6502	0.080125	1
2	6512	0.08025	1
2	6522	0.080375	1
2	6532	0.0805	1
2	6542	0.080625	1
2	6552	0.08075	1
2	6562	0.080875	1
2	6572	0.081	1
2	6582	0.081125	1
2	6592	0.08125	1
2	6602	0.081375	1
2	6612	0.0815	1
2	6622	0.081625	1
2	6632	0.08175	1
2	6646	0.081875	1
2	6656	0.082	1
2	6666	0.082125	1
2	6676	0.08225	1
2	6686	0.082375	1
2	6696	0.0825	1
2	6706	0.082625	1
2	6716	0.08275	1
2	6726	0.082875	1
2	6736	0.083	1
2	6746	0.083125	1
2	6756	0.08325	1
2	6766	0.083375	1
2	6776	0.0835	1
2	6786	0.083625	1
2	6796	0.08375	1
2	6806	0.083875	1
2	6816	0.084	1
2	6826	0.084125	1
2	6836	0.08425	1
2	6846	0.084375	1
2	6856	0.0845	1
2	6866	0.084625	1
2	6876	0.08475	1
2	6886	0.084875	1
2	6896	0.085	1
2	6910	0.085125	1
2	6920	0.08525	1
2	6930	0.085375	1
2	6940	0.0855	1
2	6950	0.085625	1
2	6960	0.08575	1
2	6970	0.085875	1
2	6980	0.086	1
2	6990	0.086125	1
2	7000	0.08625	1
2	7010	0.086375	1
2	7020	0.0865	1
2	7030	0.086625	1
2	7040	0.08675	1
2	7050	0.086875	1
2	7060	0.087	1
2	7070	0.087125	1
2	7080	0.08725	1
2	7090	0.087375	1
2	7100	0.0875	1
2	7110	0.087625	1
2	7120	0.08775	1
2	7130	0.087875	1
2	7140	0.088	1
2	7150	0.088125	1
2	7160	0.08825	1
2	7174	0.088375	1
2	7184	0.0885	1
2	7194	0.088625	1
2	7204	0.08875	1
2	7214	0.088875	1
2	7224	0.089	1
2	7234	0.089125	1
2	7244	0.08925	1
2	7254	0.089375	1
2	7264	0.0895	1
2	7274	0.089625	1
2	7284	0.08975	1
2	7294	0.089875	1
2	7304	0.09	1
2	7314	0.090125	1
2	7324	0.09025	1
2	7334	0.090375	1
2	7344	0.0905	1
2	7354	0.090625	1
2	7364	0.09075	1
2	7374	0.090875	1
2	7384	0.091	1
2	7394	0.091125	1
2	7404	0.09125	1
2	7414	0.091375	1
2	7424	0.0915	1
2	7438	0.091625	1
2	7448	0.09175	1
2	7458	0.091875	1
2	7468	0.092	1
2	7478	0.092125	1
2	7488	0.09225	1
2	7498	0.092375	1
2	7508	0.0925	1
2	7518	0.092625	1
2	7528	0.09275	1
2	7538	0.092875	1
2	7548	0.093	1
2	7558	0.093125	1
2	7568	0.09325	1
2	7578	0.093375	1
2	7588	0.0935	1
2	7598	0.093625	1
2	7608	0.09375	1
2	7618	0.093875	1
2	7628	0.094	1
2	7638	0.094125	1
2	7648	0.09425	1
2	7658	0.094375	1
2	7668	0.0945	1
2	7678	0.094625	1
2	7688	0.09475	1
2	7698	0.094875	1
2	7712	0.095	1
2	7722	0.095125	1
2	7732	0.09525	1
2	7742	0.095375	1
2	7752	0.0955	1
2	7762	0.095625	1
2	7772	0.09575	1
2	7782	0.095875	1
2	7792	0.096	1
2	7802	0.096125	1
2	7812	0.09625	1
2	7822	0.096375	1
2	7832	0.0965	1
2	7842	0.096625	1
2	7852	0.09675	1
2	7862	0.096875	1
2	7872	0.097	1
2	7882	0.097125	1
2	7892	0.09725	1
2	7902	0.097375	1
2	7912	0.0975	1
2	7922	0.097625	1
2	7932	0.09775	1
2	7942	0.097875	1
2	7952	0.098	1
2	7962	0.098125	1
2	7976	0.09825	1
2	7986	0.098375	1
2	7996	0.0985	1
2	8006	0.098625	1
2	8016	0.09875	1
2	8026	0.098875	1
2	8036	0.099	1
2	8046	0.099125	1
2	8056	0.09925	1
2	8066	0.099375	1
2	8076	0.0995	1
2	8086	0.099625	1
2	8096	0.09975	1
2	8106	0.099875	1
2	8116	0.1	1
2	8126	0.100125	1
2	8136	0.10025	1
2	8146	0.100375	1
2	8156	0.1005	1
2	8166	0.100625	1
2	8176	0.10075	1
2	8186	0.100875	1
2	8196	0.101	1
2	8206	0.101125	1
2	8216	0.10125	1
2	8226	0.101375	1
2	8240	0.1015	1
2	8250	0.101625	1
2	8260	0.10175	1
2	8270	0.101875	1
2	8280	0.102	1
2	8290	0.102125	1
2	8300	0.10225	1
2	8310	0.102375	1
2	8320	0.1025	1
2	8330	0.102625	1
2	8340	0.10275	1
2	8350	0.102875	1
2	8360	0.103	1
2	8370	0.103125	1
2	8380	0.10325	1
2	8390	0.103375	1
2	8400	0.1035	1
2	8410	0.103625	1
2	8420	0.10375	1
2	8430	0.103875	1
2	8440	0.104	1
2	8450	0.104125	1
2	8460	0.10425	1
2	8470	0.104375	1
2	8480	0.1045	1
2	8490	0.104625	1
2	8504	0.10475	1
2	8514	0.104875	1
2	8524	0.105	1
2	8534	0.105125	1
2	8544	0.10525	1
2	8554	0.105375	1
2	8564	0.1055	1
2	8574	0.105625	1
2	8584	0.10575	1
2	8594	0.105875	1
2	8604	0.106	1
2	8614	0.106125	1
2	8624	0.10625	1
2	8634	0.106375	1
2	8644	0.1065	1
2	8654	0.106625	1
2	8664	0.10675	1
2	8674	0.106875	1
2	8684	0.107	1
2	8694	0.107125	1
2	8704	0.10725	1
2	8714	0.107375	1
2	8724	0.1075	1
2	8734	0.107625	1
2	8744	0.10775	1
2	8754	0.107875	1
2	8768	0.108	1
2	8778	0.108125	1
2	8788	0.10825	1
2	8798	0.108375	1
2	8808	0.1085	1
2	8818	0.108625	1
2	8828	0.10875	1
2	8838	0.108875	1
2	8848	0.109	1
2	8858	0.109125	1
2	8868	0.10925	1
2	8878	0.109375	1
2	8888	0.1095	1
2	8898	0.109625	1
2	8908	0.10975	1
2	8918	0.109875	1
2	8928	0.11	1
2	8938	0.110125	1
2	8948	0.11025	1
2	8958	0.110375	1
2	8968	0.1105	1
2	8978	0.110625	1
2	8988	0.11075	1
2	8998	0.110875	1
2	9008	0.111	1
2	9018	0.111125	1
2	9032	0.11125	1
2	9042	0.111375	1
2	9052	0.1115	1
2	9062	0.111625	1
2	9072	0.11175	1
2	9082	0.111875	1
2	9092	0.112	1
2	9102	0.112125	1
2	9112	0.11225	1
2	9122	0.112375	1
2	9132	0.1125	1
2	9142	0.112625	1
2	9152	0.11275	1
2	9162	0.112875	1
2	9172	0.113	1
2	9182	0.113125	1
2	9192	0.11325	1
2	9202	0.113375	1
2	9212	0.1135	1
2	9222	0.113625	1
2	9232	0.11375	1
2	9242	0.113875	1
2	9252	0.114	1
2	9262	0.114125	1
2	9272	0.11425	1
2	9282	0.114375	1
2	9292	0.1145	1
2	9306	0.114625	1
2	9316	0.11475	1
2	9326	0.114875	1
2	9336	0.115	1
2	9346	0.115125	1
2	9356	0.11525	1
2	9366	0.115375	1
2	9376	0.1155	1
2	9386	0.115625	1
2	9396	0.11575	1
2	9406	0.115875	1
2	9416	0.116	1
2	9426	0.116125	1
2	9436	0.11625	1
2	9446	0.116375	1
2	9456	0.1165	1
2	9466	0.116625	1
2	9476	0.11675	1
2	9486	0.116875	1
2	9496	0.117	1
2	9506	0.117125	1
2	9516	0.11725	1
2	9526	0.117375	1
2	9536	0.1175	1
2	9546	0.117625	1
2	9556	0.11775	1
2	9570	0.117875	1
2	9580	0.118	1
2	9590	0.118125	1
2	9600	0.11825	1
2	9610	0.118375	1
2	9620	0.1185	1
2	9630	0.118625	1
2	9640	0.11875	1
2	9650	0.118875	1
2	9660	0.119	1
2	9670	0.119125	1
2	9680	0.11925	1
2	9690	0.119375	1
2	9700	0.1195	1
2	9710	0.119625	1
2	9720	0.11975	1
2	9730	0.119875	1
2	9740	0.12	1
2	9750	0.120125	1
2	9760	0.12025	1
2	9770	0.120375	1
2	9780	0.1205	1
2	9790	0.120625	1
2	9800	0.12075	1
2	9810	0.120875	1
2	9820	0.121	1
2	9834	0.121125	1
2	9844	0.12125	1
2	9854	0.121375	1
2	9864	0.1215	1
2	9874	0.121625	1
2	9884	0.12175	1
2	9894	0.121875	1
2	9904	0.122	1
2	9914	0.122125	1
2	9924	0.12225	1
2	9934	0.122375	1
2	9944	0.1225	1
2	9954	0.122625	1
2	9964	0.12275	1
2	9974	0.122875	1
2	9984	0.123	1
2	9994	0.123125	1
2	10004	0.12325	1
2	10014	0.123375	1
2	10024	0.1235	1
2	10034	0.123625	1
2	10044	0.12375	1
2	10054	0.123875	1
2	10064	0.124	1
2	10074	0.124125	1
2	10084	0.12425	1
2	10098	0.124375	1
2	10108	0.1245	1
2	10118	0.124625	1
2	10128	0.12475	1
2	10138	0.124875	1
2	10148	0.125	1
2	10158	0.125125	1
2	10168	0.12525	1
2	10178	0.125375	1
2	10188	0.1255	1
2	10198	0.125625	1
2	10208	0.12575	1
2	10218	0.125875	1
2	10228	0.126	1
2	10238	0.126125	1
2	10248	0.12625	1
2	10258	0.126375	1
2	10268	0.1265	1
2	10278	0.126625	1
2	10288	0.12675	1
2	10298	0.126875	1
2	10308	0.127	1
2	10318	0.127125	1
2	10328	0.12725	1
2	10338	0.127375	1
2	10348	0.1275	1
2	10362	0.127625	1
2	10372	0.12775	1
2	10382	0.127875	1
2	10392	0.128	1
2	10402	0.128125	1
2	10412	0.12825	1
2	10422	0.128375	1
2	10432	0.1285	1
2	10442	0.128625	1
2	10452	0.12875	1
2	10462	0.128875	1
2	10472	0.129	1
2	10482	0.129125	1
2	10492	0.12925	1
2	10502	0.129375	1
2	10512	0.1295	1
2	10522	0.129625	1
2	10532	0.12975	1
2	10542	0.129875	1
2	10552	0.13	1
2	10562	0.130125	1
2	10572	0.13025	1
2	10582	0.130375	1
2	10592	0.1305	1
2	10602	0.130625	1
2	10612	0.13075	1
2	10626	0.130875	1
2	10636	0.131	1
2	10646	0.131125	1
2	10656	0.13125	1
2	10666	0.131375	1
2	10676	0.1315	1
2	10686	0.131625	1
2	10696	0.13175	1
2	10706	0.131875	1
2	10716	0.132	1
2	10726	0.132125	1
2	10736	0.13225	1
2	10746	0.132375	1
2	10756	0.1325	1
2	10766	0.132625	1
2	10776	0.13275	1
2	10786	0.132875	1
2	10796	0.133	1
2	10806	0.133125	1
2	10816	0.13325	1
2	10826	0.133375	1
2	10836	0.1335	1
2	10846	0.133625	1
2	10856	0.13375	1
2	10866	0.133875	1
2	10876	0.134	1
2	10886	0.134125	1
2	10900	0.13425	1
2	10910	0.134375	1
2	10920	0.1345	1
2	10930	0.134625	1
2	10940	0.13475	1
2	10950	0.134875	1
2	10960	0.135	1
2	10970	0.135125	1
2	10980	0.13525	1
2	10990	0.135375	1
2	11000	0.1355	1
2	11010	0.135625	1
2	11020	0.13575	1
2	11030	0.135875	1
2	11040	0.136	1
2	11050	0.136125	1
2	11060	0.13625	1
2	11070	0.136375	1
2	11080	0.1365	1
2	11090	0.136625	1
2	11100	0.13675	1
2	11110	0.136875	1
2	11120	0.137	1
2	11130	0.137125	1
2	11140	0.13725	1
2	11150	0.137375	1
2	11164	0.1375	1
2	11174	0.137625	1
2	11184	0.13775	1
2	11194	0.137875	1
2	11204	0.138	1
2	11214	0.138125	1
2	11224	0.13825	1
2	11234	0.138375	1
2	11244	0.1385	1
2	11254	0.138625	1
2	11264	0.13875	1
2	11274	0.138875	1
2	11284	0.139	1
2	11294	0.139125	1
2	11304	0.13925	1
2	11314	0.139375	1
2	11324	0.1395	1
2	11334	0.139625	1
2	11344	0.13975	1
2	11354	0.139875	1
2	11364	0.14	1
2	11374	0.140125	1
2	11384	0.14025	1
2	11394	0.140375	1
2	11404	0.1405	1
2	11414	0.140625	1
2	11428	0.14075	1
2	11438	0.140875	1
2	11448	0.141	1
2	11458	0.141125	1
2	11468	0.14125	1
2	11478	0.141375	1
2	11488	0.1415	1
2	11498	0.141625	1
2	11508	0.14175	1
2	11518	0.141875	1
2	11528	0.142	1
2	11538	0.142125	1
2	11548	0.14225	1
2	11558	0.142375	1
2	11568	0.1425	1
2	11578	0.142625	1
2	11588	0.14275	1
2	11598	0.142875	1
2	11608	0.143	1
2	11618	0.143125	1
2	11628	0.14325	1
2	11638	0.143375	1
2	11648	0.1435	1
2	11658	0.143625	1
2	11668	0.14375	1
2	11678	0.143875	1
2	11692	0.144	1
2	11702	0.144125	1
2	11712	0.14425	1
2	11722	0.144375	1
2	11732	0.1445	1
2	11742	0.144625	1
2	11752	0.14475	1
2	11762	0.144875	1
2	11772	0.145	1
2	11782	0.145125	1
2	11792	0.14525	1
2	11802	0.145375	1
2	11812	0.1455	1
2	11822	0.145625	1
2	11832	0.14575	1
2	11842	0.145875	1
2	11852	0.146	1
2	11862	0.146125	1
2	11872	0.14625	1
2	11882	0.146375	1
2	11892	0.1465	1
2	11902	0.146625	1
2	11912	0.14675	1
2	11922	0.146875	1
2	11932	0.147	1
2	11942	0.147125	1
2	11956	0.14725	1
2	11966	0.147375	1
2	11976	0.1475	1
2	11986	0.147625	1
2	11996	0.14775	1
2	12006	0.147875	1
2	12016	0.148	1
2	12026	0.148125	1
2	12036	0.14825	1
2	12046	0.148375	1
2	12056	0.1485	1
2	12066	0.148625	1
2	12076	0.14875	1
2	12086	0.148875	1
2	12096	0.149	1
2	12106	0.149125	1
2	12116	0.14925	1
2	12126	0.149375	1
2	12136	0.1495	1
2	12146	0.149625	1
2	12156	0.14975	1
2	12166	0.149875	1
2	12176	0.15	1
2	12186	0.150125	1
2	12196	0.15025	1
2	12206	0.150375	1
2	12216	0.1505	1
2	12230	0.150625	1
2	12240	0.15075	1
2	12250	0.150875	1
2	12260	0.151	1
2	12270	0.151125	1
2	12280	0.15125	1
2	12290	0.151375	1
2	12300	0.1515	1
2	12310	0.151625	1
2	12320	0.15175	1
2	12330	0.151875	1
2	12340	0.152	1
2	12350	0.152125	1
2	12360	0.15225	1
2	12370	0.152375	1
2	12380	0.1525	1
2	12390	0.152625	1
2	12400	0.15275	1
2	12410	0.152875	1
2	12420	0.153	1
2	12430	0.153125	1
2	12440	0.15325	1
2	12450	0.153375	1
2	12460	0.1535	1
2	12470	0.153625	1
2	12480	0.15375	1
2	12494	0.153875	1
2	12504	0.154	1
2	12514	0.154125	1
2	12524	0.15425	1
2	12534	0.154375	1
2	12544	0.1545	1
2	12554	0.154625	1
2	12564	0.15475	1
2	12574	0.154875	1
2	12584	0.155	1
2	12594	0.155125	1
2	12604	0.15525	1
2	12614	0.155375	1
2	12624	0.1555	1
2	12634	0.155625	1
2	12644	0.15575	1
2	12654	0.155875	1
2	12664	0.156	1
2	12674	0.156125	1
2	12684	0.15625	1
2	12694	0.156375	1
2	12704	0.1565	1
2	12714	0.156625	1
2	12724	0.15675	1
2	12734	0.156875	1
2	12744	0.157	1
2	12758	0.157125	1
2	12768	0.15725	1
2	12778	0.157375	1
2	12788	0.1575	1
2	12798	0.157625	1
2	12808	0.15775	1
2	12818	0.157875	1
2	12828	0.158	1
2	12838	0.158125	1
2	12848	0.15825	1
2	12858	0.158375	1
2	12868	0.1585	1
2	12878	0.158625	1
2	12888	0.15875	1
2	12898	0.158875	1
2	12908	0.159	1
2	12918	0.159125	1
2	12928	0.15925	1
2	12938	0.159375	1
2	12948	0.1595	1
2	12958	0.159625	1
2	12968	0.15975	1
2	12978	0.159875	1
2	12988	0.16	1
2	12998	0.160125	1
2	13008	0.16025	1
2	13022	0.160375	1
2	13032	0.1605	1
2	13042	0.160625	1
2	13052	0.16075	1
2	13062	0.160875	1
2	13072	0.161	1
2	13082	0.161125	1
2	13092	0.16125	1
2	13102	0.161375	1
2	13112	0.1615	1
2	13122	0.161625	1
2	13132	0.16175	1
2	13142	0.161875	1
2	13152	0.162	1
2	13162	0.162125	1
2	13172	0.16225	1
2	13182	0.162375	1
2	13192	0.1625	1
2	13202	0.162625	1
2	13212	0.16275	1
2	13222	0.162875	1
2	13232	0.163	1
2	13242	0.163125	1
2	13252	0.16325	1
2	13262	0.163375	1
2	13272	0.1635	1
2	13286	0.163625	1
2	13296	0.16375	1
2	13306	0.163875	1
2	13316	0.164	1
2	13326	0.164125	1
2	13336	0.16425	1
2	13346	0.164375	1
2	13356	0.1645	1
2	13366	0.164625	1
2	13376	0.16475	1
2	13386	0.164875	1
2	13396	0.165	1
2	13406	0.165125	1
2	13416	0.16525	1
2	13426	0.165375	1
2	13436	0.1655	1
2	13446	0.165625	1
2	13456	0.16575	1
2	13466	0.165875	1
2	13476	0.166	1
2	13486	0.166125	1
2	13496	0.16625	1
2	13506	0.166375	1
2	13516	0.1665	1
2	13526	0.166625	1
2	13536	0.16675	1
2	13550	0.166875	1
2	13560	0.167	1
2	13570	0.167125	1
2	13580	0.16725	1
2	13590	0.167375	1
2	13600	0.1675	1
2	13610	0.167625	1
2	13620	0.16775	1
2	13630	0.167875	1
2	13640	0.168	1
2	13650	0.168125	1
2	13660	0.16825	1
2	13670	0.168375	1
2	13680	0.1685	1
2	13690	0.168625	1
2	13700	0.16875	1
2	13710	0.168875	1
2	13720	0.169	1
2	13730	0.169125	1
2	13740	0.16925	1
2	13750	0.169375	1
2	13760	0.1695	1
2	13770	0.169625	1
2	13780	0.16975	1
2	13790	0.169875	1
2	13800	0.17	1
2	13810	0.170125	1
2	13824	0.17025	1
2	13834	0.170375	1
2	13844	0.1705	1
2	13854	0.170625	1
2	13864	0.17075	1
2	13874	0.170875	1
2	13884	0.171	1
2	13894	0.171125	1
2	13904	0.17125	1
2	13914	0.171375	1
2	13924	0.1715	1
2	13934	0.171625	1
2	13944	0.17175	1
2	13954	0.171875	1
2	13964	0.172	1
2	13974	0.172125	1
2	13984	0.17225	1
2	13994	0.172375	1
2	14004	0.1725	1
2	14014	0.172625	1
2	14024	0.17275	1
2	14034	0.172875	1
2	14044	0.173	1
2	14054	0.173125	1
2	14064	0.17325	1
2	14074	0.173375	1
2	14088	0.1735	1
2	14098	0.173625	1
2	14108	0.17375	1
2	14118	0.173875	1
2	14128	0.174	1
2	14138	0.174125	1
2	14148	0.17425	1
2	14158	0.174375	1
2	14168	0.1745	1
2	14178	0.174625	1
2	14188	0.17475	1
2	14198	0.174875	1
2	14208	0.175	1
2	14218	0.175125	1
2	14228	0.17525	1
2	14238	0.175375	1
2	14248	0.1755	1
2	14258	0.175625	1
2	14268	0.17575	1
2	14278	0.175875	1
2	14288	0.176	1
2	14298	0.176125	1
2	14308	0.17625	1
2	14318	0.176375	1
2	14328	0.1765	1
2	14338	0.176625	1
2	14352	0.17675	1
2	14362	0.176875	1
2	14372	0.177	1
2	14382	0.177125	1
2	14392	0.17725	1
2	14402	0.177375	1
2	14412	0.1775	1
2	14422	0.177625	1
2	14432	0.17775	1
2	14442	0.177875	1
2	14452	0.178	1
2	14462	0.178125	1
2	14472	0.17825	1
2	14482	0.178375	1
2	14492	0.1785	1
2	14502	0.178625	1
2	14512	0.17875	1
2	14522	0.178875	1
2	14532	0.179	1
2	14542	0.179125	1
2	14552	0.17925	1
2	14562	0.179375	1
2	14572	0.1795	1
2	14582	0.179625	1
2	14592	0.17975	1
2	14602	0.179875	1
2	14616	0.18	1
2	14626	0.180125	1
2	14636	0.18025	1
2	14646	0.180375	1
2	14656	0.1805	1
2	14666	0.180625	1
2	14676	0.18075	1
2	14686	0.180875	1
2	14696	0.181	1
2	14706	0.181125	1
2	14716	0.18125	1
2	14726	0.181375	1
2	14736	0.1815	1
2	14746	0.181625	1
2	14756	0.18175	1
2	14766	0.181875	1
2	14776	0.182	1
2	14786	0.182125	1
2	14796	0.18225	1
2	14806	0.182375	1
2	14816	0.1825	1
2	14826	0.182625	1
2	14836	0.18275	1
2	14846	0.182875	1
2	14856	0.183	1
2	14866	0.183125	1
2	14880	0.18325	1
2	14890	0.183375	1
2	14900	0.1835	1
2	14910	0.183625	1
2	14920	0.18375	1
2	14930	0.183875	1
2	14940	0.184	1
2	14950	0.184125	1
2	14960	0.18425	1
2	14970	0.184375	1
2	14980	0.1845	1
2	14990	0.184625	1
2	15000	0.18475	1
2	15010	0.184875	1
2	15020	0.185	1
2	15030	0.185125	1
2	15040	0.18525	1
2	15050	0.185375	1
2	15060	0.1855	1
2	15070	0.185625	1
2	15080	0.18575	1
2	15090	0.185875	1
2	15100	0.186	1
2	15110	0.186125	1
2	15120	0.18625	1
2	15130	0.186375	1
2	15144	0.1865	1
2	15154	0.186625	1
2	15164	0.18675	1
2	15174	0.186875	1
2	15184	0.187	1
2	15194	0.187125	1
2	15204	0.18725	1
2	15214	0.187375	1
2	15224	0.1875	1
2	15234	0.187625	1
2	15244	0.18775	1
2	15254	0.187875	1
2	15264	0.188	1
2	15274	0.188125	1
2	15284	0.18825	1
2	15294	0.188375	1
2	15304	0.1885	1
2	15314	0.188625	1
2	15324	0.18875	1
2	15334	0.188875	1
2	15344	0.189	1
2	15354	0.189125	1
2	15364	0.18925	1
2	15374	0.189375	1
2	15384	0.1895	1
2	15394	0.189625	1
2	15404	0.18975	1
2	15418	0.189875	1
2	15428	0.19	1
2	15438	0.190125	1
2	15448	0.19025	1
2	15458	0.190375	1
2	15468	0.1905	1
2	15478	0.190625	1
2	15488	0.19075	1
2	15498	0.190875	1
2	15508	0.191	1
2	15518	0.191125	1
2	15528	0.19125	1
2	15538	0.191375	1
2	15548	0.1915	1
2	15558	0.191625	1
2	15568	0.19175	1
2	15578	0.191875	1
2	15588	0.192	1
2	15598	0.192125	1
2	15608	0.19225	1
2	15618	0.192375	1
2	15628	0.1925	1
2	15638	0.192625	1
2	15648	0.19275	1
2	15658	0.192875	1
2	15668	0.193	1
2	15682	0.193125	1
2	15692	0.19325	1
2	15702	0.193375	1
2	15712	0.1935	1
2	15722	0.193625	1
2	15732	0.19375	1
2	15742	0.193875	1
2	15752	0.194	1
2	15762	0.194125	1
2	15772	0.19425	1
2	15782	0.194375	1
2	15792	0.1945	1
2	15802	0.194625	1
2	15812	0.19475	1
2	15822	0.194875	1
2	15832	0.195	1
2	15842	0.195125	1
2	15852	0.19525	1
2	15862	0.195375	1
2	15872	0.1955	1
2	15882	0.195625	1
2	15892	0.19575	1
2	15902	0.195875	1
2	15912	0.196	1
2	15922	0.196125	1
2	15932	0.19625	1
2	15946	0.196375	1
2	15956	0.1965	1
2	15966	0.196625	1
2	15976	0.19675	1
2	15986	0.196875	1
2	15996	0.197	1
2	16006	0.197125	1
2	16016	0.19725	1
2	16026	0.197375	1
2	16036	0.1975	1
2	16046	0.197625	1
2	16056	0.19775	1
2	16066	0.197875	1
2	16076	0.198	1
2	16086	0.198125	1
2	16096	0.19825	1
2	16106	0.198375	1
2	16116	0.1985	1
2	16126	0.198625	1
2	16136	0.19875	1
2	16146	0.198875	1
2	16156	0.199	1
2	16166	0.199125	1
2	16176	0.19925	1
2	16186	0.199375	1
2	16196	0.1995	1
2	16210	0.199625	1
2	16220	0.19975	1
2	16230	0.199875	1
2	16240	0.2	1
2	16250	0.200125	1
2	16260	0.20025	1
2	16270	0.200375	1
2	16280	0.2005	1
2	16290	0.200625	1
2	16300	0.20075	1
2	16310	0.200875	1
2	16320	0.201	1
2	16330	0.201125	1
2	16340	0.20125	1
2	16350	0.201375	1
2	16360	0.2015	1
2	16370	0.201625	1
2	16380	0.20175	1
2	16390	0.201875	1
2	16400	0.202	1
2	16410	0.202125	1
2	16420	0.20225	1
2	16430	0.202375	1
2	16440	0.2025	1
2	16450	0.202625	1
2	16460	0.20275	1
2	16474	0.202875	1
2	16484	0.203	1
2	16494	0.203125	1
2	16504	0.20325	1
2	16514	0.203375	1
2	16524	0.2035	1
2	16534	0.203625	1
2	16544	0.20375	1
2	16554	0.203875	1
2	16564	0.204	1
2	16574	0.204125	1
2	16584	0.20425	1
2	16594	0.204375	1
2	16604	0.2045	1
2	16614	0.204625	1
2	16624	0.20475	1
2	16634	0.204875	1
2	16644	0.205	1
2	16654	0.205125	1
2	16664	0.20525	1
2	16674	0.205375	1
2	16684	0.2055	1
2	16694	0.205625	1
2	16704	0.20575	1
2	16714	0.205875	1
2	16724	0.206	1
2	16738	0.206125	1
2	16748	0.20625	1
2	16758	0.206375	1
2	16768	0.2065	1
2	16778	0.206625	1
2	16788	0.20675	1
2	16798	0.206875	1
2	16808	0.207	1
2	16818	0.207125	1
2	16828	0.20725	1
2	16838	0.207375	1
2	16848	0.2075	1
2	16858	0.207625	1
2	16868	0.20775	1
2	16878	0.207875	1
2	16888	0.208	1
2	16898	0.208125	1
2	16908	0.20825	1
2	16918	0.208375	1
2	16928	0.2085	1
2	16938	0.208625	1
2	16948	0.20875	1
2	16958	0.208875	1
2	16968	0.209	1
2	16978	0.209125	1
2	16988	0.20925	1
2	16998	0.209375	1
2	17012	0.2095	1
2	17022	0.209625	1
2	17032	0.20975	1
2	17042	0.209875	1
2	17052	0.21	1
2	17062	0.210125	1
2	17072	0.21025	1
2	17082	0.210375	1
2	17092	0.2105	1
2	17102	0.210625	1
2	17112	0.21075	1
2	17122	0.210875	1
2	17132	0.211	1
2	17142	0.211125	1
2	17152	0.21125	1
2	17162	0.211375	1
2	17172	0.2115	1
2	17182	0.211625	1
2	17192	0.21175	1
2	17202	0.211875	1
2	17212	0.212	1
2	17222	0.212125	1
2	17232	0.21225	1
2	17242	0.212375	1
2	17252	0.2125	1
2	17262	0.212625	1
2	17276	0.21275	1
2	17286	0.212875	1
2	17296	0.213	1
2	17306	0.213125	1
2	17316	0.21325	1
2	17326	0.213375	1
2	17336	0.2135	1
2	17346	0.213625	1
2	17356	0.21375	1
2	17366	0.213875	1
2	17376	0.214	1
2	17386	0.214125	1
2	17396	0.21425	1
2	17406	0.214375	1
2	17416	0.2145	1
2	17426	0.214625	1
2	17436	0.21475	1
2	17446	0.214875	1
2	17456	0.215	1
2	17466	0.215125	1
2	17476	0.21525	1
2	17486	0.215375	1
2	17496	0.2155	1
2	17506	0.215625	1
2	17516	0.21575	1
2	17526	0.215875	1
2	17540	0.216	1
2	17550	0.216125	1
2	17560	0.21625	1
2	17570	0.216375	1
2	17580	0.2165	1
2	17590	0.216625	1
2	17600	0.21675	1
2	17610	0.216875	1
2	17620	0.217	1
2	17630	0.217125	1
2	17640	0.21725	1
2	17650	0.217375	1
2	17660	0.2175	1
2	17670	0.217625	1
2	17680	0.21775	1
2	17690	0.217875	1
2	17700	0.218	1
2	17710	0.218125	1
2	17720	0.21825	1
2	17730	0.218375	1
2	17740	0.2185	1
2	17750	0.218625	1
2	17760	0.21875	1
2	17770	0.218875	1
2	17780	0.219	1
2	17790	0.219125	1
2	17804	0.21925	1
2	17814	0.219375	1
2	17824	0.2195	1
2	17834	0.219625	1
2	17844	0.21975	1
2	17854	0.219875	1
2	17864	0.22	1
2	17874	0.220125	1
2	17884	0.22025	1
2	17894	0.220375	1
2	17904	0.2205	1
2	17914	0.220625	1
2	17924	0.22075	1
2	17934	0.220875	1
2	17944	0.221	1
2	17954	0.221125	1
2	17964	0.22125	1
2	17974	0.221375	1
2	17984	0.2215	1
2	17994	0.221625	1
2	18004	0.22175	1
2	18014	0.221875	1
2	18024	0.222	1
2	18034	0.222125	1
2	18044	0.22225	1
2	18054	0.222375	1
2	18068	0.2225	1
2	18078	0.222625	1
2	18088	0.22275	1
2	18098	0.222875	1
2	18108	0.223	1
2	18118	0.223125	1
2	18128	0.22325	1
2	18138	0.223375	1
2	18148	0.2235	1
2	18158	0.223625	1
2	18168	0.22375	1
2	18178	0.223875	1
2	18188	0.224	1
2	18198	0.224125	1
2	18208	0.22425	1
2	18218	0.224375	1
2	18228	0.2245	1
2	18238	0.224625	1
2	18248	0.22475	1
2	18258	0.224875	1
2	18268	0.225	1
2	18278	0.225125	1
2	18288	0.22525	1
2	18298	0.225375	1
2	18308	0.2255	1
2	18318	0.225625	1
2	18328	0.22575	1
2	18342	0.225875	1
2	18352	0.226	1
2	18362	0.226125	1
2	18372	0.22625	1
2	18382	0.226375	1
2	18392	0.2265	1
2	18402	0.226625	1
2	18412	0.22675	1
2	18422	0.226875	1
2	18432	0.227	1
2	18442	0.227125	1
2	18452	0.22725	1
2	18462	0.227375	1
2	18472	0.2275	1
2	18482	0.227625	1
2	18492	0.22775	1
2	18502	0.227875	1
2	18512	0.228	1
2	18522	0.228125	1
2	18532	0.22825	1
2	18542	0.228375	1
2	18552	0.2285	1
2	18562	0.228625	1
2	18572	0.22875	1
2	18582	0.228875	1
2	18592	0.229	1
2	18606	0.229125	1
2	18616	0.22925	1
2	18626	0.229375	1
2	18636	0.2295	1
2	18646	0.229625	1
2	18656	0.22975	1
2	18666	0.229875	1
2	18676	0.23	1
2	18686	0.230125	1
2	18696	0.23025	1
2	18706	0.230375	1
2	18716	0.2305	1
2	18726	0.230625	1
2	18736	0.23075	1
2	18746	0.230875	1
2	18756	0.231	1
2	18766	0.231125	1
2	18776	0.23125	1
2	18786	0.231375	1
2	18796	0.2315	1
2	18806	0.231625	1
2	18816	0.23175	1
2	18826	0.231875	1
2	18836	0.232	1
2	18846	0.232125	1
2	18856	0.23225	1
2	18870	0.232375	1
2	18880	0.2325	1
2	18890	0.232625	1
2	18900	0.23275	1
2	18910	0.232875	1
2	18920	0.233	1
2	18930	0.233125	1
2	18940	0.23325	1
2	18950	0.233375	1
2	18960	0.2335	1
2	18970	0.233625	1
2	18980	0.23375	1
2	18990	0.233875	1
2	19000	0.234	1
2	19010	0.234125	1
2	19020	0.23425	1
2	19030	0.234375	1
2	19040	0.2345	1
2	19050	0.234625	1
2	19060	0.23475	1
2	19070	0.234875	1
2	19080	0.235	1
2	19090	0.235125	1
2	19100	0.23525	1
2	19110	0.235375	1
2	19120	0.2355	1
2	19134	0.235625	1
2	19144	0.23575	1
2	19154	0.235875	1
2	19164	0.236	1
2	19174	0.236125	1
2	19184	0.23625	1
2	19194	0.236375	1
2	19204	0.2365	1
2	19214	0.236625	1
2	19224	0.23675	1
2	19234	0.236875	1
2	19244	0.237	1
2	19254	0.237125	1
2	19264	0.23725	1
2	19274	0.237375	1
2	19284	0.2375	1
2	19294	0.237625	1
2	19304	0.23775	1
2	19314	0.237875	1
2	19324	0.238	1
2	19334	0.238125	1
2	19344	0.23825	1
2	19354	0.238375	1
2	19364	0.2385	1
2	19374	0.238625	1
2	19384	0.23875	1
2	19398	0.238875	1
2	19408	0.239	1
2	19418	0.239125	1
2	19428	0.23925	1
2	19438	0.239375	1
2	19448	0.2395	1
2	19458	0.239625	1
2	19468	0.23975	1
2	19478	0.239875	1
2	19488	0.24	1
2	19498	0.240125	1
2	19508	0.24025	1
2	19518	0.240375	1
2	19528	0.2405	1
2	19538	0.240625	1
2	19548	0.24075	1
2	19558	0.240875	1
2	19568	0.241	1
2	19578	0.241125	1
2	19588	0.24125	1
2	19598	0.241375	1
2	19608	0.2415	1
2	19618	0.241625	1
2	19628	0.24175	1
2	19638	0.241875	1
2	19648	0.242	1
2	19662	0.242125	1
2	19672	0.24225	1
2	19682	0.242375	1
2	19692	0.2425	1
2	19702	0.242625	1
2	19712	0.24275	1
2	19722	0.242875	1
2	19732	0.243	1
2	19742	0.243125	1
2	19752	0.24325	1
2	19762	0.243375	1
2	19772	0.2435	1
2	19782	0.243625	1
2	19792	0.24375	1
2	19802	0.243875	1
2	19812	0.244	1
2	19822	0.244125	1
2	19832	0.24425	1
2	19842	0.244375	1
2	19852	0.2445	1
2	19862	0.244625	1
2	19872	0.24475	1
2	19882	0.244875	1
2	19892	0.245	1
2	19902	0.245125	1
2	19912	0.24525	1
2	19922	0.245375	1
2	19936	0.2455	1
2	19946	0.245625	1
2	19956	0.24575	1
2	19966	0.245875	1
2	19976	0.246	1
2	19986	0.246125	1
2	19996	0.24625	1
2	20006	0.246375	1
2	20016	0.2465	1
2	20026	0.246625	1
2	20036	0.24675	1
2	20046	0.246875	1
2	20056	0.247	1
2	20066	0.247125	1
2	20076	0.24725	1
2	20086	0.247375	1
2	20096	0.2475	1
2	20106	0.247625	1
2	20116	0.24775	1
2	20126	0.247875	1
2	20136	0.248	1
2	20146	0.248125	1
2	20156	0.24825	1
2	20166	0.248375	1
2	20176	0.2485	1
2	20186	0.248625	1
2	20200	0.24875	1
2	20210	0.248875	1
2	20220	0.249	1
2	20230	0.249125	1
2	20240	0.24925	1
2	20250	0.249375	1
2	20260	0.2495	1
2	20270	0.249625	1
2	20280	0.24975	1
2	20290	0.249875	1
2	20300	0.25	1
2	20310	0.250125	1
2	20320	0.25025	1
2	20330	0.250375	1
2	20340	0.2505	1
2	20350	0.250625	1
2	20360	0.25075	1
2	20370	0.250875	1
2	20380	0.251	1
2	20390	0.251125	1
2	20400	0.25125	1
2	20410	0.251375	1
2	20420	0.2515	1
2	20430	0.251625	1
2	20440	0.25175	1
2	20450	0.251875	1
2	20464	0.252	1
2	20474	0.252125	1
2	20484	0.25225	1
2	20494	0.252375	1
2	20504	0.2525	1
2	20514	0.252625	1
2	20524	0.25275	1
2	20534	0.252875	1
2	20544	0.253	1
2	20554	0.253125	1
2	20564	0.25325	1
2	20574	0.253375	1
2	20584	0.2535	1
2	20594	0.253625	1
2	20604	0.25375	1
2	20614	0.253875	1
2	20624	0.254	1
2	20634	0.254125	1
2	20644	0.25425	1
2	20654	0.254375	1
2	20664	0.2545	1
2	20674	0.254625	1
2	20684	0.25475	1
2	20694	0.254875	1
2	20704	0.255	1
2	20714	0.255125	1
2	20728	0.25525	1
2	20738	0.255375	1
2	20748	0.2555	1
2	20758	0.255625	1
2	20768	0.25575	1
2	20778	0.255875	1
2	20788	0.256	1
2	20798	0.256125	1
2	20808	0.25625	1
2	20818	0.256375	1
2	20828	0.2565	1
2	20838	0.256625	1
2	20848	0.25675	1
2	20858	0.256875	1
2	20868	0.257	1
2	20878	0.257125	1
2	20888	0.25725	1
2	20898	0.257375	1
2	20908	0.2575	1
2	20918	0.257625	1
2	20928	0.25775	1
2	20938	0.257875	1
2	20948	0.258	1
2	20958	0.258125	1
2	20968	0.25825	1
2	20978	0.258375	1
2	20992	0.2585	1
2	21002	0.258625	1
2	21012	0.25875	1
2	21022	0.258875	1
2	21032	0.259	1
2	21042	0.259125	1
2	21052	0.25925	1
2	21062	0.259375	1
2	21072	0.2595	1
2	21082	0.259625	1
2	21092	0.25975	1
2	21102	0.259875	1
2	21112	0.26	1
2	21122	0.260125	1
2	21132	0.26025	1
2	21142	0.260375	1
2	21152	0.2605	1
2	21162	0.260625	1
2	21172	0.26075	1
2	21182	0.260875	1
2	21192	0.261	1
2	21202	0.261125	1
2	21212	0.26125	1
2	21222	0.261375	1
2	21232	0.2615	1
2	21242	0.261625	1
2	21256	0.26175	1
2	21266	0.261875	1
2	21276	0.262	1
2	21286	0.262125	1
2	21296	0.26225	1
2	21306	0.262375	1
2	21316	0.2625	1
2	21326	0.262625	1
2	21336	0.26275	1
2	21346	0.262875	1
2	21356	0.263	1
2	21366	0.263125	1
2	21376	0.26325	1
2	21386	0.263375	1
2	21396	0.2635	1
2	21406	0.263625	1
2	21416	0.26375	1
2	21426	0.263875	1
2	21436	0.264	1
2	21446	0.264125	1
2	21456	0.26425	1
2	21466	0.264375	1
2	21476	0.2645	1
2	21486	0.264625	1
2	21496	0.26475	1
2	21506	0.264875	1
2	21516	0.265	1
2	21530	0.265125	1
2	21540	0.26525	1
2	21550	0.265375	1
2	21560	0.2655	1
2	21570	0.265625	1
2	21580	0.26575	1
2	21590	0.265875	1
2	21600	0.266	1
2	21610	0.266125	1
2	21620	0.26625	1
2	21630	0.266375	1
2	21640	0.2665	1
2	21650	0.266625	1
2	21660	0.26675	1
2	21670	0.266875	1
2	21680	0.267	1
2	21690	0.267125	1
2	21700	0.26725	1
2	21710	0.267375	1
2	21720	0.2675	1
2	21730	0.267625	1
2	21740	0.26775	1
2	21750	0.267875	1
2	21760	0.268	1
2	21770	0.268125	1
2	21780	0.26825	1
2	21794	0.268375	1
2	21804	0.2685	1
2	21814	0.268625	1
2	21824	0.26875	1
2	21834	0.268875	1
2	21844	0.269	1
2	21854	0.269125	1
2	21864	0.26925	1
2	21874	0.269375	1
2	21884	0.2695	1
2	21894	0.269625	1
2	21904	0.26975	1
2	21914	0.269875	1
2	21924	0.27	1
2	21934	0.270125	1
2	21944	0.27025	1
2	21954	0.270375	1
2	21964	0.2705	1
2	21974	0.270625	1
2	21984	0.27075	1
2	21994	0.270875	1
2	22004	0.271	1
2	22014	0.271125	1
2	22024	0.27125	1
2	22034	0.271375	1
2	22044	0.2715	1
2	22058	0.271625	1
2	22068	0.27175	1
2	22078	0.271875	1
2	22088	0.272	1
2	22098	0.272125	1
2	22108	0.27225	1
2	22118	0.272375	1
2	22128	0.2725	1
2	22138	0.272625	1
2	22148	0.27275	1
2	22158	0.272875	1
2	22168	0.273	1
2	22178	0.273125	1
2	22188	0.27325	1
2	22198	0.273375	1
2	22208	0.2735	1
2	22218	0.273625	1
2	22228	0.27375	1
2	22238	0.273875	1
2	22248	0.274	1
2	22258	0.274125	1
2	22268	0.27425	1
2	22278	0.274375	1
2	22288	0.2745	1
2	22298	0.274625	1
2	22308	0.27475	1
2	22322	0.274875	1
2	22332	0.275	1
2	22342	0.275125	1
2	22352	0.27525	1
2	22362	0.275375	1
2	22372	0.2755	1
2	22382	0.275625	1
2	22392	0.27575	1
2	22402	0.275875	1
2	22412	0.276	1
2	22422	0.276125	1
2	22432	0.27625	1
2	22442	0.276375	1
2	22452	0.2765	1
2	22462	0.276625	1
2	22472	0.27675	1
2	22482	0.276875	1
2	22492	0.277	1
2	22502	0.277125	1
2	22512	0.27725	1
2	22522	0.277375	1
2	22532	0.2775	1
2	22542	0.277625	1
2	22552	0.27775	1
2	22562	0.277875	1
2	22572	0.278	1
2	22586	0.278125	1
2	22596	0.27825	1
2	22606	0.278375	1
2	22616	0.2785	1
2	22626	0.278625	1
2	22636	0.27875	1
2	22646	0.278875	1
2	22656	0.279	1
2	22666	0.279125	1
2	22676	0.27925	1
2	22686	0.279375	1
2	22696	0.2795	1
2	22706	0.279625	1
2	22716	0.27975	1
2	22726	0.279875	1
2	22736	0.28	1
2	22746	0.280125	1
2	22756	0.28025	1
2	22766	0.280375	1
2	22776	0.2805	1
2	22786	0.280625	1
2	22796	0.28075	1
2	22806	0.280875	1
2	22816	0.281	1
2	22826	0.281125	1
2	22836	0.28125	1
2	22850	0.281375	1
2	22860	0.2815	1
2	22870	0.281625	1
2	22880	0.28175	1
2	22890	0.281875	1
2	22900	0.282	1
2	22910	0.282125	1
2	22920	0.28225	1
2	22930	0.282375	1
2	22940	0.2825	1
2	22950	0.282625	1
2	22960	0.28275	1
2	22970	0.282875	1
2	22980	0.283	1
2	22990	0.283125	1
2	23000	0.28325	1
2	23010	0.283375	1
2	23020	0.2835	1
2	23030	0.283625	1
2	23040	0.28375	1
2	23050	0.283875	1
2	23060	0.284	1
2	23070	0.284125	1
2	23080	0.28425	1
2	23090	0.284375	1
2	23100	0.2845	1
2	23110	0.284625	1
2	23124	0.28475	1
2	23134	0.284875	1
2	23144	0.285	1
2	23154	0.285125	1
2	23164	0.28525	1
2	23174	0.285375	1
2	23184	0.2855	1
2	23194	0.285625	1
2	23204	0.28575	1
2	23214	0.285875	1
2	23224	0.286	1
2	23234	0.286125	1
2	23244	0.28625	1
2	23254	0.286375	1
2	23264	0.2865	1
2	23274	0.286625	1
2	23284	0.28675	1
2	23294	0.286875	1
2	23304	0.287	1
2	23314	0.287125	1
2	23324	0.28725	1
2	23334	0.287375	1
2	23344	0.2875	1
2	23354	0.287625	1
2	23364	0.28775	1
2	23374	0.287875	1
2	23388	0.288	1
2	23398	0.288125	1
2	23408	0.28825	1
2	23418	0.288375	1
2	23428	0.2885	1
2	23438	0.288625	1
2	23448	0.28875	1
2	23458	0.288875	1
2	23468	0.289	1
2	23478	0.289125	1
2	23488	0.28925	1
2	23498	0.289375	1
2	23508	0.2895	1
2	23518	0.289625	1
2	23528	0.28975	1
2	23538	0.289875	1
2	23548	0.29	1
2	23558	0.290125	1
2	23568	0.29025	1
2	23578	0.290375	1
2	23588	0.2905	1
2	23598	0.290625	1
2	23608	0.29075	1
2	23618	0.290875	1
2	23628	0.291	1
2	23638	0.291125	1
2	23652	0.29125	1
2	23662	0.291375	1
2	23672	0.2915	1
2	23682	0.291625	1
2	23692	0.29175	1
2	23702	0.291875	1
2	23712	0.292	1
2	23722	0.292125	1
2	23732	0.29225	1
2	23742	0.292375	1
2	23752	0.2925	1
2	23762	0.292625	1
2	23772	0.29275	1
2	23782	0.292875	1
2	23792	0.293	1
2	23802	0.293125	1
2	23812	0.29325	1
2	23822	0.293375	1
2	23832	0.2935	1
2	23842	0.293625	1
2	23852	0.29375	1
2	23862	0.293875	1
2	23872	0.294	1
2	23882	0.294125	1
2	23892	0.29425	1
2	23902	0.294375	1
2	23916	0.2945	1
2	23926	0.294625	1
2	23936	0.29475	1
2	23946	0.294875	1
2	23956	0.295	1
2	23966	0.295125	1
2	23976	0.29525	1
2	23986	0.295375	1
2	23996	0.2955	1
2	24006	0.295625	1
2	24016	0.29575	1
2	24026	0.295875	1
2	24036	0.296	1
2	24046	0.296125	1
2	24056	0.29625	1
2	24066	0.296375	1
2	24076	0.2965	1
2	24086	0.296625	1
2	24096	0.29675	1
2	24106	0.296875	1
2	24116	0.297	1
2	24126	0.297125	1
2	24136	0.29725	1
2	24146	0.297375	1
2	24156	0.2975	1
2	24166	0.297625	1
2	24180	0.29775	1
2	24190	0.297875	1
2	24200	0.298	1
2	24210	0.298125	1
2	24220	0.29825	1
2	24230	0.298375	1
2	24240	0.2985	1
2	24250	0.298625	1
2	24260	0.29875	1
2	24270	0.298875	1
2	24280	0.299	1
2	24290	0.299125	1
2	24300	0.29925	1
2	24310	0.299375	1
2	24320	0.2995	1
2	24330	0.299625	1
2	24340	0.29975	1
2	24350	0.299875	1
2	24360	0.3	1
2	24370	0.300125	1
2	24380	0.30025	1
2	24390	0.300375	1
2	24400	0.3005	1
2	24410	0.300625	1
2	24420	0.30075	1
2	24430	0.300875	1
2	24440	0.301	1
2	24454	0.301125	1
2	24464	0.30125	1
2	24474	0.301375	1
2	24484	0.3015	1
2	24494	0.301625	1
2	24504	0.30175	1
2	24514	0.301875	1
2	24524	0.302	1
2	24534	0.302125	1
2	24544	0.30225	1
2	24554	0.302375	1
2	24564	0.3025	1
2	24574	0.302625	1
2	24584	0.30275	1
2	24594	0.302875	1
2	24604	0.303	1
2	24614	0.303125	1
2	24624	0.30325	1
2	24634	0.303375	1
2	24644	0.3035	1
2	24654	0.303625	1
2	24664	0.30375	1
2	24674	0.303875	1
2	24684	0.304	1
2	24694	0.304125	1
2	24704	0.30425	1
2	24718	0.304375	1
2	24728	0.3045	1
2	24738	0.304625	1
2	24748	0.30475	1
2	24758	0.304875	1
2	24768	0.305	1
2	24778	0.305125	1
2	24788	0.30525	1
2	24798	0.305375	1
2	24808	0.3055	1
2	24818	0.305625	1
2	24828	0.30575	1
2	24838	0.305875	1
2	24848	0.306	1
2	24858	0.306125	1
2	24868	0.30625	1
2	24878	0.306375	1
2	24888	0.3065	1
2	24898	0.306625	1
2	24908	0.30675	1
2	24918	0.306875	1
2	24928	0.307	1
2	24938	0.307125	1
2	24948	0.30725	1
2	24958	0.307375	1
2	24968	0.3075	1
2	24982	0.307625	1
2	24992	0.30775	1
2	25002	0.307875	1
2	25012	0.308	1
2	25022	0.308125	1
2	25032	0.30825	1
2	25042	0.308375	1
2	25052	0.3085	1
2	25062	0.308625	1
2	25072	0.30875	1
2	25082	0.308875	1
2	25092	0.309	1
2	25102	0.309125	1
2	25112	0.30925	1
2	25122	0.309375	1
2	25132	0.3095	1
2	25142	0.309625	1
2	25152	0.30975	1
2	25162	0.309875	1
2	25172	0.31	1
2	25182	0.310125	1
2	25192	0.31025	1
2	25202	0.310375	1
2	25212	0.3105	1
2	25222	0.310625	1
2	25232	0.31075	1
2	25246	0.310875	1
2	25256	0.311	1
2	25266	0.311125	1
2	25276	0.31125	1
2	25286	0.311375	1
2	25296	0.3115	1
2	25306	0.311625	1
2	25316	0.31175	1
2	25326	0.311875	1
2	25336	0.312	1
2	25346	0.312125	1
2	25356	0.31225	1
2	25366	0.312375	1
2	25376	0.3125	1
2	25386	0.312625	1
2	25396	0.31275	1
2	25406	0.312875	1
2	25416	0.313	1
2	25426	0.313125	1
2	25436	0.31325	1
2	25446	0.313375	1
2	25456	0.3135	1
2	25466	0.313625	1
2	25476	0.31375	1
2	25486	0.313875	1
2	25496	0.314	1
2	25510	0.314125	1
2	25520	0.31425	1
2	25530	0.314375	1
2	25540	0.3145	1
2	25550	0.314625	1
2	25560	0.31475	1
2	25570	0.314875	1
2	25580	0.315	1
2	25590	0.315125	1
2	25600	0.31525	1
2	25610	0.315375	1
2	25620	0.3155	1
2	25630	0.315625	1
2	25640	0.31575	1
2	25650	0.315875	1
2	25660	0.316	1
2	25670	0.316125	1
2	25680	0.31625	1
2	25690	0.316375	1
2	25700	0.3165	1
2	25710	0.316625	1
2	25720	0.31675	1
2	25730	0.316875	1
2	25740	0.317	1
2	25750	0.317125	1
2	25760	0.31725	1
2	25774	0.317375	1
2	25784	0.3175	1
2	25794	0.317625	1
2	25804	0.31775	1
2	25814	0.317875	1
2	25824	0.318	1
2	25834	0.318125	1
2	25844	0.31825	1
2	25854	0.318375	1
2	25864	0.3185	1
2	25874	0.318625	1
2	25884	0.31875	1
2	25894	0.318875	1
2	25904	0.319	1
2	25914	0.319125	1
2	25924	0.31925	1
2	25934	0.319375	1
2	25944	0.3195	1
2	25954	0.319625	1
2	25964	0.31975	1
2	25974	0.319875	1
2	25984	0.32	1
2	25994	0.320125	1
2	26004	0.32025	1
2	26014	0.320375	1
2	26024	0.3205	1
2	26034	0.320625	1
2	26048	0.32075	1
2	26058	0.320875	1
2	26068	0.321	1
2	26078	0.321125	1
2	26088	0.32125	1
2	26098	0.321375	1
2	26108	0.3215	1
2	26118	0.321625	1
2	26128	0.32175	1
2	26138	0.321875	1
2	26148	0.322	1
2	26158	0.322125	1
2	26168	0.32225	1
2	26178	0.322375	1
2	26188	0.3225	1
2	26198	0.322625	1
2	26208	0.32275	1
2	26218	0.322875	1
2	26228	0.323	1
2	26238	0.323125	1
2	26248	0.32325	1
2	26258	0.323375	1
2	26268	0.3235	1
2	26278	0.323625	1
2	26288	0.32375	1
2	26298	0.323875	1
2	26312	0.324	1
2	26322	0.324125	1
2	26332	0.32425	1
2	26342	0.324375	1
2	26352	0.3245	1
2	26362	0.324625	1
2	26372	0.32475	1
2	26382	0.324875	1
2	26392	0.325	1
2	26402	0.325125	1
2	26412	0.32525	1
2	26422	0.325375	1
2	26432	0.3255	1
2	26442	0.325625	1
2	26452	0.32575	1
2	26462	0.325875	1
2	26472	0.326	1
2	26482	0.326125	1
2	26492	0.32625	1
2	26502	0.326375	1
2	26512	0.3265	1
2	26522	0.326625	1
2	26532	0.32675	1
2	26542	0.326875	1
2	26552	0.327	1
2	26562	0.327125	1
2	26576	0.32725	1
2	26586	0.327375	1
2	26596	0.3275	1
2	26606	0.327625	1
2	26616	0.32775	1
2	26626	0.327875	1
2	26636	0.328	1
2	26646	0.328125	1
2	26656	0.32825	1
2	26666	0.328375	1
2	26676	0.3285	1
2	26686	0.328625	1
2	26696	0.32875	1
2	26706	0.328875	1
2	26716	0.329	1
2	26726	0.329125	1
2	26736	0.32925	1
2	26746	0.329375	1
2	26756	0.3295	1
2	26766	0.329625	1
2	26776	0.32975	1
2	26786	0.329875	1
2	26796	0.33	1
2	26806	0.330125	1
2	26816	0.33025	1
2	26826	0.330375	1
2	26840	0.3305	1
2	26850	0.330625	1
2	26860	0.33075	1
2	26870	0.330875	1
2	26880	0.331	1
2	26890	0.331125	1
2	26900	0.33125	1
2	26910	0.331375	1
2	26920	0.3315	1
2	26930	0.331625	1
2	26940	0.33175	1
2	26950	0.331875	1
2	26960	0.332	1
2	26970	0.332125	1
2	26980	0.33225	1
2	26990	0.332375	1
2	27000	0.3325	1
2	27010	0.332625	1
2	27020	0.33275	1
2	27030	0.332875	1
2	27040	0.333	1
2	27050	0.333125	1
2	27060	0.33325	1
2	27070	0.333375	1
2	27080	0.3335	1
2	27090	0.333625	1
2	27104	0.33375	1
2	27114	0.333875	1
2	27124	0.334	1
2	27134	0.334125	1
2	27144	0.33425	1
2	27154	0.334375	1
2	27164	0.3345	1
2	27174	0.334625	1
2	27184	0.33475	1
2	27194	0.334875	1
2	27204	0.335	1
2	27214	0.335125	1
2	27224	0.33525	1
2	27234	0.335375	1
2	27244	0.3355	1
2	27254	0.335625	1
2	27264	0.33575	1
2	27274	0.335875	1
2	27284	0.336	1
2	27294	0.336125	1
2	27304	0.33625	1
2	27314	0.336375	1
2	27324	0.3365	1
2	27334	0.336625	1
2	27344	0.33675	1
2	27354	0.336875	1
2	27368	0.337	1
2	27378	0.337125	1
2	27388	0.33725	1
2	27398	0.337375	1
2	27408	0.3375	1
2	27418	0.337625	1
2	27428	0.33775	1
2	27438	0.337875	1
2	27448	0.338	1
2	27458	0.338125	1
2	27468	0.33825	1
2	27478	0.338375	1
2	27488	0.3385	1
2	27498	0.338625	1
2	27508	0.33875	1
2	27518	0.338875	1
2	27528	0.339	1
2	27538	0.339125	1
2	27548	0.33925	1
2	27558	0.339375	1
2	27568	0.3395	1
2	27578	0.339625	1
2	27588	0.33975	1
2	27598	0.339875	1
2	27608	0.34	1
2	27618	0.340125	1
2	27628	0.34025	1
2	27642	0.340375	1
2	27652	0.3405	1
2	27662	0.340625	1
2	27672	0.34075	1
2	27682	0.340875	1
2	27692	0.341	1
2	27702	0.341125	1
2	27712	0.34125	1
2	27722	0.341375	1
2	27732	0.3415	1
2	27742	0.341625	1
2	27752	0.34175	1
2	27762	0.341875	1
2	27772	0.342	1
2	27782	0.342125	1
2	27792	0.34225	1
2	27802	0.342375	1
2	27812	0.3425	1
2	27822	0.342625	1
2	27832	0.34275	1
2	27842	0.342875	1
2	27852	0.343	1
2	27862	0.343125	1
2	27872	0.34325	1
2	27882	0.343375	1
2	27892	0.3435	1
2	27906	0.343625	1
2	27916	0.34375	1
2	27926	0.343875	1
2	27936	0.344	1
2	27946	0.344125	1
2	27956	0.34425	1
2	27966	0.344375	1
2	27976	0.3445	1
2	27986	0.344625	1
2	27996	0.34475	1
2	28006	0.344875	1
2	28016	0.345	1
2	28026	0.345125	1
2	28036	0.34525	1
2	28046	0.345375	1
2	28056	0.3455	1
2	28066	0.345625	1
2	28076	0.34575	1
2	28086	0.345875	1
2	28096	0.346	1
2	28106	0.346125	1
2	28116	0.34625	1
2	28126	0.346375	1
2	28136	0.3465	1
2	28146	0.346625	1
2	28156	0.34675	1
2	28170	0.346875	1
2	28180	0.347	1
2	28190	0.347125	1
2	28200	0.34725	1
2	28210	0.347375	1
2	28220	0.3475	1
2	28230	0.347625	1
2	28240	0.34775	1
2	28250	0.347875	1
2	28260	0.348	1
2	28270	0.348125	1
2	28280	0.34825	1
2	28290	0.348375	1
2	28300	0.3485	1
2	28310	0.348625	1
2	28320	0.34875	1
2	28330	0.348875	1
2	28340	0.349	1
2	28350	0.349125	1
2	28360	0.34925	1
2	28370	0.349375	1
2	28380	0.3495	1
2	28390	0.349625	1
2	28400	0.34975	1
2	28410	0.349875	1
2	28420	0.35	1
2	28434	0.350125	1
2	28444	0.35025	1
2	28454	0.350375	1
2	28464	0.3505	1
2	28474	0.350625	1
2	28484	0.35075	1
2	28494	0.350875	1
2	28504	0.351	1
2	28514	0.351125	1
2	28524	0.35125	1
2	28534	0.351375	1
2	28544	0.3515	1
2	28554	0.351625	1
2	28564	0.35175	1
2	28574	0.351875	1
2	28584	0.352	1
2	28594	0.352125	1
2	28604	0.35225	1
2	28614	0.352375	1
2	28624	0.3525	1
2	28634	0.352625	1
2	28644	0.35275	1
2	28654	0.352875	1
2	28664	0.353	1
2	28674	0.353125	1
2	28684	0.35325	1
2	28698	0.353375	1
2	28708	0.3535	1
2	28718	0.353625	1
2	28728	0.35375	1
2	28738	0.353875	1
2	28748	0.354	1
2	28758	0.354125	1
2	28768	0.35425	1
2	28778	0.354375	1
2	28788	0.3545	1
2	28798	0.354625	1
2	28808	0.35475	1
2	28818	0.354875	1
2	28828	0.355	1
2	28838	0.355125	1
2	28848	0.35525	1
2	28858	0.355375	1
2	28868	0.3555	1
2	28878	0.355625	1
2	28888	0.35575	1
2	28898	0.355875	1
2	28908	0.356	1
2	28918	0.356125	1
2	28928	0.35625	1
2	28938	0.356375	1
2	28948	0.3565	1
2	28962	0.356625	1
2	28972	0.35675	1
2	28982	0.356875	1
2	28992	0.357	1
2	29002	0.357125	1
2	29012	0.35725	1
2	29022	0.357375	1
2	29032	0.3575	1
2	29042	0.357625	1
2	29052	0.35775	1
2	29062	0.357875	1
2	29072	0.358	1
2	29082	0.358125	1
2	29092	0.35825	1
2	29102	0.358375	1
2	29112	0.3585	1
2	29122	0.358625	1
2	29132	0.35875	1
2	29142	0.358875	1
2	29152	0.359	1
2	29162	0.359125	1
2	29172	0.35925	1
2	29182	0.359375	1
2	29192	0.3595	1
2	29202	0.359625	1
2	29212	0.35975	1
2	29222	0.359875	1
2	29236	0.36	1
2	29246	0.360125	1
2	29256	0.36025	1
2	29266	0.360375	1
2	29276	0.3605	1
2	29286	0.360625	1
2	29296	0.36075	1
2	29306	0.360875	1
2	29316	0.361	1
2	29326	0.361125	1
2	29336	0.36125	1
2	29346	0.361375	1
2	29356	0.3615	1
2	29366	0.361625	1
2	29376	0.36175	1
2	29386	0.361875	1
2	29396	0.362	1
2	29406	0.362125	1
2	29416	0.36225	1
2	29426	0.362375	1
2	29436	0.3625	1
2	29446	0.362625	1
2	29456	0.36275	1
2	29466	0.362875	1
2	29476	0.363	1
2	29486	0.363125	1
2	29500	0.36325	1
2	29510	0.363375	1
2	29520	0.3635	1
2	29530	0.363625	1
2	29540	0.36375	1
2	29550	0.363875	1
2	29560	0.364	1
2	29570	0.364125	1
2	29580	0.36425	1
2	29590	0.364375	1
2	29600	0.3645	1
2	29610	0.364625	1
2	29620	0.36475	1
2	29630	0.364875	1
2	29640	0.365	1
2	29650	0.365125	1
2	29660	0.36525	1
2	29670	0.365375	1
2	29680	0.3655	1
2	29690	0.365625	1
2	29700	0.36575	1
2	29710	0.365875	1
2	29720	0.366	1
2	29730	0.366125	1
2	29740	0.36625	1
2	29750	0.366375	1
2	29764	0.3665	1
2	29774	0.366625	1
2	29784	0.36675	1
2	29794	0.366875	1
2	29804	0.367	1
2	29814	0.367125	1
2	29824	0.36725	1
2	29834	0.367375	1
2	29844	0.3675	1
2	29854	0.367625	1
2	29864	0.36775	1
2	29874	0.367875	1
2	29884	0.368	1
2	29894	0.368125	1
2	29904	0.36825	1
2	29914	0.368375	1
2	29924	0.3685	1
2	29934	0.368625	1
2	29944	0.36875	1
2	29954	0.368875	1
2	29964	0.369	1
2	29974	0.369125	1
2	29984	0.36925	1
2	29994	0.369375	1
2	30004	0.3695	1
2	30014	0.369625	1
2	30028	0.36975	1
2	30038	0.369875	1
2	30048	0.37	1
2	30058	0.370125	1
2	30068	0.37025	1
2	30078	0.370375	1
2	30088	0.3705	1
2	30098	0.370625	1
2	30108	0.37075	1
2	30118	0.370875	1
2	30128	0.371	1
2	30138	0.371125	1
2	30148	0.37125	1
2	30158	0.371375	1
2	30168	0.3715	1
2	30178	0.371625	1
2	30188	0.37175	1
2	30198	0.371875	1
2	30208	0.372	1
2	30218	0.372125	1
2	30228	0.37225	1
2	30238	0.372375	1
2	30248	0.3725	1
2	30258	0.372625	1
2	30268	0.37275	1
2	30278	0.372875	1
2	30292	0.373	1
2	30302	0.373125	1
2	30312	0.37325	1
2	30322	0.373375	1
2	30332	0.3735	1
2	30342	0.373625	1
2	30352	0.37375	1
2	30362	0.373875	1
2	30372	0.374	1
2	30382	0.374125	1
2	30392	0.37425	1
2	30402	0.374375	1
2	30412	0.3745	1
2	30422	0.374625	1
2	30432	0.37475	1
2	30442	0.374875	1
2	30452	0.375	1
2	30462	0.375125	1
2	30472	0.37525	1
2	30482	0.375375	1
2	30492	0.3755	1
2	30502	0.375625	1
2	30512	0.37575	1
2	30522	0.375875	1
2	30532	0.376	1
2	30542	0.376125	1
2	30552	0.37625	1
2	30566	0.376375	1
2	30576	0.3765	1
2	30586	0.376625	1
2	30596	0.37675	1
2	30606	0.376875	1
2	30616	0.377	1
2	30626	0.377125	1
2	30636	0.37725	1
2	30646	0.377375	1
2	30656	0.3775	1
2	30666	0.377625	1
2	30676	0.37775	1
2	30686	0.377875	1
2	30696	0.378	1
2	30706	0.378125	1
2	30716	0.37825	1
2	30726	0.378375	1
2	30736	0.3785	1
2	30746	0.378625	1
2	30756	0.37875	1
2	30766	0.378875	1
2	30776	0.379	1
2	30786	0.379125	1
2	30796	0.37925	1
2	30806	0.379375	1
2	30816	0.3795	1
2	30830	0.379625	1
2	30840	0.37975	1
2	30850	0.379875	1
2	30860	0.38	1
2	30870	0.380125	1
2	30880	0.38025	1
2	30890	0.380375	1
2	30900	0.3805	1
2	30910	0.380625	1
2	30920	0.38075	1
2	30930	0.380875	1
2	30940	0.381	1
2	30950	0.381125	1
2	30960	0.38125	1
2	30970	0.381375	1
2	30980	0.3815	1
2	30990	0.381625	1
2	31000	0.38175	1
2	31010	0.381875	1
2	31020	0.382	1
2	31030	0.382125	1
2	31040	0.38225	1
2	31050	0.382375	1
2	31060	0.3825	1
2	31070	0.382625	1
2	31080	0.38275	1
2	31094	0.382875	1
2	31104	0.383	1
2	31114	0.383125	1
2	31124	0.38325	1
2	31134	0.383375	1
2	31144	0.3835	1
2	31154	0.383625	1
2	31164	0.38375	1
2	31174	0.383875	1
2	31184	0.384	1
2	31194	0.384125	1
2	31204	0.38425	1
2	31214	0.384375	1
2	31224	0.3845	1
2	31234	0.384625	1
2	31244	0.38475	1
2	31254	0.384875	1
2	31264	0.385	1
2	31274	0.385125	1
2	31284	0.38525	1
2	31294	0.385375	1
2	31304	0.3855	1
2	31314	0.385625	1
2	31324	0.38575	1
2	31334	0.385875	1
2	31344	0.386	1
2	31358	0.386125	1
2	31368	0.38625	1
2	31378	0.386375	1
2	31388	0.3865	1
2	31398	0.386625	1
2	31408	0.38675	1
2	31418	0.386875	1
2	31428	0.387	1
2	31438	0.387125	1
2	31448	0.38725	1
2	31458	0.387375	1
2	31468	0.3875	1
2	31478	0.387625	1
2	31488	0.38775	1
2	31498	0.387875	1
2	31508	0.388	1
2	31518	0.388125	1
2	31528	0.38825	1
2	31538	0.388375	1
2	31548	0.3885	1
2	31558	0.388625	1
2	31568	0.38875	1
2	31578	0.388875	1
2	31588	0.389	1
2	31598	0.389125	1
2	31608	0.38925	1
2	31622	0.389375	1
2	31632	0.3895	1
2	31642	0.389625	1
2	31652	0.38975	1
2	31662	0.389875	1
2	31672	0.39	1
2	31682	0.390125	1
2	31692	0.39025	1
2	31702	0.390375	1
2	31712	0.3905	1
2	31722	0.390625	1
2	31732	0.39075	1
2	31742	0.390875	1
2	31752	0.391	1
2	31762	0.391125	1
2	31772	0.39125	1
2	31782	0.391375	1
2	31792	0.3915	1
2	31802	0.391625	1
2	31812	0.39175	1
2	31822	0.391875	1
2	31832	0.392	1
2	31842	0.392125	1
2	31852	0.39225	1
2	31862	0.392375	1
2	31872	0.3925	1
2	31886	0.392625	1
2	31896	0.39275	1
2	31906	0.392875	1
2	31916	0.393	1
2	31926	0.393125	1
2	31936	0.39325	1
2	31946	0.393375	1
2	31956	0.3935	1
2	31966	0.393625	1
2	31976	0.39375	1
2	31986	0.393875	1
2	31996	0.394	1
2	32006	0.394125	1
2	32016	0.39425	1
2	32026	0.394375	1
2	32036	0.3945	1
2	32046	0.394625	1
2	32056	0.39475	1
2	32066	0.394875	1
2	32076	0.395	1
2	32086	0.395125	1
2	32096	0.39525	1
2	32106	0.395375	1
2	32116	0.3955	1
2	32126	0.395625	1
2	32136	0.39575	1
2	32146	0.395875	1
2	32160	0.396	1
2	32170	0.396125	1
2	32180	0.39625	1
2	32190	0.396375	1
2	32200	0.3965	1
2	32210	0.396625	1
2	32220	0.39675	1
2	32230	0.396875	1
2	32240	0.397	1
2	32250	0.397125	1
2	32260	0.39725	1
2	32270	0.397375	1
2	32280	0.3975	1
2	32290	0.397625	1
2	32300	0.39775	1
2	32310	0.397875	1
2	32320	0.398	1
2	32330	0.398125	1
2	32340	0.39825	1
2	32350	0.398375	1
2	32360	0.3985	1
2	32370	0.398625	1
2	32380	0.39875	1
2	32390	0.398875	1
2	32400	0.399	1
2	32410	0.399125	1
2	32424	0.39925	1
2	32434	0.399375	1
2	32444	0.3995	1
2	32454	0.399625	1
2	32464	0.39975	1
2	32474	0.399875	1
2	32484	0.4	1
2	32494	0.400125	1
2	32504	0.40025	1
2	32514	0.400375	1
2	32524	0.4005	1
2	32534	0.400625	1
2	32544	0.40075	1
2	32554	0.400875	1
2	32564	0.401	1
2	32574	0.401125	1
2	32584	0.40125	1
2	32594	0.401375	1
2	32604	0.4015	1
2	32614	0.401625	1
2	32624	0.40175	1
2	32634	0.401875	1
2	32644	0.402	1
2	32654	0.402125	1
2	32664	0.40225	1
2	32674	0.402375	1
2	32688	0.4025	1
2	32698	0.402625	1
2	32708	0.40275	1
2	32718	0.402875	1
2	32728	0.403	1
2	32738	0.403125	1
2	32748	0.40325	1
2	32758	0.403375	1
2	32768	0.4035	1
2	32778	0.403625	1
2	32788	0.40375	1
2	32798	0.403875	1
2	32808	0.404	1
2	32818	0.404125	1
2	32828	0.40425	1
2	32838	0.404375	1
2	32848	0.4045	1
2	32858	0.404625	1
2	32868	0.40475	1
2	32878	0.404875	1
2	32888	0.405	1
2	32898	0.405125	1
2	32908	0.40525	1
2	32918	0.405375	1
2	32928	0.4055	1
2	32938	0.405625	1
2	32952	0.40575	1
2	32962	0.405875	1
2	32972	0.406	1
2	32982	0.406125	1
2	32992	0.40625	1
2	33002	0.406375	1
2	33012	0.4065	1
2	33022	0.406625	1
2	33032	0.40675	1
2	33042	0.406875	1
2	33052	0.407	1
2	33062	0.407125	1
2	33072	0.40725	1
2	33082	0.407375	1
2	33092	0.4075	1
2	33102	0.407625	1
2	33112	0.40775	1
2	33122	0.407875	1
2	33132	0.408	1
2	33142	0.408125	1
2	33152	0.40825	1
2	33162	0.408375	1
2	33172	0.4085	1
2	33182	0.408625	1
2	33192	0.40875	1
2	33202	0.408875	1
2	33216	0.409	1
2	33226	0.409125	1
2	33236	0.40925	1
2	33246	0.409375	1
2	33256	0.4095	1
2	33266	0.409625	1
2	33276	0.40975	1
2	33286	0.409875	1
2	33296	0.41	1
2	33306	0.410125	1
2	33316	0.41025	1
2	33326	0.410375	1
2	33336	0.4105	1
2	33346	0.410625	1
2	33356	0.41075	1
2	33366	0.410875	1
2	33376	0.411	1
2	33386	0.411125	1
2	33396	0.41125	1
2	33406	0.411375	1
2	33416	0.4115	1
2	33426	0.411625	1
2	33436	0.41175	1
2	33446	0.411875	1
2	33456	0.412	1
2	33466	0.412125	1
2	33480	0.41225	1
2	33490	0.412375	1
2	33500	0.4125	1
2	33510	0.412625	1
2	33520	0.41275	1
2	33530	0.412875	1
2	33540	0.413	1
2	33550	0.413125	1
2	33560	0.41325	1
2	33570	0.413375	1
2	33580	0.4135	1
2	33590	0.413625	1
2	33600	0.41375	1
2	33610	0.413875	1
2	33620	0.414	1
2	33630	0.414125	1
2	33640	0.41425	1
2	33650	0.414375	1
2	33660	0.4145	1
2	33670	0.414625	1
2	33680	0.41475	1
2	33690	0.414875	1
2	33700	0.415	1
2	33710	0.415125	1
2	33720	0.41525	1
2	33730	0.415375	1
2	33740	0.4155	1
2	33754	0.415625	1
2	33764	0.41575	1
2	33774	0.415875	1
2	33784	0.416	1
2	33794	0.416125	1
2	33804	0.41625	1
2	33814	0.416375	1
2	33824	0.4165	1
2	33834	0.416625	1
2	33844	0.41675	1
2	33854	0.416875	1
2	33864	0.417	1
2	33874	0.417125	1
2	33884	0.41725	1
2	33894	0.417375	1
2	33904	0.4175	1
2	33914	0.417625	1
2	33924	0.41775	1
2	33934	0.417875	1
2	33944	0.418	1
2	33954	0.418125	1
2	33964	0.41825	1
2	33974	0.418375	1
2	33984	0.4185	1
2	33994	0.418625	1
2	34004	0.41875	1
2	34018	0.418875	1
2	34028	0.419	1
2	34038	0.419125	1
2	34048	0.41925	1
2	34058	0.419375	1
2	34068	0.4195	1
2	34078	0.419625	1
2	34088	0.41975	1
2	34098	0.419875	1
2	34108	0.42	1
2	34118	0.420125	1
2	34128	0.42025	1
2	34138	0.420375	1
2	34148	0.4205	1
2	34158	0.420625	1
2	34168	0.42075	1
2	34178	0.420875	1
2	34188	0.421	1
2	34198	0.421125	1
2	34208	0.42125	1
2	34218	0.421375	1
2	34228	0.4215	1
2	34238	0.421625	1
2	34248	0.42175	1
2	34258	0.421875	1
2	34268	0.422	1
2	34282	0.422125	1
2	34292	0.42225	1
2	34302	0.422375	1
2	34312	0.4225	1
2	34322	0.422625	1
2	34332	0.42275	1
2	34342	0.422875	1
2	34352	0.423	1
2	34362	0.423125	1
2	34372	0.42325	1
2	34382	0.423375	1
2	34392	0.4235	1
2	34402	0.423625	1
2	34412	0.42375	1
2	34422	0.423875	1
2	34432	0.424	1
2	34442	0.424125	1
2	34452	0.42425	1
2	34462	0.424375	1
2	34472	0.4245	1
2	34482	0.424625	1
2	34492	0.42475	1
2	34502	0.424875	1
2	34512	0.425	1
2	34522	0.425125	1
2	34532	0.42525	1
2	34546	0.425375	1
2	34556	0.4255	1
2	34566	0.425625	1
2	34576	0.42575	1
2	34586	0.425875	1
2	34596	0.426	1
2	34606	0.426125	1
2	34616	0.42625	1
2	34626	0.426375	1
2	34636	0.4265	1
2	34646	0.426625	1
2	34656	0.42675	1
2	34666	0.426875	1
2	34676	0.427	1
2	34686	0.427125	1
2	34696	0.42725	1
2	34706	0.427375	1
2	34716	0.4275	1
2	34726	0.427625	1
2	34736	0.42775	1
2	34746	0.427875	1
2	34756	0.428	1
2	34766	0.428125	1
2	34776	0.42825	1
2	34786	0.428375	1
2	34796	0.4285	1
2	34810	0.428625	1
2	34820	0.42875	1
2	34830	0.428875	1
2	34840	0.429	1
2	34850	0.429125	1
2	34860	0.42925	1
2	34870	0.429375	1
2	34880	0.4295	1
2	34890	0.429625	1
2	34900	0.42975	1
2	34910	0.429875	1
2	34920	0.43	1
2	34930	0.430125	1
2	34940	0.43025	1
2	34950	0.430375	1
2	34960	0.4305	1
2	34970	0.430625	1
2	34980	0.43075	1
2	34990	0.430875	1
2	35000	0.431	1
2	35010	0.431125	1
2	35020	0.43125	1
2	35030	0.431375	1
2	35040	0.4315	1
2	35050	0.431625	1
2	35060	0.43175	1
2	35074	0.431875	1
2	35084	0.432	1
2	35094	0.432125	1
2	35104	0.43225	1
2	35114	0.432375	1
2	35124	0.4325	1
2	35134	0.432625	1
2	35144	0.43275	1
2	35154	0.432875	1
2	35164	0.433	1
2	35174	0.433125	1
2	35184	0.43325	1
2	35194	0.433375	1
2	35204	0.4335	1
2	35214	0.433625	1
2	35224	0.43375	1
2	35234	0.433875	1
2	35244	0.434	1
2	35254	0.434125	1
2	35264	0.43425	1
2	35274	0.434375	1
2	35284	0.4345	1
2	35294	0.434625	1
2	35304	0.43475	1
2	35314	0.434875	1
2	35324	0.435	1
2	35334	0.435125	1
2	35348	0.43525	1
2	35358	0.435375	1
2	35368	0.4355	1
2	35378	0.435625	1
2	35388	0.43575	1
2	35398	0.435875	1
2	35408	0.436	1
2	35418	0.436125	1
2	35428	0.43625	1
2	35438	0.436375	1
2	35448	0.4365	1
2	35458	0.436625	1
2	35468	0.43675	1
2	35478	0.436875	1
2	35488	0.437	1
2	35498	0.437125	1
2	35508	0.43725	1
2	35518	0.437375	1
2	35528	0.4375	1
2	35538	0.437625	1
2	35548	0.43775	1
2	35558	0.437875	1
2	35568	0.438	1
2	35578	0.438125	1
2	35588	0.43825	1
2	35598	0.438375	1
2	35612	0.4385	1
2	35622	0.438625	1
2	35632	0.43875	1
2	35642	0.438875	1
2	35652	0.439	1
2	35662	0.439125	1
2	35672	0.43925	1
2	35682	0.439375	1
2	35692	0.4395	1
2	35702	0.439625	1
2	35712	0.43975	1
2	35722	0.439875	1
2	35732	0.44	1
2	35742	0.440125	1
2	35752	0.44025	1
2	35762	0.440375	1
2	35772	0.4405	1
2	35782	0.440625	1
2	35792	0.44075	1
2	35802	0.440875	1
2	35812	0.441	1
2	35822	0.441125	1
2	35832	0.44125	1
2	35842	0.441375	1
2	35852	0.4415	1
2	35862	0.441625	1
2	35876	0.44175	1
2	35886	0.441875	1
2	35896	0.442	1
2	35906	0.442125	1
2	35916	0.44225	1
2	35926	0.442375	1
2	35936	0.4425	1
2	35946	0.442625	1
2	35956	0.44275	1
2	35966	0.442875	1
2	35976	0.443	1
2	35986	0.443125	1
2	35996	0.44325	1
2	36006	0.443375	1
2	36016	0.4435	1
2	36026	0.443625	1
2	36036	0.44375	1
2	36046	0.443875	1
2	36056	0.444	1
2	36066	0.444125	1
2	36076	0.44425	1
2	36086	0.444375	1
2	36096	0.4445	1
2	36106	0.444625	1
2	36116	0.44475	1
2	36126	0.444875	1
2	36140	0.445	1
2	36150	0.445125	1
2	36160	0.44525	1
2	36170	0.445375	1
2	36180	0.4455	1
2	36190	0.445625	1
2	36200	0.44575	1
2	36210	0.445875	1
2	36220	0.446	1
2	36230	0.446125	1
2	36240	0.44625	1
2	36250	0.446375	1
2	36260	0.4465	1
2	36270	0.446625	1
2	36280	0.44675	1
2	36290	0.446875	1
2	36300	0.447	1
2	36310	0.447125	1
2	36320	0.44725	1
2	36330	0.447375	1
2	36340	0.4475	1
2	36350	0.447625	1
2	36360	0.44775	1
2	36370	0.447875	1
2	36380	0.448	1
2	36390	0.448125	1
2	36404	0.44825	1
2	36414	0.448375	1
2	36424	0.4485	1
2	36434	0.448625	1
2	36444	0.44875	1
2	36454	0.448875	1
2	36464	0.449	1
2	36474	0.449125	1
2	36484	0.44925	1
2	36494	0.449375	1
2	36504	0.4495	1
2	36514	0.449625	1
2	36524	0.44975	1
2	36534	0.449875	1
2	36544	0.45	1
2	36554	0.450125	1
2	36564	0.45025	1
2	36574	0.450375	1
2	36584	0.4505	1
2	36594	0.450625	1
2	36604	0.45075	1
2	36614	0.450875	1
2	36624	0.451	1
2	36634	0.451125	1
2	36644	0.45125	1
2	36654	0.451375	1
2	36664	0.4515	1
2	36678	0.451625	1
2	36688	0.45175	1
2	36698	0.451875	1
2	36708	0.452	1
2	36718	0.452125	1
2	36728	0.45225	1
2	36738	0.452375	1
2	36748	0.4525	1
2	36758	0.452625	1
2	36768	0.45275	1
2	36778	0.452875	1
2	36788	0.453	1
2	36798	0.453125	1
2	36808	0.45325	1
2	36818	0.453375	1
2	36828	0.4535	1
2	36838	0.453625	1
2	36848	0.45375	1
2	36858	0.453875	1
2	36868	0.454	1
2	36878	0.454125	1
2	36888	0.45425	1
2	36898	0.454375	1
2	36908	0.4545	1
2	36918	0.454625	1
2	36928	0.45475	1
2	36942	0.454875	1
2	36952	0.455	1
2	36962	0.455125	1
2	36972	0.45525	1
2	36982	0.455375	1
2	36992	0.4555	1
2	37002	0.455625	1
2	37012	0.45575	1
2	37022	0.455875	1
2	37032	0.456	1
2	37042	0.456125	1
2	37052	0.45625	1
2	37062	0.456375	1
2	37072	0.4565	1
2	37082	0.456625	1
2	37092	0.45675	1
2	37102	0.456875	1
2	37112	0.457	1
2	37122	0.457125	1
2	37132	0.45725	1
2	37142	0.457375	1
2	37152	0.4575	1
2	37162	0.457625	1
2	37172	0.45775	1
2	37182	0.457875	1
2	37192	0.458	1
2	37206	0.458125	1
2	37216	0.45825	1
2	37226	0.458375	1
2	37236	0.4585	1
2	37246	0.458625	1
2	37256	0.45875	1
2	37266	0.458875	1
2	37276	0.459	1
2	37286	0.459125	1
2	37296	0.45925	1
2	37306	0.459375	1
2	37316	0.4595	1
2	37326	0.459625	1
2	37336	0.45975	1
2	37346	0.459875	1
2	37356	0.46	1
2	37366	0.460125	1
2	37376	0.46025	1
2	37386	0.460375	1
2	37396	0.4605	1
2	37406	0.460625	1
2	37416	0.46075	1
2	37426	0.460875	1
2	37436	0.461	1
2	37446	0.461125	1
2	37456	0.46125	1
2	37470	0.461375	1
2	37480	0.4615	1
2	37490	0.461625	1
2	37500	0.46175	1
2	37510	0.461875	1
2	37520	0.462	1
2	37530	0.462125	1
2	37540	0.46225	1
2	37550	0.462375	1
2	37560	0.4625	1
2	37570	0.462625	1
2	37580	0.46275	1
2	37590	0.462875	1
2	37600	0.463	1
2	37610	0.463125	1
2	37620	0.46325	1
2	37630	0.463375	1
2	37640	0.4635	1
2	37650	0.463625	1
2	37660	0.46375	1
2	37670	0.463875	1
2	37680	0.464	1
2	37690	0.464125	1
2	37700	0.46425	1
2	37710	0.464375	1
2	37720	0.4645	1
2	37734	0.464625	1
2	37744	0.46475	1
2	37754	0.464875	1
2	37764	0.465	1
2	37774	0.465125	1
2	37784	0.46525	1
2	37794	0.465375	1
2	37804	0.4655	1
2	37814	0.465625	1
2	37824	0.46575	1
2	37834	0.465875	1
2	37844	0.466	1
2	37854	0.466125	1
2	37864	0.46625	1
2	37874	0.466375	1
2	37884	0.4665	1
2	37894	0.466625	1
2	37904	0.46675	1
2	37914	0.466875	1
2	37924	0.467	1
2	37934	0.467125	1
2	37944	0.46725	1
2	37954	0.467375	1
2	37964	0.4675	1
2	37974	0.467625	1
2	37984	0.46775	1
2	37998	0.467875	1
2	38008	0.468	1
2	38018	0.468125	1
2	38028	0.46825	1
2	38038	0.468375	1
2	38048	0.4685	1
2	38058	0.468625	1
2	38068	0.46875	1
2	38078	0.468875	1
2	38088	0.469	1
2	38098	0.469125	1
2	38108	0.46925	1
2	38118	0.469375	1
2	38128	0.4695	1
2	38138	0.469625	1
2	38148	0.46975	1
2	38158	0.469875	1
2	38168	0.47	1
2	38178	0.470125	1
2	38188	0.47025	1
2	38198	0.470375	1
2	38208	0.4705	1
2	38218	0.470625	1
2	38228	0.47075	1
2	38238	0.470875	1
2	38248	0.471	1
2	38258	0.471125	1
2	38272	0.47125	1
2	38282	0.471375	1
2	38292	0.4715	1
2	38302	0.471625	1
2	38312	0.47175	1
2	38322	0.471875	1
2	38332	0.472	1
2	38342	0.472125	1
2	38352	0.47225	1
2	38362	0.472375	1
2	38372	0.4725	1
2	38382	0.472625	1
2	38392	0.47275	1
2	38402	0.472875	1
2	38412	0.473	1
2	38422	0.473125	1
2	38432	0.47325	1
2	38442	0.473375	1
2	38452	0.4735	1
2	38462	0.473625	1
2	38472	0.47375	1
2	38482	0.473875	1
2	38492	0.474	1
2	38502	0.474125	1
2	38512	0.47425	1
2	38522	0.474375	1
2	38536	0.4745	1
2	38546	0.474625	1
2	38556	0.47475	1
2	38566	0.474875	1
2	38576	0.475	1
2	38586	0.475125	1
2	38596	0.47525	1
2	38606	0.475375	1
2	38616	0.4755	1
2	38626	0.475625	1
2	38636	0.47575	1
2	38646	0.475875	1
2	38656	0.476	1
2	38666	0.476125	1
2	38676	0.47625	1
2	38686	0.476375	1
2	38696	0.4765	1
2	38706	0.476625	1
2	38716	0.47675	1
2	38726	0.476875	1
2	38736	0.477	1
2	38746	0.477125	1
2	38756	0.47725	1
2	38766	0.477375	1
2	38776	0.4775	1
2	38786	0.477625	1
2	38800	0.47775	1
2	38810	0.477875	1
2	38820	0.478	1
2	38830	0.478125	1
2	38840	0.47825	1
2	38850	0.478375	1
2	38860	0.4785	1
2	38870	0.478625	1
2	38880	0.47875	1
2	38890	0.478875	1
2	38900	0.479	1
2	38910	0.479125	1
2	38920	0.47925	1
2	38930	0.479375	1
2	38940	0.4795	1
2	38950	0.479625	1
2	38960	0.47975	1
2	38970	0.479875	1
2	38980	0.48	1
2	38990	0.480125	1
2	39000	0.48025	1
2	39010	0.480375	1
2	39020	0.4805	1
2	39030	0.480625	1
2	39040	0.48075	1
2	39050	0.480875	1
2	39064	0.481	1
2	39074	0.481125	1
2	39084	0.48125	1
2	39094	0.481375	1
2	39104	0.4815	1
2	39114	0.481625	1
2	39124	0.48175	1
2	39134	0.481875	1
2	39144	0.482	1
2	39154	0.482125	1
2	39164	0.48225	1
2	39174	0.482375	1
2	39184	0.4825	1
2	39194	0.482625	1
2	39204	0.48275	1
2	39214	0.482875	1
2	39224	0.483	1
2	39234	0.483125	1
2	39244	0.48325	1
2	39254	0.483375	1
2	39264	0.4835	1
2	39274	0.483625	1
2	39284	0.48375	1
2	39294	0.483875	1
2	39304	0.484	1
2	39314	0.484125	1
2	39328	0.48425	1
2	39338	0.484375	1
2	39348	0.4845	1
2	39358	0.484625	1
2	39368	0.48475	1
2	39378	0.484875	1
2	39388	0.485	1
2	39398	0.485125	1
2	39408	0.48525	1
2	39418	0.485375	1
2	39428	0.4855	1
2	39438	0.485625	1
2	39448	0.48575	1
2	39458	0.485875	1
2	39468	0.486	1
2	39478	0.486125	1
2	39488	0.48625	1
2	39498	0.486375	1
2	39508	0.4865	1
2	39518	0.486625	1
2	39528	0.48675	1
2	39538	0.486875	1
2	39548	0.487	1
2	39558	0.487125	1
2	39568	0.48725	1
2	39578	0.487375	1
2	39592	0.4875	1
2	39602	0.487625	1
2	39612	0.48775	1
2	39622	0.487875	1
2	39632	0.488	1
2	39642	0.488125	1
2	39652	0.48825	1
2	39662	0.488375	1
2	39672	0.4885	1
2	39682	0.488625	1
2	39692	0.48875	1
2	39702	0.488875	1
2	39712	0.489	1
2	39722	0.489125	1
2	39732	0.48925	1
2	39742	0.489375	1
2	39752	0.4895	1
2	39762	0.489625	1
2	39772	0.48975	1
2	39782	0.489875	1
2	39792	0.49	1
2	39802	0.490125	1
2	39812	0.49025	1
2	39822	0.490375	1
2	39832	0.4905	1
2	39842	0.490625	1
2	39852	0.49075	1
2	39866	0.490875	1
2	39876	0.491	1
2	39886	0.491125	1
2	39896	0.49125	1
2	39906	0.491375	1
2	39916	0.4915	1
2	39926	0.491625	1
2	39936	0.49175	1
2	39946	0.491875	1
2	39956	0.492	1
2	39966	0.492125	1
2	39976	0.49225	1
2	39986	0.492375	1
2	39996	0.4925	1
2	40006	0.492625	1
2	40016	0.49275	1
2	40026	0.492875	1
2	40036	0.493	1
2	40046	0.493125	1
2	40056	0.49325	1
2	40066	0.493375	1
2	40076	0.4935	1
2	40086	0.493625	1
2	40096	0.49375	1
2	40106	0.493875	1
2	40116	0.494	1
2	40130	0.494125	1
2	40140	0.49425	1
2	40150	0.494375	1
2	40160	0.4945	1
2	40170	0.494625	1
2	40180	0.49475	1
2	40190	0.494875	1
2	40200	0.495	1
2	40210	0.495125	1
2	40220	0.49525	1
2	40230	0.495375	1
2	40240	0.4955	1
2	40250	0.495625	1
2	40260	0.49575	1
2	40270	0.495875	1
2	40280	0.496	1
2	40290	0.496125	1
2	40300	0.49625	1
2	40310	0.496375	1
2	40320	0.4965	1
2	40330	0.496625	1
2	40340	0.49675	1
2	40350	0.496875	1
2	40360	0.497	1
2	40370	0.497125	1
2	40380	0.49725	1
2	40394	0.497375	1
2	40404	0.4975	1
2	40414	0.497625	1
2	40424	0.49775	1
2	40434	0.497875	1
2	40444	0.498	1
2	40454	0.498125	1
2	40464	0.49825	1
2	40474	0.498375	1
2	40484	0.4985	1
2	40494	0.498625	1
2	40504	0.49875	1
2	40514	0.498875	1
2	40524	0.499	1
2	40534	0.499125	1
2	40544	0.49925	1
2	40554	0.499375	1
2	40564	0.4995	1
2	40574	0.499625	1
2	40584	0.49975	1
2	40594	0.499875	1
2	40604	0.5	1
2	40614	0.500125	1
2	40624	0.50025	1
2	40634	0.500375	1
2	40644	0.5005	1
2	40658	0.500625	1
2	40668	0.50075	1
2	40678	0.500875	1
2	40688	0.501	1
2	40698	0.501125	1
2	40708	0.50125	1
2	40718	0.501375	1
2	40728	0.5015	1
2	40738	0.501625	1
2	40748	0.50175	1
2	40758	0.501875	1
2	40768	0.502	1
2	40778	0.502125	1
2	40788	0.50225	1
2	40798	0.502375	1
2	40808	0.5025	1
2	40818	0.502625	1
2	40828	0.50275	1
2	40838	0.502875	1
2	40848	0.503	1
2	40858	0.503125	1
2	40868	0.50325	1
2	40878	0.503375	1
2	40888	0.5035	1
2	40898	0.503625	1
2	40908	0.50375	1
2	40922	0.503875	1
2	40932	0.504	1
2	40942	0.504125	1
2	40952	0.50425	1
2	40962	0.504375	1
2	40972	0.5045	1
2	40982	0.504625	1
2	40992	0.50475	1
2	41002	0.504875	1
2	41012	0.505	1
2	41022	0.505125	1
2	41032	0.50525	1
2	41042	0.505375	1
2	41052	0.5055	1
2	41062	0.505625	1
2	41072	0.50575	1
2	41082	0.505875	1
2	41092	0.506	1
2	41102	0.506125	1
2	41112	0.50625	1
2	41122	0.506375	1
2	41132	0.5065	1
2	41142	0.506625	1
2	41152	0.50675	1
2	41162	0.506875	1
2	41172	0.507	1
2	41186	0.507125	1
2	41196	0.50725	1
2	41206	0.507375	1
2	41216	0.5075	1
2	41226	0.507625	1
2	41236	0.50775	1
2	41246	0.507875	1
2	41256	0.508	1
2	41266	0.508125	1
2	41276	0.50825	1
2	41286	0.508375	1
2	41296	0.5085	1
2	41306	0.508625	1
2	41316	0.50875	1
2	41326	0.508875	1
2	41336	0.509	1
2	41346	0.509125	1
2	41356	0.50925	1
2	41366	0.509375	1
2	41376	0.5095	1
2	41386	0.509625	1
2	41396	0.50975	1
2	41406	0.509875	1
2	41416	0.51	1
2	41426	0.510125	1
2	41436	0.51025	1
2	41446	0.510375	1
2	41460	0.5105	1
2	41470	0.510625	1
2	41480	0.51075	1
2	41490	0.510875	1
2	41500	0.511	1
2	41510	0.511125	1
2	41520	0.51125	1
2	41530	0.511375	1
2	41540	0.5115	1
2	41550	0.511625	1
2	41560	0.51175	1
2	41570	0.511875	1
2	41580	0.512	1
2	41590	0.512125	1
2	41600	0.51225	1
2	41610	0.512375	1
2	41620	0.5125	1
2	41630	0.512625	1
2	41640	0.51275	1
2	41650	0.512875	1
2	41660	0.513	1
2	41670	0.513125	1
2	41680	0.51325	1
2	41690	0.513375	1
2	41700	0.5135	1
2	41710	0.513625	1
2	41724	0.51375	1
2	41734	0.513875	1
2	41744	0.514	1
2	41754	0.514125	1
2	41764	0.51425	1
2	41774	0.514375	1
2	41784	0.5145	1
2	41794	0.514625	1
2	41804	0.51475	1
2	41814	0.514875	1
2	41824	0.515	1
2	41834	0.515125	1
2	41844	0.51525	1
2	41854	0.515375	1
2	41864	0.5155	1
2	41874	0.515625	1
2	41884	0.51575	1
2	41894	0.515875	1
2	41904	0.516	1
2	41914	0.516125	1
2	41924	0.51625	1
2	41934	0.516375	1
2	41944	0.5165	1
2	41954	0.516625	1
2	41964	0.51675	1
2	41974	0.516875	1
2	41988	0.517	1
2	41998	0.517125	1
2	42008	0.51725	1
2	42018	0.517375	1
2	42028	0.5175	1
2	42038	0.517625	1
2	42048	0.51775	1
2	42058	0.517875	1
2	42068	0.518	1
2	42078	0.518125	1
2	42088	0.51825	1
2	42098	0.518375	1
2	42108	0.5185	1
2	42118	0.518625	1
2	42128	0.51875	1
2	42138	0.518875	1
2	42148	0.519	1
2	42158	0.519125	1
2	42168	0.51925	1
2	42178	0.519375	1
2	42188	0.5195	1
2	42198	0.519625	1
2	42208	0.51975	1
2	42218	0.519875	1
2	42228	0.52	1
2	42238	0.520125	1
2	42252	0.52025	1
2	42262	0.520375	1
2	42272	0.5205	1
2	42282	0.520625	1
2	42292	0.52075	1
2	42302	0.520875	1
2	42312	0.521	1
2	42322	0.521125	1
2	42332	0.52125	1
2	42342	0.521375	1
2	42352	0.5215	1
2	42362	0.521625	1
2	42372	0.52175	1
2	42382	0.521875	1
2	42392	0.522	1
2	42402	0.522125	1
2	42412	0.52225	1
2	42422	0.522375	1
2	42432	0.5225	1
2	42442	0.522625	1
2	42452	0.52275	1
2	42462	0.522875	1
2	42472	0.523	1
2	42482	0.523125	1
2	42492	0.52325	1
2	42502	0.523375	1
2	42516	0.5235	1
2	42526	0.523625	1
2	42536	0.52375	1
2	42546	0.523875	1
2	42556	0.524	1
2	42566	0.524125	1
2	42576	0.52425	1
2	42586	0.524375	1
2	42596	0.5245	1
2	42606	0.524625	1
2	42616	0.52475	1
2	42626	0.524875	1
2	42636	0.525	1
2	42646	0.525125	1
2	42656	0.52525	1
2	42666	0.525375	1
2	42676	0.5255	1
2	42686	0.525625	1
2	42696	0.52575	1
2	42706	0.525875	1
2	42716	0.526	1
2	42726	0.526125	1
2	42736	0.52625	1
2	42746	0.526375	1
2	42756	0.5265	1
2	42766	0.526625	1
2	42776	0.52675	1
2	42790	0.526875	1
2	42800	0.527	1
2	42810	0.527125	1
2	42820	0.52725	1
2	42830	0.527375	1
2	42840	0.5275	1
2	42850	0.527625	1
2	42860	0.52775	1
2	42870	0.527875	1
2	42880	0.528	1
2	42890	0.528125	1
2	42900	0.52825	1
2	42910	0.528375	1
2	42920	0.5285	1
2	42930	0.528625	1
2	42940	0.52875	1
2	42950	0.528875	1
2	42960	0.529	1
2	42970	0.529125	1
2	42980	0.52925	1
2	42990	0.529375	1
2	43000	0.5295	1
2	43010	0.529625	1
2	43020	0.52975	1
2	43030	0.529875	1
2	43040	0.53	1
2	43054	0.530125	1
2	43064	0.53025	1
2	43074	0.530375	1
2	43084	0.5305	1
2	43094	0.530625	1
2	43104	0.53075	1
2	43114	0.530875	1
2	43124	0.531	1
2	43134	0.531125	1
2	43144	0.53125	1
2	43154	0.531375	1
2	43164	0.5315	1
2	43174	0.531625	1
2	43184	0.53175	1
2	43194	0.531875	1
2	43204	0.532	1
2	43214	0.532125	1
2	43224	0.53225	1
2	43234	0.532375	1
2	43244	0.5325	1
2	43254	0.532625	1
2	43264	0.53275	1
2	43274	0.532875	1
2	43284	0.533	1
2	43294	0.533125	1
2	43304	0.53325	1
2	43318	0.533375	1
2	43328	0.5335	1
2	43338	0.533625	1
2	43348	0.53375	1
2	43358	0.533875	1
2	43368	0.534	1
2	43378	0.534125	1
2	43388	0.53425	1
2	43398	0.534375	1
2	43408	0.5345	1
2	43418	0.534625	1
2	43428	0.53475	1
2	43438	0.534875	1
2	43448	0.535	1
2	43458	0.535125	1
2	43468	0.53525	1
2	43478	0.535375	1
2	43488	0.5355	1
2	43498	0.535625	1
2	43508	0.53575	1
2	43518	0.535875	1
2	43528	0.536	1
2	43538	0.536125	1
2	43548	0.53625	1
2	43558	0.536375	1
2	43568	0.5365	1
2	43582	0.536625	1
2	43592	0.53675	1
2	43602	0.536875	1
2	43612	0.537	1
2	43622	0.537125	1
2	43632	0.53725	1
2	43642	0.537375	1
2	43652	0.5375	1
2	43662	0.537625	1
2	43672	0.53775	1
2	43682	0.537875	1
2	43692	0.538	1
2	43702	0.538125	1
2	43712	0.53825	1
2	43722	0.538375	1
2	43732	0.5385	1
2	43742	0.538625	1
2	43752	0.53875	1
2	43762	0.538875	1
2	43772	0.539	1
2	43782	0.539125	1
2	43792	0.53925	1
2	43802	0.539375	1
2	43812	0.5395	1
2	43822	0.539625	1
2	43832	0.53975	1
2	43846	0.539875	1
2	43856	0.54	1
2	43866	0.540125	1
2	43876	0.54025	1
2	43886	0.540375	1
2	43896	0.5405	1
2	43906	0.540625	1
2	43916	0.54075	1
2	43926	0.540875	1
2	43936	0.541	1
2	43946	0.541125	1
2	43956	0.54125	1
2	43966	0.541375	1
2	43976	0.5415	1
2	43986	0.541625	1
2	43996	0.54175	1
2	44006	0.541875	1
2	44016	0.542	1
2	44026	0.542125	1
2	44036	0.54225	1
2	44046	0.542375	1
2	44056	0.5425	1
2	44066	0.542625	1
2	44076	0.54275	1
2	44086	0.542875	1
2	44096	0.543	1
2	44110	0.543125	1
2	44120	0.54325	1
2	44130	0.543375	1
2	44140	0.5435	1
2	44150	0.543625	1
2	44160	0.54375	1
2	44170	0.543875	1
2	44180	0.544	1
2	44190	0.544125	1
2	44200	0.54425	1
2	44210	0.544375	1
2	44220	0.5445	1
2	44230	0.544625	1
2	44240	0.54475	1
2	44250	0.544875	1
2	44260	0.545	1
2	44270	0.545125	1
2	44280	0.54525	1
2	44290	0.545375	1
2	44300	0.5455	1
2	44310	0.545625	1
2	44320	0.54575	1
2	44330	0.545875	1
2	44340	0.546	1
2	44350	0.546125	1
2	44360	0.54625	1
2	44370	0.546375	1
2	44384	0.5465	1
2	44394	0.546625	1
2	44404	0.54675	1
2	44414	0.546875	1
2	44424	0.547	1
2	44434	0.547125	1
2	44444	0.54725	1
2	44454	0.547375	1
2	44464	0.5475	1
2	44474	0.547625	1
2	44484	0.54775	1
2	44494	0.547875	1
2	44504	0.548	1
2	44514	0.548125	1
2	44524	0.54825	1
2	44534	0.548375	1
2	44544	0.5485	1
2	44554	0.548625	1
2	44564	0.54875	1
2	44574	0.548875	1
2	44584	0.549	1
2	44594	0.549125	1
2	44604	0.54925	1
2	44614	0.549375	1
2	44624	0.5495	1
2	44634	0.549625	1
2	44648	0.54975	1
2	44658	0.549875	1
2	44668	0.55	1
2	44678	0.550125	1
2	44688	0.55025	1
2	44698	0.550375	1
2	44708	0.5505	1
2	44718	0.550625	1
2	44728	0.55075	1
2	44738	0.550875	1
2	44748	0.551	1
2	44758	0.551125	1
2	44768	0.55125	1
2	44778	0.551375	1
2	44788	0.5515	1
2	44798	0.551625	1
2	44808	0.55175	1
2	44818	0.551875	1
2	44828	0.552	1
2	44838	0.552125	1
2	44848	0.55225	1
2	44858	0.552375	1
2	44868	0.5525	1
2	44878	0.552625	1
2	44888	0.55275	1
2	44898	0.552875	1
2	44912	0.553	1
2	44922	0.553125	1
2	44932	0.55325	1
2	44942	0.553375	1
2	44952	0.5535	1
2	44962	0.553625	1
2	44972	0.55375	1
2	44982	0.553875	1
2	44992	0.554	1
2	45002	0.554125	1
2	45012	0.55425	1
2	45022	0.554375	1
2	45032	0.5545	1
2	45042	0.554625	1
2	45052	0.55475	1
2	45062	0.554875	1
2	45072	0.555	1
2	45082	0.555125	1
2	45092	0.55525	1
2	45102	0.555375	1
2	45112	0.5555	1
2	45122	0.555625	1
2	45132	0.55575	1
2	45142	0.555875	1
2	45152	0.556	1
2	45162	0.556125	1
2	45176	0.55625	1
2	45186	0.556375	1
2	45196	0.5565	1
2	45206	0.556625	1
2	45216	0.55675	1
2	45226	0.556875	1
2	45236	0.557	1
2	45246	0.557125	1
2	45256	0.55725	1
2	45266	0.557375	1
2	45276	0.5575	1
2	45286	0.557625	1
2	45296	0.55775	1
2	45306	0.557875	1
2	45316	0.558	1
2	45326	0.558125	1
2	45336	0.55825	1
2	45346	0.558375	1
2	45356	0.5585	1
2	45366	0.558625	1
2	45376	0.55875	1
2	45386	0.558875	1
2	45396	0.559	1
2	45406	0.559125	1
2	45416	0.55925	1
2	45426	0.559375	1
2	45440	0.5595	1
2	45450	0.559625	1
2	45460	0.55975	1
2	45470	0.559875	1
2	45480	0.56	1
2	45490	0.560125	1
2	45500	0.56025	1
2	45510	0.560375	1
2	45520	0.5605	1
2	45530	0.560625	1
2	45540	0.56075	1
2	45550	0.560875	1
2	45560	0.561	1
2	45570	0.561125	1
2	45580	0.56125	1
2	45590	0.561375	1
2	45600	0.5615	1
2	45610	0.561625	1
2	45620	0.56175	1
2	45630	0.561875	1
2	45640	0.562	1
2	45650	0.562125	1
2	45660	0.56225	1
2	45670	0.562375	1
2	45680	0.5625	1
2	45690	0.562625	1
2	45704	0.56275	1
2	45714	0.562875	1
2	45724	0.563	1
2	45734	0.563125	1
2	45744	0.56325	1
2	45754	0.563375	1
2	45764	0.5635	1
2	45774	0.563625	1
2	45784	0.56375	1
2	45794	0.563875	1
2	45804	0.564	1
2	45814	0.564125	1
2	45824	0.56425	1
2	45834	0.564375	1
2	45844	0.5645	1
2	45854	0.564625	1
2	45864	0.56475	1
2	45874	0.564875	1
2	45884	0.565	1
2	45894	0.565125	1
2	45904	0.56525	1
2	45914	0.565375	1
2	45924	0.5655	1
2	45934	0.565625	1
2	45944	0.56575	1
2	45954	0.565875	1
2	45964	0.566	1
2	45978	0.566125	1
2	45988	0.56625	1
2	45998	0.566375	1
2	46008	0.5665	1
2	46018	0.566625	1
2	46028	0.56675	1
2	46038	0.566875	1
2	46048	0.567	1
2	46058	0.567125	1
2	46068	0.56725	1
2	46078	0.567375	1
2	46088	0.5675	1
2	46098	0.567625	1
2	46108	0.56775	1
2	46118	0.567875	1
2	46128	0.568	1
2	46138	0.568125	1
2	46148	0.56825	1
2	46158	0.568375	1
2	46168	0.5685	1
2	46178	0.568625	1
2	46188	0.56875	1
2	46198	0.568875	1
2	46208	0.569	1
2	46218	0.569125	1
2	46228	0.56925	1
2	46242	0.569375	1
2	46252	0.5695	1
2	46262	0.569625	1
2	46272	0.56975	1
2	46282	0.569875	1
2	46292	0.57	1
2	46302	0.570125	1
2	46312	0.57025	1
2	46322	0.570375	1
2	46332	0.5705	1
2	46342	0.570625	1
2	46352	0.57075	1
2	46362	0.570875	1
2	46372	0.571	1
2	46382	0.571125	1
2	46392	0.57125	1
2	46402	0.571375	1
2	46412	0.5715	1
2	46422	0.571625	1
2	46432	0.57175	1
2	46442	0.571875	1
2	46452	0.572	1
2	46462	0.572125	1
2	46472	0.57225	1
2	46482	0.572375	1
2	46492	0.5725	1
2	46506	0.572625	1
2	46516	0.57275	1
2	46526	0.572875	1
2	46536	0.573	1
2	46546	0.573125	1
2	46556	0.57325	1
2	46566	0.573375	1
2	46576	0.5735	1
2	46586	0.573625	1
2	46596	0.57375	1
2	46606	0.573875	1
2	46616	0.574	1
2	46626	0.574125	1
2	46636	0.57425	1
2	46646	0.574375	1
2	46656	0.5745	1
2	46666	0.574625	1
2	46676	0.57475	1
2	46686	0.574875	1
2	46696	0.575	1
2	46706	0.575125	1
2	46716	0.57525	1
2	46726	0.575375	1
2	46736	0.5755	1
2	46746	0.575625	1
2	46756	0.57575	1
2	46770	0.575875	1
2	46780	0.576	1
2	46790	0.576125	1
2	46800	0.57625	1
2	46810	0.576375	1
2	46820	0.5765	1
2	46830	0.576625	1
2	46840	0.57675	1
2	46850	0.576875	1
2	46860	0.577	1
2	46870	0.577125	1
2	46880	0.57725	1
2	46890	0.577375	1
2	46900	0.5775	1
2	46910	0.577625	1
2	46920	0.57775	1
2	46930	0.577875	1
2	46940	0.578	1
2	46950	0.578125	1
2	46960	0.57825	1
2	46970	0.578375	1
2	46980	0.5785	1
2	46990	0.578625	1
2	47000	0.57875	1
2	47010	0.578875	1
2	47020	0.579	1
2	47034	0.579125	1
2	47044	0.57925	1
2	47054	0.579375	1
2	47064	0.5795	1
2	47074	0.579625	1
2	47084	0.57975	1
2	47094	0.579875	1
2	47104	0.58	1
2	47114	0.580125	1
2	47124	0.58025	1
2	47134	0.580375	1
2	47144	0.5805	1
2	47154	0.580625	1
2	47164	0.58075	1
2	47174	0.580875	1
2	47184	0.581	1
2	47194	0.581125	1
2	47204	0.58125	1
2	47214	0.581375	1
2	47224	0.5815	1
2	47234	0.581625	1
2	47244	0.58175	1
2	47254	0.581875	1
2	47264	0.582	1
2	47274	0.582125	1
2	47284	0.58225	1
2	47298	0.582375	1
2	47308	0.5825	1
2	47318	0.582625	1
2	47328	0.58275	1
2	47338	0.582875	1
2	47348	0.583	1
2	47358	0.583125	1
2	47368	0.58325	1
2	47378	0.583375	1
2	47388	0.5835	1
2	47398	0.583625	1
2	47408	0.58375	1
2	47418	0.583875	1
2	47428	0.584	1
2	47438	0.584125	1
2	47448	0.58425	1
2	47458	0.584375	1
2	47468	0.5845	1
2	47478	0.584625	1
2	47488	0.58475	1
2	47498	0.584875	1
2	47508	0.585	1
2	47518	0.585125	1
2	47528	0.58525	1
2	47538	0.585375	1
2	47548	0.5855	1
2	47558	0.585625	1
2	47572	0.58575	1
2	47582	0.585875	1
2	47592	0.586	1
2	47602	0.586125	1
2	47612	0.58625	1
2	47622	0.586375	1
2	47632	0.5865	1
2	47642	0.586625	1
2	47652	0.58675	1
2	47662	0.586875	1
2	47672	0.587	1
2	47682	0.587125	1
2	47692	0.58725	1
2	47702	0.587375	1
2	47712	0.5875	1
2	47722	0.587625	1
2	47732	0.58775	1
2	47742	0.587875	1
2	47752	0.588	1
2	47762	0.588125	1
2	47772	0.58825	1
2	47782	0.588375	1
2	47792	0.5885	1
2	47802	0.588625	1
2	47812	0.58875	1
2	47822	0.588875	1
2	47836	0.589	1
2	47846	0.589125	1
2	47856	0.58925	1
2	47866	0.589375	1
2	47876	0.5895	1
2	47886	0.589625	1
2	47896	0.58975	1
2	47906	0.589875	1
2	47916	0.59	1
2	47926	0.590125	1
2	47936	0.59025	1
2	47946	0.590375	1
2	47956	0.5905	1
2	47966	0.590625	1
2	47976	0.59075	1
2	47986	0.590875	1
2	47996	0.591	1
2	48006	0.591125	1
2	48016	0.59125	1
2	48026	0.591375	1
2	48036	0.5915	1
2	48046	0.591625	1
2	48056	0.59175	1
2	48066	0.591875	1
2	48076	0.592	1
2	48086	0.592125	1
2	48100	0.59225	1
2	48110	0.592375	1
2	48120	0.5925	1
2	48130	0.592625	1
2	48140	0.59275	1
2	48150	0.592875	1
2	48160	0.593	1
2	48170	0.593125	1
2	48180	0.59325	1
2	48190	0.593375	1
2	48200	0.5935	1
2	48210	0.593625	1
2	48220	0.59375	1
2	48230	0.593875	1
2	48240	0.594	1
2	48250	0.594125	1
2	48260	0.59425	1
2	48270	0.594375	1
2	48280	0.5945	1
2	48290	0.594625	1
2	48300	0.59475	1
2	48310	0.594875	1
2	48320	0.595	1
2	48330	0.595125	1
2	48340	0.59525	1
2	48350	0.595375	1
2	48364	0.5955	1
2	48374	0.595625	1
2	48384	0.59575	1
2	48394	0.595875	1
2	48404	0.596	1
2	48414	0.596125	1
2	48424	0.59625	1
2	48434	0.596375	1
2	48444	0.5965	1
2	48454	0.596625	1
2	48464	0.59675	1
2	48474	0.596875	1
2	48484	0.597	1
2	48494	0.597125	1
2	48504	0.59725	1
2	48514	0.597375	1
2	48524	0.5975	1
2	48534	0.597625	1
2	48544	0.59775	1
2	48554	0.597875	1
2	48564	0.598	1
2	48574	0.598125	1
2	48584	0.59825	1
2	48594	0.598375	1
2	48604	0.5985	1
2	48614	0.598625	1
2	48628	0.59875	1
2	48638	0.598875	1
2	48648	0.599	1
2	48658	0.599125	1
2	48668	0.59925	1
2	48678	0.599375	1
2	48688	0.5995	1
2	48698	0.599625	1
2	48708	0.59975	1
2	48718	0.599875	1
2	48728	0.6	1
2	48738	0.600125	1
2	48748	0.60025	1
2	48758	0.600375	1
2	48768	0.6005	1
2	48778	0.600625	1
2	48788	0.60075	1
2	48798	0.600875	1
2	48808	0.601	1
2	48818	0.601125	1
2	48828	0.60125	1
2	48838	0.601375	1
2	48848	0.6015	1
2	48858	0.601625	1
2	48868	0.60175	1
2	48878	0.601875	1
2	48888	0.602	1
2	48902	0.602125	1
2	48912	0.60225	1
2	48922	0.602375	1
2	48932	0.6025	1
2	48942	0.602625	1
2	48952	0.60275	1
2	48962	0.602875	1
2	48972	0.603	1
2	48982	0.603125	1
2	48992	0.60325	1
2	49002	0.603375	1
2	49012	0.6035	1
2	49022	0.603625	1
2	49032	0.60375	1
2	49042	0.603875	1
2	49052	0.604	1
2	49062	0.604125	1
2	49072	0.60425	1
2	49082	0.604375	1
2	49092	0.6045	1
2	49102	0.604625	1
2	49112	0.60475	1
2	49122	0.604875	1
2	49132	0.605	1
2	49142	0.605125	1
2	49152	0.60525	1
2	49166	0.605375	1
2	49176	0.6055	1
2	49186	0.605625	1
2	49196	0.60575	1
2	49206	0.605875	1
2	49216	0.606	1
2	49226	0.606125	1
2	49236	0.60625	1
2	49246	0.606375	1
2	49256	0.6065	1
2	49266	0.606625	1
2	49276	0.60675	1
2	49286	0.606875	1
2	49296	0.607	1
2	49306	0.607125	1
2	49316	0.60725	1
2	49326	0.607375	1
2	49336	0.6075	1
2	49346	0.607625	1
2	49356	0.60775	1
2	49366	0.607875	1
2	49376	0.608	1
2	49386	0.608125	1
2	49396	0.60825	1
2	49406	0.608375	1
2	49416	0.6085	1
2	49430	0.608625	1
2	49440	0.60875	1
2	49450	0.608875	1
2	49460	0.609	1
2	49470	0.609125	1
2	49480	0.60925	1
2	49490	0.609375	1
2	49500	0.6095	1
2	49510	0.609625	1
2	49520	0.60975	1
2	49530	0.609875	1
2	49540	0.61	1
2	49550	0.610125	1
2	49560	0.61025	1
2	49570	0.610375	1
2	49580	0.6105	1
2	49590	0.610625	1
2	49600	0.61075	1
2	49610	0.610875	1
2	49620	0.611	1
2	49630	0.611125	1
2	49640	0.61125	1
2	49650	0.611375	1
2	49660	0.6115	1
2	49670	0.611625	1
2	49680	0.61175	1
2	49694	0.611875	1
2	49704	0.612	1
2	49714	0.612125	1
2	49724	0.61225	1
2	49734	0.612375	1
2	49744	0.6125	1
2	49754	0.612625	1
2	49764	0.61275	1
2	49774	0.612875	1
2	49784	0.613	1
2	49794	0.613125	1
2	49804	0.61325	1
2	49814	0.613375	1
2	49824	0.6135	1
2	49834	0.613625	1
2	49844	0.61375	1
2	49854	0.613875	1
2	49864	0.614	1
2	49874	0.614125	1
2	49884	0.61425	1
2	49894	0.614375	1
2	49904	0.6145	1
2	49914	0.614625	1
2	49924	0.61475	1
2	49934	0.614875	1
2	49944	0.615	1
2	49958	0.615125	1
2	49968	0.61525	1
2	49978	0.615375	1
2	49988	0.6155	1
2	49998	0.615625	1
2	50008	0.61575	1
2	50018	0.615875	1
2	50028	0.616	1
2	50038	0.616125	1
2	50048	0.61625	1
2	50058	0.616375	1
2	50068	0.6165	1
2	50078	0.616625	1
2	50088	0.61675	1
2	50098	0.616875	1
2	50108	0.617	1
2	50118	0.617125	1
2	50128	0.61725	1
2	50138	0.617375	1
2	50148	0.6175	1
2	50158	0.617625	1
2	50168	0.61775	1
2	50178	0.617875	1
2	50188	0.618	1
2	50198	0.618125	1
2	50208	0.61825	1
2	50222	0.618375	1
2	50232	0.6185	1
2	50242	0.618625	1
2	50252	0.61875	1
2	50262	0.618875	1
2	50272	0.619	1
2	50282	0.619125	1
2	50292	0.61925	1
2	50302	0.619375	1
2	50312	0.6195	1
2	50322	0.619625	1
2	50332	0.61975	1
2	50342	0.619875	1
2	50352	0.62	1
2	50362	0.620125	1
2	50372	0.62025	1
2	50382	0.620375	1
2	50392	0.6205	1
2	50402	0.620625	1
2	50412	0.62075	1
2	50422	0.620875	1
2	50432	0.621	1
2	50442	0.621125	1
2	50452	0.62125	1
2	50462	0.621375	1
2	50472	0.6215	1
2	50482	0.621625	1
2	50496	0.62175	1
2	50506	0.621875	1
2	50516	0.622	1
2	50526	0.622125	1
2	50536	0.62225	1
2	50546	0.622375	1
2	50556	0.6225	1
2	50566	0.622625	1
2	50576	0.62275	1
2	50586	0.622875	1
2	50596	0.623	1
2	50606	0.623125	1
2	50616	0.62325	1
2	50626	0.623375	1
2	50636	0.6235	1
2	50646	0.623625	1
2	50656	0.62375	1
2	50666	0.623875	1
2	50676	0.624	1
2	50686	0.624125	1
2	50696	0.62425	1
2	50706	0.624375	1
2	50716	0.6245	1
2	50726	0.624625	1
2	50736	0.62475	1
2	50746	0.624875	1
2	50760	0.625	1
2	50770	0.625125	1
2	50780	0.62525	1
2	50790	0.625375	1
2	50800	0.6255	1
2	50810	0.625625	1
2	50820	0.62575	1
2	50830	0.625875	1
2	50840	0.626	1
2	50850	0.626125	1
2	50860	0.62625	1
2	50870	0.626375	1
2	50880	0.6265	1
2	50890	0.626625	1
2	50900	0.62675	1
2	50910	0.626875	1
2	50920	0.627	1
2	50930	0.627125	1
2	50940	0.62725	1
2	50950	0.627375	1
2	50960	0.6275	1
2	50970	0.627625	1
2	50980	0.62775	1
2	50990	0.627875	1
2	51000	0.628	1
2	51010	0.628125	1
2	51024	0.62825	1
2	51034	0.628375	1
2	51044	0.6285	1
2	51054	0.628625	1
2	51064	0.62875	1
2	51074	0.628875	1
2	51084	0.629	1
2	51094	0.629125	1
2	51104	0.62925	1
2	51114	0.629375	1
2	51124	0.6295	1
2	51134	0.629625	1
2	51144	0.62975	1
2	51154	0.629875	1
2	51164	0.63	1
2	51174	0.630125	1
2	51184	0.63025	1
2	51194	0.630375	1
2	51204	0.6305	1
2	51214	0.630625	1
2	51224	0.63075	1
2	51234	0.630875	1
2	51244	0.631	1
2	51254	0.631125	1
2	51264	0.63125	1
2	51274	0.631375	1
2	51288	0.6315	1
2	51298	0.631625	1
2	51308	0.63175	1
2	51318	0.631875	1
2	51328	0.632	1
2	51338	0.632125	1
2	51348	0.63225	1
2	51358	0.632375	1
2	51368	0.6325	1
2	51378	0.632625	1
2	51388	0.63275	1
2	51398	0.632875	1
2	51408	0.633	1
2	51418	0.633125	1
2	51428	0.63325	1
2	51438	0.633375	1
2	51448	0.6335	1
2	51458	0.633625	1
2	51468	0.63375	1
2	51478	0.633875	1
2	51488	0.634	1
2	51498	0.634125	1
2	51508	0.63425	1
2	51518	0.634375	1
2	51528	0.6345	1
2	51538	0.634625	1
2	51552	0.63475	1
2	51562	0.634875	1
2	51572	0.635	1
2	51582	0.635125	1
2	51592	0.63525	1
2	51602	0.635375	1
2	51612	0.6355	1
2	51622	0.635625	1
2	51632	0.63575	1
2	51642	0.635875	1
2	51652	0.636	1
2	51662	0.636125	1
2	51672	0.63625	1
2	51682	0.636375	1
2	51692	0.6365	1
2	51702	0.636625	1
2	51712	0.63675	1
2	51722	0.636875	1
2	51732	0.637	1
2	51742	0.637125	1
2	51752	0.63725	1
2	51762	0.637375	1
2	51772	0.6375	1
2	51782	0.637625	1
2	51792	0.63775	1
2	51802	0.637875	1
2	51816	0.638	1
2	51826	0.638125	1
2	51836	0.63825	1
2	51846	0.638375	1
2	51856	0.6385	1
2	51866	0.638625	1
2	51876	0.63875	1
2	51886	0.638875	1
2	51896	0.639	1
2	51906	0.639125	1
2	51916	0.63925	1
2	51926	0.639375	1
2	51936	0.6395	1
2	51946	0.639625	1
2	51956	0.63975	1
2	51966	0.639875	1
2	51976	0.64	1
2	51986	0.640125	1
2	51996	0.64025	1
2	52006	0.640375	1
2	52016	0.6405	1
2	52026	0.640625	1
2	52036	0.64075	1
2	52046	0.640875	1
2	52056	0.641	1
2	52066	0.641125	1
2	52076	0.64125	1
2	52090	0.641375	1
2	52100	0.6415	1
2	52110	0.641625	1
2	52120	0.64175	1
2	52130	0.641875	1
2	52140	0.642	1
2	52150	0.642125	1
2	52160	0.64225	1
2	52170	0.642375	1
2	52180	0.6425	1
2	52190	0.642625	1
2	52200	0.64275	1
2	52210	0.642875	1
2	52220	0.643	1
2	52230	0.643125	1
2	52240	0.64325	1
2	52250	0.643375	1
2	52260	0.6435	1
2	52270	0.643625	1
2	52280	0.64375	1
2	52290	0.643875	1
2	52300	0.644	1
2	52310	0.644125	1
2	52320	0.64425	1
2	52330	0.644375	1
2	52340	0.6445	1
2	52354	0.644625	1
2	52364	0.64475	1
2	52374	0.644875	1
2	52384	0.645	1
2	52394	0.645125	1
2	52404	0.64525	1
2	52414	0.645375	1
2	52424	0.6455	1
2	52434	0.645625	1
2	52444	0.64575	1
2	52454	0.645875	1
2	52464	0.646	1
2	52474	0.646125	1
2	52484	0.64625	1
2	52494	0.646375	1
2	52504	0.6465	1
2	52514	0.646625	1
2	52524	0.64675	1
2	52534	0.646875	1
2	52544	0.647	1
2	52554	0.647125	1
2	52564	0.64725	1
2	52574	0.647375	1
2	52584	0.6475	1
2	52594	0.647625	1
2	52604	0.64775	1
2	52618	0.647875	1
2	52628	0.648	1
2	52638	0.648125	1
2	52648	0.64825	1
2	52658	0.648375	1
2	52668	0.6485	1
2	52678	0.648625	1
2	52688	0.64875	1
2	52698	0.648875	1
2	52708	0.649	1
2	52718	0.649125	1
2	52728	0.64925	1
2	52738	0.649375	1
2	52748	0.6495	1
2	52758	0.649625	1
2	52768	0.64975	1
2	52778	0.649875	1
2	52788	0.65	1
2	52798	0.650125	1
2	52808	0.65025	1
2	52818	0.650375	1
2	52828	0.6505	1
2	52838	0.650625	1
2	52848	0.65075	1
2	52858	0.650875	1
2	52868	0.651	1
2	52882	0.651125	1
2	52892	0.65125	1
2	52902	0.651375	1
2	52912	0.6515	1
2	52922	0.651625	1
2	52932	0.65175	1
2	52942	0.651875	1
2	52952	0.652	1
2	52962	0.652125	1
2	52972	0.65225	1
2	52982	0.652375	1
2	52992	0.6525	1
2	53002	0.652625	1
2	53012	0.65275	1
2	53022	0.652875	1
2	53032	0.653	1
2	53042	0.653125	1
2	53052	0.65325	1
2	53062	0.653375	1
2	53072	0.6535	1
2	53082	0.653625	1
2	53092	0.65375	1
2	53102	0.653875	1
2	53112	0.654	1
2	53122	0.654125	1
2	53132	0.65425	1
2	53146	0.654375	1
2	53156	0.6545	1
2	53166	0.654625	1
2	53176	0.65475	1
2	53186	0.654875	1
2	53196	0.655	1
2	53206	0.655125	1
2	53216	0.65525	1
2	53226	0.655375	1
2	53236	0.6555	1
2	53246	0.655625	1
2	53256	0.65575	1
2	53266	0.655875	1
2	53276	0.656	1
2	53286	0.656125	1
2	53296	0.65625	1
2	53306	0.656375	1
2	53316	0.6565	1
2	53326	0.656625	1
2	53336	0.65675	1
2	53346	0.656875	1
2	53356	0.657	1
2	53366	0.657125	1
2	53376	0.65725	1
2	53386	0.657375	1
2	53396	0.6575	1
2	53410	0.657625	1
2	53420	0.65775	1
2	53430	0.657875	1
2	53440	0.658	1
2	53450	0.658125	1
2	53460	0.65825	1
2	53470	0.658375	1
2	53480	0.6585	1
2	53490	0.658625	1
2	53500	0.65875	1
2	53510	0.658875	1
2	53520	0.659	1
2	53530	0.659125	1
2	53540	0.65925	1
2	53550	0.659375	1
2	53560	0.6595	1
2	53570	0.659625	1
2	53580	0.65975	1
2	53590	0.659875	1
2	53600	0.66	1
2	53610	0.660125	1
2	53620	0.66025	1
2	53630	0.660375	1
2	53640	0.6605	1
2	53650	0.660625	1
2	53660	0.66075	1
2	53670	0.660875	1
2	53684	0.661	1
2	53694	0.661125	1
2	53704	0.66125	1
2	53714	0.661375	1
2	53724	0.6615	1
2	53734	0.661625	1
2	53744	0.66175	1
2	53754	0.661875	1
2	53764	0.662	1
2	53774	0.662125	1
2	53784	0.66225	1
2	53794	0.662375	1
2	53804	0.6625	1
2	53814	0.662625	1
2	53824	0.66275	1
2	53834	0.662875	1
2	53844	0.663	1
2	53854	0.663125	1
2	53864	0.66325	1
2	53874	0.663375	1
2	53884	0.6635	1
2	53894	0.663625	1
2	53904	0.66375	1
2	53914	0.663875	1
2	53924	0.664	1
2	53934	0.664125	1
2	53948	0.66425	1
2	53958	0.664375	1
2	53968	0.6645	1
2	53978	0.664625	1
2	53988	0.66475	1
2	53998	0.664875	1
2	54008	0.665	1
2	54018	0.665125	1
2	54028	0.66525	1
2	54038	0.665375	1
2	54048	0.6655	1
2	54058	0.665625	1
2	54068	0.66575	1
2	54078	0.665875	1
2	54088	0.666	1
2	54098	0.666125	1
2	54108	0.66625	1
2	54118	0.666375	1
2	54128	0.6665	1
2	54138	0.666625	1
2	54148	0.66675	1
2	54158	0.666875	1
2	54168	0.667	1
2	54178	0.667125	1
2	54188	0.66725	1
2	54198	0.667375	1
2	54212	0.6675	1
2	54222	0.667625	1
2	54232	0.66775	1
2	54242	0.667875	1
2	54252	0.668	1
2	54262	0.668125	1
2	54272	0.66825	1
2	54282	0.668375	1
2	54292	0.6685	1
2	54302	0.668625	1
2	54312	0.66875	1
2	54322	0.668875	1
2	54332	0.669	1
2	54342	0.669125	1
2	54352	0.66925	1
2	54362	0.669375	1
2	54372	0.6695	1
2	54382	0.669625	1
2	54392	0.66975	1
2	54402	0.669875	1
2	54412	0.67	1
2	54422	0.670125	1
2	54432	0.67025	1
2	54442	0.670375	1
2	54452	0.6705	1
2	54462	0.670625	1
2	54476	0.67075	1
2	54486	0.670875	1
2	54496	0.671	1
2	54506	0.671125	1
2	54516	0.67125	1
2	54526	0.671375	1
2	54536	0.6715	1
2	54546	0.671625	1
2	54556	0.67175	1
2	54566	0.671875	1
2	54576	0.672	1
2	54586	0.672125	1
2	54596	0.67225	1
2	54606	0.672375	1
2	54616	0.6725	1
2	54626	0.672625	1
2	54636	0.67275	1
2	54646	0.672875	1
2	54656	0.673	1
2	54666	0.673125	1
2	54676	0.67325	1
2	54686	0.673375	1
2	54696	0.6735	1
2	54706	0.673625	1
2	54716	0.67375	1
2	54726	0.673875	1
2	54740	0.674	1
2	54750	0.674125	1
2	54760	0.67425	1
2	54770	0.674375	1
2	54780	0.6745	1
2	54790	0.674625	1
2	54800	0.67475	1
2	54810	0.674875	1
2	54820	0.675	1
2	54830	0.675125	1
2	54840	0.67525	1
2	54850	0.675375	1
2	54860	0.6755	1
2	54870	0.675625	1
2	54880	0.67575	1
2	54890	0.675875	1
2	54900	0.676	1
2	54910	0.676125	1
2	54920	0.67625	1
2	54930	0.676375	1
2	54940	0.6765	1
2	54950	0.676625	1
2	54960	0.67675	1
2	54970	0.676875	1
2	54980	0.677	1
2	54990	0.677125	1
2	55000	0.67725	1
2	55014	0.677375	1
2	55024	0.6775	1
2	55034	0.677625	1
2	55044	0.67775	1
2	55054	0.677875	1
2	55064	0.678	1
2	55074	0.678125	1
2	55084	0.67825	1
2	55094	0.678375	1
2	55104	0.6785	1
2	55114	0.678625	1
2	55124	0.67875	1
2	55134	0.678875	1
2	55144	0.679	1
2	55154	0.679125	1
2	55164	0.67925	1
2	55174	0.679375	1
2	55184	0.6795	1
2	55194	0.679625	1
2	55204	0.67975	1
2	55214	0.679875	1
2	55224	0.68	1
2	55234	0.680125	1
2	55244	0.68025	1
2	55254	0.680375	1
2	55264	0.6805	1
2	55278	0.680625	1
2	55288	0.68075	1
2	55298	0.680875	1
2	55308	0.681	1
2	55318	0.681125	1
2	55328	0.68125	1
2	55338	0.681375	1
2	55348	0.6815	1
2	55358	0.681625	1
2	55368	0.68175	1
2	55378	0.681875	1
2	55388	0.682	1
2	55398	0.682125	1
2	55408	0.68225	1
2	55418	0.682375	1
2	55428	0.6825	1
2	55438	0.682625	1
2	55448	0.68275	1
2	55458	0.682875	1
2	55468	0.683	1
2	55478	0.683125	1
2	55488	0.68325	1
2	55498	0.683375	1
2	55508	0.6835	1
2	55518	0.683625	1
2	55528	0.68375	1
2	55542	0.683875	1
2	55552	0.684	1
2	55562	0.684125	1
2	55572	0.68425	1
2	55582	0.684375	1
2	55592	0.6845	1
2	55602	0.684625	1
2	55612	0.68475	1
2	55622	0.684875	1
2	55632	0.685	1
2	55642	0.685125	1
2	55652	0.68525	1
2	55662	0.685375	1
2	55672	0.6855	1
2	55682	0.685625	1
2	55692	0.68575	1
2	55702	0.685875	1
2	55712	0.686	1
2	55722	0.686125	1
2	55732	0.68625	1
2	55742	0.686375	1
2	55752	0.6865	1
2	55762	0.686625	1
2	55772	0.68675	1
2	55782	0.686875	1
2	55792	0.687	1
2	55806	0.687125	1
2	55816	0.68725	1
2	55826	0.687375	1
2	55836	0.6875	1
2	55846	0.687625	1
2	55856	0.68775	1
2	55866	0.687875	1
2	55876	0.688	1
2	55886	0.688125	1
2	55896	0.68825	1
2	55906	0.688375	1
2	55916	0.6885	1
2	55926	0.688625	1
2	55936	0.68875	1
2	55946	0.688875	1
2	55956	0.689	1
2	55966	0.689125	1
2	55976	0.68925	1
2	55986	0.689375	1
2	55996	0.6895	1
2	56006	0.689625	1
2	56016	0.68975	1
2	56026	0.689875	1
2	56036	0.69	1
2	56046	0.690125	1
2	56056	0.69025	1
2	56070	0.690375	1
2	56080	0.6905	1
2	56090	0.690625	1
2	56100	0.69075	1
2	56110	0.690875	1
2	56120	0.691	1
2	56130	0.691125	1
2	56140	0.69125	1
2	56150	0.691375	1
2	56160	0.6915	1
2	56170	0.691625	1
2	56180	0.69175	1
2	56190	0.691875	1
2	56200	0.692	1
2	56210	0.692125	1
2	56220	0.69225	1
2	56230	0.692375	1
2	56240	0.6925	1
2	56250	0.692625	1
2	56260	0.69275	1
2	56270	0.692875	1
2	56280	0.693	1
2	56290	0.693125	1
2	56300	0.69325	1
2	56310	0.693375	1
2	56320	0.6935	1
2	56334	0.693625	1
2	56344	0.69375	1
2	56354	0.693875	1
2	56364	0.694	1
2	56374	0.694125	1
2	56384	0.69425	1
2	56394	0.694375	1
2	56404	0.6945	1
2	56414	0.694625	1
2	56424	0.69475	1
2	56434	0.694875	1
2	56444	0.695	1
2	56454	0.695125	1
2	56464	0.69525	1
2	56474	0.695375	1
2	56484	0.6955	1
2	56494	0.695625	1
2	56504	0.69575	1
2	56514	0.695875	1
2	56524	0.696	1
2	56534	0.696125	1
2	56544	0.69625	1
2	56554	0.696375	1
2	56564	0.6965	1
2	56574	0.696625	1
2	56584	0.69675	1
2	56594	0.696875	1
2	56608	0.697	1
2	56618	0.697125	1
2	56628	0.69725	1
2	56638	0.697375	1
2	56648	0.6975	1
2	56658	0.697625	1
2	56668	0.69775	1
2	56678	0.697875	1
2	56688	0.698	1
2	56698	0.698125	1
2	56708	0.69825	1
2	56718	0.698375	1
2	56728	0.6985	1
2	56738	0.698625	1
2	56748	0.69875	1
2	56758	0.698875	1
2	56768	0.699	1
2	56778	0.699125	1
2	56788	0.69925	1
2	56798	0.699375	1
2	56808	0.6995	1
2	56818	0.699625	1
2	56828	0.69975	1
2	56838	0.699875	1
2	56848	0.7	1
2	56858	0.700125	1
2	56872	0.70025	1
2	56882	0.700375	1
2	56892	0.7005	1
2	56902	0.700625	1
2	56912	0.70075	1
2	56922	0.700875	1
2	56932	0.701	1
2	56942	0.701125	1
2	56952	0.70125	1
2	56962	0.701375	1
2	56972	0.7015	1
2	56982	0.701625	1
2	56992	0.70175	1
2	57002	0.701875	1
2	57012	0.702	1
2	57022	0.702125	1
2	57032	0.70225	1
2	57042	0.702375	1
2	57052	0.7025	1
2	57062	0.702625	1
2	57072	0.70275	1
2	57082	0.702875	1
2	57092	0.703	1
2	57102	0.703125	1
2	57112	0.70325	1
2	57122	0.703375	1
2	57136	0.7035	1
2	57146	0.703625	1
2	57156	0.70375	1
2	57166	0.703875	1
2	57176	0.704	1
2	57186	0.704125	1
2	57196	0.70425	1
2	57206	0.704375	1
2	57216	0.7045	1
2	57226	0.704625	1
2	57236	0.70475	1
2	57246	0.704875	1
2	57256	0.705	1
2	57266	0.705125	1
2	57276	0.70525	1
2	57286	0.705375	1
2	57296	0.7055	1
2	57306	0.705625	1
2	57316	0.70575	1
2	57326	0.705875	1
2	57336	0.706	1
2	57346	0.706125	1
2	57356	0.70625	1
2	57366	0.706375	1
2	57376	0.7065	1
2	57386	0.706625	1
2	57400	0.70675	1
2	57410	0.706875	1
2	57420	0.707	1
2	57430	0.707125	1
2	57440	0.70725	1
2	57450	0.707375	1
2	57460	0.7075	1
2	57470	0.707625	1
2	57480	0.70775	1
2	57490	0.707875	1
2	57500	0.708	1
2	57510	0.708125	1
2	57520	0.70825	1
2	57530	0.708375	1
2	57540	0.7085	1
2	57550	0.708625	1
2	57560	0.70875	1
2	57570	0.708875	1
2	57580	0.709	1
2	57590	0.709125	1
2	57600	0.70925	1
2	57610	0.709375	1
2	57620	0.7095	1
2	57630	0.709625	1
2	57640	0.70975	1
2	57650	0.709875	1
2	57664	0.71	1
2	57674	0.710125	1
2	57684	0.71025	1
2	57694	0.710375	1
2	57704	0.7105	1
2	57714	0.710625	1
2	57724	0.71075	1
2	57734	0.710875	1
2	57744	0.711	1
2	57754	0.711125	1
2	57764	0.71125	1
2	57774	0.711375	1
2	57784	0.7115	1
2	57794	0.711625	1
2	57804	0.71175	1
2	57814	0.711875	1
2	57824	0.712	1
2	57834	0.712125	1
2	57844	0.71225	1
2	57854	0.712375	1
2	57864	0.7125	1
2	57874	0.712625	1
2	57884	0.71275	1
2	57894	0.712875	1
2	57904	0.713	1
2	57914	0.713125	1
2	57928	0.71325	1
2	57938	0.713375	1
2	57948	0.7135	1
2	57958	0.713625	1
2	57968	0.71375	1
2	57978	0.713875	1
2	57988	0.714	1
2	57998	0.714125	1
2	58008	0.71425	1
2	58018	0.714375	1
2	58028	0.7145	1
2	58038	0.714625	1
2	58048	0.71475	1
2	58058	0.714875	1
2	58068	0.715	1
2	58078	0.715125	1
2	58088	0.71525	1
2	58098	0.715375	1
2	58108	0.7155	1
2	58118	0.715625	1
2	58128	0.71575	1
2	58138	0.715875	1
2	58148	0.716	1
2	58158	0.716125	1
2	58168	0.71625	1
2	58178	0.716375	1
2	58188	0.7165	1
2	58202	0.716625	1
2	58212	0.71675	1
2	58222	0.716875	1
2	58232	0.717	1
2	58242	0.717125	1
2	58252	0.71725	1
2	58262	0.717375	1
2	58272	0.7175	1
2	58282	0.717625	1
2	58292	0.71775	1
2	58302	0.717875	1
2	58312	0.718	1
2	58322	0.718125	1
2	58332	0.71825	1
2	58342	0.718375	1
2	58352	0.7185	1
2	58362	0.718625	1
2	58372	0.71875	1
2	58382	0.718875	1
2	58392	0.719	1
2	58402	0.719125	1
2	58412	0.71925	1
2	58422	0.719375	1
2	58432	0.7195	1
2	58442	0.719625	1
2	58452	0.71975	1
2	58466	0.719875	1
2	58476	0.72	1
2	58486	0.720125	1
2	58496	0.72025	1
2	58506	0.720375	1
2	58516	0.7205	1
2	58526	0.720625	1
2	58536	0.72075	1
2	58546	0.720875	1
2	58556	0.721	1
2	58566	0.721125	1
2	58576	0.72125	1
2	58586	0.721375	1
2	58596	0.7215	1
2	58606	0.721625	1
2	58616	0.72175	1
2	58626	0.721875	1
2	58636	0.722	1
2	58646	0.722125	1
2	58656	0.72225	1
2	58666	0.722375	1
2	58676	0.7225	1
2	58686	0.722625	1
2	58696	0.72275	1
2	58706	0.722875	1
2	58716	0.723	1
2	58730	0.723125	1
2	58740	0.72325	1
2	58750	0.723375	1
2	58760	0.7235	1
2	58770	0.723625	1
2	58780	0.72375	1
2	58790	0.723875	1
2	58800	0.724	1
2	58810	0.724125	1
2	58820	0.72425	1
2	58830	0.724375	1
2	58840	0.7245	1
2	58850	0.724625	1
2	58860	0.72475	1
2	58870	0.724875	1
2	58880	0.725	1
2	58890	0.725125	1
2	58900	0.72525	1
2	58910	0.725375	1
2	58920	0.7255	1
2	58930	0.725625	1
2	58940	0.72575	1
2	58950	0.725875	1
2	58960	0.726	1
2	58970	0.726125	1
2	58980	0.72625	1
2	58994	0.726375	1
2	59004	0.7265	1
2	59014	0.726625	1
2	59024	0.72675	1
2	59034	0.726875	1
2	59044	0.727	1
2	59054	0.727125	1
2	59064	0.72725	1
2	59074	0.727375	1
2	59084	0.7275	1
2	59094	0.727625	1
2	59104	0.72775	1
2	59114	0.727875	1
2	59124	0.728	1
2	59134	0.728125	1
2	59144	0.72825	1
2	59154	0.728375	1
2	59164	0.7285	1
2	59174	0.728625	1
2	59184	0.72875	1
2	59194	0.728875	1
2	59204	0.729	1
2	59214	0.729125	1
2	59224	0.72925	1
2	59234	0.729375	1
2	59244	0.7295	1
2	59258	0.729625	1
2	59268	0.72975	1
2	59278	0.729875	1
2	59288	0.73	1
2	59298	0.730125	1
2	59308	0.73025	1
2	59318	0.730375	1
2	59328	0.7305	1
2	59338	0.730625	1
2	59348	0.73075	1
2	59358	0.730875	1
2	59368	0.731	1
2	59378	0.731125	1
2	59388	0.73125	1
2	59398	0.731375	1
2	59408	0.7315	1
2	59418	0.731625	1
2	59428	0.73175	1
2	59438	0.731875	1
2	59448	0.732	1
2	59458	0.732125	1
2	59468	0.73225	1
2	59478	0.732375	1
2	59488	0.7325	1
2	59498	0.732625	1
2	59508	0.73275	1
2	59522	0.732875	1
2	59532	0.733	1
2	59542	0.733125	1
2	59552	0.73325	1
2	59562	0.733375	1
2	59572	0.7335	1
2	59582	0.733625	1
2	59592	0.73375	1
2	59602	0.733875	1
2	59612	0.734	1
2	59622	0.734125	1
2	59632	0.73425	1
2	59642	0.734375	1
2	59652	0.7345	1
2	59662	0.734625	1
2	59672	0.73475	1
2	59682	0.734875	1
2	59692	0.735	1
2	59702	0.735125	1
2	59712	0.73525	1
2	59722	0.735375	1
2	59732	0.7355	1
2	59742	0.735625	1
2	59752	0.73575	1
2	59762	0.735875	1
2	59772	0.736	1
2	59782	0.736125	1
2	59796	0.73625	1
2	59806	0.736375	1
2	59816	0.7365	1
2	59826	0.736625	1
2	59836	0.73675	1
2	59846	0.736875	1
2	59856	0.737	1
2	59866	0.737125	1
2	59876	0.73725	1
2	59886	0.737375	1
2	59896	0.7375	1
2	59906	0.737625	1
2	59916	0.73775	1
2	59926	0.737875	1
2	59936	0.738	1
2	59946	0.738125	1
2	59956	0.73825	1
2	59966	0.738375	1
2	59976	0.7385	1
2	59986	0.738625	1
2	59996	0.73875	1
2	60006	0.738875	1
2	60016	0.739	1
2	60026	0.739125	1
2	60036	0.73925	1
2	60046	0.739375	1
2	60060	0.7395	1
2	60070	0.739625	1
2	60080	0.73975	1
2	60090	0.739875	1
2	60100	0.74	1
2	60110	0.740125	1
2	60120	0.74025	1
2	60130	0.740375	1
2	60140	0.7405	1
2	60150	0.740625	1
2	60160	0.74075	1
2	60170	0.740875	1
2	60180	0.741	1
2	60190	0.741125	1
2	60200	0.74125	1
2	60210	0.741375	1
2	60220	0.7415	1
2	60230	0.741625	1
2	60240	0.74175	1
2	60250	0.741875	1
2	60260	0.742	1
2	60270	0.742125	1
2	60280	0.74225	1
2	60290	0.742375	1
2	60300	0.7425	1
2	60310	0.742625	1
2	60324	0.74275	1
2	60334	0.742875	1
2	60344	0.743	1
2	60354	0.743125	1
2	60364	0.74325	1
2	60374	0.743375	1
2	60384	0.7435	1
2	60394	0.743625	1
2	60404	0.74375	1
2	60414	0.743875	1
2	60424	0.744	1
2	60434	0.744125	1
2	60444	0.74425	1
2	60454	0.744375	1
2	60464	0.7445	1
2	60474	0.744625	1
2	60484	0.74475	1
2	60494	0.744875	1
2	60504	0.745	1
2	60514	0.745125	1
2	60524	0.74525	1
2	60534	0.745375	1
2	60544	0.7455	1
2	60554	0.745625	1
2	60564	0.74575	1
2	60574	0.745875	1
2	60588	0.746	1
2	60598	0.746125	1
2	60608	0.74625	1
2	60618	0.746375	1
2	60628	0.7465	1
2	60638	0.746625	1
2	60648	0.74675	1
2	60658	0.746875	1
2	60668	0.747	1
2	60678	0.747125	1
2	60688	0.74725	1
2	60698	0.747375	1
2	60708	0.7475	1
2	60718	0.747625	1
2	60728	0.74775	1
2	60738	0.747875	1
2	60748	0.748	1
2	60758	0.748125	1
2	60768	0.74825	1
2	60778	0.748375	1
2	60788	0.7485	1
2	60798	0.748625	1
2	60808	0.74875	1
2	60818	0.748875	1
2	60828	0.749	1
2	60838	0.749125	1
2	60852	0.74925	1
2	60862	0.749375	1
2	60872	0.7495	1
2	60882	0.749625	1
2	60892	0.74975	1
2	60902	0.749875	1
2	60912	0.75	1
2	60922	0.750125	1
2	60932	0.75025	1
2	60942	0.750375	1
2	60952	0.7505	1
2	60962	0.750625	1
2	60972	0.75075	1
2	60982	0.750875	1
2	60992	0.751	1
2	61002	0.751125	1
2	61012	0.75125	1
2	61022	0.751375	1
2	61032	0.7515	1
2	61042	0.751625	1
2	61052	0.75175	1
2	61062	0.751875	1
2	61072	0.752	1
2	61082	0.752125	1
2	61092	0.75225	1
2	61102	0.752375	1
2	61112	0.7525	1
2	61126	0.752625	1
2	61136	0.75275	1
2	61146	0.752875	1
2	61156	0.753	1
2	61166	0.753125	1
2	61176	0.75325	1
2	61186	0.753375	1
2	61196	0.7535	1
2	61206	0.753625	1
2	61216	0.75375	1
2	61226	0.753875	1
2	61236	0.754	1
2	61246	0.754125	1
2	61256	0.75425	1
2	61266	0.754375	1
2	61276	0.7545	1
2	61286	0.754625	1
2	61296	0.75475	1
2	61306	0.754875	1
2	61316	0.755	1
2	61326	0.755125	1
2	61336	0.75525	1
2	61346	0.755375	1
2	61356	0.7555	1
2	61366	0.755625	1
2	61376	0.75575	1
2	61390	0.755875	1
2	61400	0.756	1
2	61410	0.756125	1
2	61420	0.75625	1
2	61430	0.756375	1
2	61440	0.7565	1
2	61450	0.756625	1
2	61460	0.75675	1
2	61470	0.756875	1
2	61480	0.757	1
2	61490	0.757125	1
2	61500	0.75725	1
2	61510	0.757375	1
2	61520	0.7575	1
2	61530	0.757625	1
2	61540	0.75775	1
2	61550	0.757875	1
2	61560	0.758	1
2	61570	0.758125	1
2	61580	0.75825	1
2	61590	0.758375	1
2	61600	0.7585	1
2	61610	0.758625	1
2	61620	0.75875	1
2	61630	0.758875	1
2	61640	0.759	1
2	61654	0.759125	1
2	61664	0.75925	1
2	61674	0.759375	1
2	61684	0.7595	1
2	61694	0.759625	1
2	61704	0.75975	1
2	61714	0.759875	1
2	61724	0.76	1
2	61734	0.760125	1
2	61744	0.76025	1
2	61754	0.760375	1
2	61764	0.7605	1
2	61774	0.760625	1
2	61784	0.76075	1
2	61794	0.760875	1
2	61804	0.761	1
2	61814	0.761125	1
2	61824	0.76125	1
2	61834	0.761375	1
2	61844	0.7615	1
2	61854	0.761625	1
2	61864	0.76175	1
2	61874	0.761875	1
2	61884	0.762	1
2	61894	0.762125	1
2	61904	0.76225	1
2	61918	0.762375	1
2	61928	0.7625	1
2	61938	0.762625	1
2	61948	0.76275	1
2	61958	0.762875	1
2	61968	0.763	1
2	61978	0.763125	1
2	61988	0.76325	1
2	61998	0.763375	1
2	62008	0.7635	1
2	62018	0.763625	1
2	62028	0.76375	1
2	62038	0.763875	1
2	62048	0.764	1
2	62058	0.764125	1
2	62068	0.76425	1
2	62078	0.764375	1
2	62088	0.7645	1
2	62098	0.764625	1
2	62108	0.76475	1
2	62118	0.764875	1
2	62128	0.765	1
2	62138	0.765125	1
2	62148	0.76525	1
2	62158	0.765375	1
2	62168	0.7655	1
2	62182	0.765625	1
2	62192	0.76575	1
2	62202	0.765875	1
2	62212	0.766	1
2	62222	0.766125	1
2	62232	0.76625	1
2	62242	0.766375	1
2	62252	0.7665	1
2	62262	0.766625	1
2	62272	0.76675	1
2	62282	0.766875	1
2	62292	0.767	1
2	62302	0.767125	1
2	62312	0.76725	1
2	62322	0.767375	1
2	62332	0.7675	1
2	62342	0.767625	1
2	62352	0.76775	1
2	62362	0.767875	1
2	62372	0.768	1
2	62382	0.768125	1
2	62392	0.76825	1
2	62402	0.768375	1
2	62412	0.7685	1
2	62422	0.768625	1
2	62432	0.76875	1
2	62446	0.768875	1
2	62456	0.769	1
2	62466	0.769125	1
2	62476	0.76925	1
2	62486	0.769375	1
2	62496	0.7695	1
2	62506	0.769625	1
2	62516	0.76975	1
2	62526	0.769875	1
2	62536	0.77	1
2	62546	0.770125	1
2	62556	0.77025	1
2	62566	0.770375	1
2	62576	0.7705	1
2	62586	0.770625	1
2	62596	0.77075	1
2	62606	0.770875	1
2	62616	0.771	1
2	62626	0.771125	1
2	62636	0.77125	1
2	62646	0.771375	1
2	62656	0.7715	1
2	62666	0.771625	1
2	62676	0.77175	1
2	62686	0.771875	1
2	62696	0.772	1
2	62706	0.772125	1
2	62720	0.77225	1
2	62730	0.772375	1
2	62740	0.7725	1
2	62750	0.772625	1
2	62760	0.77275	1
2	62770	0.772875	1
2	62780	0.773	1
2	62790	0.773125	1
2	62800	0.77325	1
2	62810	0.773375	1
2	62820	0.7735	1
2	62830	0.773625	1
2	62840	0.77375	1
2	62850	0.773875	1
2	62860	0.774	1
2	62870	0.774125	1
2	62880	0.77425	1
2	62890	0.774375	1
2	62900	0.7745	1
2	62910	0.774625	1
2	62920	0.77475	1
2	62930	0.774875	1
2	62940	0.775	1
2	62950	0.775125	1
2	62960	0.77525	1
2	62970	0.775375	1
2	62984	0.7755	1
2	62994	0.775625	1
2	63004	0.77575	1
2	63014	0.775875	1
2	63024	0.776	1
2	63034	0.776125	1
2	63044	0.77625	1
2	63054	0.776375	1
2	63064	0.7765	1
2	63074	0.776625	1
2	63084	0.77675	1
2	63094	0.776875	1
2	63104	0.777	1
2	63114	0.777125	1
2	63124	0.77725	1
2	63134	0.777375	1
2	63144	0.7775	1
2	63154	0.777625	1
2	63164	0.77775	1
2	63174	0.777875	1
2	63184	0.778	1
2	63194	0.778125	1
2	63204	0.77825	1
2	63214	0.778375	1
2	63224	0.7785	1
2	63234	0.778625	1
2	63248	0.77875	1
2	63258	0.778875	1
2	63268	0.779	1
2	63278	0.779125	1
2	63288	0.77925	1
2	63298	0.779375	1
2	63308	0.7795	1
2	63318	0.779625	1
2	63328	0.77975	1
2	63338	0.779875	1
2	63348	0.78	1
2	63358	0.780125	1
2	63368	0.78025	1
2	63378	0.780375	1
2	63388	0.7805	1
2	63398	0.780625	1
2	63408	0.78075	1
2	63418	0.780875	1
2	63428	0.781	1
2	63438	0.781125	1
2	63448	0.78125	1
2	63458	0.781375	1
2	63468	0.7815	1
2	63478	0.781625	1
2	63488	0.78175	1
2	63498	0.781875	1
2	63512	0.782	1
2	63522	0.782125	1
2	63532	0.78225	1
2	63542	0.782375	1
2	63552	0.7825	1
2	63562	0.782625	1
2	63572	0.78275	1
2	63582	0.782875	1
2	63592	0.783	1
2	63602	0.783125	1
2	63612	0.78325	1
2	63622	0.783375	1
2	63632	0.7835	1
2	63642	0.783625	1
2	63652	0.78375	1
2	63662	0.783875	1
2	63672	0.784	1
2	63682	0.784125	1
2	63692	0.78425	1
2	63702	0.784375	1
2	63712	0.7845	1
2	63722	0.784625	1
2	63732	0.78475	1
2	63742	0.784875	1
2	63752	0.785	1
2	63762	0.785125	1
2	63776	0.78525	1
2	63786	0.785375	1
2	63796	0.7855	1
2	63806	0.785625	1
2	63816	0.78575	1
2	63826	0.785875	1
2	63836	0.786	1
2	63846	0.786125	1
2	63856	0.78625	1
2	63866	0.786375	1
2	63876	0.7865	1
2	63886	0.786625	1
2	63896	0.78675	1
2	63906	0.786875	1
2	63916	0.787	1
2	63926	0.787125	1
2	63936	0.78725	1
2	63946	0.787375	1
2	63956	0.7875	1
2	63966	0.787625	1
2	63976	0.78775	1
2	63986	0.787875	1
2	63996	0.788	1
2	64006	0.788125	1
2	64016	0.78825	1
2	64026	0.788375	1
2	64040	0.7885	1
2	64050	0.788625	1
2	64060	0.78875	1
2	64070	0.788875	1
2	64080	0.789	1
2	64090	0.789125	1
2	64100	0.78925	1
2	64110	0.789375	1
2	64120	0.7895	1
2	64130	0.789625	1
2	64140	0.78975	1
2	64150	0.789875	1
2	64160	0.79	1
2	64170	0.790125	1
2	64180	0.79025	1
2	64190	0.790375	1
2	64200	0.7905	1
2	64210	0.790625	1
2	64220	0.79075	1
2	64230	0.790875	1
2	64240	0.791	1
2	64250	0.791125	1
2	64260	0.79125	1
2	64270	0.791375	1
2	64280	0.7915	1
2	64290	0.791625	1
2	64300	0.79175	1
2	64314	0.791875	1
2	64324	0.792	1
2	64334	0.792125	1
2	64344	0.79225	1
2	64354	0.792375	1
2	64364	0.7925	1
2	64374	0.792625	1
2	64384	0.79275	1
2	64394	0.792875	1
2	64404	0.793	1
2	64414	0.793125	1
2	64424	0.79325	1
2	64434	0.793375	1
2	64444	0.7935	1
2	64454	0.793625	1
2	64464	0.79375	1
2	64474	0.793875	1
2	64484	0.794	1
2	64494	0.794125	1
2	64504	0.79425	1
2	64514	0.794375	1
2	64524	0.7945	1
2	64534	0.794625	1
2	64544	0.79475	1
2	64554	0.794875	1
2	64564	0.795	1
2	64578	0.795125	1
2	64588	0.79525	1
2	64598	0.795375	1
2	64608	0.7955	1
2	64618	0.795625	1
2	64628	0.79575	1
2	64638	0.795875	1
2	64648	0.796	1
2	64658	0.796125	1
2	64668	0.79625	1
2	64678	0.796375	1
2	64688	0.7965	1
2	64698	0.796625	1
2	64708	0.79675	1
2	64718	0.796875	1
2	64728	0.797	1
2	64738	0.797125	1
2	64748	0.79725	1
2	64758	0.797375	1
2	64768	0.7975	1
2	64778	0.797625	1
2	64788	0.79775	1
2	64798	0.797875	1
2	64808	0.798	1
2	64818	0.798125	1
2	64828	0.79825	1
2	64842	0.798375	1
2	64852	0.7985	1
2	64862	0.798625	1
2	64872	0.79875	1
2	64882	0.798875	1
2	64892	0.799	1
2	64902	0.799125	1
2	64912	0.79925	1
2	64922	0.799375	1
2	64932	0.7995	1
2	64942	0.799625	1
2	64952	0.79975	1
2	64962	0.799875	1
2	64972	0.8	1
2	64982	0.800125	1
2	64992	0.80025	1
2	65002	0.800375	1
2	65012	0.8005	1
2	65022	0.800625	1
2	65032	0.80075	1
2	65042	0.800875	1
2	65052	0.801	1
2	65062	0.801125	1
2	65072	0.80125	1
2	65082	0.801375	1
2	65092	0.8015	1
2	65106	0.801625	1
2	65116	0.80175	1
2	65126	0.801875	1
2	65136	0.802	1
2	65146	0.802125	1
2	65156	0.80225	1
2	65166	0.802375	1
2	65176	0.8025	1
2	65186	0.802625	1
2	65196	0.80275	1
2	65206	0.802875	1
2	65216	0.803	1
2	65226	0.803125	1
2	65236	0.80325	1
2	65246	0.803375	1
2	65256	0.8035	1
2	65266	0.803625	1
2	65276	0.80375	1
2	65286	0.803875	1
2	65296	0.804	1
2	65306	0.804125	1
2	65316	0.80425	1
2	65326	0.804375	1
2	65336	0.8045	1
2	65346	0.804625	1
2	65356	0.80475	1
2	65370	0.804875	1
2	65380	0.805	1
2	65390	0.805125	1
2	65400	0.80525	1
2	65410	0.805375	1
2	65420	0.8055	1
2	65430	0.805625	1
2	65440	0.80575	1
2	65450	0.805875	1
2	65460	0.806	1
2	65470	0.806125	1
2	65480	0.80625	1
2	65490	0.806375	1
2	65500	0.8065	1
2	65510	0.806625	1
2	65520	0.80675	1
2	65530	0.806875	1
2	65540	0.807	1
2	65550	0.807125	1
2	65560	0.80725	1
2	65570	0.807375	1
2	65580	0.8075	1
2	65590	0.807625	1
2	65600	0.80775	1
2	65610	0.807875	1
2	65620	0.808	1
2	65634	0.808125	1
2	65644	0.80825	1
2	65654	0.808375	1
2	65664	0.8085	1
2	65674	0.808625	1
2	65684	0.80875	1
2	65694	0.808875	1
2	65704	0.809	1
2	65714	0.809125	1
2	65724	0.80925	1
2	65734	0.809375	1
2	65744	0.8095	1
2	65754	0.809625	1
2	65764	0.80975	1
2	65774	0.809875	1
2	65784	0.81	1
2	65794	0.810125	1
2	65804	0.81025	1
2	65814	0.810375	1
2	65824	0.8105	1
2	65834	0.810625	1
2	65844	0.81075	1
2	65854	0.810875	1
2	65864	0.811	1
2	65874	0.811125	1
2	65884	0.81125	1
2	65894	0.811375	1
2	65908	0.8115	1
2	65918	0.811625	1
2	65928	0.81175	1
2	65938	0.811875	1
2	65948	0.812	1
2	65958	0.812125	1
2	65968	0.81225	1
2	65978	0.812375	1
2	65988	0.8125	1
2	65998	0.812625	1
2	66008	0.81275	1
2	66018	0.812875	1
2	66028	0.813	1
2	66038	0.813125	1
2	66048	0.81325	1
2	66058	0.813375	1
2	66068	0.8135	1
2	66078	0.813625	1
2	66088	0.81375	1
2	66098	0.813875	1
2	66108	0.814	1
2	66118	0.814125	1
2	66128	0.81425	1
2	66138	0.814375	1
2	66148	0.8145	1
2	66158	0.814625	1
2	66172	0.81475	1
2	66182	0.814875	1
2	66192	0.815	1
2	66202	0.815125	1
2	66212	0.81525	1
2	66222	0.815375	1
2	66232	0.8155	1
2	66242	0.815625	1
2	66252	0.81575	1
2	66262	0.815875	1
2	66272	0.816	1
2	66282	0.816125	1
2	66292	0.81625	1
2	66302	0.816375	1
2	66312	0.8165	1
2	66322	0.816625	1
2	66332	0.81675	1
2	66342	0.816875	1
2	66352	0.817	1
2	66362	0.817125	1
2	66372	0.81725	1
2	66382	0.817375	1
2	66392	0.8175	1
2	66402	0.817625	1
2	66412	0.81775	1
2	66422	0.817875	1
2	66436	0.818	1
2	66446	0.818125	1
2	66456	0.81825	1
2	66466	0.818375	1
2	66476	0.8185	1
2	66486	0.818625	1
2	66496	0.81875	1
2	66506	0.818875	1
2	66516	0.819	1
2	66526	0.819125	1
2	66536	0.81925	1
2	66546	0.819375	1
2	66556	0.8195	1
2	66566	0.819625	1
2	66576	0.81975	1
2	66586	0.819875	1
2	66596	0.82	1
2	66606	0.820125	1
2	66616	0.82025	1
2	66626	0.820375	1
2	66636	0.8205	1
2	66646	0.820625	1
2	66656	0.82075	1
2	66666	0.820875	1
2	66676	0.821	1
2	66686	0.821125	1
2	66700	0.82125	1
2	66710	0.821375	1
2	66720	0.8215	1
2	66730	0.821625	1
2	66740	0.82175	1
2	66750	0.821875	1
2	66760	0.822	1
2	66770	0.822125	1
2	66780	0.82225	1
2	66790	0.822375	1
2	66800	0.8225	1
2	66810	0.822625	1
2	66820	0.82275	1
2	66830	0.822875	1
2	66840	0.823	1
2	66850	0.823125	1
2	66860	0.82325	1
2	66870	0.823375	1
2	66880	0.8235	1
2	66890	0.823625	1
2	66900	0.82375	1
2	66910	0.823875	1
2	66920	0.824	1
2	66930	0.824125	1
2	66940	0.82425	1
2	66950	0.824375	1
2	66964	0.8245	1
2	66974	0.824625	1
2	66984	0.82475	1
2	66994	0.824875	1
2	67004	0.825	1
2	67014	0.825125	1
2	67024	0.82525	1
2	67034	0.825375	1
2	67044	0.8255	1
2	67054	0.825625	1
2	67064	0.82575	1
2	67074	0.825875	1
2	67084	0.826	1
2	67094	0.826125	1
2	67104	0.82625	1
2	67114	0.826375	1
2	67124	0.8265	1
2	67134	0.826625	1
2	67144	0.82675	1
2	67154	0.826875	1
2	67164	0.827	1
2	67174	0.827125	1
2	67184	0.82725	1
2	67194	0.827375	1
2	67204	0.8275	1
2	67214	0.827625	1
2	67224	0.82775	1
2	67238	0.827875	1
2	67248	0.828	1
2	67258	0.828125	1
2	67268	0.82825	1
2	67278	0.828375	1
2	67288	0.8285	1
2	67298	0.828625	1
2	67308	0.82875	1
2	67318	0.828875	1
2	67328	0.829	1
2	67338	0.829125	1
2	67348	0.82925	1
2	67358	0.829375	1
2	67368	0.8295	1
2	67378	0.829625	1
2	67388	0.82975	1
2	67398	0.829875	1
2	67408	0.83	1
2	67418	0.830125	1
2	67428	0.83025	1
2	67438	0.830375	1
2	67448	0.8305	1
2	67458	0.830625	1
2	67468	0.83075	1
2	67478	0.830875	1
2	67488	0.831	1
2	67502	0.831125	1
2	67512	0.83125	1
2	67522	0.831375	1
2	67532	0.8315	1
2	67542	0.831625	1
2	67552	0.83175	1
2	67562	0.831875	1
2	67572	0.832	1
2	67582	0.832125	1
2	67592	0.83225	1
2	67602	0.832375	1
2	67612	0.8325	1
2	67622	0.832625	1
2	67632	0.83275	1
2	67642	0.832875	1
2	67652	0.833	1
2	67662	0.833125	1
2	67672	0.83325	1
2	67682	0.833375	1
2	67692	0.8335	1
2	67702	0.833625	1
2	67712	0.83375	1
2	67722	0.833875	1
2	67732	0.834	1
2	67742	0.834125	1
2	67752	0.83425	1
2	67766	0.834375	1
2	67776	0.8345	1
2	67786	0.834625	1
2	67796	0.83475	1
2	67806	0.834875	1
2	67816	0.835	1
2	67826	0.835125	1
2	67836	0.83525	1
2	67846	0.835375	1
2	67856	0.8355	1
2	67866	0.835625	1
2	67876	0.83575	1
2	67886	0.835875	1
2	67896	0.836	1
2	67906	0.836125	1
2	67916	0.83625	1
2	67926	0.836375	1
2	67936	0.8365	1
2	67946	0.836625	1
2	67956	0.83675	1
2	67966	0.836875	1
2	67976	0.837	1
2	67986	0.837125	1
2	67996	0.83725	1
2	68006	0.837375	1
2	68016	0.8375	1
2	68030	0.837625	1
2	68040	0.83775	1
2	68050	0.837875	1
2	68060	0.838	1
2	68070	0.838125	1
2	68080	0.83825	1
2	68090	0.838375	1
2	68100	0.8385	1
2	68110	0.838625	1
2	68120	0.83875	1
2	68130	0.838875	1
2	68140	0.839	1
2	68150	0.839125	1
2	68160	0.83925	1
2	68170	0.839375	1
2	68180	0.8395	1
2	68190	0.839625	1
2	68200	0.83975	1
2	68210	0.839875	1
2	68220	0.84	1
2	68230	0.840125	1
2	68240	0.84025	1
2	68250	0.840375	1
2	68260	0.8405	1
2	68270	0.840625	1
2	68280	0.84075	1
2	68294	0.840875	1
2	68304	0.841	1
2	68314	0.841125	1
2	68324	0.84125	1
2	68334	0.841375	1
2	68344	0.8415	1
2	68354	0.841625	1
2	68364	0.84175	1
2	68374	0.841875	1
2	68384	0.842	1
2	68394	0.842125	1
2	68404	0.84225	1
2	68414	0.842375	1
2	68424	0.8425	1
2	68434	0.842625	1
2	68444	0.84275	1
2	68454	0.842875	1
2	68464	0.843	1
2	68474	0.843125	1
2	68484	0.84325	1
2	68494	0.843375	1
2	68504	0.8435	1
2	68514	0.843625	1
2	68524	0.84375	1
2	68534	0.843875	1
2	68544	0.844	1
2	68558	0.844125	1
2	68568	0.84425	1
2	68578	0.844375	1
2	68588	0.8445	1
2	68598	0.844625	1
2	68608	0.84475	1
2	68618	0.844875	1
2	68628	0.845	1
2	68638	0.845125	1
2	68648	0.84525	1
2	68658	0.845375	1
2	68668	0.8455	1
2	68678	0.845625	1
2	68688	0.84575	1
2	68698	0.845875	1
2	68708	0.846	1
2	68718	0.846125	1
2	68728	0.84625	1
2	68738	0.846375	1
2	68748	0.8465	1
2	68758	0.846625	1
2	68768	0.84675	1
2	68778	0.846875	1
2	68788	0.847	1
2	68798	0.847125	1
2	68808	0.84725	1
2	68818	0.847375	1
2	68832	0.8475	1
2	68842	0.847625	1
2	68852	0.84775	1
2	68862	0.847875	1
2	68872	0.848	1
2	68882	0.848125	1
2	68892	0.84825	1
2	68902	0.848375	1
2	68912	0.8485	1
2	68922	0.848625	1
2	68932	0.84875	1
2	68942	0.848875	1
2	68952	0.849	1
2	68962	0.849125	1
2	68972	0.84925	1
2	68982	0.849375	1
2	68992	0.8495	1
2	69002	0.849625	1
2	69012	0.84975	1
2	69022	0.849875	1
2	69032	0.85	1
2	69042	0.850125	1
2	69052	0.85025	1
2	69062	0.850375	1
2	69072	0.8505	1
2	69082	0.850625	1
2	69096	0.85075	1
2	69106	0.850875	1
2	69116	0.851	1
2	69126	0.851125	1
2	69136	0.85125	1
2	69146	0.851375	1
2	69156	0.8515	1
2	69166	0.851625	1
2	69176	0.85175	1
2	69186	0.851875	1
2	69196	0.852	1
2	69206	0.852125	1
2	69216	0.85225	1
2	69226	0.852375	1
2	69236	0.8525	1
2	69246	0.852625	1
2	69256	0.85275	1
2	69266	0.852875	1
2	69276	0.853	1
2	69286	0.853125	1
2	69296	0.85325	1
2	69306	0.853375	1
2	69316	0.8535	1
2	69326	0.853625	1
2	69336	0.85375	1
2	69346	0.853875	1
2	69360	0.854	1
2	69370	0.854125	1
2	69380	0.85425	1
2	69390	0.854375	1
2	69400	0.8545	1
2	69410	0.854625	1
2	69420	0.85475	1
2	69430	0.854875	1
2	69440	0.855	1
2	69450	0.855125	1
2	69460	0.85525	1
2	69470	0.855375	1
2	69480	0.8555	1
2	69490	0.855625	1
2	69500	0.85575	1
2	69510	0.855875	1
2	69520	0.856	1
2	69530	0.856125	1
2	69540	0.85625	1
2	69550	0.856375	1
2	69560	0.8565	1
2	69570	0.856625	1
2	69580	0.85675	1
2	69590	0.856875	1
2	69600	0.857	1
2	69610	0.857125	1
2	69624	0.85725	1
2	69634	0.857375	1
2	69644	0.8575	1
2	69654	0.857625	1
2	69664	0.85775	1
2	69674	0.857875	1
2	69684	0.858	1
2	69694	0.858125	1
2	69704	0.85825	1
2	69714	0.858375	1
2	69724	0.8585	1
2	69734	0.858625	1
2	69744	0.85875	1
2	69754	0.858875	1
2	69764	0.859	1
2	69774	0.859125	1
2	69784	0.85925	1
2	69794	0.859375	1
2	69804	0.8595	1
2	69814	0.859625	1
2	69824	0.85975	1
2	69834	0.859875	1
2	69844	0.86	1
2	69854	0.860125	1
2	69864	0.86025	1
2	69874	0.860375	1
2	69888	0.8605	1
2	69898	0.860625	1
2	69908	0.86075	1
2	69918	0.860875	1
2	69928	0.861	1
2	69938	0.861125	1
2	69948	0.86125	1
2	69958	0.861375	1
2	69968	0.8615	1
2	69978	0.861625	1
2	69988	0.86175	1
2	69998	0.861875	1
2	70008	0.862	1
2	70018	0.862125	1
2	70028	0.86225	1
2	70038	0.862375	1
2	70048	0.8625	1
2	70058	0.862625	1
2	70068	0.86275	1
2	70078	0.862875	1
2	70088	0.863	1
2	70098	0.863125	1
2	70108	0.86325	1
2	70118	0.863375	1
2	70128	0.8635	1
2	70138	0.863625	1
2	70152	0.86375	1
2	70162	0.863875	1
2	70172	0.864	1
2	70182	0.864125	1
2	70192	0.86425	1
2	70202	0.864375	1
2	70212	0.8645	1
2	70222	0.864625	1
2	70232	0.86475	1
2	70242	0.864875	1
2	70252	0.865	1
2	70262	0.865125	1
2	70272	0.86525	1
2	70282	0.865375	1
2	70292	0.8655	1
2	70302	0.865625	1
2	70312	0.86575	1
2	70322	0.865875	1
2	70332	0.866	1
2	70342	0.866125	1
2	70352	0.86625	1
2	70362	0.866375	1
2	70372	0.8665	1
2	70382	0.866625	1
2	70392	0.86675	1
2	70402	0.866875	1
2	70412	0.867	1
2	70426	0.867125	1
2	70436	0.86725	1
2	70446	0.867375	1
2	70456	0.8675	1
2	70466	0.867625	1
2	70476	0.86775	1
2	70486	0.867875	1
2	70496	0.868	1
2	70506	0.868125	1
2	70516	0.86825	1
2	70526	0.868375	1
2	70536	0.8685	1
2	70546	0.868625	1
2	70556	0.86875	1
2	70566	0.868875	1
2	70576	0.869	1
2	70586	0.869125	1
2	70596	0.86925	1
2	70606	0.869375	1
2	70616	0.8695	1
2	70626	0.869625	1
2	70636	0.86975	1
2	70646	0.869875	1
2	70656	0.87	1
2	70666	0.870125	1
2	70676	0.87025	1
2	70690	0.870375	1
2	70700	0.8705	1
2	70710	0.870625	1
2	70720	0.87075	1
2	70730	0.870875	1
2	70740	0.871	1
2	70750	0.871125	1
2	70760	0.87125	1
2	70770	0.871375	1
2	70780	0.8715	1
2	70790	0.871625	1
2	70800	0.87175	1
2	70810	0.871875	1
2	70820	0.872	1
2	70830	0.872125	1
2	70840	0.87225	1
2	70850	0.872375	1
2	70860	0.8725	1
2	70870	0.872625	1
2	70880	0.87275	1
2	70890	0.872875	1
2	70900	0.873	1
2	70910	0.873125	1
2	70920	0.87325	1
2	70930	0.873375	1
2	70940	0.8735	1
2	70954	0.873625	1
2	70964	0.87375	1
2	70974	0.873875	1
2	70984	0.874	1
2	70994	0.874125	1
2	71004	0.87425	1
2	71014	0.874375	1
2	71024	0.8745	1
2	71034	0.874625	1
2	71044	0.87475	1
2	71054	0.874875	1
2	71064	0.875	1
2	71074	0.875125	1
2	71084	0.87525	1
2	71094	0.875375	1
2	71104	0.8755	1
2	71114	0.875625	1
2	71124	0.87575	1
2	71134	0.875875	1
2	71144	0.876	1
2	71154	0.876125	1
2	71164	0.87625	1
2	71174	0.876375	1
2	71184	0.8765	1
2	71194	0.876625	1
2	71204	0.87675	1
2	71218	0.876875	1
2	71228	0.877	1
2	71238	0.877125	1
2	71248	0.87725	1
2	71258	0.877375	1
2	71268	0.8775	1
2	71278	0.877625	1
2	71288	0.87775	1
2	71298	0.877875	1
2	71308	0.878	1
2	71318	0.878125	1
2	71328	0.87825	1
2	71338	0.878375	1
2	71348	0.8785	1
2	71358	0.878625	1
2	71368	0.87875	1
2	71378	0.878875	1
2	71388	0.879	1
2	71398	0.879125	1
2	71408	0.87925	1
2	71418	0.879375	1
2	71428	0.8795	1
2	71438	0.879625	1
2	71448	0.87975	1
2	71458	0.879875	1
2	71468	0.88	1
2	71482	0.880125	1
2	71492	0.88025	1
2	71502	0.880375	1
2	71512	0.8805	1
2	71522	0.880625	1
2	71532	0.88075	1
2	71542	0.880875	1
2	71552	0.881	1
2	71562	0.881125	1
2	71572	0.88125	1
2	71582	0.881375	1
2	71592	0.8815	1
2	71602	0.881625	1
2	71612	0.88175	1
2	71622	0.881875	1
2	71632	0.882	1
2	71642	0.882125	1
2	71652	0.88225	1
2	71662	0.882375	1
2	71672	0.8825	1
2	71682	0.882625	1
2	71692	0.88275	1
2	71702	0.882875	1
2	71712	0.883	1
2	71722	0.883125	1
2	71732	0.88325	1
2	71746	0.883375	1
2	71756	0.8835	1
2	71766	0.883625	1
2	71776	0.88375	1
2	71786	0.883875	1
2	71796	0.884	1
2	71806	0.884125	1
2	71816	0.88425	1
2	71826	0.884375	1
2	71836	0.8845	1
2	71846	0.884625	1
2	71856	0.88475	1
2	71866	0.884875	1
2	71876	0.885	1
2	71886	0.885125	1
2	71896	0.88525	1
2	71906	0.885375	1
2	71916	0.8855	1
2	71926	0.885625	1
2	71936	0.88575	1
2	71946	0.885875	1
2	71956	0.886	1
2	71966	0.886125	1
2	71976	0.88625	1
2	71986	0.886375	1
2	71996	0.8865	1
2	72006	0.886625	1
2	72020	0.88675	1
2	72030	0.886875	1
2	72040	0.887	1
2	72050	0.887125	1
2	72060	0.88725	1
2	72070	0.887375	1
2	72080	0.8875	1
2	72090	0.887625	1
2	72100	0.88775	1
2	72110	0.887875	1
2	72120	0.888	1
2	72130	0.888125	1
2	72140	0.88825	1
2	72150	0.888375	1
2	72160	0.8885	1
2	72170	0.888625	1
2	72180	0.88875	1
2	72190	0.888875	1
2	72200	0.889	1
2	72210	0.889125	1
2	72220	0.88925	1
2	72230	0.889375	1
2	72240	0.8895	1
2	72250	0.889625	1
2	72260	0.88975	1
2	72270	0.889875	1
2	72284	0.89	1
2	72294	0.890125	1
2	72304	0.89025	1
2	72314	0.890375	1
2	72324	0.8905	1
2	72334	0.890625	1
2	72344	0.89075	1
2	72354	0.890875	1
2	72364	0.891	1
2	72374	0.891125	1
2	72384	0.89125	1
2	72394	0.891375	1
2	72404	0.8915	1
2	72414	0.891625	1
2	72424	0.89175	1
2	72434	0.891875	1
2	72444	0.892	1
2	72454	0.892125	1
2	72464	0.89225	1
2	72474	0.892375	1
2	72484	0.8925	1
2	72494	0.892625	1
2	72504	0.89275	1
2	72514	0.892875	1
2	72524	0.893	1
2	72534	0.893125	1
2	72548	0.89325	1
2	72558	0.893375	1
2	72568	0.8935	1
2	72578	0.893625	1
2	72588	0.89375	1
2	72598	0.893875	1
2	72608	0.894	1
2	72618	0.894125	1
2	72628	0.89425	1
2	72638	0.894375	1
2	72648	0.8945	1
2	72658	0.894625	1
2	72668	0.89475	1
2	72678	0.894875	1
2	72688	0.895	1
2	72698	0.895125	1
2	72708	0.89525	1
2	72718	0.895375	1
2	72728	0.8955	1
2	72738	0.895625	1
2	72748	0.89575	1
2	72758	0.895875	1
2	72768	0.896	1
2	72778	0.896125	1
2	72788	0.89625	1
2	72798	0.896375	1
2	72812	0.8965	1
2	72822	0.896625	1
2	72832	0.89675	1
2	72842	0.896875	1
2	72852	0.897	1
2	72862	0.897125	1
2	72872	0.89725	1
2	72882	0.897375	1
2	72892	0.8975	1
2	72902	0.897625	1
2	72912	0.89775	1
2	72922	0.897875	1
2	72932	0.898	1
2	72942	0.898125	1
2	72952	0.89825	1
2	72962	0.898375	1
2	72972	0.8985	1
2	72982	0.898625	1
2	72992	0.89875	1
2	73002	0.898875	1
2	73012	0.899	1
2	73022	0.899125	1
2	73032	0.89925	1
2	73042	0.899375	1
2	73052	0.8995	1
2	73062	0.899625	1
2	73076	0.89975	1
2	73086	0.899875	1
2	73096	0.9	1
2	73106	0.900125	1
2	73116	0.90025	1
2	73126	0.900375	1
2	73136	0.9005	1
2	73146	0.900625	1
2	73156	0.90075	1
2	73166	0.900875	1
2	73176	0.901	1
2	73186	0.901125	1
2	73196	0.90125	1
2	73206	0.901375	1
2	73216	0.9015	1
2	73226	0.901625	1
2	73236	0.90175	1
2	73246	0.901875	1
2	73256	0.902	1
2	73266	0.902125	1
2	73276	0.90225	1
2	73286	0.902375	1
2	73296	0.9025	1
2	73306	0.902625	1
2	73316	0.90275	1
2	73326	0.902875	1
2	73336	0.903	1
2	73350	0.903125	1
2	73360	0.90325	1
2	73370	0.903375	1
2	73380	0.9035	1
2	73390	0.903625	1
2	73400	0.90375	1
2	73410	0.903875	1
2	73420	0.904	1
2	73430	0.904125	1
2	73440	0.90425	1
2	73450	0.904375	1
2	73460	0.9045	1
2	73470	0.904625	1
2	73480	0.90475	1
2	73490	0.904875	1
2	73500	0.905	1
2	73510	0.905125	1
2	73520	0.90525	1
2	73530	0.905375	1
2	73540	0.9055	1
2	73550	0.905625	1
2	73560	0.90575	1
2	73570	0.905875	1
2	73580	0.906	1
2	73590	0.906125	1
2	73600	0.90625	1
2	73614	0.906375	1
2	73624	0.9065	1
2	73634	0.906625	1
2	73644	0.90675	1
2	73654	0.906875	1
2	73664	0.907	1
2	73674	0.907125	1
2	73684	0.90725	1
2	73694	0.907375	1
2	73704	0.9075	1
2	73714	0.907625	1
2	73724	0.90775	1
2	73734	0.907875	1
2	73744	0.908	1
2	73754	0.908125	1
2	73764	0.90825	1
2	73774	0.908375	1
2	73784	0.9085	1
2	73794	0.908625	1
2	73804	0.90875	1
2	73814	0.908875	1
2	73824	0.909	1
2	73834	0.909125	1
2	73844	0.90925	1
2	73854	0.909375	1
2	73864	0.9095	1
2	73878	0.909625	1
2	73888	0.90975	1
2	73898	0.909875	1
2	73908	0.91	1
2	73918	0.910125	1
2	73928	0.91025	1
2	73938	0.910375	1
2	73948	0.9105	1
2	73958	0.910625	1
2	73968	0.91075	1
2	73978	0.910875	1
2	73988	0.911	1
2	73998	0.911125	1
2	74008	0.91125	1
2	74018	0.911375	1
2	74028	0.9115	1
2	74038	0.911625	1
2	74048	0.91175	1
2	74058	0.911875	1
2	74068	0.912	1
2	74078	0.912125	1
2	74088	0.91225	1
2	74098	0.912375	1
2	74108	0.9125	1
2	74118	0.912625	1
2	74128	0.91275	1
2	74142	0.912875	1
2	74152	0.913	1
2	74162	0.913125	1
2	74172	0.91325	1
2	74182	0.913375	1
2	74192	0.9135	1
2	74202	0.913625	1
2	74212	0.91375	1
2	74222	0.913875	1
2	74232	0.914	1
2	74242	0.914125	1
2	74252	0.91425	1
2	74262	0.914375	1
2	74272	0.9145	1
2	74282	0.914625	1
2	74292	0.91475	1
2	74302	0.914875	1
2	74312	0.915	1
2	74322	0.915125	1
2	74332	0.91525	1
2	74342	0.915375	1
2	74352	0.9155	1
2	74362	0.915625	1
2	74372	0.91575	1
2	74382	0.915875	1
2	74392	0.916	1
2	74406	0.916125	1
2	74416	0.91625	1
2	74426	0.916375	1
2	74436	0.9165	1
2	74446	0.916625	1
2	74456	0.91675	1
2	74466	0.916875	1
2	74476	0.917	1
2	74486	0.917125	1
2	74496	0.91725	1
2	74506	0.917375	1
2	74516	0.9175	1
2	74526	0.917625	1
2	74536	0.91775	1
2	74546	0.917875	1
2	74556	0.918	1
2	74566	0.918125	1
2	74576	0.91825	1
2	74586	0.918375	1
2	74596	0.9185	1
2	74606	0.918625	1
2	74616	0.91875	1
2	74626	0.918875	1
2	74636	0.919	1
2	74646	0.919125	1
2	74656	0.91925	1
2	74670	0.919375	1
2	74680	0.9195	1
2	74690	0.919625	1
2	74700	0.91975	1
2	74710	0.919875	1
2	74720	0.92	1
2	74730	0.920125	1
2	74740	0.92025	1
2	74750	0.920375	1
2	74760	0.9205	1
2	74770	0.920625	1
2	74780	0.92075	1
2	74790	0.920875	1
2	74800	0.921	1
2	74810	0.921125	1
2	74820	0.92125	1
2	74830	0.921375	1
2	74840	0.9215	1
2	74850	0.921625	1
2	74860	0.92175	1
2	74870	0.921875	1
2	74880	0.922	1
2	74890	0.922125	1
2	74900	0.92225	1
2	74910	0.922375	1
2	74920	0.9225	1
2	74930	0.922625	1
2	74944	0.92275	1
2	74954	0.922875	1
2	74964	0.923	1
2	74974	0.923125	1
2	74984	0.92325	1
2	74994	0.923375	1
2	75004	0.9235	1
2	75014	0.923625	1
2	75024	0.92375	1
2	75034	0.923875	1
2	75044	0.924	1
2	75054	0.924125	1
2	75064	0.92425	1
2	75074	0.924375	1
2	75084	0.9245	1
2	75094	0.924625	1
2	75104	0.92475	1
2	75114	0.924875	1
2	75124	0.925	1
2	75134	0.925125	1
2	75144	0.92525	1
2	75154	0.925375	1
2	75164	0.9255	1
2	75174	0.925625	1
2	75184	0.92575	1
2	75194	0.925875	1
2	75208	0.926	1
2	75218	0.926125	1
2	75228	0.92625	1
2	75238	0.926375	1
2	75248	0.9265	1
2	75258	0.926625	1
2	75268	0.92675	1
2	75278	0.926875	1
2	75288	0.927	1
2	75298	0.927125	1
2	75308	0.92725	1
2	75318	0.927375	1
2	75328	0.9275	1
2	75338	0.927625	1
2	75348	0.92775	1
2	75358	0.927875	1
2	75368	0.928	1
2	75378	0.928125	1
2	75388	0.92825	1
2	75398	0.928375	1
2	75408	0.9285	1
2	75418	0.928625	1
2	75428	0.92875	1
2	75438	0.928875	1
2	75448	0.929	1
2	75458	0.929125	1
2	75472	0.92925	1
2	75482	0.929375	1
2	75492	0.9295	1
2	75502	0.929625	1
2	75512	0.92975	1
2	75522	0.929875	1
2	75532	0.93	1
2	75542	0.930125	1
2	75552	0.93025	1
2	75562	0.930375	1
2	75572	0.9305	1
2	75582	0.930625	1
2	75592	0.93075	1
2	75602	0.930875	1
2	75612	0.931	1
2	75622	0.931125	1
2	75632	0.93125	1
2	75642	0.931375	1
2	75652	0.9315	1
2	75662	0.931625	1
2	75672	0.93175	1
2	75682	0.931875	1
2	75692	0.932	1
2	75702	0.932125	1
2	75712	0.93225	1
2	75722	0.932375	1
2	75736	0.9325	1
2	75746	0.932625	1
2	75756	0.93275	1
2	75766	0.932875	1
2	75776	0.933	1
2	75786	0.933125	1
2	75796	0.93325	1
2	75806	0.933375	1
2	75816	0.9335	1
2	75826	0.933625	1
2	75836	0.93375	1
2	75846	0.933875	1
2	75856	0.934	1
2	75866	0.934125	1
2	75876	0.93425	1
2	75886	0.934375	1
2	75896	0.9345	1
2	75906	0.934625	1
2	75916	0.93475	1
2	75926	0.934875	1
2	75936	0.935	1
2	75946	0.935125	1
2	75956	0.93525	1
2	75966	0.935375	1
2	75976	0.9355	1
2	75986	0.935625	1
2	76000	0.93575	1
2	76010	0.935875	1
2	76020	0.936	1
2	76030	0.936125	1
2	76040	0.93625	1
2	76050	0.936375	1
2	76060	0.9365	1
2	76070	0.936625	1
2	76080	0.93675	1
2	76090	0.936875	1
2	76100	0.937	1
2	76110	0.937125	1
2	76120	0.93725	1
2	76130	0.937375	1
2	76140	0.9375	1
2	76150	0.937625	1
2	76160	0.93775	1
2	76170	0.937875	1
2	76180	0.938	1
2	76190	0.938125	1
2	76200	0.93825	1
2	76210	0.938375	1
2	76220	0.9385	1
2	76230	0.938625	1
2	76240	0.93875	1
2	76250	0.938875	1
2	76264	0.939	1
2	76274	0.939125	1
2	76284	0.93925	1
2	76294	0.939375	1
2	76304	0.9395	1
2	76314	0.939625	1
2	76324	0.93975	1
2	76334	0.939875	1
2	76344	0.94	1
2	76354	0.940125	1
2	76364	0.94025	1
2	76374	0.940375	1
2	76384	0.9405	1
2	76394	0.940625	1
2	76404	0.94075	1
2	76414	0.940875	1
2	76424	0.941	1
2	76434	0.941125	1
2	76444	0.94125	1
2	76454	0.941375	1
2	76464	0.9415	1
2	76474	0.941625	1
2	76484	0.94175	1
2	76494	0.941875	1
2	76504	0.942	1
2	76514	0.942125	1
2	76524	0.94225	1
2	76538	0.942375	1
2	76548	0.9425	1
2	76558	0.942625	1
2	76568	0.94275	1
2	76578	0.942875	1
2	76588	0.943	1
2	76598	0.943125	1
2	76608	0.94325	1
2	76618	0.943375	1
2	76628	0.9435	1
2	76638	0.943625	1
2	76648	0.94375	1
2	76658	0.943875	1
2	76668	0.944	1
2	76678	0.944125	1
2	76688	0.94425	1
2	76698	0.944375	1
2	76708	0.9445	1
2	76718	0.944625	1
2	76728	0.94475	1
2	76738	0.944875	1
2	76748	0.945	1
2	76758	0.945125	1
2	76768	0.94525	1
2	76778	0.945375	1
2	76788	0.9455	1
2	76802	0.945625	1
2	76812	0.94575	1
2	76822	0.945875	1
2	76832	0.946	1
2	76842	0.946125	1
2	76852	0.94625	1
2	76862	0.946375	1
2	76872	0.9465	1
2	76882	0.946625	1
2	76892	0.94675	1
2	76902	0.946875	1
2	76912	0.947	1
2	76922	0.947125	1
2	76932	0.94725	1
2	76942	0.947375	1
2	76952	0.9475	1
2	76962	0.947625	1
2	76972	0.94775	1
2	76982	0.947875	1
2	76992	0.948	1
2	77002	0.948125	1
2	77012	0.94825	1
2	77022	0.948375	1
2	77032	0.9485	1
2	77042	0.948625	1
2	77052	0.94875	1
2	77066	0.948875	1
2	77076	0.949	1
2	77086	0.949125	1
2	77096	0.94925	1
2	77106	0.949375	1
2	77116	0.9495	1
2	77126	0.949625	1
2	77136	0.94975	1
2	77146	0.949875	1
2	77156	0.95	1
2	77166	0.950125	1
2	77176	0.95025	1
2	77186	0.950375	1
2	77196	0.9505	1
2	77206	0.950625	1
2	77216	0.95075	1
2	77226	0.950875	1
2	77236	0.951	1
2	77246	0.951125	1
2	77256	0.95125	1
2	77266	0.951375	1
2	77276	0.9515	1
2	77286	0.951625	1
2	77296	0.95175	1
2	77306	0.951875	1
2	77316	0.952	1
2	77330	0.952125	1
2	77340	0.95225	1
2	77350	0.952375	1
2	77360	0.9525	1
2	77370	0.952625	1
2	77380	0.95275	1
2	77390	0.952875	1
2	77400	0.953	1
2	77410	0.953125	1
2	77420	0.95325	1
2	77430	0.953375	1
2	77440	0.9535	1
2	77450	0.953625	1
2	77460	0.95375	1
2	77470	0.953875	1
2	77480	0.954	1
2	77490	0.954125	1
2	77500	0.95425	1
2	77510	0.954375	1
2	77520	0.9545	1
2	77530	0.954625	1
2	77540	0.95475	1
2	77550	0.954875	1
2	77560	0.955	1
2	77570	0.955125	1
2	77580	0.95525	1
2	77594	0.955375	1
2	77604	0.9555	1
2	77614	0.955625	1
2	77624	0.95575	1
2	77634	0.955875	1
2	77644	0.956	1
2	77654	0.956125	1
2	77664	0.95625	1
2	77674	0.956375	1
2	77684	0.9565	1
2	77694	0.956625	1
2	77704	0.95675	1
2	77714	0.956875	1
2	77724	0.957	1
2	77734	0.957125	1
2	77744	0.95725	1
2	77754	0.957375	1
2	77764	0.9575	1
2	77774	0.957625	1
2	77784	0.95775	1
2	77794	0.957875	1
2	77804	0.958	1
2	77814	0.958125	1
2	77824	0.95825	1
2	77834	0.958375	1
2	77844	0.9585	1
2	77858	0.958625	1
2	77868	0.95875	1
2	77878	0.958875	1
2	77888	0.959	1
2	77898	0.959125	1
2	77908	0.95925	1
2	77918	0.959375	1
2	77928	0.9595	1
2	77938	0.959625	1
2	77948	0.95975	1
2	77958	0.959875	1
2	77968	0.96	1
2	77978	0.960125	1
2	77988	0.96025	1
2	77998	0.960375	1
2	78008	0.9605	1
2	78018	0.960625	1
2	78028	0.96075	1
2	78038	0.960875	1
2	78048	0.961	1
2	78058	0.961125	1
2	78068	0.96125	1
2	78078	0.961375	1
2	78088	0.9615	1
2	78098	0.961625	1
2	78108	0.96175	1
2	78118	0.961875	1
2	78132	0.962	1
2	78142	0.962125	1
2	78152	0.96225	1
2	78162	0.962375	1
2	78172	0.9625	1
2	78182	0.962625	1
2	78192	0.96275	1
2	78202	0.962875	1
2	78212	0.963	1
2	78222	0.963125	1
2	78232	0.96325	1
2	78242	0.963375	1
2	78252	0.9635	1
2	78262	0.963625	1
2	78272	0.96375	1
2	78282	0.963875	1
2	78292	0.964	1
2	78302	0.964125	1
2	78312	0.96425	1
2	78322	0.964375	1
2	78332	0.9645	1
2	78342	0.964625	1
2	78352	0.96475	1
2	78362	0.964875	1
2	78372	0.965	1
2	78382	0.965125	1
2	78396	0.96525	1
2	78406	0.965375	1
2	78416	0.9655	1
2	78426	0.965625	1
2	78436	0.96575	1
2	78446	0.965875	1
2	78456	0.966	1
2	78466	0.966125	1
2	78476	0.96625	1
2	78486	0.966375	1
2	78496	0.9665	1
2	78506	0.966625	1
2	78516	0.96675	1
2	78526	0.966875	1
2	78536	0.967	1
2	78546	0.967125	1
2	78556	0.96725	1
2	78566	0.967375	1
2	78576	0.9675	1
2	78586	0.967625	1
2	78596	0.96775	1
2	78606	0.967875	1
2	78616	0.968	1
2	78626	0.968125	1
2	78636	0.96825	1
2	78646	0.968375	1
2	78660	0.9685	1
2	78670	0.968625	1
2	78680	0.96875	1
2	78690	0.968875	1
2	78700	0.969	1
2	78710	0.969125	1
2	78720	0.96925	1
2	78730	0.969375	1
2	78740	0.9695	1
2	78750	0.969625	1
2	78760	0.96975	1
2	78770	0.969875	1
2	78780	0.97	1
2	78790	0.970125	1
2	78800	0.97025	1
2	78810	0.970375	1
2	78820	0.9705	1
2	78830	0.970625	1
2	78840	0.97075	1
2	78850	0.970875	1
2	78860	0.971	1
2	78870	0.971125	1
2	78880	0.97125	1
2	78890	0.971375	1
2	78900	0.9715	1
2	78910	0.971625	1
2	78924	0.97175	1
2	78934	0.971875	1
2	78944	0.972	1
2	78954	0.972125	1
2	78964	0.97225	1
2	78974	0.972375	1
2	78984	0.9725	1
2	78994	0.972625	1
2	79004	0.97275	1
2	79014	0.972875	1
2	79024	0.973	1
2	79034	0.973125	1
2	79044	0.97325	1
2	79054	0.973375	1
2	79064	0.9735	1
2	79074	0.973625	1
2	79084	0.97375	1
2	79094	0.973875	1
2	79104	0.974	1
2	79114	0.974125	1
2	79124	0.97425	1
2	79134	0.974375	1
2	79144	0.9745	1
2	79154	0.974625	1
2	79164	0.97475	1
2	79174	0.974875	1
2	79188	0.975	1
2	79198	0.975125	1
2	79208	0.97525	1
2	79218	0.975375	1
2	79228	0.9755	1
2	79238	0.975625	1
2	79248	0.97575	1
2	79258	0.975875	1
2	79268	0.976	1
2	79278	0.976125	1
2	79288	0.97625	1
2	79298	0.976375	1
2	79308	0.9765	1
2	79318	0.976625	1
2	79328	0.97675	1
2	79338	0.976875	1
2	79348	0.977	1
2	79358	0.977125	1
2	79368	0.97725	1
2	79378	0.977375	1
2	79388	0.9775	1
2	79398	0.977625	1
2	79408	0.97775	1
2	79418	0.977875	1
2	79428	0.978	1
2	79438	0.978125	1
2	79448	0.97825	1
2	79462	0.978375	1
2	79472	0.9785	1
2	79482	0.978625	1
2	79492	0.97875	1
2	79502	0.978875	1
2	79512	0.979	1
2	79522	0.979125	1
2	79532	0.97925	1
2	79542	0.979375	1
2	79552	0.9795	1
2	79562	0.979625	1
2	79572	0.97975	1
2	79582	0.979875	1
2	79592	0.98	1
2	79602	0.980125	1
2	79612	0.98025	1
2	79622	0.980375	1
2	79632	0.9805	1
2	79642	0.980625	1
2	79652	0.98075	1
2	79662	0.980875	1
2	79672	0.981	1
2	79682	0.981125	1
2	79692	0.98125	1
2	79702	0.981375	1
2	79712	0.9815	1
2	79726	0.981625	1
2	79736	0.98175	1
2	79746	0.981875	1
2	79756	0.982	1
2	79766	0.982125	1
2	79776	0.98225	1
2	79786	0.982375	1
2	79796	0.9825	1
2	79806	0.982625	1
2	79816	0.98275	1
2	79826	0.982875	1
2	79836	0.983	1
2	79846	0.983125	1
2	79856	0.98325	1
2	79866	0.983375	1
2	79876	0.9835	1
2	79886	0.983625	1
2	79896	0.98375	1
2	79906	0.983875	1
2	79916	0.984	1
2	79926	0.984125	1
2	79936	0.98425	1
2	79946	0.984375	1
2	79956	0.9845	1
2	79966	0.984625	1
2	79976	0.98475	1
2	79990	0.984875	1
2	80000	0.985	1
2	80010	0.985125	1
2	80020	0.98525	1
2	80030	0.985375	1
2	80040	0.9855	1
2	80050	0.985625	1
2	80060	0.98575	1
2	80070	0.985875	1
2	80080	0.986	1
2	80090	0.986125	1
2	80100	0.98625	1
2	80110	0.986375	1
2	80120	0.9865	1
2	80130	0.986625	1
2	80140	0.98675	1
2	80150	0.986875	1
2	80160	0.987	1
2	80170	0.987125	1
2	80180	0.98725	1
2	80190	0.987375	1
2	80200	0.9875	1
2	80210	0.987625	1
2	80220	0.98775	1
2	80230	0.987875	1
2	80240	0.988	1
2	80254	0.988125	1
2	80264	0.98825	1
2	80274	0.988375	1
2	80284	0.9885	1
2	80294	0.988625	1
2	80304	0.98875	1
2	80314	0.988875	1
2	80324	0.989	1
2	80334	0.989125	1
2	80344	0.98925	1
2	80354	0.989375	1
2	80364	0.9895	1
2	80374	0.989625	1
2	80384	0.98975	1
2	80394	0.989875	1
2	80404	0.99	1
2	80414	0.990125	1
2	80424	0.99025	1
2	80434	0.990375	1
2	80444	0.9905	1
2	80454	0.990625	1
2	80464	0.99075	1
2	80474	0.990875	1
2	80484	0.991	1
2	80494	0.991125	1
2	80504	0.99125	1
2	80518	0.991375	1
2	80528	0.9915	1
2	80538	0.991625	1
2	80548	0.99175	1
2	80558	0.991875	1
2	80568	0.992	1
2	80578	0.992125	1
2	80588	0.99225	1
2	80598	0.992375	1
2	80608	0.9925	1
2	80618	0.992625	1
2	80628	0.99275	1
2	80638	0.992875	1
2	80648	0.993	1
2	80658	0.993125	1
2	80668	0.99325	1
2	80678	0.993375	1
2	80688	0.9935	1
2	80698	0.993625	1
2	80708	0.99375	1
2	80718	0.993875	1
2	80728	0.994	1
2	80738	0.994125	1
2	80748	0.99425	1
2	80758	0.994375	1
2	80768	0.9945	1
2	80782	0.994625	1
2	80792	0.99475	1
2	80802	0.994875	1
2	80812	0.995	1
2	80822	0.995125	1
2	80832	0.99525	1
2	80842	0.995375	1
2	80852	0.9955	1
2	80862	0.995625	1
2	80872	0.99575	1
2	80882	0.995875	1
2	80892	0.996	1
2	80902	0.996125	1
2	80912	0.99625	1
2	80922	0.996375	1
2	80932	0.9965	1
2	80942	0.996625	1
2	80952	0.99675	1
2	80962	0.996875	1
2	80972	0.997	1
2	80982	0.997125	1
2	80992	0.99725	1
2	81002	0.997375	1
2	81012	0.9975	1
2	81022	0.997625	1
2	81032	0.99775	1
2	81042	0.997875	1
2	81056	0.998	1
2	81066	0.998125	1
2	81076	0.99825	1
2	81086	0.998375	1
2	81096	0.9985	1
2	81106	0.998625	1
2	81116	0.99875	1
2	81126	0.998875	1
2	81136	0.999	1
2	81146	0.999125	1
2	81156	0.99925	1
2	81166	0.999375	1
2	81176	0.9995	1
2	81186	0.999625	1
2	81196	0.99975	1
2	81206	0.999875	1
2	81216	1	1
3	6	0.000125	1
3	16	0.00025	2
3	26	0.000375	3
3	36	0.0005	4
3	46	0.000625	5
3	56	0.00075	6
3	66	0.000875	7
3	76	0.001	8
3	86	0.001125	9
3	96	0.00125	10
3	106	0.001375	11
3	116	0.0015	12
3	126	0.001625	13
3	136	0.00175	14
3	146	0.001875	15
3	156	0.002	16
3	166	0.002125	17
3	176	0.00225	18
3	186	0.002375	19
3	196	0.0025	20
3	206	0.002625	21
3	216	0.00275	22
3	226	0.002875	23
3	236	0.003	24
3	246	0.003125	25
3	256	0.00325	26
3	270	0.003375	27
3	280	0.0035	28
3	290	0.003625	29
3	300	0.00375	30
3	310	0.003875	31
3	320	0.004	32
3	330	0.004125	33
3	340	0.00425	34
3	350	0.004375	35
3	360	0.0045	36
3	370	0.004625	37
3	380	0.00475	38
3	390	0.004875	39
3	400	0.005	40
3	410	0.005125	41
3	420	0.00525	42
3	430	0.005375	43
3	440	0.0055	44
3	450	0.005625	45
3	460	0.00575	46
3	470	0.005875	47
3	480	0.006	48
3	490	0.006125	49
3	500	0.00625	50
3	510	0.006375	51
3	520	0.0065	52
3	534	0.006625	53
3	544	0.00675	54
3	554	0.006875	55
3	564	0.007	56
3	574	0.007125	57
3	584	0.00725	58
3	594	0.007375	59
3	604	0.0075	60
3	614	0.007625	61
3	624	0.00775	62
3	634	0.007875	63
3	644	0.008	64
3	654	0.008125	65
3	664	0.00825	66
3	674	0.008375	67
3	684	0.0085	68
3	694	0.008625	69
3	704	0.00875	70
3	714	0.008875	71
3	724	0.009	72
3	734	0.009125	73
3	744	0.00925	74
3	754	0.009375	75
3	764	0.0095	76
3	774	0.009625	77
3	784	0.00975	78
3	798	0.009875	79
3	808	0.01	80
3	818	0.010125	81
3	828	0.01025	82
3	838	0.010375	83
3	848	0.0105	84
3	858	0.010625	85
3	868	0.01075	86
3	878	0.010875	87
3	888	0.011	88
3	898	0.011125	89
3	908	0.01125	90
3	918	0.011375	91
3	928	0.0115	92
3	938	0.011625	93
3	948	0.01175	94
3	958	0.011875	95
3	968	0.012	96
3	978	0.012125	97
3	988	0.01225	98
3	998	0.012375	99
3	1008	0.0125	100
3	1018	0.012625	101
3	1028	0.01275	102
3	1038	0.012875	103
3	1048	0.013	104
3	1062	0.013125	105
3	1072	0.01325	106
3	1082	0.013375	107
3	1092	0.0135	108
3	1102	0.013625	109
3	1112	0.01375	110
3	1122	0.013875	111
3	1132	0.014	112
3	1142	0.014125	113
3	1152	0.01425	114
3	1162	0.014375	115
3	1172	0.0145	116
3	1182	0.014625	117
3	1192	0.01475	118
3	1202	0.014875	119
3	1212	0.015	120
3	1222	0.015125	121
3	1232	0.01525	122
3	1242	0.015375	123
3	1252	0.0155	124
3	1262	0.015625	125
3	1272	0.01575	126
3	1282	0.015875	127
3	1292	0.016	128
3	1302	0.016125	129
3	1312	0.01625	130
3	1326	0.016375	131
3	1336	0.0165	132
3	1346	0.016625	133
3	1356	0.01675	134
3	1366	0.016875	135
3	1376	0.017	136
3	1386	0.017125	137
3	1396	0.01725	138
3	1406	0.017375	139
3	1416	0.0175	140
3	1426	0.017625	141
3	1436	0.01775	142
3	1446	0.017875	143
3	1456	0.018	144
3	1466	0.018125	145
3	1476	0.01825	146
3	1486	0.018375	147
3	1496	0.0185	148
3	1506	0.018625	149
3	1516	0.01875	150
3	1526	0.018875	151
3	1536	0.019	152
3	1546	0.019125	153
3	1556	0.01925	154
3	1566	0.019375	155
3	1576	0.0195	156
3	1586	0.019625	157
3	1600	0.01975	158
3	1610	0.019875	159
3	1620	0.02	160
3	1630	0.020125	161
3	1640	0.02025	162
3	1650	0.020375	163
3	1660	0.0205	164
3	1670	0.020625	165
3	1680	0.02075	166
3	1690	0.020875	167
3	1700	0.021	168
3	1710	0.021125	169
3	1720	0.02125	170
3	1730	0.021375	171
3	1740	0.0215	172
3	1750	0.021625	173
3	1760	0.02175	174
3	1770	0.021875	175
3	1780	0.022	176
3	1790	0.022125	177
3	1800	0.02225	178
3	1810	0.022375	179
3	1820	0.0225	180
3	1830	0.022625	181
3	1840	0.02275	182
3	1850	0.022875	183
3	1864	0.023	184
3	1874	0.023125	185
3	1884	0.02325	186
3	1894	0.023375	187
3	1904	0.0235	188
3	1914	0.023625	189
3	1924	0.02375	190
3	1934	0.023875	191
3	1944	0.024	192
3	1954	0.024125	193
3	1964	0.02425	194
3	1974	0.024375	195
3	1984	0.0245	196
3	1994	0.024625	197
3	2004	0.02475	198
3	2014	0.024875	199
3	2024	0.025	200
3	2034	0.025125	201
3	2044	0.02525	202
3	2054	0.025375	203
3	2064	0.0255	204
3	2074	0.025625	205
3	2084	0.02575	206
3	2094	0.025875	207
3	2104	0.026	208
3	2114	0.026125	209
3	2128	0.02625	210
3	2138	0.026375	211
3	2148	0.0265	212
3	2158	0.026625	213
3	2168	0.02675	214
3	2178	0.026875	215
3	2188	0.027	216
3	2198	0.027125	217
3	2208	0.02725	218
3	2218	0.027375	219
3	2228	0.0275	220
3	2238	0.027625	221
3	2248	0.02775	222
3	2258	0.027875	223
3	2268	0.028	224
3	2278	0.028125	225
3	2288	0.02825	226
3	2298	0.028375	227
3	2308	0.0285	228
3	2318	0.028625	229
3	2328	0.02875	230
3	2338	0.028875	231
3	2348	0.029	232
3	2358	0.029125	233
3	2368	0.02925	234
3	2378	0.029375	235
3	2392	0.0295	236
3	2402	0.029625	237
3	2412	0.02975	238
3	2422	0.029875	239
3	2432	0.03	240
3	2442	0.030125	241
3	2452	0.03025	242
3	2462	0.030375	243
3	2472	0.0305	244
3	2482	0.030625	245
3	2492	0.03075	246
3	2502	0.030875	247
3	2512	0.031	248
3	2522	0.031125	249
3	2532	0.03125	250
3	2542	0.031375	251
3	2552	0.0315	252
3	2562	0.031625	253
3	2572	0.03175	254
3	2582	0.031875	255
3	2592	0.032	256
3	2602	0.032125	257
3	2612	0.03225	258
3	2622	0.032375	259
3	2632	0.0325	260
3	2642	0.032625	261
3	2656	0.03275	262
3	2666	0.032875	263
3	2676	0.033	264
3	2686	0.033125	265
3	2696	0.03325	266
3	2706	0.033375	267
3	2716	0.0335	268
3	2726	0.033625	269
3	2736	0.03375	270
3	2746	0.033875	271
3	2756	0.034	272
3	2766	0.034125	273
3	2776	0.03425	274
3	2786	0.034375	275
3	2796	0.0345	276
3	2806	0.034625	277
3	2816	0.03475	278
3	2826	0.034875	279
3	2836	0.035	280
3	2846	0.035125	281
3	2856	0.03525	282
3	2866	0.035375	283
3	2876	0.0355	284
3	2886	0.035625	285
3	2896	0.03575	286
3	2906	0.035875	287
3	2920	0.036	288
3	2930	0.036125	289
3	2940	0.03625	290
3	2950	0.036375	291
3	2960	0.0365	292
3	2970	0.036625	293
3	2980	0.03675	294
3	2990	0.036875	295
3	3000	0.037	296
3	3010	0.037125	297
3	3020	0.03725	298
3	3030	0.037375	299
3	3040	0.0375	300
3	3050	0.037625	301
3	3060	0.03775	302
3	3070	0.037875	303
3	3080	0.038	304
3	3090	0.038125	305
3	3100	0.03825	306
3	3110	0.038375	307
3	3120	0.0385	308
3	3130	0.038625	309
3	3140	0.03875	310
3	3150	0.038875	311
3	3160	0.039	312
3	3170	0.039125	313
3	3180	0.03925	314
3	3194	0.039375	315
3	3204	0.0395	316
3	3214	0.039625	317
3	3224	0.03975	318
3	3234	0.039875	319
3	3244	0.04	320
3	3254	0.040125	321
3	3264	0.04025	322
3	3274	0.040375	323
3	3284	0.0405	324
3	3294	0.040625	325
3	3304	0.04075	326
3	3314	0.040875	327
3	3324	0.041	328
3	3334	0.041125	329
3	3344	0.04125	330
3	3354	0.041375	331
3	3364	0.0415	332
3	3374	0.041625	333
3	3384	0.04175	334
3	3394	0.041875	335
3	3404	0.042	336
3	3414	0.042125	337
3	3424	0.04225	338
3	3434	0.042375	339
3	3444	0.0425	340
3	3458	0.042625	341
3	3468	0.04275	342
3	3478	0.042875	343
3	3488	0.043	344
3	3498	0.043125	345
3	3508	0.04325	346
3	3518	0.043375	347
3	3528	0.0435	348
3	3538	0.043625	349
3	3548	0.04375	350
3	3558	0.043875	351
3	3568	0.044	352
3	3578	0.044125	353
3	3588	0.04425	354
3	3598	0.044375	355
3	3608	0.0445	356
3	3618	0.044625	357
3	3628	0.04475	358
3	3638	0.044875	359
3	3648	0.045	360
3	3658	0.045125	361
3	3668	0.04525	362
3	3678	0.045375	363
3	3688	0.0455	364
3	3698	0.045625	365
3	3708	0.04575	366
3	3722	0.045875	367
3	3732	0.046	368
3	3742	0.046125	369
3	3752	0.04625	370
3	3762	0.046375	371
3	3772	0.0465	372
3	3782	0.046625	373
3	3792	0.04675	374
3	3802	0.046875	375
3	3812	0.047	376
3	3822	0.047125	377
3	3832	0.04725	378
3	3842	0.047375	379
3	3852	0.0475	380
3	3862	0.047625	381
3	3872	0.04775	382
3	3882	0.047875	383
3	3892	0.048	384
3	3902	0.048125	385
3	3912	0.04825	386
3	3922	0.048375	387
3	3932	0.0485	388
3	3942	0.048625	389
3	3952	0.04875	390
3	3962	0.048875	391
3	3972	0.049	392
3	3986	0.049125	393
3	3996	0.04925	394
3	4006	0.049375	395
3	4016	0.0495	396
3	4026	0.049625	397
3	4036	0.04975	398
3	4046	0.049875	399
3	4056	0.05	400
3	4066	0.050125	401
3	4076	0.05025	402
3	4086	0.050375	403
3	4096	0.0505	404
3	4106	0.050625	405
3	4116	0.05075	406
3	4126	0.050875	407
3	4136	0.051	408
3	4146	0.051125	409
3	4156	0.05125	410
3	4166	0.051375	411
3	4176	0.0515	412
3	4186	0.051625	413
3	4196	0.05175	414
3	4206	0.051875	415
3	4216	0.052	416
3	4226	0.052125	417
3	4236	0.05225	418
3	4250	0.052375	419
3	4260	0.0525	420
3	4270	0.052625	421
3	4280	0.05275	422
3	4290	0.052875	423
3	4300	0.053	424
3	4310	0.053125	425
3	4320	0.05325	426
3	4330	0.053375	427
3	4340	0.0535	428
3	4350	0.053625	429
3	4360	0.05375	430
3	4370	0.053875	431
3	4380	0.054	432
3	4390	0.054125	433
3	4400	0.05425	434
3	4410	0.054375	435
3	4420	0.0545	436
3	4430	0.054625	437
3	4440	0.05475	438
3	4450	0.054875	439
3	4460	0.055	440
3	4470	0.055125	441
3	4480	0.05525	442
3	4490	0.055375	443
3	4500	0.0555	444
3	4514	0.055625	445
3	4524	0.05575	446
3	4534	0.055875	447
3	4544	0.056	448
3	4554	0.056125	449
3	4564	0.05625	450
3	4574	0.056375	451
3	4584	0.0565	452
3	4594	0.056625	453
3	4604	0.05675	454
3	4614	0.056875	455
3	4624	0.057	456
3	4634	0.057125	457
3	4644	0.05725	458
3	4654	0.057375	459
3	4664	0.0575	460
3	4674	0.057625	461
3	4684	0.05775	462
3	4694	0.057875	463
3	4704	0.058	464
3	4714	0.058125	465
3	4724	0.05825	466
3	4734	0.058375	467
3	4744	0.0585	468
3	4754	0.058625	469
3	4764	0.05875	470
3	4774	0.058875	471
3	4788	0.059	472
3	4798	0.059125	473
3	4808	0.05925	474
3	4818	0.059375	475
3	4828	0.0595	476
3	4838	0.059625	477
3	4848	0.05975	478
3	4858	0.059875	479
3	4868	0.06	480
3	4878	0.060125	481
3	4888	0.06025	482
3	4898	0.060375	483
3	4908	0.0605	484
3	4918	0.060625	485
3	4928	0.06075	486
3	4938	0.060875	487
3	4948	0.061	488
3	4958	0.061125	489
3	4968	0.06125	490
3	4978	0.061375	491
3	4988	0.0615	492
3	4998	0.061625	493
3	5008	0.06175	494
3	5018	0.061875	495
3	5028	0.062	496
3	5038	0.062125	497
3	5052	0.06225	498
3	5062	0.062375	499
3	5072	0.0625	500
3	5082	0.062625	501
3	5092	0.06275	502
3	5102	0.062875	503
3	5112	0.063	504
3	5122	0.063125	505
3	5132	0.06325	506
3	5142	0.063375	507
3	5152	0.0635	508
3	5162	0.063625	509
3	5172	0.06375	510
3	5182	0.063875	511
3	5192	0.064	512
3	5202	0.064125	513
3	5212	0.06425	514
3	5222	0.064375	515
3	5232	0.0645	516
3	5242	0.064625	517
3	5252	0.06475	518
3	5262	0.064875	519
3	5272	0.065	520
3	5282	0.065125	521
3	5292	0.06525	522
3	5302	0.065375	523
3	5316	0.0655	524
3	5326	0.065625	525
3	5336	0.06575	526
3	5346	0.065875	527
3	5356	0.066	528
3	5366	0.066125	529
3	5376	0.06625	530
3	5386	0.066375	531
3	5396	0.0665	532
3	5406	0.066625	533
3	5416	0.06675	534
3	5426	0.066875	535
3	5436	0.067	536
3	5446	0.067125	537
3	5456	0.06725	538
3	5466	0.067375	539
3	5476	0.0675	540
3	5486	0.067625	541
3	5496	0.06775	542
3	5506	0.067875	543
3	5516	0.068	544
3	5526	0.068125	545
3	5536	0.06825	546
3	5546	0.068375	547
3	5556	0.0685	548
3	5566	0.068625	549
3	5580	0.06875	550
3	5590	0.068875	551
3	5600	0.069	552
3	5610	0.069125	553
3	5620	0.06925	554
3	5630	0.069375	555
3	5640	0.0695	556
3	5650	0.069625	557
3	5660	0.06975	558
3	5670	0.069875	559
3	5680	0.07	560
3	5690	0.070125	561
3	5700	0.07025	562
3	5710	0.070375	563
3	5720	0.0705	564
3	5730	0.070625	565
3	5740	0.07075	566
3	5750	0.070875	567
3	5760	0.071	568
3	5770	0.071125	569
3	5780	0.07125	570
3	5790	0.071375	571
3	5800	0.0715	572
3	5810	0.071625	573
3	5820	0.07175	574
3	5830	0.071875	575
3	5844	0.072	576
3	5854	0.072125	577
3	5864	0.07225	578
3	5874	0.072375	579
3	5884	0.0725	580
3	5894	0.072625	581
3	5904	0.07275	582
3	5914	0.072875	583
3	5924	0.073	584
3	5934	0.073125	585
3	5944	0.07325	586
3	5954	0.073375	587
3	5964	0.0735	588
3	5974	0.073625	589
3	5984	0.07375	590
3	5994	0.073875	591
3	6004	0.074	592
3	6014	0.074125	593
3	6024	0.07425	594
3	6034	0.074375	595
3	6044	0.0745	596
3	6054	0.074625	597
3	6064	0.07475	598
3	6074	0.074875	599
3	6084	0.075	600
3	6094	0.075125	601
3	6104	0.07525	602
3	6118	0.075375	603
3	6128	0.0755	604
3	6138	0.075625	605
3	6148	0.07575	606
3	6158	0.075875	607
3	6168	0.076	608
3	6178	0.076125	609
3	6188	0.07625	610
3	6198	0.076375	611
3	6208	0.0765	612
3	6218	0.076625	613
3	6228	0.07675	614
3	6238	0.076875	615
3	6248	0.077	616
3	6258	0.077125	617
3	6268	0.07725	618
3	6278	0.077375	619
3	6288	0.0775	620
3	6298	0.077625	621
3	6308	0.07775	622
3	6318	0.077875	623
3	6328	0.078	624
3	6338	0.078125	625
3	6348	0.07825	626
3	6358	0.078375	627
3	6368	0.0785	628
3	6382	0.078625	629
3	6392	0.07875	630
3	6402	0.078875	631
3	6412	0.079	632
3	6422	0.079125	633
3	6432	0.07925	634
3	6442	0.079375	635
3	6452	0.0795	636
3	6462	0.079625	637
3	6472	0.07975	638
3	6482	0.079875	639
3	6492	0.08	640
3	6502	0.080125	641
3	6512	0.08025	642
3	6522	0.080375	643
3	6532	0.0805	644
3	6542	0.080625	645
3	6552	0.08075	646
3	6562	0.080875	647
3	6572	0.081	648
3	6582	0.081125	649
3	6592	0.08125	650
3	6602	0.081375	651
3	6612	0.0815	652
3	6622	0.081625	653
3	6632	0.08175	654
3	6646	0.081875	655
3	6656	0.082	656
3	6666	0.082125	657
3	6676	0.08225	658
3	6686	0.082375	659
3	6696	0.0825	660
3	6706	0.082625	661
3	6716	0.08275	662
3	6726	0.082875	663
3	6736	0.083	664
3	6746	0.083125	665
3	6756	0.08325	666
3	6766	0.083375	667
3	6776	0.0835	668
3	6786	0.083625	669
3	6796	0.08375	670
3	6806	0.083875	671
3	6816	0.084	672
3	6826	0.084125	673
3	6836	0.08425	674
3	6846	0.084375	675
3	6856	0.0845	676
3	6866	0.084625	677
3	6876	0.08475	678
3	6886	0.084875	679
3	6896	0.085	680
3	6910	0.085125	681
3	6920	0.08525	682
3	6930	0.085375	683
3	6940	0.0855	684
3	6950	0.085625	685
3	6960	0.08575	686
3	6970	0.085875	687
3	6980	0.086	688
3	6990	0.086125	689
3	7000	0.08625	690
3	7010	0.086375	691
3	7020	0.0865	692
3	7030	0.086625	693
3	7040	0.08675	694
3	7050	0.086875	695
3	7060	0.087	696
3	7070	0.087125	697
3	7080	0.08725	698
3	7090	0.087375	699
3	7100	0.0875	700
3	7110	0.087625	701
3	7120	0.08775	702
3	7130	0.087875	703
3	7140	0.088	704
3	7150	0.088125	705
3	7160	0.08825	706
3	7174	0.088375	707
3	7184	0.0885	708
3	7194	0.088625	709
3	7204	0.08875	710
3	7214	0.088875	711
3	7224	0.089	712
3	7234	0.089125	713
3	7244	0.08925	714
3	7254	0.089375	715
3	7264	0.0895	716
3	7274	0.089625	717
3	7284	0.08975	718
3	7294	0.089875	719
3	7304	0.09	720
3	7314	0.090125	721
3	7324	0.09025	722
3	7334	0.090375	723
3	7344	0.0905	724
3	7354	0.090625	725
3	7364	0.09075	726
3	7374	0.090875	727
3	7384	0.091	728
3	7394	0.091125	729
3	7404	0.09125	730
3	7414	0.091375	731
3	7424	0.0915	732
3	7438	0.091625	733
3	7448	0.09175	734
3	7458	0.091875	735
3	7468	0.092	736
3	7478	0.092125	737
3	7488	0.09225	738
3	7498	0.092375	739
3	7508	0.0925	740
3	7518	0.092625	741
3	7528	0.09275	742
3	7538	0.092875	743
3	7548	0.093	744
3	7558	0.093125	745
3	7568	0.09325	746
3	7578	0.093375	747
3	7588	0.0935	748
3	7598	0.093625	749
3	7608	0.09375	750
3	7618	0.093875	751
3	7628	0.094	752
3	7638	0.094125	753
3	7648	0.09425	754
3	7658	0.094375	755
3	7668	0.0945	756
3	7678	0.094625	757
3	7688	0.09475	758
3	7698	0.094875	759
3	7712	0.095	760
3	7722	0.095125	761
3	7732	0.09525	762
3	7742	0.095375	763
3	7752	0.0955	764
3	7762	0.095625	765
3	7772	0.09575	766
3	7782	0.095875	767
3	7792	0.096	768
3	7802	0.096125	769
3	7812	0.09625	770
3	7822	0.096375	771
3	7832	0.0965	772
3	7842	0.096625	773
3	7852	0.09675	774
3	7862	0.096875	775
3	7872	0.097	776
3	7882	0.097125	777
3	7892	0.09725	778
3	7902	0.097375	779
3	7912	0.0975	780
3	7922	0.097625	781
3	7932	0.09775	782
3	7942	0.097875	783
3	7952	0.098	784
3	7962	0.098125	785
3	7976	0.09825	786
3	7986	0.098375	787
3	7996	0.0985	788
3	8006	0.098625	789
3	8016	0.09875	790
3	8026	0.098875	791
3	8036	0.099	792
3	8046	0.099125	793
3	8056	0.09925	794
3	8066	0.099375	795
3	8076	0.0995	796
3	8086	0.099625	797
3	8096	0.09975	798
3	8106	0.099875	799
3	8116	0.1	800
3	8126	0.100125	801
3	8136	0.10025	802
3	8146	0.100375	803
3	8156	0.1005	804
3	8166	0.100625	805
3	8176	0.10075	806
3	8186	0.100875	807
3	8196	0.101	808
3	8206	0.101125	809
3	8216	0.10125	810
3	8226	0.101375	811
3	8240	0.1015	812
3	8250	0.101625	813
3	8260	0.10175	814
3	8270	0.101875	815
3	8280	0.102	816
3	8290	0.102125	817
3	8300	0.10225	818
3	8310	0.102375	819
3	8320	0.1025	820
3	8330	0.102625	821
3	8340	0.10275	822
3	8350	0.102875	823
3	8360	0.103	824
3	8370	0.103125	825
3	8380	0.10325	826
3	8390	0.103375	827
3	8400	0.1035	828
3	8410	0.103625	829
3	8420	0.10375	830
3	8430	0.103875	831
3	8440	0.104	832
3	8450	0.104125	833
3	8460	0.10425	834
3	8470	0.104375	835
3	8480	0.1045	836
3	8490	0.104625	837
3	8504	0.10475	838
3	8514	0.104875	839
3	8524	0.105	840
3	8534	0.105125	841
3	8544	0.10525	842
3	8554	0.105375	843
3	8564	0.1055	844
3	8574	0.105625	845
3	8584	0.10575	846
3	8594	0.105875	847
3	8604	0.106	848
3	8614	0.106125	849
3	8624	0.10625	850
3	8634	0.106375	851
3	8644	0.1065	852
3	8654	0.106625	853
3	8664	0.10675	854
3	8674	0.106875	855
3	8684	0.107	856
3	8694	0.107125	857
3	8704	0.10725	858
3	8714	0.107375	859
3	8724	0.1075	860
3	8734	0.107625	861
3	8744	0.10775	862
3	8754	0.107875	863
3	8768	0.108	864
3	8778	0.108125	865
3	8788	0.10825	866
3	8798	0.108375	867
3	8808	0.1085	868
3	8818	0.108625	869
3	8828	0.10875	870
3	8838	0.108875	871
3	8848	0.109	872
3	8858	0.109125	873
3	8868	0.10925	874
3	8878	0.109375	875
3	8888	0.1095	876
3	8898	0.109625	877
3	8908	0.10975	878
3	8918	0.109875	879
3	8928	0.11	880
3	8938	0.110125	881
3	8948	0.11025	882
3	8958	0.110375	883
3	8968	0.1105	884
3	8978	0.110625	885
3	8988	0.11075	886
3	8998	0.110875	887
3	9008	0.111	888
3	9018	0.111125	889
3	9032	0.11125	890
3	9042	0.111375	891
3	9052	0.1115	892
3	9062	0.111625	893
3	9072	0.11175	894
3	9082	0.111875	895
3	9092	0.112	896
3	9102	0.112125	897
3	9112	0.11225	898
3	9122	0.112375	899
3	9132	0.1125	900
3	9142	0.112625	901
3	9152	0.11275	902
3	9162	0.112875	903
3	9172	0.113	904
3	9182	0.113125	905
3	9192	0.11325	906
3	9202	0.113375	907
3	9212	0.1135	908
3	9222	0.113625	909
3	9232	0.11375	910
3	9242	0.113875	911
3	9252	0.114	912
3	9262	0.114125	913
3	9272	0.11425	914
3	9282	0.114375	915
3	9292	0.1145	916
3	9306	0.114625	917
3	9316	0.11475	918
3	9326	0.114875	919
3	9336	0.115	920
3	9346	0.115125	921
3	9356	0.11525	922
3	9366	0.115375	923
3	9376	0.1155	924
3	9386	0.115625	925
3	9396	0.11575	926
3	9406	0.115875	927
3	9416	0.116	928
3	9426	0.116125	929
3	9436	0.11625	930
3	9446	0.116375	931
3	9456	0.1165	932
3	9466	0.116625	933
3	9476	0.11675	934
3	9486	0.116875	935
3	9496	0.117	936
3	9506	0.117125	937
3	9516	0.11725	938
3	9526	0.117375	939
3	9536	0.1175	940
3	9546	0.117625	941
3	9556	0.11775	942
3	9570	0.117875	943
3	9580	0.118	944
3	9590	0.118125	945
3	9600	0.11825	946
3	9610	0.118375	947
3	9620	0.1185	948
3	9630	0.118625	949
3	9640	0.11875	950
3	9650	0.118875	951
3	9660	0.119	952
3	9670	0.119125	953
3	9680	0.11925	954
3	9690	0.119375	955
3	9700	0.1195	956
3	9710	0.119625	957
3	9720	0.11975	958
3	9730	0.119875	959
3	9740	0.12	960
3	9750	0.120125	961
3	9760	0.12025	962
3	9770	0.120375	963
3	9780	0.1205	964
3	9790	0.120625	965
3	9800	0.12075	966
3	9810	0.120875	967
3	9820	0.121	968
3	9834	0.121125	969
3	9844	0.12125	970
3	9854	0.121375	971
3	9864	0.1215	972
3	9874	0.121625	973
3	9884	0.12175	974
3	9894	0.121875	975
3	9904	0.122	976
3	9914	0.122125	977
3	9924	0.12225	978
3	9934	0.122375	979
3	9944	0.1225	980
3	9954	0.122625	981
3	9964	0.12275	982
3	9974	0.122875	983
3	9984	0.123	984
3	9994	0.123125	985
3	10004	0.12325	986
3	10014	0.123375	987
3	10024	0.1235	988
3	10034	0.123625	989
3	10044	0.12375	990
3	10054	0.123875	991
3	10064	0.124	992
3	10074	0.124125	993
3	10084	0.12425	994
3	10098	0.124375	995
3	10108	0.1245	996
3	10118	0.124625	997
3	10128	0.12475	998
3	10138	0.124875	999
3	10148	0.125	1000
3	10158	0.125125	1001
3	10168	0.12525	1002
3	10178	0.125375	1003
3	10188	0.1255	1004
3	10198	0.125625	1005
3	10208	0.12575	1006
3	10218	0.125875	1007
3	10228	0.126	1008
3	10238	0.126125	1009
3	10248	0.12625	1010
3	10258	0.126375	1011
3	10268	0.1265	1012
3	10278	0.126625	1013
3	10288	0.12675	1014
3	10298	0.126875	1015
3	10308	0.127	1016
3	10318	0.127125	1017
3	10328	0.12725	1018
3	10338	0.127375	1019
3	10348	0.1275	1020
3	10362	0.127625	1021
3	10372	0.12775	1022
3	10382	0.127875	1023
3	10392	0.128	1024
3	10402	0.128125	1025
3	10412	0.12825	1026
3	10422	0.128375	1027
3	10432	0.1285	1028
3	10442	0.128625	1029
3	10452	0.12875	1030
3	10462	0.128875	1031
3	10472	0.129	1032
3	10482	0.129125	1033
3	10492	0.12925	1034
3	10502	0.129375	1035
3	10512	0.1295	1036
3	10522	0.129625	1037
3	10532	0.12975	1038
3	10542	0.129875	1039
3	10552	0.13	1040
3	10562	0.130125	1041
3	10572	0.13025	1042
3	10582	0.130375	1043
3	10592	0.1305	1044
3	10602	0.130625	1045
3	10612	0.13075	1046
3	10626	0.130875	1047
3	10636	0.131	1048
3	10646	0.131125	1049
3	10656	0.13125	1050
3	10666	0.131375	1051
3	10676	0.1315	1052
3	10686	0.131625	1053
3	10696	0.13175	1054
3	10706	0.131875	1055
3	10716	0.132	1056
3	10726	0.132125	1057
3	10736	0.13225	1058
3	10746	0.132375	1059
3	10756	0.1325	1060
3	10766	0.132625	1061
3	10776	0.13275	1062
3	10786	0.132875	1063
3	10796	0.133	1064
3	10806	0.133125	1065
3	10816	0.13325	1066
3	10826	0.133375	1067
3	10836	0.1335	1068
3	10846	0.133625	1069
3	10856	0.13375	1070
3	10866	0.133875	1071
3	10876	0.134	1072
3	10886	0.134125	1073
3	10900	0.13425	1074
3	10910	0.134375	1075
3	10920	0.1345	1076
3	10930	0.134625	1077
3	10940	0.13475	1078
3	10950	0.134875	1079
3	10960	0.135	1080
3	10970	0.135125	1081
3	10980	0.13525	1082
3	10990	0.135375	1083
3	11000	0.1355	1084
3	11010	0.135625	1085
3	11020	0.13575	1086
3	11030	0.135875	1087
3	11040	0.136	1088
3	11050	0.136125	1089
3	11060	0.13625	1090
3	11070	0.136375	1091
3	11080	0.1365	1092
3	11090	0.136625	1093
3	11100	0.13675	1094
3	11110	0.136875	1095
3	11120	0.137	1096
3	11130	0.137125	1097
3	11140	0.13725	1098
3	11150	0.137375	1099
3	11164	0.1375	1100
3	11174	0.137625	1101
3	11184	0.13775	1102
3	11194	0.137875	1103
3	11204	0.138	1104
3	11214	0.138125	1105
3	11224	0.13825	1106
3	11234	0.138375	1107
3	11244	0.1385	1108
3	11254	0.138625	1109
3	11264	0.13875	1110
3	11274	0.138875	1111
3	11284	0.139	1112
3	11294	0.139125	1113
3	11304	0.13925	1114
3	11314	0.139375	1115
3	11324	0.1395	1116
3	11334	0.139625	1117
3	11344	0.13975	1118
3	11354	0.139875	1119
3	11364	0.14	1120
3	11374	0.140125	1121
3	11384	0.14025	1122
3	11394	0.140375	1123
3	11404	0.1405	1124
3	11414	0.140625	1125
3	11428	0.14075	1126
3	11438	0.140875	1127
3	11448	0.141	1128
3	11458	0.141125	1129
3	11468	0.14125	1130
3	11478	0.141375	1131
3	11488	0.1415	1132
3	11498	0.141625	1133
3	11508	0.14175	1134
3	11518	0.141875	1135
3	11528	0.142	1136
3	11538	0.142125	1137
3	11548	0.14225	1138
3	11558	0.142375	1139
3	11568	0.1425	1140
3	11578	0.142625	1141
3	11588	0.14275	1142
3	11598	0.142875	1143
3	11608	0.143	1144
3	11618	0.143125	1145
3	11628	0.14325	1146
3	11638	0.143375	1147
3	11648	0.1435	1148
3	11658	0.143625	1149
3	11668	0.14375	1150
3	11678	0.143875	1151
3	11692	0.144	1152
3	11702	0.144125	1153
3	11712	0.14425	1154
3	11722	0.144375	1155
3	11732	0.1445	1156
3	11742	0.144625	1157
3	11752	0.14475	1158
3	11762	0.144875	1159
3	11772	0.145	1160
3	11782	0.145125	1161
3	11792	0.14525	1162
3	11802	0.145375	1163
3	11812	0.1455	1164
3	11822	0.145625	1165
3	11832	0.14575	1166
3	11842	0.145875	1167
3	11852	0.146	1168
3	11862	0.146125	1169
3	11872	0.14625	1170
3	11882	0.146375	1171
3	11892	0.1465	1172
3	11902	0.146625	1173
3	11912	0.14675	1174
3	11922	0.146875	1175
3	11932	0.147	1176
3	11942	0.147125	1177
3	11956	0.14725	1178
3	11966	0.147375	1179
3	11976	0.1475	1180
3	11986	0.147625	1181
3	11996	0.14775	1182
3	12006	0.147875	1183
3	12016	0.148	1184
3	12026	0.148125	1185
3	12036	0.14825	1186
3	12046	0.148375	1187
3	12056	0.1485	1188
3	12066	0.148625	1189
3	12076	0.14875	1190
3	12086	0.148875	1191
3	12096	0.149	1192
3	12106	0.149125	1193
3	12116	0.14925	1194
3	12126	0.149375	1195
3	12136	0.1495	1196
3	12146	0.149625	1197
3	12156	0.14975	1198
3	12166	0.149875	1199
3	12176	0.15	1200
3	12186	0.150125	1201
3	12196	0.15025	1202
3	12206	0.150375	1203
3	12216	0.1505	1204
3	12230	0.150625	1205
3	12240	0.15075	1206
3	12250	0.150875	1207
3	12260	0.151	1208
3	12270	0.151125	1209
3	12280	0.15125	1210
3	12290	0.151375	1211
3	12300	0.1515	1212
3	12310	0.151625	1213
3	12320	0.15175	1214
3	12330	0.151875	1215
3	12340	0.152	1216
3	12350	0.152125	1217
3	12360	0.15225	1218
3	12370	0.152375	1219
3	12380	0.1525	1220
3	12390	0.152625	1221
3	12400	0.15275	1222
3	12410	0.152875	1223
3	12420	0.153	1224
3	12430	0.153125	1225
3	12440	0.15325	1226
3	12450	0.153375	1227
3	12460	0.1535	1228
3	12470	0.153625	1229
3	12480	0.15375	1230
3	12494	0.153875	1231
3	12504	0.154	1232
3	12514	0.154125	1233
3	12524	0.15425	1234
3	12534	0.154375	1235
3	12544	0.1545	1236
3	12554	0.154625	1237
3	12564	0.15475	1238
3	12574	0.154875	1239
3	12584	0.155	1240
3	12594	0.155125	1241
3	12604	0.15525	1242
3	12614	0.155375	1243
3	12624	0.1555	1244
3	12634	0.155625	1245
3	12644	0.15575	1246
3	12654	0.155875	1247
3	12664	0.156	1248
3	12674	0.156125	1249
3	12684	0.15625	1250
3	12694	0.156375	1251
3	12704	0.1565	1252
3	12714	0.156625	1253
3	12724	0.15675	1254
3	12734	0.156875	1255
3	12744	0.157	1256
3	12758	0.157125	1257
3	12768	0.15725	1258
3	12778	0.157375	1259
3	12788	0.1575	1260
3	12798	0.157625	1261
3	12808	0.15775	1262
3	12818	0.157875	1263
3	12828	0.158	1264
3	12838	0.158125	1265
3	12848	0.15825	1266
3	12858	0.158375	1267
3	12868	0.1585	1268
3	12878	0.158625	1269
3	12888	0.15875	1270
3	12898	0.158875	1271
3	12908	0.159	1272
3	12918	0.159125	1273
3	12928	0.15925	1274
3	12938	0.159375	1275
3	12948	0.1595	1276
3	12958	0.159625	1277
3	12968	0.15975	1278
3	12978	0.159875	1279
3	12988	0.16	1280
3	12998	0.160125	1281
3	13008	0.16025	1282
3	13022	0.160375	1283
3	13032	0.1605	1284
3	13042	0.160625	1285
3	13052	0.16075	1286
3	13062	0.160875	1287
3	13072	0.161	1288
3	13082	0.161125	1289
3	13092	0.16125	1290
3	13102	0.161375	1291
3	13112	0.1615	1292
3	13122	0.161625	1293
3	13132	0.16175	1294
3	13142	0.161875	1295
3	13152	0.162	1296
3	13162	0.162125	1297
3	13172	0.16225	1298
3	13182	0.162375	1299
3	13192	0.1625	1300
3	13202	0.162625	1301
3	13212	0.16275	1302
3	13222	0.162875	1303
3	13232	0.163	1304
3	13242	0.163125	1305
3	13252	0.16325	1306
3	13262	0.163375	1307
3	13272	0.1635	1308
3	13286	0.163625	1309
3	13296	0.16375	1310
3	13306	0.163875	1311
3	13316	0.164	1312
3	13326	0.164125	1313
3	13336	0.16425	1314
3	13346	0.164375	1315
3	13356	0.1645	1316
3	13366	0.164625	1317
3	13376	0.16475	1318
3	13386	0.164875	1319
3	13396	0.165	1320
3	13406	0.165125	1321
3	13416	0.16525	1322
3	13426	0.165375	1323
3	13436	0.1655	1324
3	13446	0.165625	1325
3	13456	0.16575	1326
3	13466	0.165875	1327
3	13476	0.166	1328
3	13486	0.166125	1329
3	13496	0.16625	1330
3	13506	0.166375	1331
3	13516	0.1665	1332
3	13526	0.166625	1333
3	13536	0.16675	1334
3	13550	0.166875	1335
3	13560	0.167	1336
3	13570	0.167125	1337
3	13580	0.16725	1338
3	13590	0.167375	1339
3	13600	0.1675	1340
3	13610	0.167625	1341
3	13620	0.16775	1342
3	13630	0.167875	1343
3	13640	0.168	1344
3	13650	0.168125	1345
3	13660	0.16825	1346
3	13670	0.168375	1347
3	13680	0.1685	1348
3	13690	0.168625	1349
3	13700	0.16875	1350
3	13710	0.168875	1351
3	13720	0.169	1352
3	13730	0.169125	1353
3	13740	0.16925	1354
3	13750	0.169375	1355
3	13760	0.1695	1356
3	13770	0.169625	1357
3	13780	0.16975	1358
3	13790	0.169875	1359
3	13800	0.17	1360
3	13810	0.170125	1361
3	13824	0.17025	1362
3	13834	0.170375	1363
3	13844	0.1705	1364
3	13854	0.170625	1365
3	13864	0.17075	1366
3	13874	0.170875	1367
3	13884	0.171	1368
3	13894	0.171125	1369
3	13904	0.17125	1370
3	13914	0.171375	1371
3	13924	0.1715	1372
3	13934	0.171625	1373
3	13944	0.17175	1374
3	13954	0.171875	1375
3	13964	0.172	1376
3	13974	0.172125	1377
3	13984	0.17225	1378
3	13994	0.172375	1379
3	14004	0.1725	1380
3	14014	0.172625	1381
3	14024	0.17275	1382
3	14034	0.172875	1383
3	14044	0.173	1384
3	14054	0.173125	1385
3	14064	0.17325	1386
3	14074	0.173375	1387
3	14088	0.1735	1388
3	14098	0.173625	1389
3	14108	0.17375	1390
3	14118	0.173875	1391
3	14128	0.174	1392
3	14138	0.174125	1393
3	14148	0.17425	1394
3	14158	0.174375	1395
3	14168	0.1745	1396
3	14178	0.174625	1397
3	14188	0.17475	1398
3	14198	0.174875	1399
3	14208	0.175	1400
3	14218	0.175125	1401
3	14228	0.17525	1402
3	14238	0.175375	1403
3	14248	0.1755	1404
3	14258	0.175625	1405
3	14268	0.17575	1406
3	14278	0.175875	1407
3	14288	0.176	1408
3	14298	0.176125	1409
3	14308	0.17625	1410
3	14318	0.176375	1411
3	14328	0.1765	1412
3	14338	0.176625	1413
3	14352	0.17675	1414
3	14362	0.176875	1415
3	14372	0.177	1416
3	14382	0.177125	1417
3	14392	0.17725	1418
3	14402	0.177375	1419
3	14412	0.1775	1420
3	14422	0.177625	1421
3	14432	0.17775	1422
3	14442	0.177875	1423
3	14452	0.178	1424
3	14462	0.178125	1425
3	14472	0.17825	1426
3	14482	0.178375	1427
3	14492	0.1785	1428
3	14502	0.178625	1429
3	14512	0.17875	1430
3	14522	0.178875	1431
3	14532	0.179	1432
3	14542	0.179125	1433
3	14552	0.17925	1434
3	14562	0.179375	1435
3	14572	0.1795	1436
3	14582	0.179625	1437
3	14592	0.17975	1438
3	14602	0.179875	1439
3	14616	0.18	1440
3	14626	0.180125	1441
3	14636	0.18025	1442
3	14646	0.180375	1443
3	14656	0.1805	1444
3	14666	0.180625	1445
3	14676	0.18075	1446
3	14686	0.180875	1447
3	14696	0.181	1448
3	14706	0.181125	1449
3	14716	0.18125	1450
3	14726	0.181375	1451
3	14736	0.1815	1452
3	14746	0.181625	1453
3	14756	0.18175	1454
3	14766	0.181875	1455
3	14776	0.182	1456
3	14786	0.182125	1457
3	14796	0.18225	1458
3	14806	0.182375	1459
3	14816	0.1825	1460
3	14826	0.182625	1461
3	14836	0.18275	1462
3	14846	0.182875	1463
3	14856	0.183	1464
3	14866	0.183125	1465
3	14880	0.18325	1466
3	14890	0.183375	1467
3	14900	0.1835	1468
3	14910	0.183625	1469
3	14920	0.18375	1470
3	14930	0.183875	1471
3	14940	0.184	1472
3	14950	0.184125	1473
3	14960	0.18425	1474
3	14970	0.184375	1475
3	14980	0.1845	1476
3	14990	0.184625	1477
3	15000	0.18475	1478
3	15010	0.184875	1479
3	15020	0.185	1480
3	15030	0.185125	1481
3	15040	0.18525	1482
3	15050	0.185375	1483
3	15060	0.1855	1484
3	15070	0.185625	1485
3	15080	0.18575	1486
3	15090	0.185875	1487
3	15100	0.186	1488
3	15110	0.186125	1489
3	15120	0.18625	1490
3	15130	0.186375	1491
3	15144	0.1865	1492
3	15154	0.186625	1493
3	15164	0.18675	1494
3	15174	0.186875	1495
3	15184	0.187	1496
3	15194	0.187125	1497
3	15204	0.18725	1498
3	15214	0.187375	1499
3	15224	0.1875	1500
3	15234	0.187625	1501
3	15244	0.18775	1502
3	15254	0.187875	1503
3	15264	0.188	1504
3	15274	0.188125	1505
3	15284	0.18825	1506
3	15294	0.188375	1507
3	15304	0.1885	1508
3	15314	0.188625	1509
3	15324	0.18875	1510
3	15334	0.188875	1511
3	15344	0.189	1512
3	15354	0.189125	1513
3	15364	0.18925	1514
3	15374	0.189375	1515
3	15384	0.1895	1516
3	15394	0.189625	1517
3	15404	0.18975	1518
3	15418	0.189875	1519
3	15428	0.19	1520
3	15438	0.190125	1521
3	15448	0.19025	1522
3	15458	0.190375	1523
3	15468	0.1905	1524
3	15478	0.190625	1525
3	15488	0.19075	1526
3	15498	0.190875	1527
3	15508	0.191	1528
3	15518	0.191125	1529
3	15528	0.19125	1530
3	15538	0.191375	1531
3	15548	0.1915	1532
3	15558	0.191625	1533
3	15568	0.19175	1534
3	15578	0.191875	1535
3	15588	0.192	1536
3	15598	0.192125	1537
3	15608	0.19225	1538
3	15618	0.192375	1539
3	15628	0.1925	1540
3	15638	0.192625	1541
3	15648	0.19275	1542
3	15658	0.192875	1543
3	15668	0.193	1544
3	15682	0.193125	1545
3	15692	0.19325	1546
3	15702	0.193375	1547
3	15712	0.1935	1548
3	15722	0.193625	1549
3	15732	0.19375	1550
3	15742	0.193875	1551
3	15752	0.194	1552
3	15762	0.194125	1553
3	15772	0.19425	1554
3	15782	0.194375	1555
3	15792	0.1945	1556
3	15802	0.194625	1557
3	15812	0.19475	1558
3	15822	0.194875	1559
3	15832	0.195	1560
3	15842	0.195125	1561
3	15852	0.19525	1562
3	15862	0.195375	1563
3	15872	0.1955	1564
3	15882	0.195625	1565
3	15892	0.19575	1566
3	15902	0.195875	1567
3	15912	0.196	1568
3	15922	0.196125	1569
3	15932	0.19625	1570
3	15946	0.196375	1571
3	15956	0.1965	1572
3	15966	0.196625	1573
3	15976	0.19675	1574
3	15986	0.196875	1575
3	15996	0.197	1576
3	16006	0.197125	1577
3	16016	0.19725	1578
3	16026	0.197375	1579
3	16036	0.1975	1580
3	16046	0.197625	1581
3	16056	0.19775	1582
3	16066	0.197875	1583
3	16076	0.198	1584
3	16086	0.198125	1585
3	16096	0.19825	1586
3	16106	0.198375	1587
3	16116	0.1985	1588
3	16126	0.198625	1589
3	16136	0.19875	1590
3	16146	0.198875	1591
3	16156	0.199	1592
3	16166	0.199125	1593
3	16176	0.19925	1594
3	16186	0.199375	1595
3	16196	0.1995	1596
3	16210	0.199625	1597
3	16220	0.19975	1598
3	16230	0.199875	1599
3	16240	0.2	1600
3	16250	0.200125	1601
3	16260	0.20025	1602
3	16270	0.200375	1603
3	16280	0.2005	1604
3	16290	0.200625	1605
3	16300	0.20075	1606
3	16310	0.200875	1607
3	16320	0.201	1608
3	16330	0.201125	1609
3	16340	0.20125	1610
3	16350	0.201375	1611
3	16360	0.2015	1612
3	16370	0.201625	1613
3	16380	0.20175	1614
3	16390	0.201875	1615
3	16400	0.202	1616
3	16410	0.202125	1617
3	16420	0.20225	1618
3	16430	0.202375	1619
3	16440	0.2025	1620
3	16450	0.202625	1621
3	16460	0.20275	1622
3	16474	0.202875	1623
3	16484	0.203	1624
3	16494	0.203125	1625
3	16504	0.20325	1626
3	16514	0.203375	1627
3	16524	0.2035	1628
3	16534	0.203625	1629
3	16544	0.20375	1630
3	16554	0.203875	1631
3	16564	0.204	1632
3	16574	0.204125	1633
3	16584	0.20425	1634
3	16594	0.204375	1635
3	16604	0.2045	1636
3	16614	0.204625	1637
3	16624	0.20475	1638
3	16634	0.204875	1639
3	16644	0.205	1640
3	16654	0.205125	1641
3	16664	0.20525	1642
3	16674	0.205375	1643
3	16684	0.2055	1644
3	16694	0.205625	1645
3	16704	0.20575	1646
3	16714	0.205875	1647
3	16724	0.206	1648
3	16738	0.206125	1649
3	16748	0.20625	1650
3	16758	0.206375	1651
3	16768	0.2065	1652
3	16778	0.206625	1653
3	16788	0.20675	1654
3	16798	0.206875	1655
3	16808	0.207	1656
3	16818	0.207125	1657
3	16828	0.20725	1658
3	16838	0.207375	1659
3	16848	0.2075	1660
3	16858	0.207625	1661
3	16868	0.20775	1662
3	16878	0.207875	1663
3	16888	0.208	1664
3	16898	0.208125	1665
3	16908	0.20825	1666
3	16918	0.208375	1667
3	16928	0.2085	1668
3	16938	0.208625	1669
3	16948	0.20875	1670
3	16958	0.208875	1671
3	16968	0.209	1672
3	16978	0.209125	1673
3	16988	0.20925	1674
3	16998	0.209375	1675
3	17012	0.2095	1676
3	17022	0.209625	1677
3	17032	0.20975	1678
3	17042	0.209875	1679
3	17052	0.21	1680
3	17062	0.210125	1681
3	17072	0.21025	1682
3	17082	0.210375	1683
3	17092	0.2105	1684
3	17102	0.210625	1685
3	17112	0.21075	1686
3	17122	0.210875	1687
3	17132	0.211	1688
3	17142	0.211125	1689
3	17152	0.21125	1690
3	17162	0.211375	1691
3	17172	0.2115	1692
3	17182	0.211625	1693
3	17192	0.21175	1694
3	17202	0.211875	1695
3	17212	0.212	1696
3	17222	0.212125	1697
3	17232	0.21225	1698
3	17242	0.212375	1699
3	17252	0.2125	1700
3	17262	0.212625	1701
3	17276	0.21275	1702
3	17286	0.212875	1703
3	17296	0.213	1704
3	17306	0.213125	1705
3	17316	0.21325	1706
3	17326	0.213375	1707
3	17336	0.2135	1708
3	17346	0.213625	1709
3	17356	0.21375	1710
3	17366	0.213875	1711
3	17376	0.214	1712
3	17386	0.214125	1713
3	17396	0.21425	1714
3	17406	0.214375	1715
3	17416	0.2145	1716
3	17426	0.214625	1717
3	17436	0.21475	1718
3	17446	0.214875	1719
3	17456	0.215	1720
3	17466	0.215125	1721
3	17476	0.21525	1722
3	17486	0.215375	1723
3	17496	0.2155	1724
3	17506	0.215625	1725
3	17516	0.21575	1726
3	17526	0.215875	1727
3	17540	0.216	1728
3	17550	0.216125	1729
3	17560	0.21625	1730
3	17570	0.216375	1731
3	17580	0.2165	1732
3	17590	0.216625	1733
3	17600	0.21675	1734
3	17610	0.216875	1735
3	17620	0.217	1736
3	17630	0.217125	1737
3	17640	0.21725	1738
3	17650	0.217375	1739
3	17660	0.2175	1740
3	17670	0.217625	1741
3	17680	0.21775	1742
3	17690	0.217875	1743
3	17700	0.218	1744
3	17710	0.218125	1745
3	17720	0.21825	1746
3	17730	0.218375	1747
3	17740	0.2185	1748
3	17750	0.218625	1749
3	17760	0.21875	1750
3	17770	0.218875	1751
3	17780	0.219	1752
3	17790	0.219125	1753
3	17804	0.21925	1754
3	17814	0.219375	1755
3	17824	0.2195	1756
3	17834	0.219625	1757
3	17844	0.21975	1758
3	17854	0.219875	1759
3	17864	0.22	1760
3	17874	0.220125	1761
3	17884	0.22025	1762
3	17894	0.220375	1763
3	17904	0.2205	1764
3	17914	0.220625	1765
3	17924	0.22075	1766
3	17934	0.220875	1767
3	17944	0.221	1768
3	17954	0.221125	1769
3	17964	0.22125	1770
3	17974	0.221375	1771
3	17984	0.2215	1772
3	17994	0.221625	1773
3	18004	0.22175	1774
3	18014	0.221875	1775
3	18024	0.222	1776
3	18034	0.222125	1777
3	18044	0.22225	1778
3	18054	0.222375	1779
3	18068	0.2225	1780
3	18078	0.222625	1781
3	18088	0.22275	1782
3	18098	0.222875	1783
3	18108	0.223	1784
3	18118	0.223125	1785
3	18128	0.22325	1786
3	18138	0.223375	1787
3	18148	0.2235	1788
3	18158	0.223625	1789
3	18168	0.22375	1790
3	18178	0.223875	1791
3	18188	0.224	1792
3	18198	0.224125	1793
3	18208	0.22425	1794
3	18218	0.224375	1795
3	18228	0.2245	1796
3	18238	0.224625	1797
3	18248	0.22475	1798
3	18258	0.224875	1799
3	18268	0.225	1800
3	18278	0.225125	1801
3	18288	0.22525	1802
3	18298	0.225375	1803
3	18308	0.2255	1804
3	18318	0.225625	1805
3	18328	0.22575	1806
3	18342	0.225875	1807
3	18352	0.226	1808
3	18362	0.226125	1809
3	18372	0.22625	1810
3	18382	0.226375	1811
3	18392	0.2265	1812
3	18402	0.226625	1813
3	18412	0.22675	1814
3	18422	0.226875	1815
3	18432	0.227	1816
3	18442	0.227125	1817
3	18452	0.22725	1818
3	18462	0.227375	1819
3	18472	0.2275	1820
3	18482	0.227625	1821
3	18492	0.22775	1822
3	18502	0.227875	1823
3	18512	0.228	1824
3	18522	0.228125	1825
3	18532	0.22825	1826
3	18542	0.228375	1827
3	18552	0.2285	1828
3	18562	0.228625	1829
3	18572	0.22875	1830
3	18582	0.228875	1831
3	18592	0.229	1832
3	18606	0.229125	1833
3	18616	0.22925	1834
3	18626	0.229375	1835
3	18636	0.2295	1836
3	18646	0.229625	1837
3	18656	0.22975	1838
3	18666	0.229875	1839
3	18676	0.23	1840
3	18686	0.230125	1841
3	18696	0.23025	1842
3	18706	0.230375	1843
3	18716	0.2305	1844
3	18726	0.230625	1845
3	18736	0.23075	1846
3	18746	0.230875	1847
3	18756	0.231	1848
3	18766	0.231125	1849
3	18776	0.23125	1850
3	18786	0.231375	1851
3	18796	0.2315	1852
3	18806	0.231625	1853
3	18816	0.23175	1854
3	18826	0.231875	1855
3	18836	0.232	1856
3	18846	0.232125	1857
3	18856	0.23225	1858
3	18870	0.232375	1859
3	18880	0.2325	1860
3	18890	0.232625	1861
3	18900	0.23275	1862
3	18910	0.232875	1863
3	18920	0.233	1864
3	18930	0.233125	1865
3	18940	0.23325	1866
3	18950	0.233375	1867
3	18960	0.2335	1868
3	18970	0.233625	1869
3	18980	0.23375	1870
3	18990	0.233875	1871
3	19000	0.234	1872
3	19010	0.234125	1873
3	19020	0.23425	1874
3	19030	0.234375	1875
3	19040	0.2345	1876
3	19050	0.234625	1877
3	19060	0.23475	1878
3	19070	0.234875	1879
3	19080	0.235	1880
3	19090	0.235125	1881
3	19100	0.23525	1882
3	19110	0.235375	1883
3	19120	0.2355	1884
3	19134	0.235625	1885
3	19144	0.23575	1886
3	19154	0.235875	1887
3	19164	0.236	1888
3	19174	0.236125	1889
3	19184	0.23625	1890
3	19194	0.236375	1891
3	19204	0.2365	1892
3	19214	0.236625	1893
3	19224	0.23675	1894
3	19234	0.236875	1895
3	19244	0.237	1896
3	19254	0.237125	1897
3	19264	0.23725	1898
3	19274	0.237375	1899
3	19284	0.2375	1900
3	19294	0.237625	1901
3	19304	0.23775	1902
3	19314	0.237875	1903
3	19324	0.238	1904
3	19334	0.238125	1905
3	19344	0.23825	1906
3	19354	0.238375	1907
3	19364	0.2385	1908
3	19374	0.238625	1909
3	19384	0.23875	1910
3	19398	0.238875	1911
3	19408	0.239	1912
3	19418	0.239125	1913
3	19428	0.23925	1914
3	19438	0.239375	1915
3	19448	0.2395	1916
3	19458	0.239625	1917
3	19468	0.23975	1918
3	19478	0.239875	1919
3	19488	0.24	1920
3	19498	0.240125	1921
3	19508	0.24025	1922
3	19518	0.240375	1923
3	19528	0.2405	1924
3	19538	0.240625	1925
3	19548	0.24075	1926
3	19558	0.240875	1927
3	19568	0.241	1928
3	19578	0.241125	1929
3	19588	0.24125	1930
3	19598	0.241375	1931
3	19608	0.2415	1932
3	19618	0.241625	1933
3	19628	0.24175	1934
3	19638	0.241875	1935
3	19648	0.242	1936
3	19662	0.242125	1937
3	19672	0.24225	1938
3	19682	0.242375	1939
3	19692	0.2425	1940
3	19702	0.242625	1941
3	19712	0.24275	1942
3	19722	0.242875	1943
3	19732	0.243	1944
3	19742	0.243125	1945
3	19752	0.24325	1946
3	19762	0.243375	1947
3	19772	0.2435	1948
3	19782	0.243625	1949
3	19792	0.24375	1950
3	19802	0.243875	1951
3	19812	0.244	1952
3	19822	0.244125	1953
3	19832	0.24425	1954
3	19842	0.244375	1955
3	19852	0.2445	1956
3	19862	0.244625	1957
3	19872	0.24475	1958
3	19882	0.244875	1959
3	19892	0.245	1960
3	19902	0.245125	1961
3	19912	0.24525	1962
3	19922	0.245375	1963
3	19936	0.2455	1964
3	19946	0.245625	1965
3	19956	0.24575	1966
3	19966	0.245875	1967
3	19976	0.246	1968
3	19986	0.246125	1969
3	19996	0.24625	1970
3	20006	0.246375	1971
3	20016	0.2465	1972
3	20026	0.246625	1973
3	20036	0.24675	1974
3	20046	0.246875	1975
3	20056	0.247	1976
3	20066	0.247125	1977
3	20076	0.24725	1978
3	20086	0.247375	1979
3	20096	0.2475	1980
3	20106	0.247625	1981
3	20116	0.24775	1982
3	20126	0.247875	1983
3	20136	0.248	1984
3	20146	0.248125	1985
3	20156	0.24825	1986
3	20166	0.248375	1987
3	20176	0.2485	1988
3	20186	0.248625	1989
3	20200	0.24875	1990
3	20210	0.248875	1991
3	20220	0.249	1992
3	20230	0.249125	1993
3	20240	0.24925	1994
3	20250	0.249375	1995
3	20260	0.2495	1996
3	20270	0.249625	1997
3	20280	0.24975	1998
3	20290	0.249875	1999
3	20300	0.25	2000
3	20310	0.250125	2001
3	20320	0.25025	2002
3	20330	0.250375	2003
3	20340	0.2505	2004
3	20350	0.250625	2005
3	20360	0.25075	2006
3	20370	0.250875	2007
3	20380	0.251	2008
3	20390	0.251125	2009
3	20400	0.25125	2010
3	20410	0.251375	2011
3	20420	0.2515	2012
3	20430	0.251625	2013
3	20440	0.25175	2014
3	20450	0.251875	2015
3	20464	0.252	2016
3	20474	0.252125	2017
3	20484	0.25225	2018
3	20494	0.252375	2019
3	20504	0.2525	2020
3	20514	0.252625	2021
3	20524	0.25275	2022
3	20534	0.252875	2023
3	20544	0.253	2024
3	20554	0.253125	2025
3	20564	0.25325	2026
3	20574	0.253375	2027
3	20584	0.2535	2028
3	20594	0.253625	2029
3	20604	0.25375	2030
3	20614	0.253875	2031
3	20624	0.254	2032
3	20634	0.254125	2033
3	20644	0.25425	2034
3	20654	0.254375	2035
3	20664	0.2545	2036
3	20674	0.254625	2037
3	20684	0.25475	2038
3	20694	0.254875	2039
3	20704	0.255	2040
3	20714	0.255125	2041
3	20728	0.25525	2042
3	20738	0.255375	2043
3	20748	0.2555	2044
3	20758	0.255625	2045
3	20768	0.25575	2046
3	20778	0.255875	2047
3	20788	0.256	2048
3	20798	0.256125	2049
3	20808	0.25625	2050
3	20818	0.256375	2051
3	20828	0.2565	2052
3	20838	0.256625	2053
3	20848	0.25675	2054
3	20858	0.256875	2055
3	20868	0.257	2056
3	20878	0.257125	2057
3	20888	0.25725	2058
3	20898	0.257375	2059
3	20908	0.2575	2060
3	20918	0.257625	2061
3	20928	0.25775	2062
3	20938	0.257875	2063
3	20948	0.258	2064
3	20958	0.258125	2065
3	20968	0.25825	2066
3	20978	0.258375	2067
3	20992	0.2585	2068
3	21002	0.258625	2069
3	21012	0.25875	2070
3	21022	0.258875	2071
3	21032	0.259	2072
3	21042	0.259125	2073
3	21052	0.25925	2074
3	21062	0.259375	2075
3	21072	0.2595	2076
3	21082	0.259625	2077
3	21092	0.25975	2078
3	21102	0.259875	2079
3	21112	0.26	2080
3	21122	0.260125	2081
3	21132	0.26025	2082
3	21142	0.260375	2083
3	21152	0.2605	2084
3	21162	0.260625	2085
3	21172	0.26075	2086
3	21182	0.260875	2087
3	21192	0.261	2088
3	21202	0.261125	2089
3	21212	0.26125	2090
3	21222	0.261375	2091
3	21232	0.2615	2092
3	21242	0.261625	2093
3	21256	0.26175	2094
3	21266	0.261875	2095
3	21276	0.262	2096
3	21286	0.262125	2097
3	21296	0.26225	2098
3	21306	0.262375	2099
3	21316	0.2625	2100
3	21326	0.262625	2101
3	21336	0.26275	2102
3	21346	0.262875	2103
3	21356	0.263	2104
3	21366	0.263125	2105
3	21376	0.26325	2106
3	21386	0.263375	2107
3	21396	0.2635	2108
3	21406	0.263625	2109
3	21416	0.26375	2110
3	21426	0.263875	2111
3	21436	0.264	2112
3	21446	0.264125	2113
3	21456	0.26425	2114
3	21466	0.264375	2115
3	21476	0.2645	2116
3	21486	0.264625	2117
3	21496	0.26475	2118
3	21506	0.264875	2119
3	21516	0.265	2120
3	21530	0.265125	2121
3	21540	0.26525	2122
3	21550	0.265375	2123
3	21560	0.2655	2124
3	21570	0.265625	2125
3	21580	0.26575	2126
3	21590	0.265875	2127
3	21600	0.266	2128
3	21610	0.266125	2129
3	21620	0.26625	2130
3	21630	0.266375	2131
3	21640	0.2665	2132
3	21650	0.266625	2133
3	21660	0.26675	2134
3	21670	0.266875	2135
3	21680	0.267	2136
3	21690	0.267125	2137
3	21700	0.26725	2138
3	21710	0.267375	2139
3	21720	0.2675	2140
3	21730	0.267625	2141
3	21740	0.26775	2142
3	21750	0.267875	2143
3	21760	0.268	2144
3	21770	0.268125	2145
3	21780	0.26825	2146
3	21794	0.268375	2147
3	21804	0.2685	2148
3	21814	0.268625	2149
3	21824	0.26875	2150
3	21834	0.268875	2151
3	21844	0.269	2152
3	21854	0.269125	2153
3	21864	0.26925	2154
3	21874	0.269375	2155
3	21884	0.2695	2156
3	21894	0.269625	2157
3	21904	0.26975	2158
3	21914	0.269875	2159
3	21924	0.27	2160
3	21934	0.270125	2161
3	21944	0.27025	2162
3	21954	0.270375	2163
3	21964	0.2705	2164
3	21974	0.270625	2165
3	21984	0.27075	2166
3	21994	0.270875	2167
3	22004	0.271	2168
3	22014	0.271125	2169
3	22024	0.27125	2170
3	22034	0.271375	2171
3	22044	0.2715	2172
3	22058	0.271625	2173
3	22068	0.27175	2174
3	22078	0.271875	2175
3	22088	0.272	2176
3	22098	0.272125	2177
3	22108	0.27225	2178
3	22118	0.272375	2179
3	22128	0.2725	2180
3	22138	0.272625	2181
3	22148	0.27275	2182
3	22158	0.272875	2183
3	22168	0.273	2184
3	22178	0.273125	2185
3	22188	0.27325	2186
3	22198	0.273375	2187
3	22208	0.2735	2188
3	22218	0.273625	2189
3	22228	0.27375	2190
3	22238	0.273875	2191
3	22248	0.274	2192
3	22258	0.274125	2193
3	22268	0.27425	2194
3	22278	0.274375	2195
3	22288	0.2745	2196
3	22298	0.274625	2197
3	22308	0.27475	2198
3	22322	0.274875	2199
3	22332	0.275	2200
3	22342	0.275125	2201
3	22352	0.27525	2202
3	22362	0.275375	2203
3	22372	0.2755	2204
3	22382	0.275625	2205
3	22392	0.27575	2206
3	22402	0.275875	2207
3	22412	0.276	2208
3	22422	0.276125	2209
3	22432	0.27625	2210
3	22442	0.276375	2211
3	22452	0.2765	2212
3	22462	0.276625	2213
3	22472	0.27675	2214
3	22482	0.276875	2215
3	22492	0.277	2216
3	22502	0.277125	2217
3	22512	0.27725	2218
3	22522	0.277375	2219
3	22532	0.2775	2220
3	22542	0.277625	2221
3	22552	0.27775	2222
3	22562	0.277875	2223
3	22572	0.278	2224
3	22586	0.278125	2225
3	22596	0.27825	2226
3	22606	0.278375	2227
3	22616	0.2785	2228
3	22626	0.278625	2229
3	22636	0.27875	2230
3	22646	0.278875	2231
3	22656	0.279	2232
3	22666	0.279125	2233
3	22676	0.27925	2234
3	22686	0.279375	2235
3	22696	0.2795	2236
3	22706	0.279625	2237
3	22716	0.27975	2238
3	22726	0.279875	2239
3	22736	0.28	2240
3	22746	0.280125	2241
3	22756	0.28025	2242
3	22766	0.280375	2243
3	22776	0.2805	2244
3	22786	0.280625	2245
3	22796	0.28075	2246
3	22806	0.280875	2247
3	22816	0.281	2248
3	22826	0.281125	2249
3	22836	0.28125	2250
3	22850	0.281375	2251
3	22860	0.2815	2252
3	22870	0.281625	2253
3	22880	0.28175	2254
3	22890	0.281875	2255
3	22900	0.282	2256
3	22910	0.282125	2257
3	22920	0.28225	2258
3	22930	0.282375	2259
3	22940	0.2825	2260
3	22950	0.282625	2261
3	22960	0.28275	2262
3	22970	0.282875	2263
3	22980	0.283	2264
3	22990	0.283125	2265
3	23000	0.28325	2266
3	23010	0.283375	2267
3	23020	0.2835	2268
3	23030	0.283625	2269
3	23040	0.28375	2270
3	23050	0.283875	2271
3	23060	0.284	2272
3	23070	0.284125	2273
3	23080	0.28425	2274
3	23090	0.284375	2275
3	23100	0.2845	2276
3	23110	0.284625	2277
3	23124	0.28475	2278
3	23134	0.284875	2279
3	23144	0.285	2280
3	23154	0.285125	2281
3	23164	0.28525	2282
3	23174	0.285375	2283
3	23184	0.2855	2284
3	23194	0.285625	2285
3	23204	0.28575	2286
3	23214	0.285875	2287
3	23224	0.286	2288
3	23234	0.286125	2289
3	23244	0.28625	2290
3	23254	0.286375	2291
3	23264	0.2865	2292
3	23274	0.286625	2293
3	23284	0.28675	2294
3	23294	0.286875	2295
3	23304	0.287	2296
3	23314	0.287125	2297
3	23324	0.28725	2298
3	23334	0.287375	2299
3	23344	0.2875	2300
3	23354	0.287625	2301
3	23364	0.28775	2302
3	23374	0.287875	2303
3	23388	0.288	2304
3	23398	0.288125	2305
3	23408	0.28825	2306
3	23418	0.288375	2307
3	23428	0.2885	2308
3	23438	0.288625	2309
3	23448	0.28875	2310
3	23458	0.288875	2311
3	23468	0.289	2312
3	23478	0.289125	2313
3	23488	0.28925	2314
3	23498	0.289375	2315
3	23508	0.2895	2316
3	23518	0.289625	2317
3	23528	0.28975	2318
3	23538	0.289875	2319
3	23548	0.29	2320
3	23558	0.290125	2321
3	23568	0.29025	2322
3	23578	0.290375	2323
3	23588	0.2905	2324
3	23598	0.290625	2325
3	23608	0.29075	2326
3	23618	0.290875	2327
3	23628	0.291	2328
3	23638	0.291125	2329
3	23652	0.29125	2330
3	23662	0.291375	2331
3	23672	0.2915	2332
3	23682	0.291625	2333
3	23692	0.29175	2334
3	23702	0.291875	2335
3	23712	0.292	2336
3	23722	0.292125	2337
3	23732	0.29225	2338
3	23742	0.292375	2339
3	23752	0.2925	2340
3	23762	0.292625	2341
3	23772	0.29275	2342
3	23782	0.292875	2343
3	23792	0.293	2344
3	23802	0.293125	2345
3	23812	0.29325	2346
3	23822	0.293375	2347
3	23832	0.2935	2348
3	23842	0.293625	2349
3	23852	0.29375	2350
3	23862	0.293875	2351
3	23872	0.294	2352
3	23882	0.294125	2353
3	23892	0.29425	2354
3	23902	0.294375	2355
3	23916	0.2945	2356
3	23926	0.294625	2357
3	23936	0.29475	2358
3	23946	0.294875	2359
3	23956	0.295	2360
3	23966	0.295125	2361
3	23976	0.29525	2362
3	23986	0.295375	2363
3	23996	0.2955	2364
3	24006	0.295625	2365
3	24016	0.29575	2366
3	24026	0.295875	2367
3	24036	0.296	2368
3	24046	0.296125	2369
3	24056	0.29625	2370
3	24066	0.296375	2371
3	24076	0.2965	2372
3	24086	0.296625	2373
3	24096	0.29675	2374
3	24106	0.296875	2375
3	24116	0.297	2376
3	24126	0.297125	2377
3	24136	0.29725	2378
3	24146	0.297375	2379
3	24156	0.2975	2380
3	24166	0.297625	2381
3	24180	0.29775	2382
3	24190	0.297875	2383
3	24200	0.298	2384
3	24210	0.298125	2385
3	24220	0.29825	2386
3	24230	0.298375	2387
3	24240	0.2985	2388
3	24250	0.298625	2389
3	24260	0.29875	2390
3	24270	0.298875	2391
3	24280	0.299	2392
3	24290	0.299125	2393
3	24300	0.29925	2394
3	24310	0.299375	2395
3	24320	0.2995	2396
3	24330	0.299625	2397
3	24340	0.29975	2398
3	24350	0.299875	2399
3	24360	0.3	2400
3	24370	0.300125	2401
3	24380	0.30025	2402
3	24390	0.300375	2403
3	24400	0.3005	2404
3	24410	0.300625	2405
3	24420	0.30075	2406
3	24430	0.300875	2407
3	24440	0.301	2408
3	24454	0.301125	2409
3	24464	0.30125	2410
3	24474	0.301375	2411
3	24484	0.3015	2412
3	24494	0.301625	2413
3	24504	0.30175	2414
3	24514	0.301875	2415
3	24524	0.302	2416
3	24534	0.302125	2417
3	24544	0.30225	2418
3	24554	0.302375	2419
3	24564	0.3025	2420
3	24574	0.302625	2421
3	24584	0.30275	2422
3	24594	0.302875	2423
3	24604	0.303	2424
3	24614	0.303125	2425
3	24624	0.30325	2426
3	24634	0.303375	2427
3	24644	0.3035	2428
3	24654	0.303625	2429
3	24664	0.30375	2430
3	24674	0.303875	2431
3	24684	0.304	2432
3	24694	0.304125	2433
3	24704	0.30425	2434
3	24718	0.304375	2435
3	24728	0.3045	2436
3	24738	0.304625	2437
3	24748	0.30475	2438
3	24758	0.304875	2439
3	24768	0.305	2440
3	24778	0.305125	2441
3	24788	0.30525	2442
3	24798	0.305375	2443
3	24808	0.3055	2444
3	24818	0.305625	2445
3	24828	0.30575	2446
3	24838	0.305875	2447
3	24848	0.306	2448
3	24858	0.306125	2449
3	24868	0.30625	2450
3	24878	0.306375	2451
3	24888	0.3065	2452
3	24898	0.306625	2453
3	24908	0.30675	2454
3	24918	0.306875	2455
3	24928	0.307	2456
3	24938	0.307125	2457
3	24948	0.30725	2458
3	24958	0.307375	2459
3	24968	0.3075	2460
3	24982	0.307625	2461
3	24992	0.30775	2462
3	25002	0.307875	2463
3	25012	0.308	2464
3	25022	0.308125	2465
3	25032	0.30825	2466
3	25042	0.308375	2467
3	25052	0.3085	2468
3	25062	0.308625	2469
3	25072	0.30875	2470
3	25082	0.308875	2471
3	25092	0.309	2472
3	25102	0.309125	2473
3	25112	0.30925	2474
3	25122	0.309375	2475
3	25132	0.3095	2476
3	25142	0.309625	2477
3	25152	0.30975	2478
3	25162	0.309875	2479
3	25172	0.31	2480
3	25182	0.310125	2481
3	25192	0.31025	2482
3	25202	0.310375	2483
3	25212	0.3105	2484
3	25222	0.310625	2485
3	25232	0.31075	2486
3	25246	0.310875	2487
3	25256	0.311	2488
3	25266	0.311125	2489
3	25276	0.31125	2490
3	25286	0.311375	2491
3	25296	0.3115	2492
3	25306	0.311625	2493
3	25316	0.31175	2494
3	25326	0.311875	2495
3	25336	0.312	2496
3	25346	0.312125	2497
3	25356	0.31225	2498
3	25366	0.312375	2499
3	25376	0.3125	2500
3	25386	0.312625	2501
3	25396	0.31275	2502
3	25406	0.312875	2503
3	25416	0.313	2504
3	25426	0.313125	2505
3	25436	0.31325	2506
3	25446	0.313375	2507
3	25456	0.3135	2508
3	25466	0.313625	2509
3	25476	0.31375	2510
3	25486	0.313875	2511
3	25496	0.314	2512
3	25510	0.314125	2513
3	25520	0.31425	2514
3	25530	0.314375	2515
3	25540	0.3145	2516
3	25550	0.314625	2517
3	25560	0.31475	2518
3	25570	0.314875	2519
3	25580	0.315	2520
3	25590	0.315125	2521
3	25600	0.31525	2522
3	25610	0.315375	2523
3	25620	0.3155	2524
3	25630	0.315625	2525
3	25640	0.31575	2526
3	25650	0.315875	2527
3	25660	0.316	2528
3	25670	0.316125	2529
3	25680	0.31625	2530
3	25690	0.316375	2531
3	25700	0.3165	2532
3	25710	0.316625	2533
3	25720	0.31675	2534
3	25730	0.316875	2535
3	25740	0.317	2536
3	25750	0.317125	2537
3	25760	0.31725	2538
3	25774	0.317375	2539
3	25784	0.3175	2540
3	25794	0.317625	2541
3	25804	0.31775	2542
3	25814	0.317875	2543
3	25824	0.318	2544
3	25834	0.318125	2545
3	25844	0.31825	2546
3	25854	0.318375	2547
3	25864	0.3185	2548
3	25874	0.318625	2549
3	25884	0.31875	2550
3	25894	0.318875	2551
3	25904	0.319	2552
3	25914	0.319125	2553
3	25924	0.31925	2554
3	25934	0.319375	2555
3	25944	0.3195	2556
3	25954	0.319625	2557
3	25964	0.31975	2558
3	25974	0.319875	2559
3	25984	0.32	2560
3	25994	0.320125	2561
3	26004	0.32025	2562
3	26014	0.320375	2563
3	26024	0.3205	2564
3	26034	0.320625	2565
3	26048	0.32075	2566
3	26058	0.320875	2567
3	26068	0.321	2568
3	26078	0.321125	2569
3	26088	0.32125	2570
3	26098	0.321375	2571
3	26108	0.3215	2572
3	26118	0.321625	2573
3	26128	0.32175	2574
3	26138	0.321875	2575
3	26148	0.322	2576
3	26158	0.322125	2577
3	26168	0.32225	2578
3	26178	0.322375	2579
3	26188	0.3225	2580
3	26198	0.322625	2581
3	26208	0.32275	2582
3	26218	0.322875	2583
3	26228	0.323	2584
3	26238	0.323125	2585
3	26248	0.32325	2586
3	26258	0.323375	2587
3	26268	0.3235	2588
3	26278	0.323625	2589
3	26288	0.32375	2590
3	26298	0.323875	2591
3	26312	0.324	2592
3	26322	0.324125	2593
3	26332	0.32425	2594
3	26342	0.324375	2595
3	26352	0.3245	2596
3	26362	0.324625	2597
3	26372	0.32475	2598
3	26382	0.324875	2599
3	26392	0.325	2600
3	26402	0.325125	2601
3	26412	0.32525	2602
3	26422	0.325375	2603
3	26432	0.3255	2604
3	26442	0.325625	2605
3	26452	0.32575	2606
3	26462	0.325875	2607
3	26472	0.326	2608
3	26482	0.326125	2609
3	26492	0.32625	2610
3	26502	0.326375	2611
3	26512	0.3265	2612
3	26522	0.326625	2613
3	26532	0.32675	2614
3	26542	0.326875	2615
3	26552	0.327	2616
3	26562	0.327125	2617
3	26576	0.32725	2618
3	26586	0.327375	2619
3	26596	0.3275	2620
3	26606	0.327625	2621
3	26616	0.32775	2622
3	26626	0.327875	2623
3	26636	0.328	2624
3	26646	0.328125	2625
3	26656	0.32825	2626
3	26666	0.328375	2627
3	26676	0.3285	2628
3	26686	0.328625	2629
3	26696	0.32875	2630
3	26706	0.328875	2631
3	26716	0.329	2632
3	26726	0.329125	2633
3	26736	0.32925	2634
3	26746	0.329375	2635
3	26756	0.3295	2636
3	26766	0.329625	2637
3	26776	0.32975	2638
3	26786	0.329875	2639
3	26796	0.33	2640
3	26806	0.330125	2641
3	26816	0.33025	2642
3	26826	0.330375	2643
3	26840	0.3305	2644
3	26850	0.330625	2645
3	26860	0.33075	2646
3	26870	0.330875	2647
3	26880	0.331	2648
3	26890	0.331125	2649
3	26900	0.33125	2650
3	26910	0.331375	2651
3	26920	0.3315	2652
3	26930	0.331625	2653
3	26940	0.33175	2654
3	26950	0.331875	2655
3	26960	0.332	2656
3	26970	0.332125	2657
3	26980	0.33225	2658
3	26990	0.332375	2659
3	27000	0.3325	2660
3	27010	0.332625	2661
3	27020	0.33275	2662
3	27030	0.332875	2663
3	27040	0.333	2664
3	27050	0.333125	2665
3	27060	0.33325	2666
3	27070	0.333375	2667
3	27080	0.3335	2668
3	27090	0.333625	2669
3	27104	0.33375	2670
3	27114	0.333875	2671
3	27124	0.334	2672
3	27134	0.334125	2673
3	27144	0.33425	2674
3	27154	0.334375	2675
3	27164	0.3345	2676
3	27174	0.334625	2677
3	27184	0.33475	2678
3	27194	0.334875	2679
3	27204	0.335	2680
3	27214	0.335125	2681
3	27224	0.33525	2682
3	27234	0.335375	2683
3	27244	0.3355	2684
3	27254	0.335625	2685
3	27264	0.33575	2686
3	27274	0.335875	2687
3	27284	0.336	2688
3	27294	0.336125	2689
3	27304	0.33625	2690
3	27314	0.336375	2691
3	27324	0.3365	2692
3	27334	0.336625	2693
3	27344	0.33675	2694
3	27354	0.336875	2695
3	27368	0.337	2696
3	27378	0.337125	2697
3	27388	0.33725	2698
3	27398	0.337375	2699
3	27408	0.3375	2700
3	27418	0.337625	2701
3	27428	0.33775	2702
3	27438	0.337875	2703
3	27448	0.338	2704
3	27458	0.338125	2705
3	27468	0.33825	2706
3	27478	0.338375	2707
3	27488	0.3385	2708
3	27498	0.338625	2709
3	27508	0.33875	2710
3	27518	0.338875	2711
3	27528	0.339	2712
3	27538	0.339125	2713
3	27548	0.33925	2714
3	27558	0.339375	2715
3	27568	0.3395	2716
3	27578	0.339625	2717
3	27588	0.33975	2718
3	27598	0.339875	2719
3	27608	0.34	2720
3	27618	0.340125	2721
3	27628	0.34025	2722
3	27642	0.340375	2723
3	27652	0.3405	2724
3	27662	0.340625	2725
3	27672	0.34075	2726
3	27682	0.340875	2727
3	27692	0.341	2728
3	27702	0.341125	2729
3	27712	0.34125	2730
3	27722	0.341375	2731
3	27732	0.3415	2732
3	27742	0.341625	2733
3	27752	0.34175	2734
3	27762	0.341875	2735
3	27772	0.342	2736
3	27782	0.342125	2737
3	27792	0.34225	2738
3	27802	0.342375	2739
3	27812	0.3425	2740
3	27822	0.342625	2741
3	27832	0.34275	2742
3	27842	0.342875	2743
3	27852	0.343	2744
3	27862	0.343125	2745
3	27872	0.34325	2746
3	27882	0.343375	2747
3	27892	0.3435	2748
3	27906	0.343625	2749
3	27916	0.34375	2750
3	27926	0.343875	2751
3	27936	0.344	2752
3	27946	0.344125	2753
3	27956	0.34425	2754
3	27966	0.344375	2755
3	27976	0.3445	2756
3	27986	0.344625	2757
3	27996	0.34475	2758
3	28006	0.344875	2759
3	28016	0.345	2760
3	28026	0.345125	2761
3	28036	0.34525	2762
3	28046	0.345375	2763
3	28056	0.3455	2764
3	28066	0.345625	2765
3	28076	0.34575	2766
3	28086	0.345875	2767
3	28096	0.346	2768
3	28106	0.346125	2769
3	28116	0.34625	2770
3	28126	0.346375	2771
3	28136	0.3465	2772
3	28146	0.346625	2773
3	28156	0.34675	2774
3	28170	0.346875	2775
3	28180	0.347	2776
3	28190	0.347125	2777
3	28200	0.34725	2778
3	28210	0.347375	2779
3	28220	0.3475	2780
3	28230	0.347625	2781
3	28240	0.34775	2782
3	28250	0.347875	2783
3	28260	0.348	2784
3	28270	0.348125	2785
3	28280	0.34825	2786
3	28290	0.348375	2787
3	28300	0.3485	2788
3	28310	0.348625	2789
3	28320	0.34875	2790
3	28330	0.348875	2791
3	28340	0.349	2792
3	28350	0.349125	2793
3	28360	0.34925	2794
3	28370	0.349375	2795
3	28380	0.3495	2796
3	28390	0.349625	2797
3	28400	0.34975	2798
3	28410	0.349875	2799
3	28420	0.35	2800
3	28434	0.350125	2801
3	28444	0.35025	2802
3	28454	0.350375	2803
3	28464	0.3505	2804
3	28474	0.350625	2805
3	28484	0.35075	2806
3	28494	0.350875	2807
3	28504	0.351	2808
3	28514	0.351125	2809
3	28524	0.35125	2810
3	28534	0.351375	2811
3	28544	0.3515	2812
3	28554	0.351625	2813
3	28564	0.35175	2814
3	28574	0.351875	2815
3	28584	0.352	2816
3	28594	0.352125	2817
3	28604	0.35225	2818
3	28614	0.352375	2819
3	28624	0.3525	2820
3	28634	0.352625	2821
3	28644	0.35275	2822
3	28654	0.352875	2823
3	28664	0.353	2824
3	28674	0.353125	2825
3	28684	0.35325	2826
3	28698	0.353375	2827
3	28708	0.3535	2828
3	28718	0.353625	2829
3	28728	0.35375	2830
3	28738	0.353875	2831
3	28748	0.354	2832
3	28758	0.354125	2833
3	28768	0.35425	2834
3	28778	0.354375	2835
3	28788	0.3545	2836
3	28798	0.354625	2837
3	28808	0.35475	2838
3	28818	0.354875	2839
3	28828	0.355	2840
3	28838	0.355125	2841
3	28848	0.35525	2842
3	28858	0.355375	2843
3	28868	0.3555	2844
3	28878	0.355625	2845
3	28888	0.35575	2846
3	28898	0.355875	2847
3	28908	0.356	2848
3	28918	0.356125	2849
3	28928	0.35625	2850
3	28938	0.356375	2851
3	28948	0.3565	2852
3	28962	0.356625	2853
3	28972	0.35675	2854
3	28982	0.356875	2855
3	28992	0.357	2856
3	29002	0.357125	2857
3	29012	0.35725	2858
3	29022	0.357375	2859
3	29032	0.3575	2860
3	29042	0.357625	2861
3	29052	0.35775	2862
3	29062	0.357875	2863
3	29072	0.358	2864
3	29082	0.358125	2865
3	29092	0.35825	2866
3	29102	0.358375	2867
3	29112	0.3585	2868
3	29122	0.358625	2869
3	29132	0.35875	2870
3	29142	0.358875	2871
3	29152	0.359	2872
3	29162	0.359125	2873
3	29172	0.35925	2874
3	29182	0.359375	2875
3	29192	0.3595	2876
3	29202	0.359625	2877
3	29212	0.35975	2878
3	29222	0.359875	2879
3	29236	0.36	2880
3	29246	0.360125	2881
3	29256	0.36025	2882
3	29266	0.360375	2883
3	29276	0.3605	2884
3	29286	0.360625	2885
3	29296	0.36075	2886
3	29306	0.360875	2887
3	29316	0.361	2888
3	29326	0.361125	2889
3	29336	0.36125	2890
3	29346	0.361375	2891
3	29356	0.3615	2892
3	29366	0.361625	2893
3	29376	0.36175	2894
3	29386	0.361875	2895
3	29396	0.362	2896
3	29406	0.362125	2897
3	29416	0.36225	2898
3	29426	0.362375	2899
3	29436	0.3625	2900
3	29446	0.362625	2901
3	29456	0.36275	2902
3	29466	0.362875	2903
3	29476	0.363	2904
3	29486	0.363125	2905
3	29500	0.36325	2906
3	29510	0.363375	2907
3	29520	0.3635	2908
3	29530	0.363625	2909
3	29540	0.36375	2910
3	29550	0.363875	2911
3	29560	0.364	2912
3	29570	0.364125	2913
3	29580	0.36425	2914
3	29590	0.364375	2915
3	29600	0.3645	2916
3	29610	0.364625	2917
3	29620	0.36475	2918
3	29630	0.364875	2919
3	29640	0.365	2920
3	29650	0.365125	2921
3	29660	0.36525	2922
3	29670	0.365375	2923
3	29680	0.3655	2924
3	29690	0.365625	2925
3	29700	0.36575	2926
3	29710	0.365875	2927
3	29720	0.366	2928
3	29730	0.366125	2929
3	29740	0.36625	2930
3	29750	0.366375	2931
3	29764	0.3665	2932
3	29774	0.366625	2933
3	29784	0.36675	2934
3	29794	0.366875	2935
3	29804	0.367	2936
3	29814	0.367125	2937
3	29824	0.36725	2938
3	29834	0.367375	2939
3	29844	0.3675	2940
3	29854	0.367625	2941
3	29864	0.36775	2942
3	29874	0.367875	2943
3	29884	0.368	2944
3	29894	0.368125	2945
3	29904	0.36825	2946
3	29914	0.368375	2947
3	29924	0.3685	2948
3	29934	0.368625	2949
3	29944	0.36875	2950
3	29954	0.368875	2951
3	29964	0.369	2952
3	29974	0.369125	2953
3	29984	0.36925	2954
3	29994	0.369375	2955
3	30004	0.3695	2956
3	30014	0.369625	2957
3	30028	0.36975	2958
3	30038	0.369875	2959
3	30048	0.37	2960
3	30058	0.370125	2961
3	30068	0.37025	2962
3	30078	0.370375	2963
3	30088	0.3705	2964
3	30098	0.370625	2965
3	30108	0.37075	2966
3	30118	0.370875	2967
3	30128	0.371	2968
3	30138	0.371125	2969
3	30148	0.37125	2970
3	30158	0.371375	2971
3	30168	0.3715	2972
3	30178	0.371625	2973
3	30188	0.37175	2974
3	30198	0.371875	2975
3	30208	0.372	2976
3	30218	0.372125	2977
3	30228	0.37225	2978
3	30238	0.372375	2979
3	30248	0.3725	2980
3	30258	0.372625	2981
3	30268	0.37275	2982
3	30278	0.372875	2983
3	30292	0.373	2984
3	30302	0.373125	2985
3	30312	0.37325	2986
3	30322	0.373375	2987
3	30332	0.3735	2988
3	30342	0.373625	2989
3	30352	0.37375	2990
3	30362	0.373875	2991
3	30372	0.374	2992
3	30382	0.374125	2993
3	30392	0.37425	2994
3	30402	0.374375	2995
3	30412	0.3745	2996
3	30422	0.374625	2997
3	30432	0.37475	2998
3	30442	0.374875	2999
3	30452	0.375	3000
3	30462	0.375125	3001
3	30472	0.37525	3002
3	30482	0.375375	3003
3	30492	0.3755	3004
3	30502	0.375625	3005
3	30512	0.37575	3006
3	30522	0.375875	3007
3	30532	0.376	3008
3	30542	0.376125	3009
3	30552	0.37625	3010
3	30566	0.376375	3011
3	30576	0.3765	3012
3	30586	0.376625	3013
3	30596	0.37675	3014
3	30606	0.376875	3015
3	30616	0.377	3016
3	30626	0.377125	3017
3	30636	0.37725	3018
3	30646	0.377375	3019
3	30656	0.3775	3020
3	30666	0.377625	3021
3	30676	0.37775	3022
3	30686	0.377875	3023
3	30696	0.378	3024
3	30706	0.378125	3025
3	30716	0.37825	3026
3	30726	0.378375	3027
3	30736	0.3785	3028
3	30746	0.378625	3029
3	30756	0.37875	3030
3	30766	0.378875	3031
3	30776	0.379	3032
3	30786	0.379125	3033
3	30796	0.37925	3034
3	30806	0.379375	3035
3	30816	0.3795	3036
3	30830	0.379625	3037
3	30840	0.37975	3038
3	30850	0.379875	3039
3	30860	0.38	3040
3	30870	0.380125	3041
3	30880	0.38025	3042
3	30890	0.380375	3043
3	30900	0.3805	3044
3	30910	0.380625	3045
3	30920	0.38075	3046
3	30930	0.380875	3047
3	30940	0.381	3048
3	30950	0.381125	3049
3	30960	0.38125	3050
3	30970	0.381375	3051
3	30980	0.3815	3052
3	30990	0.381625	3053
3	31000	0.38175	3054
3	31010	0.381875	3055
3	31020	0.382	3056
3	31030	0.382125	3057
3	31040	0.38225	3058
3	31050	0.382375	3059
3	31060	0.3825	3060
3	31070	0.382625	3061
3	31080	0.38275	3062
3	31094	0.382875	3063
3	31104	0.383	3064
3	31114	0.383125	3065
3	31124	0.38325	3066
3	31134	0.383375	3067
3	31144	0.3835	3068
3	31154	0.383625	3069
3	31164	0.38375	3070
3	31174	0.383875	3071
3	31184	0.384	3072
3	31194	0.384125	3073
3	31204	0.38425	3074
3	31214	0.384375	3075
3	31224	0.3845	3076
3	31234	0.384625	3077
3	31244	0.38475	3078
3	31254	0.384875	3079
3	31264	0.385	3080
3	31274	0.385125	3081
3	31284	0.38525	3082
3	31294	0.385375	3083
3	31304	0.3855	3084
3	31314	0.385625	3085
3	31324	0.38575	3086
3	31334	0.385875	3087
3	31344	0.386	3088
3	31358	0.386125	3089
3	31368	0.38625	3090
3	31378	0.386375	3091
3	31388	0.3865	3092
3	31398	0.386625	3093
3	31408	0.38675	3094
3	31418	0.386875	3095
3	31428	0.387	3096
3	31438	0.387125	3097
3	31448	0.38725	3098
3	31458	0.387375	3099
3	31468	0.3875	3100
3	31478	0.387625	3101
3	31488	0.38775	3102
3	31498	0.387875	3103
3	31508	0.388	3104
3	31518	0.388125	3105
3	31528	0.38825	3106
3	31538	0.388375	3107
3	31548	0.3885	3108
3	31558	0.388625	3109
3	31568	0.38875	3110
3	31578	0.388875	3111
3	31588	0.389	3112
3	31598	0.389125	3113
3	31608	0.38925	3114
3	31622	0.389375	3115
3	31632	0.3895	3116
3	31642	0.389625	3117
3	31652	0.38975	3118
3	31662	0.389875	3119
3	31672	0.39	3120
3	31682	0.390125	3121
3	31692	0.39025	3122
3	31702	0.390375	3123
3	31712	0.3905	3124
3	31722	0.390625	3125
3	31732	0.39075	3126
3	31742	0.390875	3127
3	31752	0.391	3128
3	31762	0.391125	3129
3	31772	0.39125	3130
3	31782	0.391375	3131
3	31792	0.3915	3132
3	31802	0.391625	3133
3	31812	0.39175	3134
3	31822	0.391875	3135
3	31832	0.392	3136
3	31842	0.392125	3137
3	31852	0.39225	3138
3	31862	0.392375	3139
3	31872	0.3925	3140
3	31886	0.392625	3141
3	31896	0.39275	3142
3	31906	0.392875	3143
3	31916	0.393	3144
3	31926	0.393125	3145
3	31936	0.39325	3146
3	31946	0.393375	3147
3	31956	0.3935	3148
3	31966	0.393625	3149
3	31976	0.39375	3150
3	31986	0.393875	3151
3	31996	0.394	3152
3	32006	0.394125	3153
3	32016	0.39425	3154
3	32026	0.394375	3155
3	32036	0.3945	3156
3	32046	0.394625	3157
3	32056	0.39475	3158
3	32066	0.394875	3159
3	32076	0.395	3160
3	32086	0.395125	3161
3	32096	0.39525	3162
3	32106	0.395375	3163
3	32116	0.3955	3164
3	32126	0.395625	3165
3	32136	0.39575	3166
3	32146	0.395875	3167
3	32160	0.396	3168
3	32170	0.396125	3169
3	32180	0.39625	3170
3	32190	0.396375	3171
3	32200	0.3965	3172
3	32210	0.396625	3173
3	32220	0.39675	3174
3	32230	0.396875	3175
3	32240	0.397	3176
3	32250	0.397125	3177
3	32260	0.39725	3178
3	32270	0.397375	3179
3	32280	0.3975	3180
3	32290	0.397625	3181
3	32300	0.39775	3182
3	32310	0.397875	3183
3	32320	0.398	3184
3	32330	0.398125	3185
3	32340	0.39825	3186
3	32350	0.398375	3187
3	32360	0.3985	3188
3	32370	0.398625	3189
3	32380	0.39875	3190
3	32390	0.398875	3191
3	32400	0.399	3192
3	32410	0.399125	3193
3	32424	0.39925	3194
3	32434	0.399375	3195
3	32444	0.3995	3196
3	32454	0.399625	3197
3	32464	0.39975	3198
3	32474	0.399875	3199
3	32484	0.4	3200
3	32494	0.400125	3201
3	32504	0.40025	3202
3	32514	0.400375	3203
3	32524	0.4005	3204
3	32534	0.400625	3205
3	32544	0.40075	3206
3	32554	0.400875	3207
3	32564	0.401	3208
3	32574	0.401125	3209
3	32584	0.40125	3210
3	32594	0.401375	3211
3	32604	0.4015	3212
3	32614	0.401625	3213
3	32624	0.40175	3214
3	32634	0.401875	3215
3	32644	0.402	3216
3	32654	0.402125	3217
3	32664	0.40225	3218
3	32674	0.402375	3219
3	32688	0.4025	3220
3	32698	0.402625	3221
3	32708	0.40275	3222
3	32718	0.402875	3223
3	32728	0.403	3224
3	32738	0.403125	3225
3	32748	0.40325	3226
3	32758	0.403375	3227
3	32768	0.4035	3228
3	32778	0.403625	3229
3	32788	0.40375	3230
3	32798	0.403875	3231
3	32808	0.404	3232
3	32818	0.404125	3233
3	32828	0.40425	3234
3	32838	0.404375	3235
3	32848	0.4045	3236
3	32858	0.404625	3237
3	32868	0.40475	3238
3	32878	0.404875	3239
3	32888	0.405	3240
3	32898	0.405125	3241
3	32908	0.40525	3242
3	32918	0.405375	3243
3	32928	0.4055	3244
3	32938	0.405625	3245
3	32952	0.40575	3246
3	32962	0.405875	3247
3	32972	0.406	3248
3	32982	0.406125	3249
3	32992	0.40625	3250
3	33002	0.406375	3251
3	33012	0.4065	3252
3	33022	0.406625	3253
3	33032	0.40675	3254
3	33042	0.406875	3255
3	33052	0.407	3256
3	33062	0.407125	3257
3	33072	0.40725	3258
3	33082	0.407375	3259
3	33092	0.4075	3260
3	33102	0.407625	3261
3	33112	0.40775	3262
3	33122	0.407875	3263
3	33132	0.408	3264
3	33142	0.408125	3265
3	33152	0.40825	3266
3	33162	0.408375	3267
3	33172	0.4085	3268
3	33182	0.408625	3269
3	33192	0.40875	3270
3	33202	0.408875	3271
3	33216	0.409	3272
3	33226	0.409125	3273
3	33236	0.40925	3274
3	33246	0.409375	3275
3	33256	0.4095	3276
3	33266	0.409625	3277
3	33276	0.40975	3278
3	33286	0.409875	3279
3	33296	0.41	3280
3	33306	0.410125	3281
3	33316	0.41025	3282
3	33326	0.410375	3283
3	33336	0.4105	3284
3	33346	0.410625	3285
3	33356	0.41075	3286
3	33366	0.410875	3287
3	33376	0.411	3288
3	33386	0.411125	3289
3	33396	0.41125	3290
3	33406	0.411375	3291
3	33416	0.4115	3292
3	33426	0.411625	3293
3	33436	0.41175	3294
3	33446	0.411875	3295
3	33456	0.412	3296
3	33466	0.412125	3297
3	33480	0.41225	3298
3	33490	0.412375	3299
3	33500	0.4125	3300
3	33510	0.412625	3301
3	33520	0.41275	3302
3	33530	0.412875	3303
3	33540	0.413	3304
3	33550	0.413125	3305
3	33560	0.41325	3306
3	33570	0.413375	3307
3	33580	0.4135	3308
3	33590	0.413625	3309
3	33600	0.41375	3310
3	33610	0.413875	3311
3	33620	0.414	3312
3	33630	0.414125	3313
3	33640	0.41425	3314
3	33650	0.414375	3315
3	33660	0.4145	3316
3	33670	0.414625	3317
3	33680	0.41475	3318
3	33690	0.414875	3319
3	33700	0.415	3320
3	33710	0.415125	3321
3	33720	0.41525	3322
3	33730	0.415375	3323
3	33740	0.4155	3324
3	33754	0.415625	3325
3	33764	0.41575	3326
3	33774	0.415875	3327
3	33784	0.416	3328
3	33794	0.416125	3329
3	33804	0.41625	3330
3	33814	0.416375	3331
3	33824	0.4165	3332
3	33834	0.416625	3333
3	33844	0.41675	3334
3	33854	0.416875	3335
3	33864	0.417	3336
3	33874	0.417125	3337
3	33884	0.41725	3338
3	33894	0.417375	3339
3	33904	0.4175	3340
3	33914	0.417625	3341
3	33924	0.41775	3342
3	33934	0.417875	3343
3	33944	0.418	3344
3	33954	0.418125	3345
3	33964	0.41825	3346
3	33974	0.418375	3347
3	33984	0.4185	3348
3	33994	0.418625	3349
3	34004	0.41875	3350
3	34018	0.418875	3351
3	34028	0.419	3352
3	34038	0.419125	3353
3	34048	0.41925	3354
3	34058	0.419375	3355
3	34068	0.4195	3356
3	34078	0.419625	3357
3	34088	0.41975	3358
3	34098	0.419875	3359
3	34108	0.42	3360
3	34118	0.420125	3361
3	34128	0.42025	3362
3	34138	0.420375	3363
3	34148	0.4205	3364
3	34158	0.420625	3365
3	34168	0.42075	3366
3	34178	0.420875	3367
3	34188	0.421	3368
3	34198	0.421125	3369
3	34208	0.42125	3370
3	34218	0.421375	3371
3	34228	0.4215	3372
3	34238	0.421625	3373
3	34248	0.42175	3374
3	34258	0.421875	3375
3	34268	0.422	3376
3	34282	0.422125	3377
3	34292	0.42225	3378
3	34302	0.422375	3379
3	34312	0.4225	3380
3	34322	0.422625	3381
3	34332	0.42275	3382
3	34342	0.422875	3383
3	34352	0.423	3384
3	34362	0.423125	3385
3	34372	0.42325	3386
3	34382	0.423375	3387
3	34392	0.4235	3388
3	34402	0.423625	3389
3	34412	0.42375	3390
3	34422	0.423875	3391
3	34432	0.424	3392
3	34442	0.424125	3393
3	34452	0.42425	3394
3	34462	0.424375	3395
3	34472	0.4245	3396
3	34482	0.424625	3397
3	34492	0.42475	3398
3	34502	0.424875	3399
3	34512	0.425	3400
3	34522	0.425125	3401
3	34532	0.42525	3402
3	34546	0.425375	3403
3	34556	0.4255	3404
3	34566	0.425625	3405
3	34576	0.42575	3406
3	34586	0.425875	3407
3	34596	0.426	3408
3	34606	0.426125	3409
3	34616	0.42625	3410
3	34626	0.426375	3411
3	34636	0.4265	3412
3	34646	0.426625	3413
3	34656	0.42675	3414
3	34666	0.426875	3415
3	34676	0.427	3416
3	34686	0.427125	3417
3	34696	0.42725	3418
3	34706	0.427375	3419
3	34716	0.4275	3420
3	34726	0.427625	3421
3	34736	0.42775	3422
3	34746	0.427875	3423
3	34756	0.428	3424
3	34766	0.428125	3425
3	34776	0.42825	3426
3	34786	0.428375	3427
3	34796	0.4285	3428
3	34810	0.428625	3429
3	34820	0.42875	3430
3	34830	0.428875	3431
3	34840	0.429	3432
3	34850	0.429125	3433
3	34860	0.42925	3434
3	34870	0.429375	3435
3	34880	0.4295	3436
3	34890	0.429625	3437
3	34900	0.42975	3438
3	34910	0.429875	3439
3	34920	0.43	3440
3	34930	0.430125	3441
3	34940	0.43025	3442
3	34950	0.430375	3443
3	34960	0.4305	3444
3	34970	0.430625	3445
3	34980	0.43075	3446
3	34990	0.430875	3447
3	35000	0.431	3448
3	35010	0.431125	3449
3	35020	0.43125	3450
3	35030	0.431375	3451
3	35040	0.4315	3452
3	35050	0.431625	3453
3	35060	0.43175	3454
3	35074	0.431875	3455
3	35084	0.432	3456
3	35094	0.432125	3457
3	35104	0.43225	3458
3	35114	0.432375	3459
3	35124	0.4325	3460
3	35134	0.432625	3461
3	35144	0.43275	3462
3	35154	0.432875	3463
3	35164	0.433	3464
3	35174	0.433125	3465
3	35184	0.43325	3466
3	35194	0.433375	3467
3	35204	0.4335	3468
3	35214	0.433625	3469
3	35224	0.43375	3470
3	35234	0.433875	3471
3	35244	0.434	3472
3	35254	0.434125	3473
3	35264	0.43425	3474
3	35274	0.434375	3475
3	35284	0.4345	3476
3	35294	0.434625	3477
3	35304	0.43475	3478
3	35314	0.434875	3479
3	35324	0.435	3480
3	35334	0.435125	3481
3	35348	0.43525	3482
3	35358	0.435375	3483
3	35368	0.4355	3484
3	35378	0.435625	3485
3	35388	0.43575	3486
3	35398	0.435875	3487
3	35408	0.436	3488
3	35418	0.436125	3489
3	35428	0.43625	3490
3	35438	0.436375	3491
3	35448	0.4365	3492
3	35458	0.436625	3493
3	35468	0.43675	3494
3	35478	0.436875	3495
3	35488	0.437	3496
3	35498	0.437125	3497
3	35508	0.43725	3498
3	35518	0.437375	3499
3	35528	0.4375	3500
3	35538	0.437625	3501
3	35548	0.43775	3502
3	35558	0.437875	3503
3	35568	0.438	3504
3	35578	0.438125	3505
3	35588	0.43825	3506
3	35598	0.438375	3507
3	35612	0.4385	3508
3	35622	0.438625	3509
3	35632	0.43875	3510
3	35642	0.438875	3511
3	35652	0.439	3512
3	35662	0.439125	3513
3	35672	0.43925	3514
3	35682	0.439375	3515
3	35692	0.4395	3516
3	35702	0.439625	3517
3	35712	0.43975	3518
3	35722	0.439875	3519
3	35732	0.44	3520
3	35742	0.440125	3521
3	35752	0.44025	3522
3	35762	0.440375	3523
3	35772	0.4405	3524
3	35782	0.440625	3525
3	35792	0.44075	3526
3	35802	0.440875	3527
3	35812	0.441	3528
3	35822	0.441125	3529
3	35832	0.44125	3530
3	35842	0.441375	3531
3	35852	0.4415	3532
3	35862	0.441625	3533
3	35876	0.44175	3534
3	35886	0.441875	3535
3	35896	0.442	3536
3	35906	0.442125	3537
3	35916	0.44225	3538
3	35926	0.442375	3539
3	35936	0.4425	3540
3	35946	0.442625	3541
3	35956	0.44275	3542
3	35966	0.442875	3543
3	35976	0.443	3544
3	35986	0.443125	3545
3	35996	0.44325	3546
3	36006	0.443375	3547
3	36016	0.4435	3548
3	36026	0.443625	3549
3	36036	0.44375	3550
3	36046	0.443875	3551
3	36056	0.444	3552
3	36066	0.444125	3553
3	36076	0.44425	3554
3	36086	0.444375	3555
3	36096	0.4445	3556
3	36106	0.444625	3557
3	36116	0.44475	3558
3	36126	0.444875	3559
3	36140	0.445	3560
3	36150	0.445125	3561
3	36160	0.44525	3562
3	36170	0.445375	3563
3	36180	0.4455	3564
3	36190	0.445625	3565
3	36200	0.44575	3566
3	36210	0.445875	3567
3	36220	0.446	3568
3	36230	0.446125	3569
3	36240	0.44625	3570
3	36250	0.446375	3571
3	36260	0.4465	3572
3	36270	0.446625	3573
3	36280	0.44675	3574
3	36290	0.446875	3575
3	36300	0.447	3576
3	36310	0.447125	3577
3	36320	0.44725	3578
3	36330	0.447375	3579
3	36340	0.4475	3580
3	36350	0.447625	3581
3	36360	0.44775	3582
3	36370	0.447875	3583
3	36380	0.448	3584
3	36390	0.448125	3585
3	36404	0.44825	3586
3	36414	0.448375	3587
3	36424	0.4485	3588
3	36434	0.448625	3589
3	36444	0.44875	3590
3	36454	0.448875	3591
3	36464	0.449	3592
3	36474	0.449125	3593
3	36484	0.44925	3594
3	36494	0.449375	3595
3	36504	0.4495	3596
3	36514	0.449625	3597
3	36524	0.44975	3598
3	36534	0.449875	3599
3	36544	0.45	3600
3	36554	0.450125	3601
3	36564	0.45025	3602
3	36574	0.450375	3603
3	36584	0.4505	3604
3	36594	0.450625	3605
3	36604	0.45075	3606
3	36614	0.450875	3607
3	36624	0.451	3608
3	36634	0.451125	3609
3	36644	0.45125	3610
3	36654	0.451375	3611
3	36664	0.4515	3612
3	36678	0.451625	3613
3	36688	0.45175	3614
3	36698	0.451875	3615
3	36708	0.452	3616
3	36718	0.452125	3617
3	36728	0.45225	3618
3	36738	0.452375	3619
3	36748	0.4525	3620
3	36758	0.452625	3621
3	36768	0.45275	3622
3	36778	0.452875	3623
3	36788	0.453	3624
3	36798	0.453125	3625
3	36808	0.45325	3626
3	36818	0.453375	3627
3	36828	0.4535	3628
3	36838	0.453625	3629
3	36848	0.45375	3630
3	36858	0.453875	3631
3	36868	0.454	3632
3	36878	0.454125	3633
3	36888	0.45425	3634
3	36898	0.454375	3635
3	36908	0.4545	3636
3	36918	0.454625	3637
3	36928	0.45475	3638
3	36942	0.454875	3639
3	36952	0.455	3640
3	36962	0.455125	3641
3	36972	0.45525	3642
3	36982	0.455375	3643
3	36992	0.4555	3644
3	37002	0.455625	3645
3	37012	0.45575	3646
3	37022	0.455875	3647
3	37032	0.456	3648
3	37042	0.456125	3649
3	37052	0.45625	3650
3	37062	0.456375	3651
3	37072	0.4565	3652
3	37082	0.456625	3653
3	37092	0.45675	3654
3	37102	0.456875	3655
3	37112	0.457	3656
3	37122	0.457125	3657
3	37132	0.45725	3658
3	37142	0.457375	3659
3	37152	0.4575	3660
3	37162	0.457625	3661
3	37172	0.45775	3662
3	37182	0.457875	3663
3	37192	0.458	3664
3	37206	0.458125	3665
3	37216	0.45825	3666
3	37226	0.458375	3667
3	37236	0.4585	3668
3	37246	0.458625	3669
3	37256	0.45875	3670
3	37266	0.458875	3671
3	37276	0.459	3672
3	37286	0.459125	3673
3	37296	0.45925	3674
3	37306	0.459375	3675
3	37316	0.4595	3676
3	37326	0.459625	3677
3	37336	0.45975	3678
3	37346	0.459875	3679
3	37356	0.46	3680
3	37366	0.460125	3681
3	37376	0.46025	3682
3	37386	0.460375	3683
3	37396	0.4605	3684
3	37406	0.460625	3685
3	37416	0.46075	3686
3	37426	0.460875	3687
3	37436	0.461	3688
3	37446	0.461125	3689
3	37456	0.46125	3690
3	37470	0.461375	3691
3	37480	0.4615	3692
3	37490	0.461625	3693
3	37500	0.46175	3694
3	37510	0.461875	3695
3	37520	0.462	3696
3	37530	0.462125	3697
3	37540	0.46225	3698
3	37550	0.462375	3699
3	37560	0.4625	3700
3	37570	0.462625	3701
3	37580	0.46275	3702
3	37590	0.462875	3703
3	37600	0.463	3704
3	37610	0.463125	3705
3	37620	0.46325	3706
3	37630	0.463375	3707
3	37640	0.4635	3708
3	37650	0.463625	3709
3	37660	0.46375	3710
3	37670	0.463875	3711
3	37680	0.464	3712
3	37690	0.464125	3713
3	37700	0.46425	3714
3	37710	0.464375	3715
3	37720	0.4645	3716
3	37734	0.464625	3717
3	37744	0.46475	3718
3	37754	0.464875	3719
3	37764	0.465	3720
3	37774	0.465125	3721
3	37784	0.46525	3722
3	37794	0.465375	3723
3	37804	0.4655	3724
3	37814	0.465625	3725
3	37824	0.46575	3726
3	37834	0.465875	3727
3	37844	0.466	3728
3	37854	0.466125	3729
3	37864	0.46625	3730
3	37874	0.466375	3731
3	37884	0.4665	3732
3	37894	0.466625	3733
3	37904	0.46675	3734
3	37914	0.466875	3735
3	37924	0.467	3736
3	37934	0.467125	3737
3	37944	0.46725	3738
3	37954	0.467375	3739
3	37964	0.4675	3740
3	37974	0.467625	3741
3	37984	0.46775	3742
3	37998	0.467875	3743
3	38008	0.468	3744
3	38018	0.468125	3745
3	38028	0.46825	3746
3	38038	0.468375	3747
3	38048	0.4685	3748
3	38058	0.468625	3749
3	38068	0.46875	3750
3	38078	0.468875	3751
3	38088	0.469	3752
3	38098	0.469125	3753
3	38108	0.46925	3754
3	38118	0.469375	3755
3	38128	0.4695	3756
3	38138	0.469625	3757
3	38148	0.46975	3758
3	38158	0.469875	3759
3	38168	0.47	3760
3	38178	0.470125	3761
3	38188	0.47025	3762
3	38198	0.470375	3763
3	38208	0.4705	3764
3	38218	0.470625	3765
3	38228	0.47075	3766
3	38238	0.470875	3767
3	38248	0.471	3768
3	38258	0.471125	3769
3	38272	0.47125	3770
3	38282	0.471375	3771
3	38292	0.4715	3772
3	38302	0.471625	3773
3	38312	0.47175	3774
3	38322	0.471875	3775
3	38332	0.472	3776
3	38342	0.472125	3777
3	38352	0.47225	3778
3	38362	0.472375	3779
3	38372	0.4725	3780
3	38382	0.472625	3781
3	38392	0.47275	3782
3	38402	0.472875	3783
3	38412	0.473	3784
3	38422	0.473125	3785
3	38432	0.47325	3786
3	38442	0.473375	3787
3	38452	0.4735	3788
3	38462	0.473625	3789
3	38472	0.47375	3790
3	38482	0.473875	3791
3	38492	0.474	3792
3	38502	0.474125	3793
3	38512	0.47425	3794
3	38522	0.474375	3795
3	38536	0.4745	3796
3	38546	0.474625	3797
3	38556	0.47475	3798
3	38566	0.474875	3799
3	38576	0.475	3800
3	38586	0.475125	3801
3	38596	0.47525	3802
3	38606	0.475375	3803
3	38616	0.4755	3804
3	38626	0.475625	3805
3	38636	0.47575	3806
3	38646	0.475875	3807
3	38656	0.476	3808
3	38666	0.476125	3809
3	38676	0.47625	3810
3	38686	0.476375	3811
3	38696	0.4765	3812
3	38706	0.476625	3813
3	38716	0.47675	3814
3	38726	0.476875	3815
3	38736	0.477	3816
3	38746	0.477125	3817
3	38756	0.47725	3818
3	38766	0.477375	3819
3	38776	0.4775	3820
3	38786	0.477625	3821
3	38800	0.47775	3822
3	38810	0.477875	3823
3	38820	0.478	3824
3	38830	0.478125	3825
3	38840	0.47825	3826
3	38850	0.478375	3827
3	38860	0.4785	3828
3	38870	0.478625	3829
3	38880	0.47875	3830
3	38890	0.478875	3831
3	38900	0.479	3832
3	38910	0.479125	3833
3	38920	0.47925	3834
3	38930	0.479375	3835
3	38940	0.4795	3836
3	38950	0.479625	3837
3	38960	0.47975	3838
3	38970	0.479875	3839
3	38980	0.48	3840
3	38990	0.480125	3841
3	39000	0.48025	3842
3	39010	0.480375	3843
3	39020	0.4805	3844
3	39030	0.480625	3845
3	39040	0.48075	3846
3	39050	0.480875	3847
3	39064	0.481	3848
3	39074	0.481125	3849
3	39084	0.48125	3850
3	39094	0.481375	3851
3	39104	0.4815	3852
3	39114	0.481625	3853
3	39124	0.48175	3854
3	39134	0.481875	3855
3	39144	0.482	3856
3	39154	0.482125	3857
3	39164	0.48225	3858
3	39174	0.482375	3859
3	39184	0.4825	3860
3	39194	0.482625	3861
3	39204	0.48275	3862
3	39214	0.482875	3863
3	39224	0.483	3864
3	39234	0.483125	3865
3	39244	0.48325	3866
3	39254	0.483375	3867
3	39264	0.4835	3868
3	39274	0.483625	3869
3	39284	0.48375	3870
3	39294	0.483875	3871
3	39304	0.484	3872
3	39314	0.484125	3873
3	39328	0.48425	3874
3	39338	0.484375	3875
3	39348	0.4845	3876
3	39358	0.484625	3877
3	39368	0.48475	3878
3	39378	0.484875	3879
3	39388	0.485	3880
3	39398	0.485125	3881
3	39408	0.48525	3882
3	39418	0.485375	3883
3	39428	0.4855	3884
3	39438	0.485625	3885
3	39448	0.48575	3886
3	39458	0.485875	3887
3	39468	0.486	3888
3	39478	0.486125	3889
3	39488	0.48625	3890
3	39498	0.486375	3891
3	39508	0.4865	3892
3	39518	0.486625	3893
3	39528	0.48675	3894
3	39538	0.486875	3895
3	39548	0.487	3896
3	39558	0.487125	3897
3	39568	0.48725	3898
3	39578	0.487375	3899
3	39592	0.4875	3900
3	39602	0.487625	3901
3	39612	0.48775	3902
3	39622	0.487875	3903
3	39632	0.488	3904
3	39642	0.488125	3905
3	39652	0.48825	3906
3	39662	0.488375	3907
3	39672	0.4885	3908
3	39682	0.488625	3909
3	39692	0.48875	3910
3	39702	0.488875	3911
3	39712	0.489	3912
3	39722	0.489125	3913
3	39732	0.48925	3914
3	39742	0.489375	3915
3	39752	0.4895	3916
3	39762	0.489625	3917
3	39772	0.48975	3918
3	39782	0.489875	3919
3	39792	0.49	3920
3	39802	0.490125	3921
3	39812	0.49025	3922
3	39822	0.490375	3923
3	39832	0.4905	3924
3	39842	0.490625	3925
3	39852	0.49075	3926
3	39866	0.490875	3927
3	39876	0.491	3928
3	39886	0.491125	3929
3	39896	0.49125	3930
3	39906	0.491375	3931
3	39916	0.4915	3932
3	39926	0.491625	3933
3	39936	0.49175	3934
3	39946	0.491875	3935
3	39956	0.492	3936
3	39966	0.492125	3937
3	39976	0.49225	3938
3	39986	0.492375	3939
3	39996	0.4925	3940
3	40006	0.492625	3941
3	40016	0.49275	3942
3	40026	0.492875	3943
3	40036	0.493	3944
3	40046	0.493125	3945
3	40056	0.49325	3946
3	40066	0.493375	3947
3	40076	0.4935	3948
3	40086	0.493625	3949
3	40096	0.49375	3950
3	40106	0.493875	3951
3	40116	0.494	3952
3	40130	0.494125	3953
3	40140	0.49425	3954
3	40150	0.494375	3955
3	40160	0.4945	3956
3	40170	0.494625	3957
3	40180	0.49475	3958
3	40190	0.494875	3959
3	40200	0.495	3960
3	40210	0.495125	3961
3	40220	0.49525	3962
3	40230	0.495375	3963
3	40240	0.4955	3964
3	40250	0.495625	3965
3	40260	0.49575	3966
3	40270	0.495875	3967
3	40280	0.496	3968
3	40290	0.496125	3969
3	40300	0.49625	3970
3	40310	0.496375	3971
3	40320	0.4965	3972
3	40330	0.496625	3973
3	40340	0.49675	3974
3	40350	0.496875	3975
3	40360	0.497	3976
3	40370	0.497125	3977
3	40380	0.49725	3978
3	40394	0.497375	3979
3	40404	0.4975	3980
3	40414	0.497625	3981
3	40424	0.49775	3982
3	40434	0.497875	3983
3	40444	0.498	3984
3	40454	0.498125	3985
3	40464	0.49825	3986
3	40474	0.498375	3987
3	40484	0.4985	3988
3	40494	0.498625	3989
3	40504	0.49875	3990
3	40514	0.498875	3991
3	40524	0.499	3992
3	40534	0.499125	3993
3	40544	0.49925	3994
3	40554	0.499375	3995
3	40564	0.4995	3996
3	40574	0.499625	3997
3	40584	0.49975	3998
3	40594	0.499875	3999
3	40604	0.5	4000
3	40614	0.500125	4001
3	40624	0.50025	4002
3	40634	0.500375	4003
3	40644	0.5005	4004
3	40658	0.500625	4005
3	40668	0.50075	4006
3	40678	0.500875	4007
3	40688	0.501	4008
3	40698	0.501125	4009
3	40708	0.50125	4010
3	40718	0.501375	4011
3	40728	0.5015	4012
3	40738	0.501625	4013
3	40748	0.50175	4014
3	40758	0.501875	4015
3	40768	0.502	4016
3	40778	0.502125	4017
3	40788	0.50225	4018
3	40798	0.502375	4019
3	40808	0.5025	4020
3	40818	0.502625	4021
3	40828	0.50275	4022
3	40838	0.502875	4023
3	40848	0.503	4024
3	40858	0.503125	4025
3	40868	0.50325	4026
3	40878	0.503375	4027
3	40888	0.5035	4028
3	40898	0.503625	4029
3	40908	0.50375	4030
3	40922	0.503875	4031
3	40932	0.504	4032
3	40942	0.504125	4033
3	40952	0.50425	4034
3	40962	0.504375	4035
3	40972	0.5045	4036
3	40982	0.504625	4037
3	40992	0.50475	4038
3	41002	0.504875	4039
3	41012	0.505	4040
3	41022	0.505125	4041
3	41032	0.50525	4042
3	41042	0.505375	4043
3	41052	0.5055	4044
3	41062	0.505625	4045
3	41072	0.50575	4046
3	41082	0.505875	4047
3	41092	0.506	4048
3	41102	0.506125	4049
3	41112	0.50625	4050
3	41122	0.506375	4051
3	41132	0.5065	4052
3	41142	0.506625	4053
3	41152	0.50675	4054
3	41162	0.506875	4055
3	41172	0.507	4056
3	41186	0.507125	4057
3	41196	0.50725	4058
3	41206	0.507375	4059
3	41216	0.5075	4060
3	41226	0.507625	4061
3	41236	0.50775	4062
3	41246	0.507875	4063
3	41256	0.508	4064
3	41266	0.508125	4065
3	41276	0.50825	4066
3	41286	0.508375	4067
3	41296	0.5085	4068
3	41306	0.508625	4069
3	41316	0.50875	4070
3	41326	0.508875	4071
3	41336	0.509	4072
3	41346	0.509125	4073
3	41356	0.50925	4074
3	41366	0.509375	4075
3	41376	0.5095	4076
3	41386	0.509625	4077
3	41396	0.50975	4078
3	41406	0.509875	4079
3	41416	0.51	4080
3	41426	0.510125	4081
3	41436	0.51025	4082
3	41446	0.510375	4083
3	41460	0.5105	4084
3	41470	0.510625	4085
3	41480	0.51075	4086
3	41490	0.510875	4087
3	41500	0.511	4088
3	41510	0.511125	4089
3	41520	0.51125	4090
3	41530	0.511375	4091
3	41540	0.5115	4092
3	41550	0.511625	4093
3	41560	0.51175	4094
3	41570	0.511875	4095
3	41580	0.512	4096
3	41590	0.512125	4097
3	41600	0.51225	4098
3	41610	0.512375	4099
3	41620	0.5125	4100
3	41630	0.512625	4101
3	41640	0.51275	4102
3	41650	0.512875	4103
3	41660	0.513	4104
3	41670	0.513125	4105
3	41680	0.51325	4106
3	41690	0.513375	4107
3	41700	0.5135	4108
3	41710	0.513625	4109
3	41724	0.51375	4110
3	41734	0.513875	4111
3	41744	0.514	4112
3	41754	0.514125	4113
3	41764	0.51425	4114
3	41774	0.514375	4115
3	41784	0.5145	4116
3	41794	0.514625	4117
3	41804	0.51475	4118
3	41814	0.514875	4119
3	41824	0.515	4120
3	41834	0.515125	4121
3	41844	0.51525	4122
3	41854	0.515375	4123
3	41864	0.5155	4124
3	41874	0.515625	4125
3	41884	0.51575	4126
3	41894	0.515875	4127
3	41904	0.516	4128
3	41914	0.516125	4129
3	41924	0.51625	4130
3	41934	0.516375	4131
3	41944	0.5165	4132
3	41954	0.516625	4133
3	41964	0.51675	4134
3	41974	0.516875	4135
3	41988	0.517	4136
3	41998	0.517125	4137
3	42008	0.51725	4138
3	42018	0.517375	4139
3	42028	0.5175	4140
3	42038	0.517625	4141
3	42048	0.51775	4142
3	42058	0.517875	4143
3	42068	0.518	4144
3	42078	0.518125	4145
3	42088	0.51825	4146
3	42098	0.518375	4147
3	42108	0.5185	4148
3	42118	0.518625	4149
3	42128	0.51875	4150
3	42138	0.518875	4151
3	42148	0.519	4152
3	42158	0.519125	4153
3	42168	0.51925	4154
3	42178	0.519375	4155
3	42188	0.5195	4156
3	42198	0.519625	4157
3	42208	0.51975	4158
3	42218	0.519875	4159
3	42228	0.52	4160
3	42238	0.520125	4161
3	42252	0.52025	4162
3	42262	0.520375	4163
3	42272	0.5205	4164
3	42282	0.520625	4165
3	42292	0.52075	4166
3	42302	0.520875	4167
3	42312	0.521	4168
3	42322	0.521125	4169
3	42332	0.52125	4170
3	42342	0.521375	4171
3	42352	0.5215	4172
3	42362	0.521625	4173
3	42372	0.52175	4174
3	42382	0.521875	4175
3	42392	0.522	4176
3	42402	0.522125	4177
3	42412	0.52225	4178
3	42422	0.522375	4179
3	42432	0.5225	4180
3	42442	0.522625	4181
3	42452	0.52275	4182
3	42462	0.522875	4183
3	42472	0.523	4184
3	42482	0.523125	4185
3	42492	0.52325	4186
3	42502	0.523375	4187
3	42516	0.5235	4188
3	42526	0.523625	4189
3	42536	0.52375	4190
3	42546	0.523875	4191
3	42556	0.524	4192
3	42566	0.524125	4193
3	42576	0.52425	4194
3	42586	0.524375	4195
3	42596	0.5245	4196
3	42606	0.524625	4197
3	42616	0.52475	4198
3	42626	0.524875	4199
3	42636	0.525	4200
3	42646	0.525125	4201
3	42656	0.52525	4202
3	42666	0.525375	4203
3	42676	0.5255	4204
3	42686	0.525625	4205
3	42696	0.52575	4206
3	42706	0.525875	4207
3	42716	0.526	4208
3	42726	0.526125	4209
3	42736	0.52625	4210
3	42746	0.526375	4211
3	42756	0.5265	4212
3	42766	0.526625	4213
3	42776	0.52675	4214
3	42790	0.526875	4215
3	42800	0.527	4216
3	42810	0.527125	4217
3	42820	0.52725	4218
3	42830	0.527375	4219
3	42840	0.5275	4220
3	42850	0.527625	4221
3	42860	0.52775	4222
3	42870	0.527875	4223
3	42880	0.528	4224
3	42890	0.528125	4225
3	42900	0.52825	4226
3	42910	0.528375	4227
3	42920	0.5285	4228
3	42930	0.528625	4229
3	42940	0.52875	4230
3	42950	0.528875	4231
3	42960	0.529	4232
3	42970	0.529125	4233
3	42980	0.52925	4234
3	42990	0.529375	4235
3	43000	0.5295	4236
3	43010	0.529625	4237
3	43020	0.52975	4238
3	43030	0.529875	4239
3	43040	0.53	4240
3	43054	0.530125	4241
3	43064	0.53025	4242
3	43074	0.530375	4243
3	43084	0.5305	4244
3	43094	0.530625	4245
3	43104	0.53075	4246
3	43114	0.530875	4247
3	43124	0.531	4248
3	43134	0.531125	4249
3	43144	0.53125	4250
3	43154	0.531375	4251
3	43164	0.5315	4252
3	43174	0.531625	4253
3	43184	0.53175	4254
3	43194	0.531875	4255
3	43204	0.532	4256
3	43214	0.532125	4257
3	43224	0.53225	4258
3	43234	0.532375	4259
3	43244	0.5325	4260
3	43254	0.532625	4261
3	43264	0.53275	4262
3	43274	0.532875	4263
3	43284	0.533	4264
3	43294	0.533125	4265
3	43304	0.53325	4266
3	43318	0.533375	4267
3	43328	0.5335	4268
3	43338	0.533625	4269
3	43348	0.53375	4270
3	43358	0.533875	4271
3	43368	0.534	4272
3	43378	0.534125	4273
3	43388	0.53425	4274
3	43398	0.534375	4275
3	43408	0.5345	4276
3	43418	0.534625	4277
3	43428	0.53475	4278
3	43438	0.534875	4279
3	43448	0.535	4280
3	43458	0.535125	4281
3	43468	0.53525	4282
3	43478	0.535375	4283
3	43488	0.5355	4284
3	43498	0.535625	4285
3	43508	0.53575	4286
3	43518	0.535875	4287
3	43528	0.536	4288
3	43538	0.536125	4289
3	43548	0.53625	4290
3	43558	0.536375	4291
3	43568	0.5365	4292
3	43582	0.536625	4293
3	43592	0.53675	4294
3	43602	0.536875	4295
3	43612	0.537	4296
3	43622	0.537125	4297
3	43632	0.53725	4298
3	43642	0.537375	4299
3	43652	0.5375	4300
3	43662	0.537625	4301
3	43672	0.53775	4302
3	43682	0.537875	4303
3	43692	0.538	4304
3	43702	0.538125	4305
3	43712	0.53825	4306
3	43722	0.538375	4307
3	43732	0.5385	4308
3	43742	0.538625	4309
3	43752	0.53875	4310
3	43762	0.538875	4311
3	43772	0.539	4312
3	43782	0.539125	4313
3	43792	0.53925	4314
3	43802	0.539375	4315
3	43812	0.5395	4316
3	43822	0.539625	4317
3	43832	0.53975	4318
3	43846	0.539875	4319
3	43856	0.54	4320
3	43866	0.540125	4321
3	43876	0.54025	4322
3	43886	0.540375	4323
3	43896	0.5405	4324
3	43906	0.540625	4325
3	43916	0.54075	4326
3	43926	0.540875	4327
3	43936	0.541	4328
3	43946	0.541125	4329
3	43956	0.54125	4330
3	43966	0.541375	4331
3	43976	0.5415	4332
3	43986	0.541625	4333
3	43996	0.54175	4334
3	44006	0.541875	4335
3	44016	0.542	4336
3	44026	0.542125	4337
3	44036	0.54225	4338
3	44046	0.542375	4339
3	44056	0.5425	4340
3	44066	0.542625	4341
3	44076	0.54275	4342
3	44086	0.542875	4343
3	44096	0.543	4344
3	44110	0.543125	4345
3	44120	0.54325	4346
3	44130	0.543375	4347
3	44140	0.5435	4348
3	44150	0.543625	4349
3	44160	0.54375	4350
3	44170	0.543875	4351
3	44180	0.544	4352
3	44190	0.544125	4353
3	44200	0.54425	4354
3	44210	0.544375	4355
3	44220	0.5445	4356
3	44230	0.544625	4357
3	44240	0.54475	4358
3	44250	0.544875	4359
3	44260	0.545	4360
3	44270	0.545125	4361
3	44280	0.54525	4362
3	44290	0.545375	4363
3	44300	0.5455	4364
3	44310	0.545625	4365
3	44320	0.54575	4366
3	44330	0.545875	4367
3	44340	0.546	4368
3	44350	0.546125	4369
3	44360	0.54625	4370
3	44370	0.546375	4371
3	44384	0.5465	4372
3	44394	0.546625	4373
3	44404	0.54675	4374
3	44414	0.546875	4375
3	44424	0.547	4376
3	44434	0.547125	4377
3	44444	0.54725	4378
3	44454	0.547375	4379
3	44464	0.5475	4380
3	44474	0.547625	4381
3	44484	0.54775	4382
3	44494	0.547875	4383
3	44504	0.548	4384
3	44514	0.548125	4385
3	44524	0.54825	4386
3	44534	0.548375	4387
3	44544	0.5485	4388
3	44554	0.548625	4389
3	44564	0.54875	4390
3	44574	0.548875	4391
3	44584	0.549	4392
3	44594	0.549125	4393
3	44604	0.54925	4394
3	44614	0.549375	4395
3	44624	0.5495	4396
3	44634	0.549625	4397
3	44648	0.54975	4398
3	44658	0.549875	4399
3	44668	0.55	4400
3	44678	0.550125	4401
3	44688	0.55025	4402
3	44698	0.550375	4403
3	44708	0.5505	4404
3	44718	0.550625	4405
3	44728	0.55075	4406
3	44738	0.550875	4407
3	44748	0.551	4408
3	44758	0.551125	4409
3	44768	0.55125	4410
3	44778	0.551375	4411
3	44788	0.5515	4412
3	44798	0.551625	4413
3	44808	0.55175	4414
3	44818	0.551875	4415
3	44828	0.552	4416
3	44838	0.552125	4417
3	44848	0.55225	4418
3	44858	0.552375	4419
3	44868	0.5525	4420
3	44878	0.552625	4421
3	44888	0.55275	4422
3	44898	0.552875	4423
3	44912	0.553	4424
3	44922	0.553125	4425
3	44932	0.55325	4426
3	44942	0.553375	4427
3	44952	0.5535	4428
3	44962	0.553625	4429
3	44972	0.55375	4430
3	44982	0.553875	4431
3	44992	0.554	4432
3	45002	0.554125	4433
3	45012	0.55425	4434
3	45022	0.554375	4435
3	45032	0.5545	4436
3	45042	0.554625	4437
3	45052	0.55475	4438
3	45062	0.554875	4439
3	45072	0.555	4440
3	45082	0.555125	4441
3	45092	0.55525	4442
3	45102	0.555375	4443
3	45112	0.5555	4444
3	45122	0.555625	4445
3	45132	0.55575	4446
3	45142	0.555875	4447
3	45152	0.556	4448
3	45162	0.556125	4449
3	45176	0.55625	4450
3	45186	0.556375	4451
3	45196	0.5565	4452
3	45206	0.556625	4453
3	45216	0.55675	4454
3	45226	0.556875	4455
3	45236	0.557	4456
3	45246	0.557125	4457
3	45256	0.55725	4458
3	45266	0.557375	4459
3	45276	0.5575	4460
3	45286	0.557625	4461
3	45296	0.55775	4462
3	45306	0.557875	4463
3	45316	0.558	4464
3	45326	0.558125	4465
3	45336	0.55825	4466
3	45346	0.558375	4467
3	45356	0.5585	4468
3	45366	0.558625	4469
3	45376	0.55875	4470
3	45386	0.558875	4471
3	45396	0.559	4472
3	45406	0.559125	4473
3	45416	0.55925	4474
3	45426	0.559375	4475
3	45440	0.5595	4476
3	45450	0.559625	4477
3	45460	0.55975	4478
3	45470	0.559875	4479
3	45480	0.56	4480
3	45490	0.560125	4481
3	45500	0.56025	4482
3	45510	0.560375	4483
3	45520	0.5605	4484
3	45530	0.560625	4485
3	45540	0.56075	4486
3	45550	0.560875	4487
3	45560	0.561	4488
3	45570	0.561125	4489
3	45580	0.56125	4490
3	45590	0.561375	4491
3	45600	0.5615	4492
3	45610	0.561625	4493
3	45620	0.56175	4494
3	45630	0.561875	4495
3	45640	0.562	4496
3	45650	0.562125	4497
3	45660	0.56225	4498
3	45670	0.562375	4499
3	45680	0.5625	4500
3	45690	0.562625	4501
3	45704	0.56275	4502
3	45714	0.562875	4503
3	45724	0.563	4504
3	45734	0.563125	4505
3	45744	0.56325	4506
3	45754	0.563375	4507
3	45764	0.5635	4508
3	45774	0.563625	4509
3	45784	0.56375	4510
3	45794	0.563875	4511
3	45804	0.564	4512
3	45814	0.564125	4513
3	45824	0.56425	4514
3	45834	0.564375	4515
3	45844	0.5645	4516
3	45854	0.564625	4517
3	45864	0.56475	4518
3	45874	0.564875	4519
3	45884	0.565	4520
3	45894	0.565125	4521
3	45904	0.56525	4522
3	45914	0.565375	4523
3	45924	0.5655	4524
3	45934	0.565625	4525
3	45944	0.56575	4526
3	45954	0.565875	4527
3	45964	0.566	4528
3	45978	0.566125	4529
3	45988	0.56625	4530
3	45998	0.566375	4531
3	46008	0.5665	4532
3	46018	0.566625	4533
3	46028	0.56675	4534
3	46038	0.566875	4535
3	46048	0.567	4536
3	46058	0.567125	4537
3	46068	0.56725	4538
3	46078	0.567375	4539
3	46088	0.5675	4540
3	46098	0.567625	4541
3	46108	0.56775	4542
3	46118	0.567875	4543
3	46128	0.568	4544
3	46138	0.568125	4545
3	46148	0.56825	4546
3	46158	0.568375	4547
3	46168	0.5685	4548
3	46178	0.568625	4549
3	46188	0.56875	4550
3	46198	0.568875	4551
3	46208	0.569	4552
3	46218	0.569125	4553
3	46228	0.56925	4554
3	46242	0.569375	4555
3	46252	0.5695	4556
3	46262	0.569625	4557
3	46272	0.56975	4558
3	46282	0.569875	4559
3	46292	0.57	4560
3	46302	0.570125	4561
3	46312	0.57025	4562
3	46322	0.570375	4563
3	46332	0.5705	4564
3	46342	0.570625	4565
3	46352	0.57075	4566
3	46362	0.570875	4567
3	46372	0.571	4568
3	46382	0.571125	4569
3	46392	0.57125	4570
3	46402	0.571375	4571
3	46412	0.5715	4572
3	46422	0.571625	4573
3	46432	0.57175	4574
3	46442	0.571875	4575
3	46452	0.572	4576
3	46462	0.572125	4577
3	46472	0.57225	4578
3	46482	0.572375	4579
3	46492	0.5725	4580
3	46506	0.572625	4581
3	46516	0.57275	4582
3	46526	0.572875	4583
3	46536	0.573	4584
3	46546	0.573125	4585
3	46556	0.57325	4586
3	46566	0.573375	4587
3	46576	0.5735	4588
3	46586	0.573625	4589
3	46596	0.57375	4590
3	46606	0.573875	4591
3	46616	0.574	4592
3	46626	0.574125	4593
3	46636	0.57425	4594
3	46646	0.574375	4595
3	46656	0.5745	4596
3	46666	0.574625	4597
3	46676	0.57475	4598
3	46686	0.574875	4599
3	46696	0.575	4600
3	46706	0.575125	4601
3	46716	0.57525	4602
3	46726	0.575375	4603
3	46736	0.5755	4604
3	46746	0.575625	4605
3	46756	0.57575	4606
3	46770	0.575875	4607
3	46780	0.576	4608
3	46790	0.576125	4609
3	46800	0.57625	4610
3	46810	0.576375	4611
3	46820	0.5765	4612
3	46830	0.576625	4613
3	46840	0.57675	4614
3	46850	0.576875	4615
3	46860	0.577	4616
3	46870	0.577125	4617
3	46880	0.57725	4618
3	46890	0.577375	4619
3	46900	0.5775	4620
3	46910	0.577625	4621
3	46920	0.57775	4622
3	46930	0.577875	4623
3	46940	0.578	4624
3	46950	0.578125	4625
3	46960	0.57825	4626
3	46970	0.578375	4627
3	46980	0.5785	4628
3	46990	0.578625	4629
3	47000	0.57875	4630
3	47010	0.578875	4631
3	47020	0.579	4632
3	47034	0.579125	4633
3	47044	0.57925	4634
3	47054	0.579375	4635
3	47064	0.5795	4636
3	47074	0.579625	4637
3	47084	0.57975	4638
3	47094	0.579875	4639
3	47104	0.58	4640
3	47114	0.580125	4641
3	47124	0.58025	4642
3	47134	0.580375	4643
3	47144	0.5805	4644
3	47154	0.580625	4645
3	47164	0.58075	4646
3	47174	0.580875	4647
3	47184	0.581	4648
3	47194	0.581125	4649
3	47204	0.58125	4650
3	47214	0.581375	4651
3	47224	0.5815	4652
3	47234	0.581625	4653
3	47244	0.58175	4654
3	47254	0.581875	4655
3	47264	0.582	4656
3	47274	0.582125	4657
3	47284	0.58225	4658
3	47298	0.582375	4659
3	47308	0.5825	4660
3	47318	0.582625	4661
3	47328	0.58275	4662
3	47338	0.582875	4663
3	47348	0.583	4664
3	47358	0.583125	4665
3	47368	0.58325	4666
3	47378	0.583375	4667
3	47388	0.5835	4668
3	47398	0.583625	4669
3	47408	0.58375	4670
3	47418	0.583875	4671
3	47428	0.584	4672
3	47438	0.584125	4673
3	47448	0.58425	4674
3	47458	0.584375	4675
3	47468	0.5845	4676
3	47478	0.584625	4677
3	47488	0.58475	4678
3	47498	0.584875	4679
3	47508	0.585	4680
3	47518	0.585125	4681
3	47528	0.58525	4682
3	47538	0.585375	4683
3	47548	0.5855	4684
3	47558	0.585625	4685
3	47572	0.58575	4686
3	47582	0.585875	4687
3	47592	0.586	4688
3	47602	0.586125	4689
3	47612	0.58625	4690
3	47622	0.586375	4691
3	47632	0.5865	4692
3	47642	0.586625	4693
3	47652	0.58675	4694
3	47662	0.586875	4695
3	47672	0.587	4696
3	47682	0.587125	4697
3	47692	0.58725	4698
3	47702	0.587375	4699
3	47712	0.5875	4700
3	47722	0.587625	4701
3	47732	0.58775	4702
3	47742	0.587875	4703
3	47752	0.588	4704
3	47762	0.588125	4705
3	47772	0.58825	4706
3	47782	0.588375	4707
3	47792	0.5885	4708
3	47802	0.588625	4709
3	47812	0.58875	4710
3	47822	0.588875	4711
3	47836	0.589	4712
3	47846	0.589125	4713
3	47856	0.58925	4714
3	47866	0.589375	4715
3	47876	0.5895	4716
3	47886	0.589625	4717
3	47896	0.58975	4718
3	47906	0.589875	4719
3	47916	0.59	4720
3	47926	0.590125	4721
3	47936	0.59025	4722
3	47946	0.590375	4723
3	47956	0.5905	4724
3	47966	0.590625	4725
3	47976	0.59075	4726
3	47986	0.590875	4727
3	47996	0.591	4728
3	48006	0.591125	4729
3	48016	0.59125	4730
3	48026	0.591375	4731
3	48036	0.5915	4732
3	48046	0.591625	4733
3	48056	0.59175	4734
3	48066	0.591875	4735
3	48076	0.592	4736
3	48086	0.592125	4737
3	48100	0.59225	4738
3	48110	0.592375	4739
3	48120	0.5925	4740
3	48130	0.592625	4741
3	48140	0.59275	4742
3	48150	0.592875	4743
3	48160	0.593	4744
3	48170	0.593125	4745
3	48180	0.59325	4746
3	48190	0.593375	4747
3	48200	0.5935	4748
3	48210	0.593625	4749
3	48220	0.59375	4750
3	48230	0.593875	4751
3	48240	0.594	4752
3	48250	0.594125	4753
3	48260	0.59425	4754
3	48270	0.594375	4755
3	48280	0.5945	4756
3	48290	0.594625	4757
3	48300	0.59475	4758
3	48310	0.594875	4759
3	48320	0.595	4760
3	48330	0.595125	4761
3	48340	0.59525	4762
3	48350	0.595375	4763
3	48364	0.5955	4764
3	48374	0.595625	4765
3	48384	0.59575	4766
3	48394	0.595875	4767
3	48404	0.596	4768
3	48414	0.596125	4769
3	48424	0.59625	4770
3	48434	0.596375	4771
3	48444	0.5965	4772
3	48454	0.596625	4773
3	48464	0.59675	4774
3	48474	0.596875	4775
3	48484	0.597	4776
3	48494	0.597125	4777
3	48504	0.59725	4778
3	48514	0.597375	4779
3	48524	0.5975	4780
3	48534	0.597625	4781
3	48544	0.59775	4782
3	48554	0.597875	4783
3	48564	0.598	4784
3	48574	0.598125	4785
3	48584	0.59825	4786
3	48594	0.598375	4787
3	48604	0.5985	4788
3	48614	0.598625	4789
3	48628	0.59875	4790
3	48638	0.598875	4791
3	48648	0.599	4792
3	48658	0.599125	4793
3	48668	0.59925	4794
3	48678	0.599375	4795
3	48688	0.5995	4796
3	48698	0.599625	4797
3	48708	0.59975	4798
3	48718	0.599875	4799
3	48728	0.6	4800
3	48738	0.600125	4801
3	48748	0.60025	4802
3	48758	0.600375	4803
3	48768	0.6005	4804
3	48778	0.600625	4805
3	48788	0.60075	4806
3	48798	0.600875	4807
3	48808	0.601	4808
3	48818	0.601125	4809
3	48828	0.60125	4810
3	48838	0.601375	4811
3	48848	0.6015	4812
3	48858	0.601625	4813
3	48868	0.60175	4814
3	48878	0.601875	4815
3	48888	0.602	4816
3	48902	0.602125	4817
3	48912	0.60225	4818
3	48922	0.602375	4819
3	48932	0.6025	4820
3	48942	0.602625	4821
3	48952	0.60275	4822
3	48962	0.602875	4823
3	48972	0.603	4824
3	48982	0.603125	4825
3	48992	0.60325	4826
3	49002	0.603375	4827
3	49012	0.6035	4828
3	49022	0.603625	4829
3	49032	0.60375	4830
3	49042	0.603875	4831
3	49052	0.604	4832
3	49062	0.604125	4833
3	49072	0.60425	4834
3	49082	0.604375	4835
3	49092	0.6045	4836
3	49102	0.604625	4837
3	49112	0.60475	4838
3	49122	0.604875	4839
3	49132	0.605	4840
3	49142	0.605125	4841
3	49152	0.60525	4842
3	49166	0.605375	4843
3	49176	0.6055	4844
3	49186	0.605625	4845
3	49196	0.60575	4846
3	49206	0.605875	4847
3	49216	0.606	4848
3	49226	0.606125	4849
3	49236	0.60625	4850
3	49246	0.606375	4851
3	49256	0.6065	4852
3	49266	0.606625	4853
3	49276	0.60675	4854
3	49286	0.606875	4855
3	49296	0.607	4856
3	49306	0.607125	4857
3	49316	0.60725	4858
3	49326	0.607375	4859
3	49336	0.6075	4860
3	49346	0.607625	4861
3	49356	0.60775	4862
3	49366	0.607875	4863
3	49376	0.608	4864
3	49386	0.608125	4865
3	49396	0.60825	4866
3	49406	0.608375	4867
3	49416	0.6085	4868
3	49430	0.608625	4869
3	49440	0.60875	4870
3	49450	0.608875	4871
3	49460	0.609	4872
3	49470	0.609125	4873
3	49480	0.60925	4874
3	49490	0.609375	4875
3	49500	0.6095	4876
3	49510	0.609625	4877
3	49520	0.60975	4878
3	49530	0.609875	4879
3	49540	0.61	4880
3	49550	0.610125	4881
3	49560	0.61025	4882
3	49570	0.610375	4883
3	49580	0.6105	4884
3	49590	0.610625	4885
3	49600	0.61075	4886
3	49610	0.610875	4887
3	49620	0.611	4888
3	49630	0.611125	4889
3	49640	0.61125	4890
3	49650	0.611375	4891
3	49660	0.6115	4892
3	49670	0.611625	4893
3	49680	0.61175	4894
3	49694	0.611875	4895
3	49704	0.612	4896
3	49714	0.612125	4897
3	49724	0.61225	4898
3	49734	0.612375	4899
3	49744	0.6125	4900
3	49754	0.612625	4901
3	49764	0.61275	4902
3	49774	0.612875	4903
3	49784	0.613	4904
3	49794	0.613125	4905
3	49804	0.61325	4906
3	49814	0.613375	4907
3	49824	0.6135	4908
3	49834	0.613625	4909
3	49844	0.61375	4910
3	49854	0.613875	4911
3	49864	0.614	4912
3	49874	0.614125	4913
3	49884	0.61425	4914
3	49894	0.614375	4915
3	49904	0.6145	4916
3	49914	0.614625	4917
3	49924	0.61475	4918
3	49934	0.614875	4919
3	49944	0.615	4920
3	49958	0.615125	4921
3	49968	0.61525	4922
3	49978	0.615375	4923
3	49988	0.6155	4924
3	49998	0.615625	4925
3	50008	0.61575	4926
3	50018	0.615875	4927
3	50028	0.616	4928
3	50038	0.616125	4929
3	50048	0.61625	4930
3	50058	0.616375	4931
3	50068	0.6165	4932
3	50078	0.616625	4933
3	50088	0.61675	4934
3	50098	0.616875	4935
3	50108	0.617	4936
3	50118	0.617125	4937
3	50128	0.61725	4938
3	50138	0.617375	4939
3	50148	0.6175	4940
3	50158	0.617625	4941
3	50168	0.61775	4942
3	50178	0.617875	4943
3	50188	0.618	4944
3	50198	0.618125	4945
3	50208	0.61825	4946
3	50222	0.618375	4947
3	50232	0.6185	4948
3	50242	0.618625	4949
3	50252	0.61875	4950
3	50262	0.618875	4951
3	50272	0.619	4952
3	50282	0.619125	4953
3	50292	0.61925	4954
3	50302	0.619375	4955
3	50312	0.6195	4956
3	50322	0.619625	4957
3	50332	0.61975	4958
3	50342	0.619875	4959
3	50352	0.62	4960
3	50362	0.620125	4961
3	50372	0.62025	4962
3	50382	0.620375	4963
3	50392	0.6205	4964
3	50402	0.620625	4965
3	50412	0.62075	4966
3	50422	0.620875	4967
3	50432	0.621	4968
3	50442	0.621125	4969
3	50452	0.62125	4970
3	50462	0.621375	4971
3	50472	0.6215	4972
3	50482	0.621625	4973
3	50496	0.62175	4974
3	50506	0.621875	4975
3	50516	0.622	4976
3	50526	0.622125	4977
3	50536	0.62225	4978
3	50546	0.622375	4979
3	50556	0.6225	4980
3	50566	0.622625	4981
3	50576	0.62275	4982
3	50586	0.622875	4983
3	50596	0.623	4984
3	50606	0.623125	4985
3	50616	0.62325	4986
3	50626	0.623375	4987
3	50636	0.6235	4988
3	50646	0.623625	4989
3	50656	0.62375	4990
3	50666	0.623875	4991
3	50676	0.624	4992
3	50686	0.624125	4993
3	50696	0.62425	4994
3	50706	0.624375	4995
3	50716	0.6245	4996
3	50726	0.624625	4997
3	50736	0.62475	4998
3	50746	0.624875	4999
3	50760	0.625	5000
3	50770	0.625125	5001
3	50780	0.62525	5002
3	50790	0.625375	5003
3	50800	0.6255	5004
3	50810	0.625625	5005
3	50820	0.62575	5006
3	50830	0.625875	5007
3	50840	0.626	5008
3	50850	0.626125	5009
3	50860	0.62625	5010
3	50870	0.626375	5011
3	50880	0.6265	5012
3	50890	0.626625	5013
3	50900	0.62675	5014
3	50910	0.626875	5015
3	50920	0.627	5016
3	50930	0.627125	5017
3	50940	0.62725	5018
3	50950	0.627375	5019
3	50960	0.6275	5020
3	50970	0.627625	5021
3	50980	0.62775	5022
3	50990	0.627875	5023
3	51000	0.628	5024
3	51010	0.628125	5025
3	51024	0.62825	5026
3	51034	0.628375	5027
3	51044	0.6285	5028
3	51054	0.628625	5029
3	51064	0.62875	5030
3	51074	0.628875	5031
3	51084	0.629	5032
3	51094	0.629125	5033
3	51104	0.62925	5034
3	51114	0.629375	5035
3	51124	0.6295	5036
3	51134	0.629625	5037
3	51144	0.62975	5038
3	51154	0.629875	5039
3	51164	0.63	5040
3	51174	0.630125	5041
3	51184	0.63025	5042
3	51194	0.630375	5043
3	51204	0.6305	5044
3	51214	0.630625	5045
3	51224	0.63075	5046
3	51234	0.630875	5047
3	51244	0.631	5048
3	51254	0.631125	5049
3	51264	0.63125	5050
3	51274	0.631375	5051
3	51288	0.6315	5052
3	51298	0.631625	5053
3	51308	0.63175	5054
3	51318	0.631875	5055
3	51328	0.632	5056
3	51338	0.632125	5057
3	51348	0.63225	5058
3	51358	0.632375	5059
3	51368	0.6325	5060
3	51378	0.632625	5061
3	51388	0.63275	5062
3	51398	0.632875	5063
3	51408	0.633	5064
3	51418	0.633125	5065
3	51428	0.63325	5066
3	51438	0.633375	5067
3	51448	0.6335	5068
3	51458	0.633625	5069
3	51468	0.63375	5070
3	51478	0.633875	5071
3	51488	0.634	5072
3	51498	0.634125	5073
3	51508	0.63425	5074
3	51518	0.634375	5075
3	51528	0.6345	5076
3	51538	0.634625	5077
3	51552	0.63475	5078
3	51562	0.634875	5079
3	51572	0.635	5080
3	51582	0.635125	5081
3	51592	0.63525	5082
3	51602	0.635375	5083
3	51612	0.6355	5084
3	51622	0.635625	5085
3	51632	0.63575	5086
3	51642	0.635875	5087
3	51652	0.636	5088
3	51662	0.636125	5089
3	51672	0.63625	5090
3	51682	0.636375	5091
3	51692	0.6365	5092
3	51702	0.636625	5093
3	51712	0.63675	5094
3	51722	0.636875	5095
3	51732	0.637	5096
3	51742	0.637125	5097
3	51752	0.63725	5098
3	51762	0.637375	5099
3	51772	0.6375	5100
3	51782	0.637625	5101
3	51792	0.63775	5102
3	51802	0.637875	5103
3	51816	0.638	5104
3	51826	0.638125	5105
3	51836	0.63825	5106
3	51846	0.638375	5107
3	51856	0.6385	5108
3	51866	0.638625	5109
3	51876	0.63875	5110
3	51886	0.638875	5111
3	51896	0.639	5112
3	51906	0.639125	5113
3	51916	0.63925	5114
3	51926	0.639375	5115
3	51936	0.6395	5116
3	51946	0.639625	5117
3	51956	0.63975	5118
3	51966	0.639875	5119
3	51976	0.64	5120
3	51986	0.640125	5121
3	51996	0.64025	5122
3	52006	0.640375	5123
3	52016	0.6405	5124
3	52026	0.640625	5125
3	52036	0.64075	5126
3	52046	0.640875	5127
3	52056	0.641	5128
3	52066	0.641125	5129
3	52076	0.64125	5130
3	52090	0.641375	5131
3	52100	0.6415	5132
3	52110	0.641625	5133
3	52120	0.64175	5134
3	52130	0.641875	5135
3	52140	0.642	5136
3	52150	0.642125	5137
3	52160	0.64225	5138
3	52170	0.642375	5139
3	52180	0.6425	5140
3	52190	0.642625	5141
3	52200	0.64275	5142
3	52210	0.642875	5143
3	52220	0.643	5144
3	52230	0.643125	5145
3	52240	0.64325	5146
3	52250	0.643375	5147
3	52260	0.6435	5148
3	52270	0.643625	5149
3	52280	0.64375	5150
3	52290	0.643875	5151
3	52300	0.644	5152
3	52310	0.644125	5153
3	52320	0.64425	5154
3	52330	0.644375	5155
3	52340	0.6445	5156
3	52354	0.644625	5157
3	52364	0.64475	5158
3	52374	0.644875	5159
3	52384	0.645	5160
3	52394	0.645125	5161
3	52404	0.64525	5162
3	52414	0.645375	5163
3	52424	0.6455	5164
3	52434	0.645625	5165
3	52444	0.64575	5166
3	52454	0.645875	5167
3	52464	0.646	5168
3	52474	0.646125	5169
3	52484	0.64625	5170
3	52494	0.646375	5171
3	52504	0.6465	5172
3	52514	0.646625	5173
3	52524	0.64675	5174
3	52534	0.646875	5175
3	52544	0.647	5176
3	52554	0.647125	5177
3	52564	0.64725	5178
3	52574	0.647375	5179
3	52584	0.6475	5180
3	52594	0.647625	5181
3	52604	0.64775	5182
3	52618	0.647875	5183
3	52628	0.648	5184
3	52638	0.648125	5185
3	52648	0.64825	5186
3	52658	0.648375	5187
3	52668	0.6485	5188
3	52678	0.648625	5189
3	52688	0.64875	5190
3	52698	0.648875	5191
3	52708	0.649	5192
3	52718	0.649125	5193
3	52728	0.64925	5194
3	52738	0.649375	5195
3	52748	0.6495	5196
3	52758	0.649625	5197
3	52768	0.64975	5198
3	52778	0.649875	5199
3	52788	0.65	5200
3	52798	0.650125	5201
3	52808	0.65025	5202
3	52818	0.650375	5203
3	52828	0.6505	5204
3	52838	0.650625	5205
3	52848	0.65075	5206
3	52858	0.650875	5207
3	52868	0.651	5208
3	52882	0.651125	5209
3	52892	0.65125	5210
3	52902	0.651375	5211
3	52912	0.6515	5212
3	52922	0.651625	5213
3	52932	0.65175	5214
3	52942	0.651875	5215
3	52952	0.652	5216
3	52962	0.652125	5217
3	52972	0.65225	5218
3	52982	0.652375	5219
3	52992	0.6525	5220
3	53002	0.652625	5221
3	53012	0.65275	5222
3	53022	0.652875	5223
3	53032	0.653	5224
3	53042	0.653125	5225
3	53052	0.65325	5226
3	53062	0.653375	5227
3	53072	0.6535	5228
3	53082	0.653625	5229
3	53092	0.65375	5230
3	53102	0.653875	5231
3	53112	0.654	5232
3	53122	0.654125	5233
3	53132	0.65425	5234
3	53146	0.654375	5235
3	53156	0.6545	5236
3	53166	0.654625	5237
3	53176	0.65475	5238
3	53186	0.654875	5239
3	53196	0.655	5240
3	53206	0.655125	5241
3	53216	0.65525	5242
3	53226	0.655375	5243
3	53236	0.6555	5244
3	53246	0.655625	5245
3	53256	0.65575	5246
3	53266	0.655875	5247
3	53276	0.656	5248
3	53286	0.656125	5249
3	53296	0.65625	5250
3	53306	0.656375	5251
3	53316	0.6565	5252
3	53326	0.656625	5253
3	53336	0.65675	5254
3	53346	0.656875	5255
3	53356	0.657	5256
3	53366	0.657125	5257
3	53376	0.65725	5258
3	53386	0.657375	5259
3	53396	0.6575	5260
3	53410	0.657625	5261
3	53420	0.65775	5262
3	53430	0.657875	5263
3	53440	0.658	5264
3	53450	0.658125	5265
3	53460	0.65825	5266
3	53470	0.658375	5267
3	53480	0.6585	5268
3	53490	0.658625	5269
3	53500	0.65875	5270
3	53510	0.658875	5271
3	53520	0.659	5272
3	53530	0.659125	5273
3	53540	0.65925	5274
3	53550	0.659375	5275
3	53560	0.6595	5276
3	53570	0.659625	5277
3	53580	0.65975	5278
3	53590	0.659875	5279
3	53600	0.66	5280
3	53610	0.660125	5281
3	53620	0.66025	5282
3	53630	0.660375	5283
3	53640	0.6605	5284
3	53650	0.660625	5285
3	53660	0.66075	5286
3	53670	0.660875	5287
3	53684	0.661	5288
3	53694	0.661125	5289
3	53704	0.66125	5290
3	53714	0.661375	5291
3	53724	0.6615	5292
3	53734	0.661625	5293
3	53744	0.66175	5294
3	53754	0.661875	5295
3	53764	0.662	5296
3	53774	0.662125	5297
3	53784	0.66225	5298
3	53794	0.662375	5299
3	53804	0.6625	5300
3	53814	0.662625	5301
3	53824	0.66275	5302
3	53834	0.662875	5303
3	53844	0.663	5304
3	53854	0.663125	5305
3	53864	0.66325	5306
3	53874	0.663375	5307
3	53884	0.6635	5308
3	53894	0.663625	5309
3	53904	0.66375	5310
3	53914	0.663875	5311
3	53924	0.664	5312
3	53934	0.664125	5313
3	53948	0.66425	5314
3	53958	0.664375	5315
3	53968	0.6645	5316
3	53978	0.664625	5317
3	53988	0.66475	5318
3	53998	0.664875	5319
3	54008	0.665	5320
3	54018	0.665125	5321
3	54028	0.66525	5322
3	54038	0.665375	5323
3	54048	0.6655	5324
3	54058	0.665625	5325
3	54068	0.66575	5326
3	54078	0.665875	5327
3	54088	0.666	5328
3	54098	0.666125	5329
3	54108	0.66625	5330
3	54118	0.666375	5331
3	54128	0.6665	5332
3	54138	0.666625	5333
3	54148	0.66675	5334
3	54158	0.666875	5335
3	54168	0.667	5336
3	54178	0.667125	5337
3	54188	0.66725	5338
3	54198	0.667375	5339
3	54212	0.6675	5340
3	54222	0.667625	5341
3	54232	0.66775	5342
3	54242	0.667875	5343
3	54252	0.668	5344
3	54262	0.668125	5345
3	54272	0.66825	5346
3	54282	0.668375	5347
3	54292	0.6685	5348
3	54302	0.668625	5349
3	54312	0.66875	5350
3	54322	0.668875	5351
3	54332	0.669	5352
3	54342	0.669125	5353
3	54352	0.66925	5354
3	54362	0.669375	5355
3	54372	0.6695	5356
3	54382	0.669625	5357
3	54392	0.66975	5358
3	54402	0.669875	5359
3	54412	0.67	5360
3	54422	0.670125	5361
3	54432	0.67025	5362
3	54442	0.670375	5363
3	54452	0.6705	5364
3	54462	0.670625	5365
3	54476	0.67075	5366
3	54486	0.670875	5367
3	54496	0.671	5368
3	54506	0.671125	5369
3	54516	0.67125	5370
3	54526	0.671375	5371
3	54536	0.6715	5372
3	54546	0.671625	5373
3	54556	0.67175	5374
3	54566	0.671875	5375
3	54576	0.672	5376
3	54586	0.672125	5377
3	54596	0.67225	5378
3	54606	0.672375	5379
3	54616	0.6725	5380
3	54626	0.672625	5381
3	54636	0.67275	5382
3	54646	0.672875	5383
3	54656	0.673	5384
3	54666	0.673125	5385
3	54676	0.67325	5386
3	54686	0.673375	5387
3	54696	0.6735	5388
3	54706	0.673625	5389
3	54716	0.67375	5390
3	54726	0.673875	5391
3	54740	0.674	5392
3	54750	0.674125	5393
3	54760	0.67425	5394
3	54770	0.674375	5395
3	54780	0.6745	5396
3	54790	0.674625	5397
3	54800	0.67475	5398
3	54810	0.674875	5399
3	54820	0.675	5400
3	54830	0.675125	5401
3	54840	0.67525	5402
3	54850	0.675375	5403
3	54860	0.6755	5404
3	54870	0.675625	5405
3	54880	0.67575	5406
3	54890	0.675875	5407
3	54900	0.676	5408
3	54910	0.676125	5409
3	54920	0.67625	5410
3	54930	0.676375	5411
3	54940	0.6765	5412
3	54950	0.676625	5413
3	54960	0.67675	5414
3	54970	0.676875	5415
3	54980	0.677	5416
3	54990	0.677125	5417
3	55000	0.67725	5418
3	55014	0.677375	5419
3	55024	0.6775	5420
3	55034	0.677625	5421
3	55044	0.67775	5422
3	55054	0.677875	5423
3	55064	0.678	5424
3	55074	0.678125	5425
3	55084	0.67825	5426
3	55094	0.678375	5427
3	55104	0.6785	5428
3	55114	0.678625	5429
3	55124	0.67875	5430
3	55134	0.678875	5431
3	55144	0.679	5432
3	55154	0.679125	5433
3	55164	0.67925	5434
3	55174	0.679375	5435
3	55184	0.6795	5436
3	55194	0.679625	5437
3	55204	0.67975	5438
3	55214	0.679875	5439
3	55224	0.68	5440
3	55234	0.680125	5441
3	55244	0.68025	5442
3	55254	0.680375	5443
3	55264	0.6805	5444
3	55278	0.680625	5445
3	55288	0.68075	5446
3	55298	0.680875	5447
3	55308	0.681	5448
3	55318	0.681125	5449
3	55328	0.68125	5450
3	55338	0.681375	5451
3	55348	0.6815	5452
3	55358	0.681625	5453
3	55368	0.68175	5454
3	55378	0.681875	5455
3	55388	0.682	5456
3	55398	0.682125	5457
3	55408	0.68225	5458
3	55418	0.682375	5459
3	55428	0.6825	5460
3	55438	0.682625	5461
3	55448	0.68275	5462
3	55458	0.682875	5463
3	55468	0.683	5464
3	55478	0.683125	5465
3	55488	0.68325	5466
3	55498	0.683375	5467
3	55508	0.6835	5468
3	55518	0.683625	5469
3	55528	0.68375	5470
3	55542	0.683875	5471
3	55552	0.684	5472
3	55562	0.684125	5473
3	55572	0.68425	5474
3	55582	0.684375	5475
3	55592	0.6845	5476
3	55602	0.684625	5477
3	55612	0.68475	5478
3	55622	0.684875	5479
3	55632	0.685	5480
3	55642	0.685125	5481
3	55652	0.68525	5482
3	55662	0.685375	5483
3	55672	0.6855	5484
3	55682	0.685625	5485
3	55692	0.68575	5486
3	55702	0.685875	5487
3	55712	0.686	5488
3	55722	0.686125	5489
3	55732	0.68625	5490
3	55742	0.686375	5491
3	55752	0.6865	5492
3	55762	0.686625	5493
3	55772	0.68675	5494
3	55782	0.686875	5495
3	55792	0.687	5496
3	55806	0.687125	5497
3	55816	0.68725	5498
3	55826	0.687375	5499
3	55836	0.6875	5500
3	55846	0.687625	5501
3	55856	0.68775	5502
3	55866	0.687875	5503
3	55876	0.688	5504
3	55886	0.688125	5505
3	55896	0.68825	5506
3	55906	0.688375	5507
3	55916	0.6885	5508
3	55926	0.688625	5509
3	55936	0.68875	5510
3	55946	0.688875	5511
3	55956	0.689	5512
3	55966	0.689125	5513
3	55976	0.68925	5514
3	55986	0.689375	5515
3	55996	0.6895	5516
3	56006	0.689625	5517
3	56016	0.68975	5518
3	56026	0.689875	5519
3	56036	0.69	5520
3	56046	0.690125	5521
3	56056	0.69025	5522
3	56070	0.690375	5523
3	56080	0.6905	5524
3	56090	0.690625	5525
3	56100	0.69075	5526
3	56110	0.690875	5527
3	56120	0.691	5528
3	56130	0.691125	5529
3	56140	0.69125	5530
3	56150	0.691375	5531
3	56160	0.6915	5532
3	56170	0.691625	5533
3	56180	0.69175	5534
3	56190	0.691875	5535
3	56200	0.692	5536
3	56210	0.692125	5537
3	56220	0.69225	5538
3	56230	0.692375	5539
3	56240	0.6925	5540
3	56250	0.692625	5541
3	56260	0.69275	5542
3	56270	0.692875	5543
3	56280	0.693	5544
3	56290	0.693125	5545
3	56300	0.69325	5546
3	56310	0.693375	5547
3	56320	0.6935	5548
3	56334	0.693625	5549
3	56344	0.69375	5550
3	56354	0.693875	5551
3	56364	0.694	5552
3	56374	0.694125	5553
3	56384	0.69425	5554
3	56394	0.694375	5555
3	56404	0.6945	5556
3	56414	0.694625	5557
3	56424	0.69475	5558
3	56434	0.694875	5559
3	56444	0.695	5560
3	56454	0.695125	5561
3	56464	0.69525	5562
3	56474	0.695375	5563
3	56484	0.6955	5564
3	56494	0.695625	5565
3	56504	0.69575	5566
3	56514	0.695875	5567
3	56524	0.696	5568
3	56534	0.696125	5569
3	56544	0.69625	5570
3	56554	0.696375	5571
3	56564	0.6965	5572
3	56574	0.696625	5573
3	56584	0.69675	5574
3	56594	0.696875	5575
3	56608	0.697	5576
3	56618	0.697125	5577
3	56628	0.69725	5578
3	56638	0.697375	5579
3	56648	0.6975	5580
3	56658	0.697625	5581
3	56668	0.69775	5582
3	56678	0.697875	5583
3	56688	0.698	5584
3	56698	0.698125	5585
3	56708	0.69825	5586
3	56718	0.698375	5587
3	56728	0.6985	5588
3	56738	0.698625	5589
3	56748	0.69875	5590
3	56758	0.698875	5591
3	56768	0.699	5592
3	56778	0.699125	5593
3	56788	0.69925	5594
3	56798	0.699375	5595
3	56808	0.6995	5596
3	56818	0.699625	5597
3	56828	0.69975	5598
3	56838	0.699875	5599
3	56848	0.7	5600
3	56858	0.700125	5601
3	56872	0.70025	5602
3	56882	0.700375	5603
3	56892	0.7005	5604
3	56902	0.700625	5605
3	56912	0.70075	5606
3	56922	0.700875	5607
3	56932	0.701	5608
3	56942	0.701125	5609
3	56952	0.70125	5610
3	56962	0.701375	5611
3	56972	0.7015	5612
3	56982	0.701625	5613
3	56992	0.70175	5614
3	57002	0.701875	5615
3	57012	0.702	5616
3	57022	0.702125	5617
3	57032	0.70225	5618
3	57042	0.702375	5619
3	57052	0.7025	5620
3	57062	0.702625	5621
3	57072	0.70275	5622
3	57082	0.702875	5623
3	57092	0.703	5624
3	57102	0.703125	5625
3	57112	0.70325	5626
3	57122	0.703375	5627
3	57136	0.7035	5628
3	57146	0.703625	5629
3	57156	0.70375	5630
3	57166	0.703875	5631
3	57176	0.704	5632
3	57186	0.704125	5633
3	57196	0.70425	5634
3	57206	0.704375	5635
3	57216	0.7045	5636
3	57226	0.704625	5637
3	57236	0.70475	5638
3	57246	0.704875	5639
3	57256	0.705	5640
3	57266	0.705125	5641
3	57276	0.70525	5642
3	57286	0.705375	5643
3	57296	0.7055	5644
3	57306	0.705625	5645
3	57316	0.70575	5646
3	57326	0.705875	5647
3	57336	0.706	5648
3	57346	0.706125	5649
3	57356	0.70625	5650
3	57366	0.706375	5651
3	57376	0.7065	5652
3	57386	0.706625	5653
3	57400	0.70675	5654
3	57410	0.706875	5655
3	57420	0.707	5656
3	57430	0.707125	5657
3	57440	0.70725	5658
3	57450	0.707375	5659
3	57460	0.7075	5660
3	57470	0.707625	5661
3	57480	0.70775	5662
3	57490	0.707875	5663
3	57500	0.708	5664
3	57510	0.708125	5665
3	57520	0.70825	5666
3	57530	0.708375	5667
3	57540	0.7085	5668
3	57550	0.708625	5669
3	57560	0.70875	5670
3	57570	0.708875	5671
3	57580	0.709	5672
3	57590	0.709125	5673
3	57600	0.70925	5674
3	57610	0.709375	5675
3	57620	0.7095	5676
3	57630	0.709625	5677
3	57640	0.70975	5678
3	57650	0.709875	5679
3	57664	0.71	5680
3	57674	0.710125	5681
3	57684	0.71025	5682
3	57694	0.710375	5683
3	57704	0.7105	5684
3	57714	0.710625	5685
3	57724	0.71075	5686
3	57734	0.710875	5687
3	57744	0.711	5688
3	57754	0.711125	5689
3	57764	0.71125	5690
3	57774	0.711375	5691
3	57784	0.7115	5692
3	57794	0.711625	5693
3	57804	0.71175	5694
3	57814	0.711875	5695
3	57824	0.712	5696
3	57834	0.712125	5697
3	57844	0.71225	5698
3	57854	0.712375	5699
3	57864	0.7125	5700
3	57874	0.712625	5701
3	57884	0.71275	5702
3	57894	0.712875	5703
3	57904	0.713	5704
3	57914	0.713125	5705
3	57928	0.71325	5706
3	57938	0.713375	5707
3	57948	0.7135	5708
3	57958	0.713625	5709
3	57968	0.71375	5710
3	57978	0.713875	5711
3	57988	0.714	5712
3	57998	0.714125	5713
3	58008	0.71425	5714
3	58018	0.714375	5715
3	58028	0.7145	5716
3	58038	0.714625	5717
3	58048	0.71475	5718
3	58058	0.714875	5719
3	58068	0.715	5720
3	58078	0.715125	5721
3	58088	0.71525	5722
3	58098	0.715375	5723
3	58108	0.7155	5724
3	58118	0.715625	5725
3	58128	0.71575	5726
3	58138	0.715875	5727
3	58148	0.716	5728
3	58158	0.716125	5729
3	58168	0.71625	5730
3	58178	0.716375	5731
3	58188	0.7165	5732
3	58202	0.716625	5733
3	58212	0.71675	5734
3	58222	0.716875	5735
3	58232	0.717	5736
3	58242	0.717125	5737
3	58252	0.71725	5738
3	58262	0.717375	5739
3	58272	0.7175	5740
3	58282	0.717625	5741
3	58292	0.71775	5742
3	58302	0.717875	5743
3	58312	0.718	5744
3	58322	0.718125	5745
3	58332	0.71825	5746
3	58342	0.718375	5747
3	58352	0.7185	5748
3	58362	0.718625	5749
3	58372	0.71875	5750
3	58382	0.718875	5751
3	58392	0.719	5752
3	58402	0.719125	5753
3	58412	0.71925	5754
3	58422	0.719375	5755
3	58432	0.7195	5756
3	58442	0.719625	5757
3	58452	0.71975	5758
3	58466	0.719875	5759
3	58476	0.72	5760
3	58486	0.720125	5761
3	58496	0.72025	5762
3	58506	0.720375	5763
3	58516	0.7205	5764
3	58526	0.720625	5765
3	58536	0.72075	5766
3	58546	0.720875	5767
3	58556	0.721	5768
3	58566	0.721125	5769
3	58576	0.72125	5770
3	58586	0.721375	5771
3	58596	0.7215	5772
3	58606	0.721625	5773
3	58616	0.72175	5774
3	58626	0.721875	5775
3	58636	0.722	5776
3	58646	0.722125	5777
3	58656	0.72225	5778
3	58666	0.722375	5779
3	58676	0.7225	5780
3	58686	0.722625	5781
3	58696	0.72275	5782
3	58706	0.722875	5783
3	58716	0.723	5784
3	58730	0.723125	5785
3	58740	0.72325	5786
3	58750	0.723375	5787
3	58760	0.7235	5788
3	58770	0.723625	5789
3	58780	0.72375	5790
3	58790	0.723875	5791
3	58800	0.724	5792
3	58810	0.724125	5793
3	58820	0.72425	5794
3	58830	0.724375	5795
3	58840	0.7245	5796
3	58850	0.724625	5797
3	58860	0.72475	5798
3	58870	0.724875	5799
3	58880	0.725	5800
3	58890	0.725125	5801
3	58900	0.72525	5802
3	58910	0.725375	5803
3	58920	0.7255	5804
3	58930	0.725625	5805
3	58940	0.72575	5806
3	58950	0.725875	5807
3	58960	0.726	5808
3	58970	0.726125	5809
3	58980	0.72625	5810
3	58994	0.726375	5811
3	59004	0.7265	5812
3	59014	0.726625	5813
3	59024	0.72675	5814
3	59034	0.726875	5815
3	59044	0.727	5816
3	59054	0.727125	5817
3	59064	0.72725	5818
3	59074	0.727375	5819
3	59084	0.7275	5820
3	59094	0.727625	5821
3	59104	0.72775	5822
3	59114	0.727875	5823
3	59124	0.728	5824
3	59134	0.728125	5825
3	59144	0.72825	5826
3	59154	0.728375	5827
3	59164	0.7285	5828
3	59174	0.728625	5829
3	59184	0.72875	5830
3	59194	0.728875	5831
3	59204	0.729	5832
3	59214	0.729125	5833
3	59224	0.72925	5834
3	59234	0.729375	5835
3	59244	0.7295	5836
3	59258	0.729625	5837
3	59268	0.72975	5838
3	59278	0.729875	5839
3	59288	0.73	5840
3	59298	0.730125	5841
3	59308	0.73025	5842
3	59318	0.730375	5843
3	59328	0.7305	5844
3	59338	0.730625	5845
3	59348	0.73075	5846
3	59358	0.730875	5847
3	59368	0.731	5848
3	59378	0.731125	5849
3	59388	0.73125	5850
3	59398	0.731375	5851
3	59408	0.7315	5852
3	59418	0.731625	5853
3	59428	0.73175	5854
3	59438	0.731875	5855
3	59448	0.732	5856
3	59458	0.732125	5857
3	59468	0.73225	5858
3	59478	0.732375	5859
3	59488	0.7325	5860
3	59498	0.732625	5861
3	59508	0.73275	5862
3	59522	0.732875	5863
3	59532	0.733	5864
3	59542	0.733125	5865
3	59552	0.73325	5866
3	59562	0.733375	5867
3	59572	0.7335	5868
3	59582	0.733625	5869
3	59592	0.73375	5870
3	59602	0.733875	5871
3	59612	0.734	5872
3	59622	0.734125	5873
3	59632	0.73425	5874
3	59642	0.734375	5875
3	59652	0.7345	5876
3	59662	0.734625	5877
3	59672	0.73475	5878
3	59682	0.734875	5879
3	59692	0.735	5880
3	59702	0.735125	5881
3	59712	0.73525	5882
3	59722	0.735375	5883
3	59732	0.7355	5884
3	59742	0.735625	5885
3	59752	0.73575	5886
3	59762	0.735875	5887
3	59772	0.736	5888
3	59782	0.736125	5889
3	59796	0.73625	5890
3	59806	0.736375	5891
3	59816	0.7365	5892
3	59826	0.736625	5893
3	59836	0.73675	5894
3	59846	0.736875	5895
3	59856	0.737	5896
3	59866	0.737125	5897
3	59876	0.73725	5898
3	59886	0.737375	5899
3	59896	0.7375	5900
3	59906	0.737625	5901
3	59916	0.73775	5902
3	59926	0.737875	5903
3	59936	0.738	5904
3	59946	0.738125	5905
3	59956	0.73825	5906
3	59966	0.738375	5907
3	59976	0.7385	5908
3	59986	0.738625	5909
3	59996	0.73875	5910
3	60006	0.738875	5911
3	60016	0.739	5912
3	60026	0.739125	5913
3	60036	0.73925	5914
3	60046	0.739375	5915
3	60060	0.7395	5916
3	60070	0.739625	5917
3	60080	0.73975	5918
3	60090	0.739875	5919
3	60100	0.74	5920
3	60110	0.740125	5921
3	60120	0.74025	5922
3	60130	0.740375	5923
3	60140	0.7405	5924
3	60150	0.740625	5925
3	60160	0.74075	5926
3	60170	0.740875	5927
3	60180	0.741	5928
3	60190	0.741125	5929
3	60200	0.74125	5930
3	60210	0.741375	5931
3	60220	0.7415	5932
3	60230	0.741625	5933
3	60240	0.74175	5934
3	60250	0.741875	5935
3	60260	0.742	5936
3	60270	0.742125	5937
3	60280	0.74225	5938
3	60290	0.742375	5939
3	60300	0.7425	5940
3	60310	0.742625	5941
3	60324	0.74275	5942
3	60334	0.742875	5943
3	60344	0.743	5944
3	60354	0.743125	5945
3	60364	0.74325	5946
3	60374	0.743375	5947
3	60384	0.7435	5948
3	60394	0.743625	5949
3	60404	0.74375	5950
3	60414	0.743875	5951
3	60424	0.744	5952
3	60434	0.744125	5953
3	60444	0.74425	5954
3	60454	0.744375	5955
3	60464	0.7445	5956
3	60474	0.744625	5957
3	60484	0.74475	5958
3	60494	0.744875	5959
3	60504	0.745	5960
3	60514	0.745125	5961
3	60524	0.74525	5962
3	60534	0.745375	5963
3	60544	0.7455	5964
3	60554	0.745625	5965
3	60564	0.74575	5966
3	60574	0.745875	5967
3	60588	0.746	5968
3	60598	0.746125	5969
3	60608	0.74625	5970
3	60618	0.746375	5971
3	60628	0.7465	5972
3	60638	0.746625	5973
3	60648	0.74675	5974
3	60658	0.746875	5975
3	60668	0.747	5976
3	60678	0.747125	5977
3	60688	0.74725	5978
3	60698	0.747375	5979
3	60708	0.7475	5980
3	60718	0.747625	5981
3	60728	0.74775	5982
3	60738	0.747875	5983
3	60748	0.748	5984
3	60758	0.748125	5985
3	60768	0.74825	5986
3	60778	0.748375	5987
3	60788	0.7485	5988
3	60798	0.748625	5989
3	60808	0.74875	5990
3	60818	0.748875	5991
3	60828	0.749	5992
3	60838	0.749125	5993
3	60852	0.74925	5994
3	60862	0.749375	5995
3	60872	0.7495	5996
3	60882	0.749625	5997
3	60892	0.74975	5998
3	60902	0.749875	5999
3	60912	0.75	6000
3	60922	0.750125	6001
3	60932	0.75025	6002
3	60942	0.750375	6003
3	60952	0.7505	6004
3	60962	0.750625	6005
3	60972	0.75075	6006
3	60982	0.750875	6007
3	60992	0.751	6008
3	61002	0.751125	6009
3	61012	0.75125	6010
3	61022	0.751375	6011
3	61032	0.7515	6012
3	61042	0.751625	6013
3	61052	0.75175	6014
3	61062	0.751875	6015
3	61072	0.752	6016
3	61082	0.752125	6017
3	61092	0.75225	6018
3	61102	0.752375	6019
3	61112	0.7525	6020
3	61126	0.752625	6021
3	61136	0.75275	6022
3	61146	0.752875	6023
3	61156	0.753	6024
3	61166	0.753125	6025
3	61176	0.75325	6026
3	61186	0.753375	6027
3	61196	0.7535	6028
3	61206	0.753625	6029
3	61216	0.75375	6030
3	61226	0.753875	6031
3	61236	0.754	6032
3	61246	0.754125	6033
3	61256	0.75425	6034
3	61266	0.754375	6035
3	61276	0.7545	6036
3	61286	0.754625	6037
3	61296	0.75475	6038
3	61306	0.754875	6039
3	61316	0.755	6040
3	61326	0.755125	6041
3	61336	0.75525	6042
3	61346	0.755375	6043
3	61356	0.7555	6044
3	61366	0.755625	6045
3	61376	0.75575	6046
3	61390	0.755875	6047
3	61400	0.756	6048
3	61410	0.756125	6049
3	61420	0.75625	6050
3	61430	0.756375	6051
3	61440	0.7565	6052
3	61450	0.756625	6053
3	61460	0.75675	6054
3	61470	0.756875	6055
3	61480	0.757	6056
3	61490	0.757125	6057
3	61500	0.75725	6058
3	61510	0.757375	6059
3	61520	0.7575	6060
3	61530	0.757625	6061
3	61540	0.75775	6062
3	61550	0.757875	6063
3	61560	0.758	6064
3	61570	0.758125	6065
3	61580	0.75825	6066
3	61590	0.758375	6067
3	61600	0.7585	6068
3	61610	0.758625	6069
3	61620	0.75875	6070
3	61630	0.758875	6071
3	61640	0.759	6072
3	61654	0.759125	6073
3	61664	0.75925	6074
3	61674	0.759375	6075
3	61684	0.7595	6076
3	61694	0.759625	6077
3	61704	0.75975	6078
3	61714	0.759875	6079
3	61724	0.76	6080
3	61734	0.760125	6081
3	61744	0.76025	6082
3	61754	0.760375	6083
3	61764	0.7605	6084
3	61774	0.760625	6085
3	61784	0.76075	6086
3	61794	0.760875	6087
3	61804	0.761	6088
3	61814	0.761125	6089
3	61824	0.76125	6090
3	61834	0.761375	6091
3	61844	0.7615	6092
3	61854	0.761625	6093
3	61864	0.76175	6094
3	61874	0.761875	6095
3	61884	0.762	6096
3	61894	0.762125	6097
3	61904	0.76225	6098
3	61918	0.762375	6099
3	61928	0.7625	6100
3	61938	0.762625	6101
3	61948	0.76275	6102
3	61958	0.762875	6103
3	61968	0.763	6104
3	61978	0.763125	6105
3	61988	0.76325	6106
3	61998	0.763375	6107
3	62008	0.7635	6108
3	62018	0.763625	6109
3	62028	0.76375	6110
3	62038	0.763875	6111
3	62048	0.764	6112
3	62058	0.764125	6113
3	62068	0.76425	6114
3	62078	0.764375	6115
3	62088	0.7645	6116
3	62098	0.764625	6117
3	62108	0.76475	6118
3	62118	0.764875	6119
3	62128	0.765	6120
3	62138	0.765125	6121
3	62148	0.76525	6122
3	62158	0.765375	6123
3	62168	0.7655	6124
3	62182	0.765625	6125
3	62192	0.76575	6126
3	62202	0.765875	6127
3	62212	0.766	6128
3	62222	0.766125	6129
3	62232	0.76625	6130
3	62242	0.766375	6131
3	62252	0.7665	6132
3	62262	0.766625	6133
3	62272	0.76675	6134
3	62282	0.766875	6135
3	62292	0.767	6136
3	62302	0.767125	6137
3	62312	0.76725	6138
3	62322	0.767375	6139
3	62332	0.7675	6140
3	62342	0.767625	6141
3	62352	0.76775	6142
3	62362	0.767875	6143
3	62372	0.768	6144
3	62382	0.768125	6145
3	62392	0.76825	6146
3	62402	0.768375	6147
3	62412	0.7685	6148
3	62422	0.768625	6149
3	62432	0.76875	6150
3	62446	0.768875	6151
3	62456	0.769	6152
3	62466	0.769125	6153
3	62476	0.76925	6154
3	62486	0.769375	6155
3	62496	0.7695	6156
3	62506	0.769625	6157
3	62516	0.76975	6158
3	62526	0.769875	6159
3	62536	0.77	6160
3	62546	0.770125	6161
3	62556	0.77025	6162
3	62566	0.770375	6163
3	62576	0.7705	6164
3	62586	0.770625	6165
3	62596	0.77075	6166
3	62606	0.770875	6167
3	62616	0.771	6168
3	62626	0.771125	6169
3	62636	0.77125	6170
3	62646	0.771375	6171
3	62656	0.7715	6172
3	62666	0.771625	6173
3	62676	0.77175	6174
3	62686	0.771875	6175
3	62696	0.772	6176
3	62706	0.772125	6177
3	62720	0.77225	6178
3	62730	0.772375	6179
3	62740	0.7725	6180
3	62750	0.772625	6181
3	62760	0.77275	6182
3	62770	0.772875	6183
3	62780	0.773	6184
3	62790	0.773125	6185
3	62800	0.77325	6186
3	62810	0.773375	6187
3	62820	0.7735	6188
3	62830	0.773625	6189
3	62840	0.77375	6190
3	62850	0.773875	6191
3	62860	0.774	6192
3	62870	0.774125	6193
3	62880	0.77425	6194
3	62890	0.774375	6195
3	62900	0.7745	6196
3	62910	0.774625	6197
3	62920	0.77475	6198
3	62930	0.774875	6199
3	62940	0.775	6200
3	62950	0.775125	6201
3	62960	0.77525	6202
3	62970	0.775375	6203
3	62984	0.7755	6204
3	62994	0.775625	6205
3	63004	0.77575	6206
3	63014	0.775875	6207
3	63024	0.776	6208
3	63034	0.776125	6209
3	63044	0.77625	6210
3	63054	0.776375	6211
3	63064	0.7765	6212
3	63074	0.776625	6213
3	63084	0.77675	6214
3	63094	0.776875	6215
3	63104	0.777	6216
3	63114	0.777125	6217
3	63124	0.77725	6218
3	63134	0.777375	6219
3	63144	0.7775	6220
3	63154	0.777625	6221
3	63164	0.77775	6222
3	63174	0.777875	6223
3	63184	0.778	6224
3	63194	0.778125	6225
3	63204	0.77825	6226
3	63214	0.778375	6227
3	63224	0.7785	6228
3	63234	0.778625	6229
3	63248	0.77875	6230
3	63258	0.778875	6231
3	63268	0.779	6232
3	63278	0.779125	6233
3	63288	0.77925	6234
3	63298	0.779375	6235
3	63308	0.7795	6236
3	63318	0.779625	6237
3	63328	0.77975	6238
3	63338	0.779875	6239
3	63348	0.78	6240
3	63358	0.780125	6241
3	63368	0.78025	6242
3	63378	0.780375	6243
3	63388	0.7805	6244
3	63398	0.780625	6245
3	63408	0.78075	6246
3	63418	0.780875	6247
3	63428	0.781	6248
3	63438	0.781125	6249
3	63448	0.78125	6250
3	63458	0.781375	6251
3	63468	0.7815	6252
3	63478	0.781625	6253
3	63488	0.78175	6254
3	63498	0.781875	6255
3	63512	0.782	6256
3	63522	0.782125	6257
3	63532	0.78225	6258
3	63542	0.782375	6259
3	63552	0.7825	6260
3	63562	0.782625	6261
3	63572	0.78275	6262
3	63582	0.782875	6263
3	63592	0.783	6264
3	63602	0.783125	6265
3	63612	0.78325	6266
3	63622	0.783375	6267
3	63632	0.7835	6268
3	63642	0.783625	6269
3	63652	0.78375	6270
3	63662	0.783875	6271
3	63672	0.784	6272
3	63682	0.784125	6273
3	63692	0.78425	6274
3	63702	0.784375	6275
3	63712	0.7845	6276
3	63722	0.784625	6277
3	63732	0.78475	6278
3	63742	0.784875	6279
3	63752	0.785	6280
3	63762	0.785125	6281
3	63776	0.78525	6282
3	63786	0.785375	6283
3	63796	0.7855	6284
3	63806	0.785625	6285
3	63816	0.78575	6286
3	63826	0.785875	6287
3	63836	0.786	6288
3	63846	0.786125	6289
3	63856	0.78625	6290
3	63866	0.786375	6291
3	63876	0.7865	6292
3	63886	0.786625	6293
3	63896	0.78675	6294
3	63906	0.786875	6295
3	63916	0.787	6296
3	63926	0.787125	6297
3	63936	0.78725	6298
3	63946	0.787375	6299
3	63956	0.7875	6300
3	63966	0.787625	6301
3	63976	0.78775	6302
3	63986	0.787875	6303
3	63996	0.788	6304
3	64006	0.788125	6305
3	64016	0.78825	6306
3	64026	0.788375	6307
3	64040	0.7885	6308
3	64050	0.788625	6309
3	64060	0.78875	6310
3	64070	0.788875	6311
3	64080	0.789	6312
3	64090	0.789125	6313
3	64100	0.78925	6314
3	64110	0.789375	6315
3	64120	0.7895	6316
3	64130	0.789625	6317
3	64140	0.78975	6318
3	64150	0.789875	6319
3	64160	0.79	6320
3	64170	0.790125	6321
3	64180	0.79025	6322
3	64190	0.790375	6323
3	64200	0.7905	6324
3	64210	0.790625	6325
3	64220	0.79075	6326
3	64230	0.790875	6327
3	64240	0.791	6328
3	64250	0.791125	6329
3	64260	0.79125	6330
3	64270	0.791375	6331
3	64280	0.7915	6332
3	64290	0.791625	6333
3	64300	0.79175	6334
3	64314	0.791875	6335
3	64324	0.792	6336
3	64334	0.792125	6337
3	64344	0.79225	6338
3	64354	0.792375	6339
3	64364	0.7925	6340
3	64374	0.792625	6341
3	64384	0.79275	6342
3	64394	0.792875	6343
3	64404	0.793	6344
3	64414	0.793125	6345
3	64424	0.79325	6346
3	64434	0.793375	6347
3	64444	0.7935	6348
3	64454	0.793625	6349
3	64464	0.79375	6350
3	64474	0.793875	6351
3	64484	0.794	6352
3	64494	0.794125	6353
3	64504	0.79425	6354
3	64514	0.794375	6355
3	64524	0.7945	6356
3	64534	0.794625	6357
3	64544	0.79475	6358
3	64554	0.794875	6359
3	64564	0.795	6360
3	64578	0.795125	6361
3	64588	0.79525	6362
3	64598	0.795375	6363
3	64608	0.7955	6364
3	64618	0.795625	6365
3	64628	0.79575	6366
3	64638	0.795875	6367
3	64648	0.796	6368
3	64658	0.796125	6369
3	64668	0.79625	6370
3	64678	0.796375	6371
3	64688	0.7965	6372
3	64698	0.796625	6373
3	64708	0.79675	6374
3	64718	0.796875	6375
3	64728	0.797	6376
3	64738	0.797125	6377
3	64748	0.79725	6378
3	64758	0.797375	6379
3	64768	0.7975	6380
3	64778	0.797625	6381
3	64788	0.79775	6382
3	64798	0.797875	6383
3	64808	0.798	6384
3	64818	0.798125	6385
3	64828	0.79825	6386
3	64842	0.798375	6387
3	64852	0.7985	6388
3	64862	0.798625	6389
3	64872	0.79875	6390
3	64882	0.798875	6391
3	64892	0.799	6392
3	64902	0.799125	6393
3	64912	0.79925	6394
3	64922	0.799375	6395
3	64932	0.7995	6396
3	64942	0.799625	6397
3	64952	0.79975	6398
3	64962	0.799875	6399
3	64972	0.8	6400
3	64982	0.800125	6401
3	64992	0.80025	6402
3	65002	0.800375	6403
3	65012	0.8005	6404
3	65022	0.800625	6405
3	65032	0.80075	6406
3	65042	0.800875	6407
3	65052	0.801	6408
3	65062	0.801125	6409
3	65072	0.80125	6410
3	65082	0.801375	6411
3	65092	0.8015	6412
3	65106	0.801625	6413
3	65116	0.80175	6414
3	65126	0.801875	6415
3	65136	0.802	6416
3	65146	0.802125	6417
3	65156	0.80225	6418
3	65166	0.802375	6419
3	65176	0.8025	6420
3	65186	0.802625	6421
3	65196	0.80275	6422
3	65206	0.802875	6423
3	65216	0.803	6424
3	65226	0.803125	6425
3	65236	0.80325	6426
3	65246	0.803375	6427
3	65256	0.8035	6428
3	65266	0.803625	6429
3	65276	0.80375	6430
3	65286	0.803875	6431
3	65296	0.804	6432
3	65306	0.804125	6433
3	65316	0.80425	6434
3	65326	0.804375	6435
3	65336	0.8045	6436
3	65346	0.804625	6437
3	65356	0.80475	6438
3	65370	0.804875	6439
3	65380	0.805	6440
3	65390	0.805125	6441
3	65400	0.80525	6442
3	65410	0.805375	6443
3	65420	0.8055	6444
3	65430	0.805625	6445
3	65440	0.80575	6446
3	65450	0.805875	6447
3	65460	0.806	6448
3	65470	0.806125	6449
3	65480	0.80625	6450
3	65490	0.806375	6451
3	65500	0.8065	6452
3	65510	0.806625	6453
3	65520	0.80675	6454
3	65530	0.806875	6455
3	65540	0.807	6456
3	65550	0.807125	6457
3	65560	0.80725	6458
3	65570	0.807375	6459
3	65580	0.8075	6460
3	65590	0.807625	6461
3	65600	0.80775	6462
3	65610	0.807875	6463
3	65620	0.808	6464
3	65634	0.808125	6465
3	65644	0.80825	6466
3	65654	0.808375	6467
3	65664	0.8085	6468
3	65674	0.808625	6469
3	65684	0.80875	6470
3	65694	0.808875	6471
3	65704	0.809	6472
3	65714	0.809125	6473
3	65724	0.80925	6474
3	65734	0.809375	6475
3	65744	0.8095	6476
3	65754	0.809625	6477
3	65764	0.80975	6478
3	65774	0.809875	6479
3	65784	0.81	6480
3	65794	0.810125	6481
3	65804	0.81025	6482
3	65814	0.810375	6483
3	65824	0.8105	6484
3	65834	0.810625	6485
3	65844	0.81075	6486
3	65854	0.810875	6487
3	65864	0.811	6488
3	65874	0.811125	6489
3	65884	0.81125	6490
3	65894	0.811375	6491
3	65908	0.8115	6492
3	65918	0.811625	6493
3	65928	0.81175	6494
3	65938	0.811875	6495
3	65948	0.812	6496
3	65958	0.812125	6497
3	65968	0.81225	6498
3	65978	0.812375	6499
3	65988	0.8125	6500
3	65998	0.812625	6501
3	66008	0.81275	6502
3	66018	0.812875	6503
3	66028	0.813	6504
3	66038	0.813125	6505
3	66048	0.81325	6506
3	66058	0.813375	6507
3	66068	0.8135	6508
3	66078	0.813625	6509
3	66088	0.81375	6510
3	66098	0.813875	6511
3	66108	0.814	6512
3	66118	0.814125	6513
3	66128	0.81425	6514
3	66138	0.814375	6515
3	66148	0.8145	6516
3	66158	0.814625	6517
3	66172	0.81475	6518
3	66182	0.814875	6519
3	66192	0.815	6520
3	66202	0.815125	6521
3	66212	0.81525	6522
3	66222	0.815375	6523
3	66232	0.8155	6524
3	66242	0.815625	6525
3	66252	0.81575	6526
3	66262	0.815875	6527
3	66272	0.816	6528
3	66282	0.816125	6529
3	66292	0.81625	6530
3	66302	0.816375	6531
3	66312	0.8165	6532
3	66322	0.816625	6533
3	66332	0.81675	6534
3	66342	0.816875	6535
3	66352	0.817	6536
3	66362	0.817125	6537
3	66372	0.81725	6538
3	66382	0.817375	6539
3	66392	0.8175	6540
3	66402	0.817625	6541
3	66412	0.81775	6542
3	66422	0.817875	6543
3	66436	0.818	6544
3	66446	0.818125	6545
3	66456	0.81825	6546
3	66466	0.818375	6547
3	66476	0.8185	6548
3	66486	0.818625	6549
3	66496	0.81875	6550
3	66506	0.818875	6551
3	66516	0.819	6552
3	66526	0.819125	6553
3	66536	0.81925	6554
3	66546	0.819375	6555
3	66556	0.8195	6556
3	66566	0.819625	6557
3	66576	0.81975	6558
3	66586	0.819875	6559
3	66596	0.82	6560
3	66606	0.820125	6561
3	66616	0.82025	6562
3	66626	0.820375	6563
3	66636	0.8205	6564
3	66646	0.820625	6565
3	66656	0.82075	6566
3	66666	0.820875	6567
3	66676	0.821	6568
3	66686	0.821125	6569
3	66700	0.82125	6570
3	66710	0.821375	6571
3	66720	0.8215	6572
3	66730	0.821625	6573
3	66740	0.82175	6574
3	66750	0.821875	6575
3	66760	0.822	6576
3	66770	0.822125	6577
3	66780	0.82225	6578
3	66790	0.822375	6579
3	66800	0.8225	6580
3	66810	0.822625	6581
3	66820	0.82275	6582
3	66830	0.822875	6583
3	66840	0.823	6584
3	66850	0.823125	6585
3	66860	0.82325	6586
3	66870	0.823375	6587
3	66880	0.8235	6588
3	66890	0.823625	6589
3	66900	0.82375	6590
3	66910	0.823875	6591
3	66920	0.824	6592
3	66930	0.824125	6593
3	66940	0.82425	6594
3	66950	0.824375	6595
3	66964	0.8245	6596
3	66974	0.824625	6597
3	66984	0.82475	6598
3	66994	0.824875	6599
3	67004	0.825	6600
3	67014	0.825125	6601
3	67024	0.82525	6602
3	67034	0.825375	6603
3	67044	0.8255	6604
3	67054	0.825625	6605
3	67064	0.82575	6606
3	67074	0.825875	6607
3	67084	0.826	6608
3	67094	0.826125	6609
3	67104	0.82625	6610
3	67114	0.826375	6611
3	67124	0.8265	6612
3	67134	0.826625	6613
3	67144	0.82675	6614
3	67154	0.826875	6615
3	67164	0.827	6616
3	67174	0.827125	6617
3	67184	0.82725	6618
3	67194	0.827375	6619
3	67204	0.8275	6620
3	67214	0.827625	6621
3	67224	0.82775	6622
3	67238	0.827875	6623
3	67248	0.828	6624
3	67258	0.828125	6625
3	67268	0.82825	6626
3	67278	0.828375	6627
3	67288	0.8285	6628
3	67298	0.828625	6629
3	67308	0.82875	6630
3	67318	0.828875	6631
3	67328	0.829	6632
3	67338	0.829125	6633
3	67348	0.82925	6634
3	67358	0.829375	6635
3	67368	0.8295	6636
3	67378	0.829625	6637
3	67388	0.82975	6638
3	67398	0.829875	6639
3	67408	0.83	6640
3	67418	0.830125	6641
3	67428	0.83025	6642
3	67438	0.830375	6643
3	67448	0.8305	6644
3	67458	0.830625	6645
3	67468	0.83075	6646
3	67478	0.830875	6647
3	67488	0.831	6648
3	67502	0.831125	6649
3	67512	0.83125	6650
3	67522	0.831375	6651
3	67532	0.8315	6652
3	67542	0.831625	6653
3	67552	0.83175	6654
3	67562	0.831875	6655
3	67572	0.832	6656
3	67582	0.832125	6657
3	67592	0.83225	6658
3	67602	0.832375	6659
3	67612	0.8325	6660
3	67622	0.832625	6661
3	67632	0.83275	6662
3	67642	0.832875	6663
3	67652	0.833	6664
3	67662	0.833125	6665
3	67672	0.83325	6666
3	67682	0.833375	6667
3	67692	0.8335	6668
3	67702	0.833625	6669
3	67712	0.83375	6670
3	67722	0.833875	6671
3	67732	0.834	6672
3	67742	0.834125	6673
3	67752	0.83425	6674
3	67766	0.834375	6675
3	67776	0.8345	6676
3	67786	0.834625	6677
3	67796	0.83475	6678
3	67806	0.834875	6679
3	67816	0.835	6680
3	67826	0.835125	6681
3	67836	0.83525	6682
3	67846	0.835375	6683
3	67856	0.8355	6684
3	67866	0.835625	6685
3	67876	0.83575	6686
3	67886	0.835875	6687
3	67896	0.836	6688
3	67906	0.836125	6689
3	67916	0.83625	6690
3	67926	0.836375	6691
3	67936	0.8365	6692
3	67946	0.836625	6693
3	67956	0.83675	6694
3	67966	0.836875	6695
3	67976	0.837	6696
3	67986	0.837125	6697
3	67996	0.83725	6698
3	68006	0.837375	6699
3	68016	0.8375	6700
3	68030	0.837625	6701
3	68040	0.83775	6702
3	68050	0.837875	6703
3	68060	0.838	6704
3	68070	0.838125	6705
3	68080	0.83825	6706
3	68090	0.838375	6707
3	68100	0.8385	6708
3	68110	0.838625	6709
3	68120	0.83875	6710
3	68130	0.838875	6711
3	68140	0.839	6712
3	68150	0.839125	6713
3	68160	0.83925	6714
3	68170	0.839375	6715
3	68180	0.8395	6716
3	68190	0.839625	6717
3	68200	0.83975	6718
3	68210	0.839875	6719
3	68220	0.84	6720
3	68230	0.840125	6721
3	68240	0.84025	6722
3	68250	0.840375	6723
3	68260	0.8405	6724
3	68270	0.840625	6725
3	68280	0.84075	6726
3	68294	0.840875	6727
3	68304	0.841	6728
3	68314	0.841125	6729
3	68324	0.84125	6730
3	68334	0.841375	6731
3	68344	0.8415	6732
3	68354	0.841625	6733
3	68364	0.84175	6734
3	68374	0.841875	6735
3	68384	0.842	6736
3	68394	0.842125	6737
3	68404	0.84225	6738
3	68414	0.842375	6739
3	68424	0.8425	6740
3	68434	0.842625	6741
3	68444	0.84275	6742
3	68454	0.842875	6743
3	68464	0.843	6744
3	68474	0.843125	6745
3	68484	0.84325	6746
3	68494	0.843375	6747
3	68504	0.8435	6748
3	68514	0.843625	6749
3	68524	0.84375	6750
3	68534	0.843875	6751
3	68544	0.844	6752
3	68558	0.844125	6753
3	68568	0.84425	6754
3	68578	0.844375	6755
3	68588	0.8445	6756
3	68598	0.844625	6757
3	68608	0.84475	6758
3	68618	0.844875	6759
3	68628	0.845	6760
3	68638	0.845125	6761
3	68648	0.84525	6762
3	68658	0.845375	6763
3	68668	0.8455	6764
3	68678	0.845625	6765
3	68688	0.84575	6766
3	68698	0.845875	6767
3	68708	0.846	6768
3	68718	0.846125	6769
3	68728	0.84625	6770
3	68738	0.846375	6771
3	68748	0.8465	6772
3	68758	0.846625	6773
3	68768	0.84675	6774
3	68778	0.846875	6775
3	68788	0.847	6776
3	68798	0.847125	6777
3	68808	0.84725	6778
3	68818	0.847375	6779
3	68832	0.8475	6780
3	68842	0.847625	6781
3	68852	0.84775	6782
3	68862	0.847875	6783
3	68872	0.848	6784
3	68882	0.848125	6785
3	68892	0.84825	6786
3	68902	0.848375	6787
3	68912	0.8485	6788
3	68922	0.848625	6789
3	68932	0.84875	6790
3	68942	0.848875	6791
3	68952	0.849	6792
3	68962	0.849125	6793
3	68972	0.84925	6794
3	68982	0.849375	6795
3	68992	0.8495	6796
3	69002	0.849625	6797
3	69012	0.84975	6798
3	69022	0.849875	6799
3	69032	0.85	6800
3	69042	0.850125	6801
3	69052	0.85025	6802
3	69062	0.850375	6803
3	69072	0.8505	6804
3	69082	0.850625	6805
3	69096	0.85075	6806
3	69106	0.850875	6807
3	69116	0.851	6808
3	69126	0.851125	6809
3	69136	0.85125	6810
3	69146	0.851375	6811
3	69156	0.8515	6812
3	69166	0.851625	6813
3	69176	0.85175	6814
3	69186	0.851875	6815
3	69196	0.852	6816
3	69206	0.852125	6817
3	69216	0.85225	6818
3	69226	0.852375	6819
3	69236	0.8525	6820
3	69246	0.852625	6821
3	69256	0.85275	6822
3	69266	0.852875	6823
3	69276	0.853	6824
3	69286	0.853125	6825
3	69296	0.85325	6826
3	69306	0.853375	6827
3	69316	0.8535	6828
3	69326	0.853625	6829
3	69336	0.85375	6830
3	69346	0.853875	6831
3	69360	0.854	6832
3	69370	0.854125	6833
3	69380	0.85425	6834
3	69390	0.854375	6835
3	69400	0.8545	6836
3	69410	0.854625	6837
3	69420	0.85475	6838
3	69430	0.854875	6839
3	69440	0.855	6840
3	69450	0.855125	6841
3	69460	0.85525	6842
3	69470	0.855375	6843
3	69480	0.8555	6844
3	69490	0.855625	6845
3	69500	0.85575	6846
3	69510	0.855875	6847
3	69520	0.856	6848
3	69530	0.856125	6849
3	69540	0.85625	6850
3	69550	0.856375	6851
3	69560	0.8565	6852
3	69570	0.856625	6853
3	69580	0.85675	6854
3	69590	0.856875	6855
3	69600	0.857	6856
3	69610	0.857125	6857
3	69624	0.85725	6858
3	69634	0.857375	6859
3	69644	0.8575	6860
3	69654	0.857625	6861
3	69664	0.85775	6862
3	69674	0.857875	6863
3	69684	0.858	6864
3	69694	0.858125	6865
3	69704	0.85825	6866
3	69714	0.858375	6867
3	69724	0.8585	6868
3	69734	0.858625	6869
3	69744	0.85875	6870
3	69754	0.858875	6871
3	69764	0.859	6872
3	69774	0.859125	6873
3	69784	0.85925	6874
3	69794	0.859375	6875
3	69804	0.8595	6876
3	69814	0.859625	6877
3	69824	0.85975	6878
3	69834	0.859875	6879
3	69844	0.86	6880
3	69854	0.860125	6881
3	69864	0.86025	6882
3	69874	0.860375	6883
3	69888	0.8605	6884
3	69898	0.860625	6885
3	69908	0.86075	6886
3	69918	0.860875	6887
3	69928	0.861	6888
3	69938	0.861125	6889
3	69948	0.86125	6890
3	69958	0.861375	6891
3	69968	0.8615	6892
3	69978	0.861625	6893
3	69988	0.86175	6894
3	69998	0.861875	6895
3	70008	0.862	6896
3	70018	0.862125	6897
3	70028	0.86225	6898
3	70038	0.862375	6899
3	70048	0.8625	6900
3	70058	0.862625	6901
3	70068	0.86275	6902
3	70078	0.862875	6903
3	70088	0.863	6904
3	70098	0.863125	6905
3	70108	0.86325	6906
3	70118	0.863375	6907
3	70128	0.8635	6908
3	70138	0.863625	6909
3	70152	0.86375	6910
3	70162	0.863875	6911
3	70172	0.864	6912
3	70182	0.864125	6913
3	70192	0.86425	6914
3	70202	0.864375	6915
3	70212	0.8645	6916
3	70222	0.864625	6917
3	70232	0.86475	6918
3	70242	0.864875	6919
3	70252	0.865	6920
3	70262	0.865125	6921
3	70272	0.86525	6922
3	70282	0.865375	6923
3	70292	0.8655	6924
3	70302	0.865625	6925
3	70312	0.86575	6926
3	70322	0.865875	6927
3	70332	0.866	6928
3	70342	0.866125	6929
3	70352	0.86625	6930
3	70362	0.866375	6931
3	70372	0.8665	6932
3	70382	0.866625	6933
3	70392	0.86675	6934
3	70402	0.866875	6935
3	70412	0.867	6936
3	70426	0.867125	6937
3	70436	0.86725	6938
3	70446	0.867375	6939
3	70456	0.8675	6940
3	70466	0.867625	6941
3	70476	0.86775	6942
3	70486	0.867875	6943
3	70496	0.868	6944
3	70506	0.868125	6945
3	70516	0.86825	6946
3	70526	0.868375	6947
3	70536	0.8685	6948
3	70546	0.868625	6949
3	70556	0.86875	6950
3	70566	0.868875	6951
3	70576	0.869	6952
3	70586	0.869125	6953
3	70596	0.86925	6954
3	70606	0.869375	6955
3	70616	0.8695	6956
3	70626	0.869625	6957
3	70636	0.86975	6958
3	70646	0.869875	6959
3	70656	0.87	6960
3	70666	0.870125	6961
3	70676	0.87025	6962
3	70690	0.870375	6963
3	70700	0.8705	6964
3	70710	0.870625	6965
3	70720	0.87075	6966
3	70730	0.870875	6967
3	70740	0.871	6968
3	70750	0.871125	6969
3	70760	0.87125	6970
3	70770	0.871375	6971
3	70780	0.8715	6972
3	70790	0.871625	6973
3	70800	0.87175	6974
3	70810	0.871875	6975
3	70820	0.872	6976
3	70830	0.872125	6977
3	70840	0.87225	6978
3	70850	0.872375	6979
3	70860	0.8725	6980
3	70870	0.872625	6981
3	70880	0.87275	6982
3	70890	0.872875	6983
3	70900	0.873	6984
3	70910	0.873125	6985
3	70920	0.87325	6986
3	70930	0.873375	6987
3	70940	0.8735	6988
3	70954	0.873625	6989
3	70964	0.87375	6990
3	70974	0.873875	6991
3	70984	0.874	6992
3	70994	0.874125	6993
3	71004	0.87425	6994
3	71014	0.874375	6995
3	71024	0.8745	6996
3	71034	0.874625	6997
3	71044	0.87475	6998
3	71054	0.874875	6999
3	71064	0.875	7000
3	71074	0.875125	7001
3	71084	0.87525	7002
3	71094	0.875375	7003
3	71104	0.8755	7004
3	71114	0.875625	7005
3	71124	0.87575	7006
3	71134	0.875875	7007
3	71144	0.876	7008
3	71154	0.876125	7009
3	71164	0.87625	7010
3	71174	0.876375	7011
3	71184	0.8765	7012
3	71194	0.876625	7013
3	71204	0.87675	7014
3	71218	0.876875	7015
3	71228	0.877	7016
3	71238	0.877125	7017
3	71248	0.87725	7018
3	71258	0.877375	7019
3	71268	0.8775	7020
3	71278	0.877625	7021
3	71288	0.87775	7022
3	71298	0.877875	7023
3	71308	0.878	7024
3	71318	0.878125	7025
3	71328	0.87825	7026
3	71338	0.878375	7027
3	71348	0.8785	7028
3	71358	0.878625	7029
3	71368	0.87875	7030
3	71378	0.878875	7031
3	71388	0.879	7032
3	71398	0.879125	7033
3	71408	0.87925	7034
3	71418	0.879375	7035
3	71428	0.8795	7036
3	71438	0.879625	7037
3	71448	0.87975	7038
3	71458	0.879875	7039
3	71468	0.88	7040
3	71482	0.880125	7041
3	71492	0.88025	7042
3	71502	0.880375	7043
3	71512	0.8805	7044
3	71522	0.880625	7045
3	71532	0.88075	7046
3	71542	0.880875	7047
3	71552	0.881	7048
3	71562	0.881125	7049
3	71572	0.88125	7050
3	71582	0.881375	7051
3	71592	0.8815	7052
3	71602	0.881625	7053
3	71612	0.88175	7054
3	71622	0.881875	7055
3	71632	0.882	7056
3	71642	0.882125	7057
3	71652	0.88225	7058
3	71662	0.882375	7059
3	71672	0.8825	7060
3	71682	0.882625	7061
3	71692	0.88275	7062
3	71702	0.882875	7063
3	71712	0.883	7064
3	71722	0.883125	7065
3	71732	0.88325	7066
3	71746	0.883375	7067
3	71756	0.8835	7068
3	71766	0.883625	7069
3	71776	0.88375	7070
3	71786	0.883875	7071
3	71796	0.884	7072
3	71806	0.884125	7073
3	71816	0.88425	7074
3	71826	0.884375	7075
3	71836	0.8845	7076
3	71846	0.884625	7077
3	71856	0.88475	7078
3	71866	0.884875	7079
3	71876	0.885	7080
3	71886	0.885125	7081
3	71896	0.88525	7082
3	71906	0.885375	7083
3	71916	0.8855	7084
3	71926	0.885625	7085
3	71936	0.88575	7086
3	71946	0.885875	7087
3	71956	0.886	7088
3	71966	0.886125	7089
3	71976	0.88625	7090
3	71986	0.886375	7091
3	71996	0.8865	7092
3	72006	0.886625	7093
3	72020	0.88675	7094
3	72030	0.886875	7095
3	72040	0.887	7096
3	72050	0.887125	7097
3	72060	0.88725	7098
3	72070	0.887375	7099
3	72080	0.8875	7100
3	72090	0.887625	7101
3	72100	0.88775	7102
3	72110	0.887875	7103
3	72120	0.888	7104
3	72130	0.888125	7105
3	72140	0.88825	7106
3	72150	0.888375	7107
3	72160	0.8885	7108
3	72170	0.888625	7109
3	72180	0.88875	7110
3	72190	0.888875	7111
3	72200	0.889	7112
3	72210	0.889125	7113
3	72220	0.88925	7114
3	72230	0.889375	7115
3	72240	0.8895	7116
3	72250	0.889625	7117
3	72260	0.88975	7118
3	72270	0.889875	7119
3	72284	0.89	7120
3	72294	0.890125	7121
3	72304	0.89025	7122
3	72314	0.890375	7123
3	72324	0.8905	7124
3	72334	0.890625	7125
3	72344	0.89075	7126
3	72354	0.890875	7127
3	72364	0.891	7128
3	72374	0.891125	7129
3	72384	0.89125	7130
3	72394	0.891375	7131
3	72404	0.8915	7132
3	72414	0.891625	7133
3	72424	0.89175	7134
3	72434	0.891875	7135
3	72444	0.892	7136
3	72454	0.892125	7137
3	72464	0.89225	7138
3	72474	0.892375	7139
3	72484	0.8925	7140
3	72494	0.892625	7141
3	72504	0.89275	7142
3	72514	0.892875	7143
3	72524	0.893	7144
3	72534	0.893125	7145
3	72548	0.89325	7146
3	72558	0.893375	7147
3	72568	0.8935	7148
3	72578	0.893625	7149
3	72588	0.89375	7150
3	72598	0.893875	7151
3	72608	0.894	7152
3	72618	0.894125	7153
3	72628	0.89425	7154
3	72638	0.894375	7155
3	72648	0.8945	7156
3	72658	0.894625	7157
3	72668	0.89475	7158
3	72678	0.894875	7159
3	72688	0.895	7160
3	72698	0.895125	7161
3	72708	0.89525	7162
3	72718	0.895375	7163
3	72728	0.8955	7164
3	72738	0.895625	7165
3	72748	0.89575	7166
3	72758	0.895875	7167
3	72768	0.896	7168
3	72778	0.896125	7169
3	72788	0.89625	7170
3	72798	0.896375	7171
3	72812	0.8965	7172
3	72822	0.896625	7173
3	72832	0.89675	7174
3	72842	0.896875	7175
3	72852	0.897	7176
3	72862	0.897125	7177
3	72872	0.89725	7178
3	72882	0.897375	7179
3	72892	0.8975	7180
3	72902	0.897625	7181
3	72912	0.89775	7182
3	72922	0.897875	7183
3	72932	0.898	7184
3	72942	0.898125	7185
3	72952	0.89825	7186
3	72962	0.898375	7187
3	72972	0.8985	7188
3	72982	0.898625	7189
3	72992	0.89875	7190
3	73002	0.898875	7191
3	73012	0.899	7192
3	73022	0.899125	7193
3	73032	0.89925	7194
3	73042	0.899375	7195
3	73052	0.8995	7196
3	73062	0.899625	7197
3	73076	0.89975	7198
3	73086	0.899875	7199
3	73096	0.9	7200
3	73106	0.900125	7201
3	73116	0.90025	7202
3	73126	0.900375	7203
3	73136	0.9005	7204
3	73146	0.900625	7205
3	73156	0.90075	7206
3	73166	0.900875	7207
3	73176	0.901	7208
3	73186	0.901125	7209
3	73196	0.90125	7210
3	73206	0.901375	7211
3	73216	0.9015	7212
3	73226	0.901625	7213
3	73236	0.90175	7214
3	73246	0.901875	7215
3	73256	0.902	7216
3	73266	0.902125	7217
3	73276	0.90225	7218
3	73286	0.902375	7219
3	73296	0.9025	7220
3	73306	0.902625	7221
3	73316	0.90275	7222
3	73326	0.902875	7223
3	73336	0.903	7224
3	73350	0.903125	7225
3	73360	0.90325	7226
3	73370	0.903375	7227
3	73380	0.9035	7228
3	73390	0.903625	7229
3	73400	0.90375	7230
3	73410	0.903875	7231
3	73420	0.904	7232
3	73430	0.904125	7233
3	73440	0.90425	7234
3	73450	0.904375	7235
3	73460	0.9045	7236
3	73470	0.904625	7237
3	73480	0.90475	7238
3	73490	0.904875	7239
3	73500	0.905	7240
3	73510	0.905125	7241
3	73520	0.90525	7242
3	73530	0.905375	7243
3	73540	0.9055	7244
3	73550	0.905625	7245
3	73560	0.90575	7246
3	73570	0.905875	7247
3	73580	0.906	7248
3	73590	0.906125	7249
3	73600	0.90625	7250
3	73614	0.906375	7251
3	73624	0.9065	7252
3	73634	0.906625	7253
3	73644	0.90675	7254
3	73654	0.906875	7255
3	73664	0.907	7256
3	73674	0.907125	7257
3	73684	0.90725	7258
3	73694	0.907375	7259
3	73704	0.9075	7260
3	73714	0.907625	7261
3	73724	0.90775	7262
3	73734	0.907875	7263
3	73744	0.908	7264
3	73754	0.908125	7265
3	73764	0.90825	7266
3	73774	0.908375	7267
3	73784	0.9085	7268
3	73794	0.908625	7269
3	73804	0.90875	7270
3	73814	0.908875	7271
3	73824	0.909	7272
3	73834	0.909125	7273
3	73844	0.90925	7274
3	73854	0.909375	7275
3	73864	0.9095	7276
3	73878	0.909625	7277
3	73888	0.90975	7278
3	73898	0.909875	7279
3	73908	0.91	7280
3	73918	0.910125	7281
3	73928	0.91025	7282
3	73938	0.910375	7283
3	73948	0.9105	7284
3	73958	0.910625	7285
3	73968	0.91075	7286
3	73978	0.910875	7287
3	73988	0.911	7288
3	73998	0.911125	7289
3	74008	0.91125	7290
3	74018	0.911375	7291
3	74028	0.9115	7292
3	74038	0.911625	7293
3	74048	0.91175	7294
3	74058	0.911875	7295
3	74068	0.912	7296
3	74078	0.912125	7297
3	74088	0.91225	7298
3	74098	0.912375	7299
3	74108	0.9125	7300
3	74118	0.912625	7301
3	74128	0.91275	7302
3	74142	0.912875	7303
3	74152	0.913	7304
3	74162	0.913125	7305
3	74172	0.91325	7306
3	74182	0.913375	7307
3	74192	0.9135	7308
3	74202	0.913625	7309
3	74212	0.91375	7310
3	74222	0.913875	7311
3	74232	0.914	7312
3	74242	0.914125	7313
3	74252	0.91425	7314
3	74262	0.914375	7315
3	74272	0.9145	7316
3	74282	0.914625	7317
3	74292	0.91475	7318
3	74302	0.914875	7319
3	74312	0.915	7320
3	74322	0.915125	7321
3	74332	0.91525	7322
3	74342	0.915375	7323
3	74352	0.9155	7324
3	74362	0.915625	7325
3	74372	0.91575	7326
3	74382	0.915875	7327
3	74392	0.916	7328
3	74406	0.916125	7329
3	74416	0.91625	7330
3	74426	0.916375	7331
3	74436	0.9165	7332
3	74446	0.916625	7333
3	74456	0.91675	7334
3	74466	0.916875	7335
3	74476	0.917	7336
3	74486	0.917125	7337
3	74496	0.91725	7338
3	74506	0.917375	7339
3	74516	0.9175	7340
3	74526	0.917625	7341
3	74536	0.91775	7342
3	74546	0.917875	7343
3	74556	0.918	7344
3	74566	0.918125	7345
3	74576	0.91825	7346
3	74586	0.918375	7347
3	74596	0.9185	7348
3	74606	0.918625	7349
3	74616	0.91875	7350
3	74626	0.918875	7351
3	74636	0.919	7352
3	74646	0.919125	7353
3	74656	0.91925	7354
3	74670	0.919375	7355
3	74680	0.9195	7356
3	74690	0.919625	7357
3	74700	0.91975	7358
3	74710	0.919875	7359
3	74720	0.92	7360
3	74730	0.920125	7361
3	74740	0.92025	7362
3	74750	0.920375	7363
3	74760	0.9205	7364
3	74770	0.920625	7365
3	74780	0.92075	7366
3	74790	0.920875	7367
3	74800	0.921	7368
3	74810	0.921125	7369
3	74820	0.92125	7370
3	74830	0.921375	7371
3	74840	0.9215	7372
3	74850	0.921625	7373
3	74860	0.92175	7374
3	74870	0.921875	7375
3	74880	0.922	7376
3	74890	0.922125	7377
3	74900	0.92225	7378
3	74910	0.922375	7379
3	74920	0.9225	7380
3	74930	0.922625	7381
3	74944	0.92275	7382
3	74954	0.922875	7383
3	74964	0.923	7384
3	74974	0.923125	7385
3	74984	0.92325	7386
3	74994	0.923375	7387
3	75004	0.9235	7388
3	75014	0.923625	7389
3	75024	0.92375	7390
3	75034	0.923875	7391
3	75044	0.924	7392
3	75054	0.924125	7393
3	75064	0.92425	7394
3	75074	0.924375	7395
3	75084	0.9245	7396
3	75094	0.924625	7397
3	75104	0.92475	7398
3	75114	0.924875	7399
3	75124	0.925	7400
3	75134	0.925125	7401
3	75144	0.92525	7402
3	75154	0.925375	7403
3	75164	0.9255	7404
3	75174	0.925625	7405
3	75184	0.92575	7406
3	75194	0.925875	7407
3	75208	0.926	7408
3	75218	0.926125	7409
3	75228	0.92625	7410
3	75238	0.926375	7411
3	75248	0.9265	7412
3	75258	0.926625	7413
3	75268	0.92675	7414
3	75278	0.926875	7415
3	75288	0.927	7416
3	75298	0.927125	7417
3	75308	0.92725	7418
3	75318	0.927375	7419
3	75328	0.9275	7420
3	75338	0.927625	7421
3	75348	0.92775	7422
3	75358	0.927875	7423
3	75368	0.928	7424
3	75378	0.928125	7425
3	75388	0.92825	7426
3	75398	0.928375	7427
3	75408	0.9285	7428
3	75418	0.928625	7429
3	75428	0.92875	7430
3	75438	0.928875	7431
3	75448	0.929	7432
3	75458	0.929125	7433
3	75472	0.92925	7434
3	75482	0.929375	7435
3	75492	0.9295	7436
3	75502	0.929625	7437
3	75512	0.92975	7438
3	75522	0.929875	7439
3	75532	0.93	7440
3	75542	0.930125	7441
3	75552	0.93025	7442
3	75562	0.930375	7443
3	75572	0.9305	7444
3	75582	0.930625	7445
3	75592	0.93075	7446
3	75602	0.930875	7447
3	75612	0.931	7448
3	75622	0.931125	7449
3	75632	0.93125	7450
3	75642	0.931375	7451
3	75652	0.9315	7452
3	75662	0.931625	7453
3	75672	0.93175	7454
3	75682	0.931875	7455
3	75692	0.932	7456
3	75702	0.932125	7457
3	75712	0.93225	7458
3	75722	0.932375	7459
3	75736	0.9325	7460
3	75746	0.932625	7461
3	75756	0.93275	7462
3	75766	0.932875	7463
3	75776	0.933	7464
3	75786	0.933125	7465
3	75796	0.93325	7466
3	75806	0.933375	7467
3	75816	0.9335	7468
3	75826	0.933625	7469
3	75836	0.93375	7470
3	75846	0.933875	7471
3	75856	0.934	7472
3	75866	0.934125	7473
3	75876	0.93425	7474
3	75886	0.934375	7475
3	75896	0.9345	7476
3	75906	0.934625	7477
3	75916	0.93475	7478
3	75926	0.934875	7479
3	75936	0.935	7480
3	75946	0.935125	7481
3	75956	0.93525	7482
3	75966	0.935375	7483
3	75976	0.9355	7484
3	75986	0.935625	7485
3	76000	0.93575	7486
3	76010	0.935875	7487
3	76020	0.936	7488
3	76030	0.936125	7489
3	76040	0.93625	7490
3	76050	0.936375	7491
3	76060	0.9365	7492
3	76070	0.936625	7493
3	76080	0.93675	7494
3	76090	0.936875	7495
3	76100	0.937	7496
3	76110	0.937125	7497
3	76120	0.93725	7498
3	76130	0.937375	7499
3	76140	0.9375	7500
3	76150	0.937625	7501
3	76160	0.93775	7502
3	76170	0.937875	7503
3	76180	0.938	7504
3	76190	0.938125	7505
3	76200	0.93825	7506
3	76210	0.938375	7507
3	76220	0.9385	7508
3	76230	0.938625	7509
3	76240	0.93875	7510
3	76250	0.938875	7511
3	76264	0.939	7512
3	76274	0.939125	7513
3	76284	0.93925	7514
3	76294	0.939375	7515
3	76304	0.9395	7516
3	76314	0.939625	7517
3	76324	0.93975	7518
3	76334	0.939875	7519
3	76344	0.94	7520
3	76354	0.940125	7521
3	76364	0.94025	7522
3	76374	0.940375	7523
3	76384	0.9405	7524
3	76394	0.940625	7525
3	76404	0.94075	7526
3	76414	0.940875	7527
3	76424	0.941	7528
3	76434	0.941125	7529
3	76444	0.94125	7530
3	76454	0.941375	7531
3	76464	0.9415	7532
3	76474	0.941625	7533
3	76484	0.94175	7534
3	76494	0.941875	7535
3	76504	0.942	7536
3	76514	0.942125	7537
3	76524	0.94225	7538
3	76538	0.942375	7539
3	76548	0.9425	7540
3	76558	0.942625	7541
3	76568	0.94275	7542
3	76578	0.942875	7543
3	76588	0.943	7544
3	76598	0.943125	7545
3	76608	0.94325	7546
3	76618	0.943375	7547
3	76628	0.9435	7548
3	76638	0.943625	7549
3	76648	0.94375	7550
3	76658	0.943875	7551
3	76668	0.944	7552
3	76678	0.944125	7553
3	76688	0.94425	7554
3	76698	0.944375	7555
3	76708	0.9445	7556
3	76718	0.944625	7557
3	76728	0.94475	7558
3	76738	0.944875	7559
3	76748	0.945	7560
3	76758	0.945125	7561
3	76768	0.94525	7562
3	76778	0.945375	7563
3	76788	0.9455	7564
3	76802	0.945625	7565
3	76812	0.94575	7566
3	76822	0.945875	7567
3	76832	0.946	7568
3	76842	0.946125	7569
3	76852	0.94625	7570
3	76862	0.946375	7571
3	76872	0.9465	7572
3	76882	0.946625	7573
3	76892	0.94675	7574
3	76902	0.946875	7575
3	76912	0.947	7576
3	76922	0.947125	7577
3	76932	0.94725	7578
3	76942	0.947375	7579
3	76952	0.9475	7580
3	76962	0.947625	7581
3	76972	0.94775	7582
3	76982	0.947875	7583
3	76992	0.948	7584
3	77002	0.948125	7585
3	77012	0.94825	7586
3	77022	0.948375	7587
3	77032	0.9485	7588
3	77042	0.948625	7589
3	77052	0.94875	7590
3	77066	0.948875	7591
3	77076	0.949	7592
3	77086	0.949125	7593
3	77096	0.94925	7594
3	77106	0.949375	7595
3	77116	0.9495	7596
3	77126	0.949625	7597
3	77136	0.94975	7598
3	77146	0.949875	7599
3	77156	0.95	7600
3	77166	0.950125	7601
3	77176	0.95025	7602
3	77186	0.950375	7603
3	77196	0.9505	7604
3	77206	0.950625	7605
3	77216	0.95075	7606
3	77226	0.950875	7607
3	77236	0.951	7608
3	77246	0.951125	7609
3	77256	0.95125	7610
3	77266	0.951375	7611
3	77276	0.9515	7612
3	77286	0.951625	7613
3	77296	0.95175	7614
3	77306	0.951875	7615
3	77316	0.952	7616
3	77330	0.952125	7617
3	77340	0.95225	7618
3	77350	0.952375	7619
3	77360	0.9525	7620
3	77370	0.952625	7621
3	77380	0.95275	7622
3	77390	0.952875	7623
3	77400	0.953	7624
3	77410	0.953125	7625
3	77420	0.95325	7626
3	77430	0.953375	7627
3	77440	0.9535	7628
3	77450	0.953625	7629
3	77460	0.95375	7630
3	77470	0.953875	7631
3	77480	0.954	7632
3	77490	0.954125	7633
3	77500	0.95425	7634
3	77510	0.954375	7635
3	77520	0.9545	7636
3	77530	0.954625	7637
3	77540	0.95475	7638
3	77550	0.954875	7639
3	77560	0.955	7640
3	77570	0.955125	7641
3	77580	0.95525	7642
3	77594	0.955375	7643
3	77604	0.9555	7644
3	77614	0.955625	7645
3	77624	0.95575	7646
3	77634	0.955875	7647
3	77644	0.956	7648
3	77654	0.956125	7649
3	77664	0.95625	7650
3	77674	0.956375	7651
3	77684	0.9565	7652
3	77694	0.956625	7653
3	77704	0.95675	7654
3	77714	0.956875	7655
3	77724	0.957	7656
3	77734	0.957125	7657
3	77744	0.95725	7658
3	77754	0.957375	7659
3	77764	0.9575	7660
3	77774	0.957625	7661
3	77784	0.95775	7662
3	77794	0.957875	7663
3	77804	0.958	7664
3	77814	0.958125	7665
3	77824	0.95825	7666
3	77834	0.958375	7667
3	77844	0.9585	7668
3	77858	0.958625	7669
3	77868	0.95875	7670
3	77878	0.958875	7671
3	77888	0.959	7672
3	77898	0.959125	7673
3	77908	0.95925	7674
3	77918	0.959375	7675
3	77928	0.9595	7676
3	77938	0.959625	7677
3	77948	0.95975	7678
3	77958	0.959875	7679
3	77968	0.96	7680
3	77978	0.960125	7681
3	77988	0.96025	7682
3	77998	0.960375	7683
3	78008	0.9605	7684
3	78018	0.960625	7685
3	78028	0.96075	7686
3	78038	0.960875	7687
3	78048	0.961	7688
3	78058	0.961125	7689
3	78068	0.96125	7690
3	78078	0.961375	7691
3	78088	0.9615	7692
3	78098	0.961625	7693
3	78108	0.96175	7694
3	78118	0.961875	7695
3	78132	0.962	7696
3	78142	0.962125	7697
3	78152	0.96225	7698
3	78162	0.962375	7699
3	78172	0.9625	7700
3	78182	0.962625	7701
3	78192	0.96275	7702
3	78202	0.962875	7703
3	78212	0.963	7704
3	78222	0.963125	7705
3	78232	0.96325	7706
3	78242	0.963375	7707
3	78252	0.9635	7708
3	78262	0.963625	7709
3	78272	0.96375	7710
3	78282	0.963875	7711
3	78292	0.964	7712
3	78302	0.964125	7713
3	78312	0.96425	7714
3	78322	0.964375	7715
3	78332	0.9645	7716
3	78342	0.964625	7717
3	78352	0.96475	7718
3	78362	0.964875	7719
3	78372	0.965	7720
3	78382	0.965125	7721
3	78396	0.96525	7722
3	78406	0.965375	7723
3	78416	0.9655	7724
3	78426	0.965625	7725
3	78436	0.96575	7726
3	78446	0.965875	7727
3	78456	0.966	7728
3	78466	0.966125	7729
3	78476	0.96625	7730
3	78486	0.966375	7731
3	78496	0.9665	7732
3	78506	0.966625	7733
3	78516	0.96675	7734
3	78526	0.966875	7735
3	78536	0.967	7736
3	78546	0.967125	7737
3	78556	0.96725	7738
3	78566	0.967375	7739
3	78576	0.9675	7740
3	78586	0.967625	7741
3	78596	0.96775	7742
3	78606	0.967875	7743
3	78616	0.968	7744
3	78626	0.968125	7745
3	78636	0.96825	7746
3	78646	0.968375	7747
3	78660	0.9685	7748
3	78670	0.968625	7749
3	78680	0.96875	7750
3	78690	0.968875	7751
3	78700	0.969	7752
3	78710	0.969125	7753
3	78720	0.96925	7754
3	78730	0.969375	7755
3	78740	0.9695	7756
3	78750	0.969625	7757
3	78760	0.96975	7758
3	78770	0.969875	7759
3	78780	0.97	7760
3	78790	0.970125	7761
3	78800	0.97025	7762
3	78810	0.970375	7763
3	78820	0.9705	7764
3	78830	0.970625	7765
3	78840	0.97075	7766
3	78850	0.970875	7767
3	78860	0.971	7768
3	78870	0.971125	7769
3	78880	0.97125	7770
3	78890	0.971375	7771
3	78900	0.9715	7772
3	78910	0.971625	7773
3	78924	0.97175	7774
3	78934	0.971875	7775
3	78944	0.972	7776
3	78954	0.972125	7777
3	78964	0.97225	7778
3	78974	0.972375	7779
3	78984	0.9725	7780
3	78994	0.972625	7781
3	79004	0.97275	7782
3	79014	0.972875	7783
3	79024	0.973	7784
3	79034	0.973125	7785
3	79044	0.97325	7786
3	79054	0.973375	7787
3	79064	0.9735	7788
3	79074	0.973625	7789
3	79084	0.97375	7790
3	79094	0.973875	7791
3	79104	0.974	7792
3	79114	0.974125	7793
3	79124	0.97425	7794
3	79134	0.974375	7795
3	79144	0.9745	7796
3	79154	0.974625	7797
3	79164	0.97475	7798
3	79174	0.974875	7799
3	79188	0.975	7800
3	79198	0.975125	7801
3	79208	0.97525	7802
3	79218	0.975375	7803
3	79228	0.9755	7804
3	79238	0.975625	7805
3	79248	0.97575	7806
3	79258	0.975875	7807
3	79268	0.976	7808
3	79278	0.976125	7809
3	79288	0.97625	7810
3	79298	0.976375	7811
3	79308	0.9765	7812
3	79318	0.976625	7813
3	79328	0.97675	7814
3	79338	0.976875	7815
3	79348	0.977	7816
3	79358	0.977125	7817
3	79368	0.97725	7818
3	79378	0.977375	7819
3	79388	0.9775	7820
3	79398	0.977625	7821
3	79408	0.97775	7822
3	79418	0.977875	7823
3	79428	0.978	7824
3	79438	0.978125	7825
3	79448	0.97825	7826
3	79462	0.978375	7827
3	79472	0.9785	7828
3	79482	0.978625	7829
3	79492	0.97875	7830
3	79502	0.978875	7831
3	79512	0.979	7832
3	79522	0.979125	7833
3	79532	0.97925	7834
3	79542	0.979375	7835
3	79552	0.9795	7836
3	79562	0.979625	7837
3	79572	0.97975	7838
3	79582	0.979875	7839
3	79592	0.98	7840
3	79602	0.980125	7841
3	79612	0.98025	7842
3	79622	0.980375	7843
3	79632	0.9805	7844
3	79642	0.980625	7845
3	79652	0.98075	7846
3	79662	0.980875	7847
3	79672	0.981	7848
3	79682	0.981125	7849
3	79692	0.98125	7850
3	79702	0.981375	7851
3	79712	0.9815	7852
3	79726	0.981625	7853
3	79736	0.98175	7854
3	79746	0.981875	7855
3	79756	0.982	7856
3	79766	0.982125	7857
3	79776	0.98225	7858
3	79786	0.982375	7859
3	79796	0.9825	7860
3	79806	0.982625	7861
3	79816	0.98275	7862
3	79826	0.982875	7863
3	79836	0.983	7864
3	79846	0.983125	7865
3	79856	0.98325	7866
3	79866	0.983375	7867
3	79876	0.9835	7868
3	79886	0.983625	7869
3	79896	0.98375	7870
3	79906	0.983875	7871
3	79916	0.984	7872
3	79926	0.984125	7873
3	79936	0.98425	7874
3	79946	0.984375	7875
3	79956	0.9845	7876
3	79966	0.984625	7877
3	79976	0.98475	7878
3	79990	0.984875	7879
3	80000	0.985	7880
3	80010	0.985125	7881
3	80020	0.98525	7882
3	80030	0.985375	7883
3	80040	0.9855	7884
3	80050	0.985625	7885
3	80060	0.98575	7886
3	80070	0.985875	7887
3	80080	0.986	7888
3	80090	0.986125	7889
3	80100	0.98625	7890
3	80110	0.986375	7891
3	80120	0.9865	7892
3	80130	0.986625	7893
3	80140	0.98675	7894
3	80150	0.986875	7895
3	80160	0.987	7896
3	80170	0.987125	7897
3	80180	0.98725	7898
3	80190	0.987375	7899
3	80200	0.9875	7900
3	80210	0.987625	7901
3	80220	0.98775	7902
3	80230	0.987875	7903
3	80240	0.988	7904
3	80254	0.988125	7905
3	80264	0.98825	7906
3	80274	0.988375	7907
3	80284	0.9885	7908
3	80294	0.988625	7909
3	80304	0.98875	7910
3	80314	0.988875	7911
3	80324	0.989	7912
3	80334	0.989125	7913
3	80344	0.98925	7914
3	80354	0.989375	7915
3	80364	0.9895	7916
3	80374	0.989625	7917
3	80384	0.98975	7918
3	80394	0.989875	7919
3	80404	0.99	7920
3	80414	0.990125	7921
3	80424	0.99025	7922
3	80434	0.990375	7923
3	80444	0.9905	7924
3	80454	0.990625	7925
3	80464	0.99075	7926
3	80474	0.990875	7927
3	80484	0.991	7928
3	80494	0.991125	7929
3	80504	0.99125	7930
3	80518	0.991375	7931
3	80528	0.9915	7932
3	80538	0.991625	7933
3	80548	0.99175	7934
3	80558	0.991875	7935
3	80568	0.992	7936
3	80578	0.992125	7937
3	80588	0.99225	7938
3	80598	0.992375	7939
3	80608	0.9925	7940
3	80618	0.992625	7941
3	80628	0.99275	7942
3	80638	0.992875	7943
3	80648	0.993	7944
3	80658	0.993125	7945
3	80668	0.99325	7946
3	80678	0.993375	7947
3	80688	0.9935	7948
3	80698	0.993625	7949
3	80708	0.99375	7950
3	80718	0.993875	7951
3	80728	0.994	7952
3	80738	0.994125	7953
3	80748	0.99425	7954
3	80758	0.994375	7955
3	80768	0.9945	7956
3	80782	0.994625	7957
3	80792	0.99475	7958
3	80802	0.994875	7959
3	80812	0.995	7960
3	80822	0.995125	7961
3	80832	0.99525	7962
3	80842	0.995375	7963
3	80852	0.9955	7964
3	80862	0.995625	7965
3	80872	0.99575	7966
3	80882	0.995875	7967
3	80892	0.996	7968
3	80902	0.996125	7969
3	80912	0.99625	7970
3	80922	0.996375	7971
3	80932	0.9965	7972
3	80942	0.996625	7973
3	80952	0.99675	7974
3	80962	0.996875	7975
3	80972	0.997	7976
3	80982	0.997125	7977
3	80992	0.99725	7978
3	81002	0.997375	7979
3	81012	0.9975	7980
3	81022	0.997625	7981
3	81032	0.99775	7982
3	81042	0.997875	7983
3	81056	0.998	7984
3	81066	0.998125	7985
3	81076	0.99825	7986
3	81086	0.998375	7987
3	81096	0.9985	7988
3	81106	0.998625	7989
3	81116	0.99875	7990
3	81126	0.998875	7991
3	81136	0.999	7992
3	81146	0.999125	7993
3	81156	0.99925	7994
3	81166	0.999375	7995
3	81176	0.9995	7996
3	81186	0.999625	7997
3	81196	0.99975	7998
3	81206	0.999875	7999
3	81216	1	8000
4	7	0.000127	1
4	17	0.000252	2
4	27	0.000377	3
4	37	0.000502	4
4	47	0.000627	5
4	57	0.000752	6
4	67	0.000877	7
4	77	0.001002	8
4	87	0.001127	9
4	97	0.001252	10
4	107	0.001377	11
4	117	0.001502	12
4	127	0.001627	13
4	137	0.001752	14
4	147	0.001877	15
4	157	0.002002	16
4	167	0.002127	17
4	177	0.002252	18
4	187	0.002377	19
4	197	0.002502	20
4	207	0.002627	21
4	217	0.002752	22
4	227	0.002877	23
4	237	0.003002	24
4	247	0.003127	25
4	261	0.003252	26
4	271	0.003377	27
4	281	0.003502	28
4	291	0.003627	29
4	301	0.003752	30
4	311	0.003877	31
4	321	0.004002	32
4	331	0.004127	33
4	341	0.004252	34
4	351	0.004377	35
4	361	0.004502	36
4	371	0.004627	37
4	381	0.004752	38
4	391	0.004877	39
4	401	0.005002	40
4	411	0.005127	41
4	421	0.005252	42
4	431	0.005377	43
4	441	0.005502	44
4	451	0.005627	45
4	461	0.005752	46
4	471	0.005877	47
4	481	0.006002	48
4	491	0.006127	49
4	501	0.006252	50
4	511	0.006377	51
4	525	0.006502	52
4	535	0.006627	53
4	545	0.006752	54
4	555	0.006877	55
4	565	0.007002	56
4	575	0.007127	57
4	585	0.007252	58
4	595	0.007377	59
4	605	0.007502	60
4	615	0.007627	61
4	625	0.007752	62
4	635	0.007877	63
4	645	0.008002	64
4	655	0.008127	65
4	665	0.008252	66
4	675	0.008377	67
4	685	0.008502	68
4	695	0.008627	69
4	705	0.008752	70
4	715	0.008877	71
4	725	0.009002	72
4	735	0.009127	73
4	745	0.009252	74
4	755	0.009377	75
4	765	0.009502	76
4	775	0.009627	77
4	785	0.009752	78
4	799	0.009877	79
4	809	0.010002	80
4	819	0.010127	81
4	829	0.010252	82
4	839	0.010377	83
4	849	0.010502	84
4	859	0.010627	85
4	869	0.010752	86
4	879	0.010877	87
4	889	0.011002	88
4	899	0.011127	89
4	909	0.011252	90
4	919	0.011377	91
4	929	0.011502	92
4	939	0.011627	93
4	949	0.011752	94
4	959	0.011877	95
4	969	0.012002	96
4	979	0.012127	97
4	989	0.012252	98
4	999	0.012377	99
4	1009	0.012502	100
4	1019	0.012627	101
4	1029	0.012752	102
4	1039	0.012877	103
4	1049	0.013002	104
4	1063	0.013127	105
4	1073	0.013252	106
4	1083	0.013377	107
4	1093	0.013502	108
4	1103	0.013627	109
4	1113	0.013752	110
4	1123	0.013877	111
4	1133	0.014002	112
4	1143	0.014127	113
4	1153	0.014252	114
4	1163	0.014377	115
4	1173	0.014502	116
4	1183	0.014627	117
4	1193	0.014752	118
4	1203	0.014877	119
4	1213	0.015002	120
4	1223	0.015127	121
4	1233	0.015252	122
4	1243	0.015377	123
4	1253	0.015502	124
4	1263	0.015627	125
4	1273	0.015752	126
4	1283	0.015877	127
4	1293	0.016002	128
4	1303	0.016127	129
4	1313	0.016252	130
4	1327	0.016377	131
4	1337	0.016502	132
4	1347	0.016627	133
4	1357	0.016752	134
4	1367	0.016877	135
4	1377	0.017002	136
4	1387	0.017127	137
4	1397	0.017252	138
4	1407	0.017377	139
4	1417	0.017502	140
4	1427	0.017627	141
4	1437	0.017752	142
4	1447	0.017877	143
4	1457	0.018002	144
4	1467	0.018127	145
4	1477	0.018252	146
4	1487	0.018377	147
4	1497	0.018502	148
4	1507	0.018627	149
4	1517	0.018752	150
4	1527	0.018877	151
4	1537	0.019002	152
4	1547	0.019127	153
4	1557	0.019252	154
4	1567	0.019377	155
4	1577	0.019502	156
4	1591	0.019627	157
4	1601	0.019752	158
4	1611	0.019877	159
4	1621	0.020002	160
4	1631	0.020127	161
4	1641	0.020252	162
4	1651	0.020377	163
4	1661	0.020502	164
4	1671	0.020627	165
4	1681	0.020752	166
4	1691	0.020877	167
4	1701	0.021002	168
4	1711	0.021127	169
4	1721	0.021252	170
4	1731	0.021377	171
4	1741	0.021502	172
4	1751	0.021627	173
4	1761	0.021752	174
4	1771	0.021877	175
4	1781	0.022002	176
4	1791	0.022127	177
4	1801	0.022252	178
4	1811	0.022377	179
4	1821	0.022502	180
4	1831	0.022627	181
4	1841	0.022752	182
4	1855	0.022877	183
4	1865	0.023002	184
4	1875	0.023127	185
4	1885	0.023252	186
4	1895	0.023377	187
4	1905	0.023502	188
4	1915	0.023627	189
4	1925	0.023752	190
4	1935	0.023877	191
4	1945	0.024002	192
4	1955	0.024127	193
4	1965	0.024252	194
4	1975	0.024377	195
4	1985	0.024502	196
4	1995	0.024627	197
4	2005	0.024752	198
4	2015	0.024877	199
4	2025	0.025002	200
4	2035	0.025127	201
4	2045	0.025252	202
4	2055	0.025377	203
4	2065	0.025502	204
4	2075	0.025627	205
4	2085	0.025752	206
4	2095	0.025877	207
4	2105	0.026002	208
4	2119	0.026127	209
4	2129	0.026252	210
4	2139	0.026377	211
4	2149	0.026502	212
4	2159	0.026627	213
4	2169	0.026752	214
4	2179	0.026877	215
4	2189	0.027002	216
4	2199	0.027127	217
4	2209	0.027252	218
4	2219	0.027377	219
4	2229	0.027502	220
4	2239	0.027627	221
4	2249	0.027752	222
4	2259	0.027877	223
4	2269	0.028002	224
4	2279	0.028127	225
4	2289	0.028252	226
4	2299	0.028377	227
4	2309	0.028502	228
4	2319	0.028627	229
4	2329	0.028752	230
4	2339	0.028877	231
4	2349	0.029002	232
4	2359	0.029127	233
4	2369	0.029252	234
4	2379	0.029377	235
4	2393	0.029502	236
4	2403	0.029627	237
4	2413	0.029752	238
4	2423	0.029877	239
4	2433	0.030002	240
4	2443	0.030127	241
4	2453	0.030252	242
4	2463	0.030377	243
4	2473	0.030502	244
4	2483	0.030627	245
4	2493	0.030752	246
4	2503	0.030877	247
4	2513	0.031002	248
4	2523	0.031127	249
4	2533	0.031252	250
4	2543	0.031377	251
4	2553	0.031502	252
4	2563	0.031627	253
4	2573	0.031752	254
4	2583	0.031877	255
4	2593	0.032002	256
4	2603	0.032127	257
4	2613	0.032252	258
4	2623	0.032377	259
4	2633	0.032502	260
4	2643	0.032627	261
4	2657	0.032752	262
4	2667	0.032877	263
4	2677	0.033002	264
4	2687	0.033127	265
4	2697	0.033252	266
4	2707	0.033377	267
4	2717	0.033502	268
4	2727	0.033627	269
4	2737	0.033752	270
4	2747	0.033877	271
4	2757	0.034002	272
4	2767	0.034127	273
4	2777	0.034252	274
4	2787	0.034377	275
4	2797	0.034502	276
4	2807	0.034627	277
4	2817	0.034752	278
4	2827	0.034877	279
4	2837	0.035002	280
4	2847	0.035127	281
4	2857	0.035252	282
4	2867	0.035377	283
4	2877	0.035502	284
4	2887	0.035627	285
4	2897	0.035752	286
4	2907	0.035877	287
4	2921	0.036002	288
4	2931	0.036127	289
4	2941	0.036252	290
4	2951	0.036377	291
4	2961	0.036502	292
4	2971	0.036627	293
4	2981	0.036752	294
4	2991	0.036877	295
4	3001	0.037002	296
4	3011	0.037127	297
4	3021	0.037252	298
4	3031	0.037377	299
4	3041	0.037502	300
4	3051	0.037627	301
4	3061	0.037752	302
4	3071	0.037877	303
4	3081	0.038002	304
4	3091	0.038127	305
4	3101	0.038252	306
4	3111	0.038377	307
4	3121	0.038502	308
4	3131	0.038627	309
4	3141	0.038752	310
4	3151	0.038877	311
4	3161	0.039002	312
4	3171	0.039127	313
4	3185	0.039252	314
4	3195	0.039377	315
4	3205	0.039502	316
4	3215	0.039627	317
4	3225	0.039752	318
4	3235	0.039877	319
4	3245	0.040002	320
4	3255	0.040127	321
4	3265	0.040252	322
4	3275	0.040377	323
4	3285	0.040502	324
4	3295	0.040627	325
4	3305	0.040752	326
4	3315	0.040877	327
4	3325	0.041002	328
4	3335	0.041127	329
4	3345	0.041252	330
4	3355	0.041377	331
4	3365	0.041502	332
4	3375	0.041627	333
4	3385	0.041752	334
4	3395	0.041877	335
4	3405	0.042002	336
4	3415	0.042127	337
4	3425	0.042252	338
4	3435	0.042377	339
4	3449	0.042502	340
4	3459	0.042627	341
4	3469	0.042752	342
4	3479	0.042877	343
4	3489	0.043002	344
4	3499	0.043127	345
4	3509	0.043252	346
4	3519	0.043377	347
4	3529	0.043502	348
4	3539	0.043627	349
4	3549	0.043752	350
4	3559	0.043877	351
4	3569	0.044002	352
4	3579	0.044127	353
4	3589	0.044252	354
4	3599	0.044377	355
4	3609	0.044502	356
4	3619	0.044627	357
4	3629	0.044752	358
4	3639	0.044877	359
4	3649	0.045002	360
4	3659	0.045127	361
4	3669	0.045252	362
4	3679	0.045377	363
4	3689	0.045502	364
4	3699	0.045627	365
4	3711	0.045752	366
4	3723	0.045877	367
4	3733	0.046002	368
4	3743	0.046127	369
4	3753	0.046252	370
4	3763	0.046377	371
4	3773	0.046502	372
4	3783	0.046627	373
4	3793	0.046752	374
4	3803	0.046877	375
4	3813	0.047002	376
4	3823	0.047127	377
4	3833	0.047252	378
4	3843	0.047377	379
4	3853	0.047502	380
4	3863	0.047627	381
4	3873	0.047752	382
4	3883	0.047877	383
4	3893	0.048002	384
4	3903	0.048127	385
4	3913	0.048252	386
4	3923	0.048377	387
4	3933	0.048502	388
4	3943	0.048627	389
4	3953	0.048752	390
4	3963	0.048877	391
4	3973	0.049002	392
4	3987	0.049127	393
4	3997	0.049252	394
4	4007	0.049377	395
4	4017	0.049502	396
4	4027	0.049627	397
4	4037	0.049752	398
4	4047	0.049877	399
4	4057	0.050002	400
4	4067	0.050127	401
4	4077	0.050252	402
4	4087	0.050377	403
4	4097	0.050502	404
4	4107	0.050627	405
4	4117	0.050752	406
4	4127	0.050877	407
4	4137	0.051002	408
4	4147	0.051127	409
4	4157	0.051252	410
4	4167	0.051377	411
4	4177	0.051502	412
4	4187	0.051627	413
4	4197	0.051752	414
4	4207	0.051877	415
4	4217	0.052002	416
4	4227	0.052127	417
4	4237	0.052252	418
4	4251	0.052377	419
4	4261	0.052502	420
4	4271	0.052627	421
4	4281	0.052752	422
4	4291	0.052877	423
4	4301	0.053002	424
4	4311	0.053127	425
4	4321	0.053252	426
4	4331	0.053377	427
4	4341	0.053502	428
4	4351	0.053627	429
4	4361	0.053752	430
4	4371	0.053877	431
4	4381	0.054002	432
4	4391	0.054127	433
4	4401	0.054252	434
4	4411	0.054377	435
4	4421	0.054502	436
4	4431	0.054627	437
4	4441	0.054752	438
4	4451	0.054877	439
4	4461	0.055002	440
4	4471	0.055127	441
4	4481	0.055252	442
4	4491	0.055377	443
4	4501	0.055502	444
4	4515	0.055627	445
4	4525	0.055752	446
4	4535	0.055877	447
4	4545	0.056002	448
4	4555	0.056127	449
4	4565	0.056252	450
4	4575	0.056377	451
4	4585	0.056502	452
4	4595	0.056627	453
4	4605	0.056752	454
4	4615	0.056877	455
4	4625	0.057002	456
4	4635	0.057127	457
4	4645	0.057252	458
4	4655	0.057377	459
4	4665	0.057502	460
4	4675	0.057627	461
4	4685	0.057752	462
4	4695	0.057877	463
4	4705	0.058002	464
4	4715	0.058127	465
4	4725	0.058252	466
4	4735	0.058377	467
4	4745	0.058502	468
4	4755	0.058627	469
4	4765	0.058752	470
4	4779	0.058877	471
4	4789	0.059002	472
4	4799	0.059127	473
4	4809	0.059252	474
4	4819	0.059377	475
4	4829	0.059502	476
4	4839	0.059627	477
4	4849	0.059752	478
4	4859	0.059877	479
4	4869	0.060002	480
4	4879	0.060127	481
4	4889	0.060252	482
4	4899	0.060377	483
4	4909	0.060502	484
4	4919	0.060627	485
4	4929	0.060752	486
4	4939	0.060877	487
4	4949	0.061002	488
4	4959	0.061127	489
4	4969	0.061252	490
4	4979	0.061377	491
4	4989	0.061502	492
4	4999	0.061627	493
4	5009	0.061752	494
4	5019	0.061877	495
4	5029	0.062002	496
4	5043	0.062127	497
4	5053	0.062252	498
4	5063	0.062377	499
4	5073	0.062502	500
4	5083	0.062627	501
4	5093	0.062752	502
4	5103	0.062877	503
4	5113	0.063002	504
4	5123	0.063127	505
4	5133	0.063252	506
4	5143	0.063377	507
4	5153	0.063502	508
4	5163	0.063627	509
4	5173	0.063752	510
4	5183	0.063877	511
4	5193	0.064002	512
4	5203	0.064127	513
4	5213	0.064252	514
4	5223	0.064377	515
4	5233	0.064502	516
4	5243	0.064627	517
4	5253	0.064752	518
4	5263	0.064877	519
4	5273	0.065002	520
4	5283	0.065127	521
4	5293	0.065252	522
4	5303	0.065377	523
4	5317	0.065502	524
4	5327	0.065627	525
4	5337	0.065752	526
4	5347	0.065877	527
4	5357	0.066002	528
4	5367	0.066127	529
4	5377	0.066252	530
4	5387	0.066377	531
4	5397	0.066502	532
4	5407	0.066627	533
4	5417	0.066752	534
4	5427	0.066877	535
4	5437	0.067002	536
4	5447	0.067127	537
4	5457	0.067252	538
4	5467	0.067377	539
4	5477	0.067502	540
4	5487	0.067627	541
4	5497	0.067752	542
4	5507	0.067877	543
4	5517	0.068002	544
4	5527	0.068127	545
4	5537	0.068252	546
4	5547	0.068377	547
4	5557	0.068502	548
4	5567	0.068627	549
4	5581	0.068752	550
4	5591	0.068877	551
4	5601	0.069002	552
4	5611	0.069127	553
4	5621	0.069252	554
4	5631	0.069377	555
4	5641	0.069502	556
4	5651	0.069627	557
4	5661	0.069752	558
4	5671	0.069877	559
4	5681	0.070002	560
4	5691	0.070127	561
4	5701	0.070252	562
4	5711	0.070377	563
4	5721	0.070502	564
4	5731	0.070627	565
4	5741	0.070752	566
4	5751	0.070877	567
4	5761	0.071002	568
4	5771	0.071127	569
4	5781	0.071252	570
4	5791	0.071377	571
4	5801	0.071502	572
4	5811	0.071627	573
4	5821	0.071752	574
4	5831	0.071877	575
4	5845	0.072002	576
4	5855	0.072127	577
4	5865	0.072252	578
4	5875	0.072377	579
4	5885	0.072502	580
4	5895	0.072627	581
4	5905	0.072752	582
4	5915	0.072877	583
4	5925	0.073002	584
4	5935	0.073127	585
4	5945	0.073252	586
4	5955	0.073377	587
4	5965	0.073502	588
4	5975	0.073627	589
4	5985	0.073752	590
4	5995	0.073877	591
4	6005	0.074002	592
4	6015	0.074127	593
4	6025	0.074252	594
4	6035	0.074377	595
4	6045	0.074502	596
4	6055	0.074627	597
4	6065	0.074752	598
4	6075	0.074877	599
4	6085	0.075002	600
4	6095	0.075127	601
4	6109	0.075252	602
4	6119	0.075377	603
4	6129	0.075502	604
4	6139	0.075627	605
4	6149	0.075752	606
4	6159	0.075877	607
4	6169	0.076002	608
4	6179	0.076127	609
4	6189	0.076252	610
4	6199	0.076377	611
4	6209	0.076502	612
4	6219	0.076627	613
4	6229	0.076752	614
4	6239	0.076877	615
4	6249	0.077002	616
4	6259	0.077127	617
4	6269	0.077252	618
4	6279	0.077377	619
4	6289	0.077502	620
4	6299	0.077627	621
4	6309	0.077752	622
4	6319	0.077877	623
4	6329	0.078002	624
4	6339	0.078127	625
4	6349	0.078252	626
4	6359	0.078377	627
4	6373	0.078502	628
4	6383	0.078627	629
4	6393	0.078752	630
4	6403	0.078877	631
4	6413	0.079002	632
4	6423	0.079127	633
4	6433	0.079252	634
4	6443	0.079377	635
4	6453	0.079502	636
4	6463	0.079627	637
4	6473	0.079752	638
4	6483	0.079877	639
4	6493	0.080002	640
4	6503	0.080127	641
4	6513	0.080252	642
4	6523	0.080377	643
4	6533	0.080502	644
4	6543	0.080627	645
4	6553	0.080752	646
4	6563	0.080877	647
4	6573	0.081002	648
4	6583	0.081127	649
4	6593	0.081252	650
4	6603	0.081377	651
4	6613	0.081502	652
4	6623	0.081627	653
4	6637	0.081752	654
4	6647	0.081877	655
4	6657	0.082002	656
4	6667	0.082127	657
4	6677	0.082252	658
4	6687	0.082377	659
4	6697	0.082502	660
4	6707	0.082627	661
4	6717	0.082752	662
4	6727	0.082877	663
4	6737	0.083002	664
4	6747	0.083127	665
4	6757	0.083252	666
4	6767	0.083377	667
4	6777	0.083502	668
4	6787	0.083627	669
4	6797	0.083752	670
4	6807	0.083877	671
4	6817	0.084002	672
4	6827	0.084127	673
4	6837	0.084252	674
4	6847	0.084377	675
4	6857	0.084502	676
4	6867	0.084627	677
4	6877	0.084752	678
4	6887	0.084877	679
4	6897	0.085002	680
4	6911	0.085127	681
4	6921	0.085252	682
4	6931	0.085377	683
4	6941	0.085502	684
4	6951	0.085627	685
4	6961	0.085752	686
4	6971	0.085877	687
4	6981	0.086002	688
4	6991	0.086127	689
4	7001	0.086252	690
4	7011	0.086377	691
4	7021	0.086502	692
4	7031	0.086627	693
4	7041	0.086752	694
4	7051	0.086877	695
4	7061	0.087002	696
4	7071	0.087127	697
4	7081	0.087252	698
4	7091	0.087377	699
4	7101	0.087502	700
4	7111	0.087627	701
4	7121	0.087752	702
4	7131	0.087877	703
4	7141	0.088002	704
4	7151	0.088127	705
4	7161	0.088252	706
4	7175	0.088377	707
4	7185	0.088502	708
4	7195	0.088627	709
4	7205	0.088752	710
4	7215	0.088877	711
4	7225	0.089002	712
4	7235	0.089127	713
4	7245	0.089252	714
4	7255	0.089377	715
4	7265	0.089502	716
4	7275	0.089627	717
4	7285	0.089752	718
4	7295	0.089877	719
4	7305	0.090002	720
4	7315	0.090127	721
4	7325	0.090252	722
4	7335	0.090377	723
4	7345	0.090502	724
4	7355	0.090627	725
4	7365	0.090752	726
4	7375	0.090877	727
4	7385	0.091002	728
4	7395	0.091127	729
4	7405	0.091252	730
4	7415	0.091377	731
4	7425	0.091502	732
4	7439	0.091627	733
4	7449	0.091752	734
4	7459	0.091877	735
4	7469	0.092002	736
4	7479	0.092127	737
4	7489	0.092252	738
4	7499	0.092377	739
4	7509	0.092502	740
4	7519	0.092627	741
4	7529	0.092752	742
4	7539	0.092877	743
4	7549	0.093002	744
4	7559	0.093127	745
4	7569	0.093252	746
4	7579	0.093377	747
4	7589	0.093502	748
4	7599	0.093627	749
4	7609	0.093752	750
4	7619	0.093877	751
4	7629	0.094002	752
4	7639	0.094127	753
4	7649	0.094252	754
4	7659	0.094377	755
4	7669	0.094502	756
4	7679	0.094627	757
4	7689	0.094752	758
4	7703	0.094877	759
4	7713	0.095002	760
4	7723	0.095127	761
4	7733	0.095252	762
4	7743	0.095377	763
4	7753	0.095502	764
4	7763	0.095627	765
4	7773	0.095752	766
4	7783	0.095877	767
4	7793	0.096002	768
4	7803	0.096127	769
4	7813	0.096252	770
4	7823	0.096377	771
4	7833	0.096502	772
4	7843	0.096627	773
4	7853	0.096752	774
4	7863	0.096877	775
4	7873	0.097002	776
4	7883	0.097127	777
4	7893	0.097252	778
4	7903	0.097377	779
4	7913	0.097502	780
4	7923	0.097627	781
4	7933	0.097752	782
4	7943	0.097877	783
4	7953	0.098002	784
4	7967	0.098127	785
4	7977	0.098252	786
4	7987	0.098377	787
4	7997	0.098502	788
4	8007	0.098627	789
4	8017	0.098752	790
4	8027	0.098877	791
4	8037	0.099002	792
4	8047	0.099127	793
4	8057	0.099252	794
4	8067	0.099377	795
4	8077	0.099502	796
4	8087	0.099627	797
4	8097	0.099752	798
4	8107	0.099877	799
4	8117	0.100002	800
4	8127	0.100127	801
4	8137	0.100252	802
4	8147	0.100377	803
4	8157	0.100502	804
4	8167	0.100627	805
4	8177	0.100752	806
4	8187	0.100877	807
4	8197	0.101002	808
4	8207	0.101127	809
4	8217	0.101252	810
4	8231	0.101377	811
4	8241	0.101502	812
4	8251	0.101627	813
4	8261	0.101752	814
4	8271	0.101877	815
4	8281	0.102002	816
4	8291	0.102127	817
4	8301	0.102252	818
4	8311	0.102377	819
4	8321	0.102502	820
4	8331	0.102627	821
4	8341	0.102752	822
4	8351	0.102877	823
4	8361	0.103002	824
4	8371	0.103127	825
4	8381	0.103252	826
4	8391	0.103377	827
4	8401	0.103502	828
4	8411	0.103627	829
4	8421	0.103752	830
4	8431	0.103877	831
4	8441	0.104002	832
4	8451	0.104127	833
4	8461	0.104252	834
4	8471	0.104377	835
4	8481	0.104502	836
4	8491	0.104627	837
4	8505	0.104752	838
4	8515	0.104877	839
4	8525	0.105002	840
4	8535	0.105127	841
4	8545	0.105252	842
4	8555	0.105377	843
4	8565	0.105502	844
4	8575	0.105627	845
4	8585	0.105752	846
4	8595	0.105877	847
4	8605	0.106002	848
4	8615	0.106127	849
4	8625	0.106252	850
4	8635	0.106377	851
4	8645	0.106502	852
4	8655	0.106627	853
4	8665	0.106752	854
4	8675	0.106877	855
4	8685	0.107002	856
4	8695	0.107127	857
4	8705	0.107252	858
4	8715	0.107377	859
4	8725	0.107502	860
4	8735	0.107627	861
4	8745	0.107752	862
4	8755	0.107877	863
4	8769	0.108002	864
4	8779	0.108127	865
4	8789	0.108252	866
4	8799	0.108377	867
4	8809	0.108502	868
4	8819	0.108627	869
4	8829	0.108752	870
4	8839	0.108877	871
4	8849	0.109002	872
4	8859	0.109127	873
4	8869	0.109252	874
4	8879	0.109377	875
4	8889	0.109502	876
4	8899	0.109627	877
4	8909	0.109752	878
4	8919	0.109877	879
4	8929	0.110002	880
4	8939	0.110127	881
4	8949	0.110252	882
4	8959	0.110377	883
4	8969	0.110502	884
4	8979	0.110627	885
4	8989	0.110752	886
4	8999	0.110877	887
4	9009	0.111002	888
4	9019	0.111127	889
4	9033	0.111252	890
4	9043	0.111377	891
4	9053	0.111502	892
4	9063	0.111627	893
4	9073	0.111752	894
4	9083	0.111877	895
4	9093	0.112002	896
4	9103	0.112127	897
4	9113	0.112252	898
4	9123	0.112377	899
4	9133	0.112502	900
4	9143	0.112627	901
4	9153	0.112752	902
4	9163	0.112877	903
4	9173	0.113002	904
4	9183	0.113127	905
4	9193	0.113252	906
4	9203	0.113377	907
4	9213	0.113502	908
4	9223	0.113627	909
4	9233	0.113752	910
4	9243	0.113877	911
4	9253	0.114002	912
4	9263	0.114127	913
4	9273	0.114252	914
4	9283	0.114377	915
4	9297	0.114502	916
4	9307	0.114627	917
4	9317	0.114752	918
4	9327	0.114877	919
4	9337	0.115002	920
4	9347	0.115127	921
4	9357	0.115252	922
4	9367	0.115377	923
4	9377	0.115502	924
4	9387	0.115627	925
4	9397	0.115752	926
4	9407	0.115877	927
4	9417	0.116002	928
4	9427	0.116127	929
4	9437	0.116252	930
4	9447	0.116377	931
4	9457	0.116502	932
4	9467	0.116627	933
4	9477	0.116752	934
4	9487	0.116877	935
4	9497	0.117002	936
4	9507	0.117127	937
4	9517	0.117252	938
4	9527	0.117377	939
4	9537	0.117502	940
4	9547	0.117627	941
4	9561	0.117752	942
4	9571	0.117877	943
4	9581	0.118002	944
4	9591	0.118127	945
4	9601	0.118252	946
4	9611	0.118377	947
4	9621	0.118502	948
4	9631	0.118627	949
4	9641	0.118752	950
4	9651	0.118877	951
4	9661	0.119002	952
4	9671	0.119127	953
4	9681	0.119252	954
4	9691	0.119377	955
4	9701	0.119502	956
4	9711	0.119627	957
4	9721	0.119752	958
4	9731	0.119877	959
4	9741	0.120002	960
4	9751	0.120127	961
4	9761	0.120252	962
4	9771	0.120377	963
4	9781	0.120502	964
4	9791	0.120627	965
4	9801	0.120752	966
4	9811	0.120877	967
4	9823	0.121002	968
4	9835	0.121127	969
4	9845	0.121252	970
4	9855	0.121377	971
4	9865	0.121502	972
4	9875	0.121627	973
4	9885	0.121752	974
4	9895	0.121877	975
4	9905	0.122002	976
4	9915	0.122127	977
4	9925	0.122252	978
4	9935	0.122377	979
4	9945	0.122502	980
4	9955	0.122627	981
4	9965	0.122752	982
4	9975	0.122877	983
4	9985	0.123002	984
4	9995	0.123127	985
4	10005	0.123252	986
4	10015	0.123377	987
4	10025	0.123502	988
4	10035	0.123627	989
4	10045	0.123752	990
4	10055	0.123877	991
4	10065	0.124002	992
4	10075	0.124127	993
4	10085	0.124252	994
4	10099	0.124377	995
4	10109	0.124502	996
4	10119	0.124627	997
4	10129	0.124752	998
4	10139	0.124877	999
4	10149	0.125002	1000
4	10159	0.125127	1001
4	10169	0.125252	1002
4	10179	0.125377	1003
4	10189	0.125502	1004
4	10199	0.125627	1005
4	10209	0.125752	1006
4	10219	0.125877	1007
4	10229	0.126002	1008
4	10239	0.126127	1009
4	10249	0.126252	1010
4	10259	0.126377	1011
4	10269	0.126502	1012
4	10279	0.126627	1013
4	10289	0.126752	1014
4	10299	0.126877	1015
4	10309	0.127002	1016
4	10319	0.127127	1017
4	10329	0.127252	1018
4	10339	0.127377	1019
4	10349	0.127502	1020
4	10363	0.127627	1021
4	10373	0.127752	1022
4	10383	0.127877	1023
4	10393	0.128002	1024
4	10403	0.128127	1025
4	10413	0.128252	1026
4	10423	0.128377	1027
4	10433	0.128502	1028
4	10443	0.128627	1029
4	10453	0.128752	1030
4	10463	0.128877	1031
4	10473	0.129002	1032
4	10483	0.129127	1033
4	10493	0.129252	1034
4	10503	0.129377	1035
4	10513	0.129502	1036
4	10523	0.129627	1037
4	10533	0.129752	1038
4	10543	0.129877	1039
4	10553	0.130002	1040
4	10563	0.130127	1041
4	10573	0.130252	1042
4	10583	0.130377	1043
4	10593	0.130502	1044
4	10603	0.130627	1045
4	10613	0.130752	1046
4	10627	0.130877	1047
4	10637	0.131002	1048
4	10647	0.131127	1049
4	10657	0.131252	1050
4	10667	0.131377	1051
4	10677	0.131502	1052
4	10687	0.131627	1053
4	10697	0.131752	1054
4	10707	0.131877	1055
4	10717	0.132002	1056
4	10727	0.132127	1057
4	10737	0.132252	1058
4	10747	0.132377	1059
4	10757	0.132502	1060
4	10767	0.132627	1061
4	10777	0.132752	1062
4	10787	0.132877	1063
4	10797	0.133002	1064
4	10807	0.133127	1065
4	10817	0.133252	1066
4	10827	0.133377	1067
4	10837	0.133502	1068
4	10847	0.133627	1069
4	10857	0.133752	1070
4	10867	0.133877	1071
4	10877	0.134002	1072
4	10891	0.134127	1073
4	10901	0.134252	1074
4	10911	0.134377	1075
4	10921	0.134502	1076
4	10931	0.134627	1077
4	10941	0.134752	1078
4	10951	0.134877	1079
4	10961	0.135002	1080
4	10971	0.135127	1081
4	10981	0.135252	1082
4	10991	0.135377	1083
4	11001	0.135502	1084
4	11011	0.135627	1085
4	11021	0.135752	1086
4	11031	0.135877	1087
4	11041	0.136002	1088
4	11051	0.136127	1089
4	11061	0.136252	1090
4	11071	0.136377	1091
4	11081	0.136502	1092
4	11091	0.136627	1093
4	11101	0.136752	1094
4	11111	0.136877	1095
4	11121	0.137002	1096
4	11131	0.137127	1097
4	11141	0.137252	1098
4	11155	0.137377	1099
4	11165	0.137502	1100
4	11175	0.137627	1101
4	11185	0.137752	1102
4	11195	0.137877	1103
4	11205	0.138002	1104
4	11215	0.138127	1105
4	11225	0.138252	1106
4	11235	0.138377	1107
4	11245	0.138502	1108
4	11255	0.138627	1109
4	11265	0.138752	1110
4	11275	0.138877	1111
4	11285	0.139002	1112
4	11295	0.139127	1113
4	11305	0.139252	1114
4	11315	0.139377	1115
4	11325	0.139502	1116
4	11335	0.139627	1117
4	11345	0.139752	1118
4	11355	0.139877	1119
4	11365	0.140002	1120
4	11375	0.140127	1121
4	11385	0.140252	1122
4	11395	0.140377	1123
4	11405	0.140502	1124
4	11415	0.140627	1125
4	11429	0.140752	1126
4	11439	0.140877	1127
4	11449	0.141002	1128
4	11459	0.141127	1129
4	11469	0.141252	1130
4	11479	0.141377	1131
4	11489	0.141502	1132
4	11499	0.141627	1133
4	11509	0.141752	1134
4	11519	0.141877	1135
4	11529	0.142002	1136
4	11539	0.142127	1137
4	11549	0.142252	1138
4	11559	0.142377	1139
4	11569	0.142502	1140
4	11579	0.142627	1141
4	11589	0.142752	1142
4	11599	0.142877	1143
4	11609	0.143002	1144
4	11619	0.143127	1145
4	11629	0.143252	1146
4	11639	0.143377	1147
4	11649	0.143502	1148
4	11659	0.143627	1149
4	11669	0.143752	1150
4	11679	0.143877	1151
4	11693	0.144002	1152
4	11703	0.144127	1153
4	11713	0.144252	1154
4	11723	0.144377	1155
4	11733	0.144502	1156
4	11743	0.144627	1157
4	11753	0.144752	1158
4	11763	0.144877	1159
4	11773	0.145002	1160
4	11783	0.145127	1161
4	11793	0.145252	1162
4	11803	0.145377	1163
4	11813	0.145502	1164
4	11823	0.145627	1165
4	11833	0.145752	1166
4	11843	0.145877	1167
4	11853	0.146002	1168
4	11863	0.146127	1169
4	11873	0.146252	1170
4	11883	0.146377	1171
4	11893	0.146502	1172
4	11903	0.146627	1173
4	11913	0.146752	1174
4	11923	0.146877	1175
4	11933	0.147002	1176
4	11943	0.147127	1177
4	11957	0.147252	1178
4	11967	0.147377	1179
4	11977	0.147502	1180
4	11987	0.147627	1181
4	11997	0.147752	1182
4	12007	0.147877	1183
4	12017	0.148002	1184
4	12027	0.148127	1185
4	12037	0.148252	1186
4	12047	0.148377	1187
4	12057	0.148502	1188
4	12067	0.148627	1189
4	12077	0.148752	1190
4	12087	0.148877	1191
4	12097	0.149002	1192
4	12107	0.149127	1193
4	12117	0.149252	1194
4	12127	0.149377	1195
4	12137	0.149502	1196
4	12147	0.149627	1197
4	12157	0.149752	1198
4	12167	0.149877	1199
4	12177	0.150002	1200
4	12187	0.150127	1201
4	12197	0.150252	1202
4	12207	0.150377	1203
4	12221	0.150502	1204
4	12231	0.150627	1205
4	12241	0.150752	1206
4	12251	0.150877	1207
4	12261	0.151002	1208
4	12271	0.151127	1209
4	12281	0.151252	1210
4	12291	0.151377	1211
4	12301	0.151502	1212
4	12311	0.151627	1213
4	12321	0.151752	1214
4	12331	0.151877	1215
4	12341	0.152002	1216
4	12351	0.152127	1217
4	12361	0.152252	1218
4	12371	0.152377	1219
4	12381	0.152502	1220
4	12391	0.152627	1221
4	12401	0.152752	1222
4	12411	0.152877	1223
4	12421	0.153002	1224
4	12431	0.153127	1225
4	12441	0.153252	1226
4	12451	0.153377	1227
4	12461	0.153502	1228
4	12471	0.153627	1229
4	12485	0.153752	1230
4	12495	0.153877	1231
4	12505	0.154002	1232
4	12515	0.154127	1233
4	12525	0.154252	1234
4	12535	0.154377	1235
4	12545	0.154502	1236
4	12555	0.154627	1237
4	12565	0.154752	1238
4	12575	0.154877	1239
4	12585	0.155002	1240
4	12595	0.155127	1241
4	12605	0.155252	1242
4	12615	0.155377	1243
4	12625	0.155502	1244
4	12635	0.155627	1245
4	12645	0.155752	1246
4	12655	0.155877	1247
4	12665	0.156002	1248
4	12675	0.156127	1249
4	12685	0.156252	1250
4	12695	0.156377	1251
4	12705	0.156502	1252
4	12715	0.156627	1253
4	12725	0.156752	1254
4	12735	0.156877	1255
4	12749	0.157002	1256
4	12759	0.157127	1257
4	12769	0.157252	1258
4	12779	0.157377	1259
4	12789	0.157502	1260
4	12799	0.157627	1261
4	12809	0.157752	1262
4	12819	0.157877	1263
4	12829	0.158002	1264
4	12839	0.158127	1265
4	12849	0.158252	1266
4	12859	0.158377	1267
4	12869	0.158502	1268
4	12879	0.158627	1269
4	12889	0.158752	1270
4	12899	0.158877	1271
4	12909	0.159002	1272
4	12919	0.159127	1273
4	12929	0.159252	1274
4	12939	0.159377	1275
4	12949	0.159502	1276
4	12959	0.159627	1277
4	12969	0.159752	1278
4	12979	0.159877	1279
4	12989	0.160002	1280
4	12999	0.160127	1281
4	13009	0.160252	1282
4	13023	0.160377	1283
4	13033	0.160502	1284
4	13043	0.160627	1285
4	13053	0.160752	1286
4	13063	0.160877	1287
4	13073	0.161002	1288
4	13083	0.161127	1289
4	13093	0.161252	1290
4	13103	0.161377	1291
4	13113	0.161502	1292
4	13123	0.161627	1293
4	13133	0.161752	1294
4	13143	0.161877	1295
4	13153	0.162002	1296
4	13163	0.162127	1297
4	13173	0.162252	1298
4	13183	0.162377	1299
4	13193	0.162502	1300
4	13203	0.162627	1301
4	13213	0.162752	1302
4	13223	0.162877	1303
4	13233	0.163002	1304
4	13243	0.163127	1305
4	13253	0.163252	1306
4	13263	0.163377	1307
4	13273	0.163502	1308
4	13287	0.163627	1309
4	13297	0.163752	1310
4	13307	0.163877	1311
4	13317	0.164002	1312
4	13327	0.164127	1313
4	13337	0.164252	1314
4	13347	0.164377	1315
4	13357	0.164502	1316
4	13367	0.164627	1317
4	13377	0.164752	1318
4	13387	0.164877	1319
4	13397	0.165002	1320
4	13407	0.165127	1321
4	13417	0.165252	1322
4	13427	0.165377	1323
4	13437	0.165502	1324
4	13447	0.165627	1325
4	13457	0.165752	1326
4	13467	0.165877	1327
4	13477	0.166002	1328
4	13487	0.166127	1329
4	13497	0.166252	1330
4	13507	0.166377	1331
4	13517	0.166502	1332
4	13527	0.166627	1333
4	13537	0.166752	1334
4	13551	0.166877	1335
4	13561	0.167002	1336
4	13571	0.167127	1337
4	13581	0.167252	1338
4	13591	0.167377	1339
4	13601	0.167502	1340
4	13611	0.167627	1341
4	13621	0.167752	1342
4	13631	0.167877	1343
4	13641	0.168002	1344
4	13651	0.168127	1345
4	13661	0.168252	1346
4	13671	0.168377	1347
4	13681	0.168502	1348
4	13691	0.168627	1349
4	13701	0.168752	1350
4	13711	0.168877	1351
4	13721	0.169002	1352
4	13731	0.169127	1353
4	13741	0.169252	1354
4	13751	0.169377	1355
4	13761	0.169502	1356
4	13771	0.169627	1357
4	13781	0.169752	1358
4	13791	0.169877	1359
4	13801	0.170002	1360
4	13815	0.170127	1361
4	13825	0.170252	1362
4	13835	0.170377	1363
4	13845	0.170502	1364
4	13855	0.170627	1365
4	13865	0.170752	1366
4	13875	0.170877	1367
4	13885	0.171002	1368
4	13895	0.171127	1369
4	13905	0.171252	1370
4	13915	0.171377	1371
4	13925	0.171502	1372
4	13935	0.171627	1373
4	13945	0.171752	1374
4	13955	0.171877	1375
4	13965	0.172002	1376
4	13975	0.172127	1377
4	13985	0.172252	1378
4	13995	0.172377	1379
4	14005	0.172502	1380
4	14015	0.172627	1381
4	14025	0.172752	1382
4	14035	0.172877	1383
4	14045	0.173002	1384
4	14055	0.173127	1385
4	14065	0.173252	1386
4	14079	0.173377	1387
4	14089	0.173502	1388
4	14099	0.173627	1389
4	14109	0.173752	1390
4	14119	0.173877	1391
4	14129	0.174002	1392
4	14139	0.174127	1393
4	14149	0.174252	1394
4	14159	0.174377	1395
4	14169	0.174502	1396
4	14179	0.174627	1397
4	14189	0.174752	1398
4	14199	0.174877	1399
4	14209	0.175002	1400
4	14219	0.175127	1401
4	14229	0.175252	1402
4	14239	0.175377	1403
4	14249	0.175502	1404
4	14259	0.175627	1405
4	14269	0.175752	1406
4	14279	0.175877	1407
4	14289	0.176002	1408
4	14299	0.176127	1409
4	14309	0.176252	1410
4	14319	0.176377	1411
4	14329	0.176502	1412
4	14343	0.176627	1413
4	14353	0.176752	1414
4	14363	0.176877	1415
4	14373	0.177002	1416
4	14383	0.177127	1417
4	14393	0.177252	1418
4	14403	0.177377	1419
4	14413	0.177502	1420
4	14423	0.177627	1421
4	14433	0.177752	1422
4	14443	0.177877	1423
4	14453	0.178002	1424
4	14463	0.178127	1425
4	14473	0.178252	1426
4	14483	0.178377	1427
4	14493	0.178502	1428
4	14503	0.178627	1429
4	14513	0.178752	1430
4	14523	0.178877	1431
4	14533	0.179002	1432
4	14543	0.179127	1433
4	14553	0.179252	1434
4	14563	0.179377	1435
4	14573	0.179502	1436
4	14583	0.179627	1437
4	14593	0.179752	1438
4	14603	0.179877	1439
4	14617	0.180002	1440
4	14627	0.180127	1441
4	14637	0.180252	1442
4	14647	0.180377	1443
4	14657	0.180502	1444
4	14667	0.180627	1445
4	14677	0.180752	1446
4	14687	0.180877	1447
4	14697	0.181002	1448
4	14707	0.181127	1449
4	14717	0.181252	1450
4	14727	0.181377	1451
4	14737	0.181502	1452
4	14747	0.181627	1453
4	14757	0.181752	1454
4	14767	0.181877	1455
4	14777	0.182002	1456
4	14787	0.182127	1457
4	14797	0.182252	1458
4	14807	0.182377	1459
4	14817	0.182502	1460
4	14827	0.182627	1461
4	14837	0.182752	1462
4	14847	0.182877	1463
4	14857	0.183002	1464
4	14867	0.183127	1465
4	14881	0.183252	1466
4	14891	0.183377	1467
4	14901	0.183502	1468
4	14911	0.183627	1469
4	14921	0.183752	1470
4	14931	0.183877	1471
4	14941	0.184002	1472
4	14951	0.184127	1473
4	14961	0.184252	1474
4	14971	0.184377	1475
4	14981	0.184502	1476
4	14991	0.184627	1477
4	15001	0.184752	1478
4	15011	0.184877	1479
4	15021	0.185002	1480
4	15031	0.185127	1481
4	15041	0.185252	1482
4	15051	0.185377	1483
4	15061	0.185502	1484
4	15071	0.185627	1485
4	15081	0.185752	1486
4	15091	0.185877	1487
4	15101	0.186002	1488
4	15111	0.186127	1489
4	15121	0.186252	1490
4	15131	0.186377	1491
4	15145	0.186502	1492
4	15155	0.186627	1493
4	15165	0.186752	1494
4	15175	0.186877	1495
4	15185	0.187002	1496
4	15195	0.187127	1497
4	15205	0.187252	1498
4	15215	0.187377	1499
4	15225	0.187502	1500
4	15235	0.187627	1501
4	15245	0.187752	1502
4	15255	0.187877	1503
4	15265	0.188002	1504
4	15275	0.188127	1505
4	15285	0.188252	1506
4	15295	0.188377	1507
4	15305	0.188502	1508
4	15315	0.188627	1509
4	15325	0.188752	1510
4	15335	0.188877	1511
4	15345	0.189002	1512
4	15355	0.189127	1513
4	15365	0.189252	1514
4	15375	0.189377	1515
4	15385	0.189502	1516
4	15395	0.189627	1517
4	15409	0.189752	1518
4	15419	0.189877	1519
4	15429	0.190002	1520
4	15439	0.190127	1521
4	15449	0.190252	1522
4	15459	0.190377	1523
4	15469	0.190502	1524
4	15479	0.190627	1525
4	15489	0.190752	1526
4	15499	0.190877	1527
4	15509	0.191002	1528
4	15519	0.191127	1529
4	15529	0.191252	1530
4	15539	0.191377	1531
4	15549	0.191502	1532
4	15559	0.191627	1533
4	15569	0.191752	1534
4	15579	0.191877	1535
4	15589	0.192002	1536
4	15599	0.192127	1537
4	15609	0.192252	1538
4	15619	0.192377	1539
4	15629	0.192502	1540
4	15639	0.192627	1541
4	15649	0.192752	1542
4	15659	0.192877	1543
4	15673	0.193002	1544
4	15683	0.193127	1545
4	15693	0.193252	1546
4	15703	0.193377	1547
4	15713	0.193502	1548
4	15723	0.193627	1549
4	15733	0.193752	1550
4	15743	0.193877	1551
4	15753	0.194002	1552
4	15763	0.194127	1553
4	15773	0.194252	1554
4	15783	0.194377	1555
4	15793	0.194502	1556
4	15803	0.194627	1557
4	15813	0.194752	1558
4	15823	0.194877	1559
4	15833	0.195002	1560
4	15843	0.195127	1561
4	15853	0.195252	1562
4	15863	0.195377	1563
4	15873	0.195502	1564
4	15883	0.195627	1565
4	15893	0.195752	1566
4	15903	0.195877	1567
4	15913	0.196002	1568
4	15923	0.196127	1569
4	15935	0.196252	1570
4	15947	0.196377	1571
4	15957	0.196502	1572
4	15967	0.196627	1573
4	15977	0.196752	1574
4	15987	0.196877	1575
4	15997	0.197002	1576
4	16007	0.197127	1577
4	16017	0.197252	1578
4	16027	0.197377	1579
4	16037	0.197502	1580
4	16047	0.197627	1581
4	16057	0.197752	1582
4	16067	0.197877	1583
4	16077	0.198002	1584
4	16087	0.198127	1585
4	16097	0.198252	1586
4	16107	0.198377	1587
4	16117	0.198502	1588
4	16127	0.198627	1589
4	16137	0.198752	1590
4	16147	0.198877	1591
4	16157	0.199002	1592
4	16167	0.199127	1593
4	16177	0.199252	1594
4	16187	0.199377	1595
4	16197	0.199502	1596
4	16211	0.199627	1597
4	16221	0.199752	1598
4	16231	0.199877	1599
4	16241	0.200002	1600
4	16251	0.200127	1601
4	16261	0.200252	1602
4	16271	0.200377	1603
4	16281	0.200502	1604
4	16291	0.200627	1605
4	16301	0.200752	1606
4	16311	0.200877	1607
4	16321	0.201002	1608
4	16331	0.201127	1609
4	16341	0.201252	1610
4	16351	0.201377	1611
4	16361	0.201502	1612
4	16371	0.201627	1613
4	16381	0.201752	1614
4	16391	0.201877	1615
4	16401	0.202002	1616
4	16411	0.202127	1617
4	16421	0.202252	1618
4	16431	0.202377	1619
4	16441	0.202502	1620
4	16451	0.202627	1621
4	16461	0.202752	1622
4	16475	0.202877	1623
4	16485	0.203002	1624
4	16495	0.203127	1625
4	16505	0.203252	1626
4	16515	0.203377	1627
4	16525	0.203502	1628
4	16535	0.203627	1629
4	16545	0.203752	1630
4	16555	0.203877	1631
4	16565	0.204002	1632
4	16575	0.204127	1633
4	16585	0.204252	1634
4	16595	0.204377	1635
4	16605	0.204502	1636
4	16615	0.204627	1637
4	16625	0.204752	1638
4	16635	0.204877	1639
4	16645	0.205002	1640
4	16655	0.205127	1641
4	16665	0.205252	1642
4	16675	0.205377	1643
4	16685	0.205502	1644
4	16695	0.205627	1645
4	16705	0.205752	1646
4	16715	0.205877	1647
4	16725	0.206002	1648
4	16739	0.206127	1649
4	16749	0.206252	1650
4	16759	0.206377	1651
4	16769	0.206502	1652
4	16779	0.206627	1653
4	16789	0.206752	1654
4	16799	0.206877	1655
4	16809	0.207002	1656
4	16819	0.207127	1657
4	16829	0.207252	1658
4	16839	0.207377	1659
4	16849	0.207502	1660
4	16859	0.207627	1661
4	16869	0.207752	1662
4	16879	0.207877	1663
4	16889	0.208002	1664
4	16899	0.208127	1665
4	16909	0.208252	1666
4	16919	0.208377	1667
4	16929	0.208502	1668
4	16939	0.208627	1669
4	16949	0.208752	1670
4	16959	0.208877	1671
4	16969	0.209002	1672
4	16979	0.209127	1673
4	16989	0.209252	1674
4	17003	0.209377	1675
4	17013	0.209502	1676
4	17023	0.209627	1677
4	17033	0.209752	1678
4	17043	0.209877	1679
4	17053	0.210002	1680
4	17063	0.210127	1681
4	17073	0.210252	1682
4	17083	0.210377	1683
4	17093	0.210502	1684
4	17103	0.210627	1685
4	17113	0.210752	1686
4	17123	0.210877	1687
4	17133	0.211002	1688
4	17143	0.211127	1689
4	17153	0.211252	1690
4	17163	0.211377	1691
4	17173	0.211502	1692
4	17183	0.211627	1693
4	17193	0.211752	1694
4	17203	0.211877	1695
4	17213	0.212002	1696
4	17223	0.212127	1697
4	17233	0.212252	1698
4	17243	0.212377	1699
4	17253	0.212502	1700
4	17267	0.212627	1701
4	17277	0.212752	1702
4	17287	0.212877	1703
4	17297	0.213002	1704
4	17307	0.213127	1705
4	17317	0.213252	1706
4	17327	0.213377	1707
4	17337	0.213502	1708
4	17347	0.213627	1709
4	17357	0.213752	1710
4	17367	0.213877	1711
4	17377	0.214002	1712
4	17387	0.214127	1713
4	17397	0.214252	1714
4	17407	0.214377	1715
4	17417	0.214502	1716
4	17427	0.214627	1717
4	17437	0.214752	1718
4	17447	0.214877	1719
4	17457	0.215002	1720
4	17467	0.215127	1721
4	17477	0.215252	1722
4	17487	0.215377	1723
4	17497	0.215502	1724
4	17507	0.215627	1725
4	17517	0.215752	1726
4	17527	0.215877	1727
4	17541	0.216002	1728
4	17551	0.216127	1729
4	17561	0.216252	1730
4	17571	0.216377	1731
4	17581	0.216502	1732
4	17591	0.216627	1733
4	17601	0.216752	1734
4	17611	0.216877	1735
4	17621	0.217002	1736
4	17631	0.217127	1737
4	17641	0.217252	1738
4	17651	0.217377	1739
4	17661	0.217502	1740
4	17671	0.217627	1741
4	17681	0.217752	1742
4	17691	0.217877	1743
4	17701	0.218002	1744
4	17711	0.218127	1745
4	17721	0.218252	1746
4	17731	0.218377	1747
4	17741	0.218502	1748
4	17751	0.218627	1749
4	17761	0.218752	1750
4	17771	0.218877	1751
4	17781	0.219002	1752
4	17791	0.219127	1753
4	17805	0.219252	1754
4	17815	0.219377	1755
4	17825	0.219502	1756
4	17835	0.219627	1757
4	17845	0.219752	1758
4	17855	0.219877	1759
4	17865	0.220002	1760
4	17875	0.220127	1761
4	17885	0.220252	1762
4	17895	0.220377	1763
4	17905	0.220502	1764
4	17915	0.220627	1765
4	17925	0.220752	1766
4	17935	0.220877	1767
4	17945	0.221002	1768
4	17955	0.221127	1769
4	17965	0.221252	1770
4	17975	0.221377	1771
4	17985	0.221502	1772
4	17995	0.221627	1773
4	18005	0.221752	1774
4	18015	0.221877	1775
4	18025	0.222002	1776
4	18035	0.222127	1777
4	18045	0.222252	1778
4	18055	0.222377	1779
4	18069	0.222502	1780
4	18079	0.222627	1781
4	18089	0.222752	1782
4	18099	0.222877	1783
4	18109	0.223002	1784
4	18119	0.223127	1785
4	18129	0.223252	1786
4	18139	0.223377	1787
4	18149	0.223502	1788
4	18159	0.223627	1789
4	18169	0.223752	1790
4	18179	0.223877	1791
4	18189	0.224002	1792
4	18199	0.224127	1793
4	18209	0.224252	1794
4	18219	0.224377	1795
4	18229	0.224502	1796
4	18239	0.224627	1797
4	18249	0.224752	1798
4	18259	0.224877	1799
4	18269	0.225002	1800
4	18279	0.225127	1801
4	18289	0.225252	1802
4	18299	0.225377	1803
4	18309	0.225502	1804
4	18319	0.225627	1805
4	18333	0.225752	1806
4	18343	0.225877	1807
4	18353	0.226002	1808
4	18363	0.226127	1809
4	18373	0.226252	1810
4	18383	0.226377	1811
4	18393	0.226502	1812
4	18403	0.226627	1813
4	18413	0.226752	1814
4	18423	0.226877	1815
4	18433	0.227002	1816
4	18443	0.227127	1817
4	18453	0.227252	1818
4	18463	0.227377	1819
4	18473	0.227502	1820
4	18483	0.227627	1821
4	18493	0.227752	1822
4	18503	0.227877	1823
4	18513	0.228002	1824
4	18523	0.228127	1825
4	18533	0.228252	1826
4	18543	0.228377	1827
4	18553	0.228502	1828
4	18563	0.228627	1829
4	18573	0.228752	1830
4	18583	0.228877	1831
4	18597	0.229002	1832
4	18607	0.229127	1833
4	18617	0.229252	1834
4	18627	0.229377	1835
4	18637	0.229502	1836
4	18647	0.229627	1837
4	18657	0.229752	1838
4	18667	0.229877	1839
4	18677	0.230002	1840
4	18687	0.230127	1841
4	18697	0.230252	1842
4	18707	0.230377	1843
4	18717	0.230502	1844
4	18727	0.230627	1845
4	18737	0.230752	1846
4	18747	0.230877	1847
4	18757	0.231002	1848
4	18767	0.231127	1849
4	18777	0.231252	1850
4	18787	0.231377	1851
4	18797	0.231502	1852
4	18807	0.231627	1853
4	18817	0.231752	1854
4	18827	0.231877	1855
4	18837	0.232002	1856
4	18847	0.232127	1857
4	18861	0.232252	1858
4	18871	0.232377	1859
4	18881	0.232502	1860
4	18891	0.232627	1861
4	18901	0.232752	1862
4	18911	0.232877	1863
4	18921	0.233002	1864
4	18931	0.233127	1865
4	18941	0.233252	1866
4	18951	0.233377	1867
4	18961	0.233502	1868
4	18971	0.233627	1869
4	18981	0.233752	1870
4	18991	0.233877	1871
4	19001	0.234002	1872
4	19011	0.234127	1873
4	19021	0.234252	1874
4	19031	0.234377	1875
4	19041	0.234502	1876
4	19051	0.234627	1877
4	19061	0.234752	1878
4	19071	0.234877	1879
4	19081	0.235002	1880
4	19091	0.235127	1881
4	19101	0.235252	1882
4	19111	0.235377	1883
4	19121	0.235502	1884
4	19135	0.235627	1885
4	19145	0.235752	1886
4	19155	0.235877	1887
4	19165	0.236002	1888
4	19175	0.236127	1889
4	19185	0.236252	1890
4	19195	0.236377	1891
4	19205	0.236502	1892
4	19215	0.236627	1893
4	19225	0.236752	1894
4	19235	0.236877	1895
4	19245	0.237002	1896
4	19255	0.237127	1897
4	19265	0.237252	1898
4	19275	0.237377	1899
4	19285	0.237502	1900
4	19295	0.237627	1901
4	19305	0.237752	1902
4	19315	0.237877	1903
4	19325	0.238002	1904
4	19335	0.238127	1905
4	19345	0.238252	1906
4	19355	0.238377	1907
4	19365	0.238502	1908
4	19375	0.238627	1909
4	19385	0.238752	1910
4	19399	0.238877	1911
4	19409	0.239002	1912
4	19419	0.239127	1913
4	19429	0.239252	1914
4	19439	0.239377	1915
4	19449	0.239502	1916
4	19459	0.239627	1917
4	19469	0.239752	1918
4	19479	0.239877	1919
4	19489	0.240002	1920
4	19499	0.240127	1921
4	19509	0.240252	1922
4	19519	0.240377	1923
4	19529	0.240502	1924
4	19539	0.240627	1925
4	19549	0.240752	1926
4	19559	0.240877	1927
4	19569	0.241002	1928
4	19579	0.241127	1929
4	19589	0.241252	1930
4	19599	0.241377	1931
4	19609	0.241502	1932
4	19619	0.241627	1933
4	19629	0.241752	1934
4	19639	0.241877	1935
4	19649	0.242002	1936
4	19663	0.242127	1937
4	19673	0.242252	1938
4	19683	0.242377	1939
4	19693	0.242502	1940
4	19703	0.242627	1941
4	19713	0.242752	1942
4	19723	0.242877	1943
4	19733	0.243002	1944
4	19743	0.243127	1945
4	19753	0.243252	1946
4	19763	0.243377	1947
4	19773	0.243502	1948
4	19783	0.243627	1949
4	19793	0.243752	1950
4	19803	0.243877	1951
4	19813	0.244002	1952
4	19823	0.244127	1953
4	19833	0.244252	1954
4	19843	0.244377	1955
4	19853	0.244502	1956
4	19863	0.244627	1957
4	19873	0.244752	1958
4	19883	0.244877	1959
4	19893	0.245002	1960
4	19903	0.245127	1961
4	19913	0.245252	1962
4	19927	0.245377	1963
4	19937	0.245502	1964
4	19947	0.245627	1965
4	19957	0.245752	1966
4	19967	0.245877	1967
4	19977	0.246002	1968
4	19987	0.246127	1969
4	19997	0.246252	1970
4	20007	0.246377	1971
4	20017	0.246502	1972
4	20027	0.246627	1973
4	20037	0.246752	1974
4	20047	0.246877	1975
4	20057	0.247002	1976
4	20067	0.247127	1977
4	20077	0.247252	1978
4	20087	0.247377	1979
4	20097	0.247502	1980
4	20107	0.247627	1981
4	20117	0.247752	1982
4	20127	0.247877	1983
4	20137	0.248002	1984
4	20147	0.248127	1985
4	20157	0.248252	1986
4	20167	0.248377	1987
4	20177	0.248502	1988
4	20191	0.248627	1989
4	20201	0.248752	1990
4	20211	0.248877	1991
4	20221	0.249002	1992
4	20231	0.249127	1993
4	20241	0.249252	1994
4	20251	0.249377	1995
4	20261	0.249502	1996
4	20271	0.249627	1997
4	20281	0.249752	1998
4	20291	0.249877	1999
4	20301	0.250002	2000
4	20311	0.250127	2001
4	20321	0.250252	2002
4	20331	0.250377	2003
4	20341	0.250502	2004
4	20351	0.250627	2005
4	20361	0.250752	2006
4	20371	0.250877	2007
4	20381	0.251002	2008
4	20391	0.251127	2009
4	20401	0.251252	2010
4	20411	0.251377	2011
4	20421	0.251502	2012
4	20431	0.251627	2013
4	20441	0.251752	2014
4	20455	0.251877	2015
4	20465	0.252002	2016
4	20475	0.252127	2017
4	20485	0.252252	2018
4	20495	0.252377	2019
4	20505	0.252502	2020
4	20515	0.252627	2021
4	20525	0.252752	2022
4	20535	0.252877	2023
4	20545	0.253002	2024
4	20555	0.253127	2025
4	20565	0.253252	2026
4	20575	0.253377	2027
4	20585	0.253502	2028
4	20595	0.253627	2029
4	20605	0.253752	2030
4	20615	0.253877	2031
4	20625	0.254002	2032
4	20635	0.254127	2033
4	20645	0.254252	2034
4	20655	0.254377	2035
4	20665	0.254502	2036
4	20675	0.254627	2037
4	20685	0.254752	2038
4	20695	0.254877	2039
4	20705	0.255002	2040
4	20715	0.255127	2041
4	20729	0.255252	2042
4	20739	0.255377	2043
4	20749	0.255502	2044
4	20759	0.255627	2045
4	20769	0.255752	2046
4	20779	0.255877	2047
4	20789	0.256002	2048
4	20799	0.256127	2049
4	20809	0.256252	2050
4	20819	0.256377	2051
4	20829	0.256502	2052
4	20839	0.256627	2053
4	20849	0.256752	2054
4	20859	0.256877	2055
4	20869	0.257002	2056
4	20879	0.257127	2057
4	20889	0.257252	2058
4	20899	0.257377	2059
4	20909	0.257502	2060
4	20919	0.257627	2061
4	20929	0.257752	2062
4	20939	0.257877	2063
4	20949	0.258002	2064
4	20959	0.258127	2065
4	20969	0.258252	2066
4	20979	0.258377	2067
4	20993	0.258502	2068
4	21003	0.258627	2069
4	21013	0.258752	2070
4	21023	0.258877	2071
4	21033	0.259002	2072
4	21043	0.259127	2073
4	21053	0.259252	2074
4	21063	0.259377	2075
4	21073	0.259502	2076
4	21083	0.259627	2077
4	21093	0.259752	2078
4	21103	0.259877	2079
4	21113	0.260002	2080
4	21123	0.260127	2081
4	21133	0.260252	2082
4	21143	0.260377	2083
4	21153	0.260502	2084
4	21163	0.260627	2085
4	21173	0.260752	2086
4	21183	0.260877	2087
4	21193	0.261002	2088
4	21203	0.261127	2089
4	21213	0.261252	2090
4	21223	0.261377	2091
4	21233	0.261502	2092
4	21243	0.261627	2093
4	21257	0.261752	2094
4	21267	0.261877	2095
4	21277	0.262002	2096
4	21287	0.262127	2097
4	21297	0.262252	2098
4	21307	0.262377	2099
4	21317	0.262502	2100
4	21327	0.262627	2101
4	21337	0.262752	2102
4	21347	0.262877	2103
4	21357	0.263002	2104
4	21367	0.263127	2105
4	21377	0.263252	2106
4	21387	0.263377	2107
4	21397	0.263502	2108
4	21407	0.263627	2109
4	21417	0.263752	2110
4	21427	0.263877	2111
4	21437	0.264002	2112
4	21447	0.264127	2113
4	21457	0.264252	2114
4	21467	0.264377	2115
4	21477	0.264502	2116
4	21487	0.264627	2117
4	21497	0.264752	2118
4	21507	0.264877	2119
4	21521	0.265002	2120
4	21531	0.265127	2121
4	21541	0.265252	2122
4	21551	0.265377	2123
4	21561	0.265502	2124
4	21571	0.265627	2125
4	21581	0.265752	2126
4	21591	0.265877	2127
4	21601	0.266002	2128
4	21611	0.266127	2129
4	21621	0.266252	2130
4	21631	0.266377	2131
4	21641	0.266502	2132
4	21651	0.266627	2133
4	21661	0.266752	2134
4	21671	0.266877	2135
4	21681	0.267002	2136
4	21691	0.267127	2137
4	21701	0.267252	2138
4	21711	0.267377	2139
4	21721	0.267502	2140
4	21731	0.267627	2141
4	21741	0.267752	2142
4	21751	0.267877	2143
4	21761	0.268002	2144
4	21771	0.268127	2145
4	21785	0.268252	2146
4	21795	0.268377	2147
4	21805	0.268502	2148
4	21815	0.268627	2149
4	21825	0.268752	2150
4	21835	0.268877	2151
4	21845	0.269002	2152
4	21855	0.269127	2153
4	21865	0.269252	2154
4	21875	0.269377	2155
4	21885	0.269502	2156
4	21895	0.269627	2157
4	21905	0.269752	2158
4	21915	0.269877	2159
4	21925	0.270002	2160
4	21935	0.270127	2161
4	21945	0.270252	2162
4	21955	0.270377	2163
4	21965	0.270502	2164
4	21975	0.270627	2165
4	21985	0.270752	2166
4	21995	0.270877	2167
4	22005	0.271002	2168
4	22015	0.271127	2169
4	22025	0.271252	2170
4	22035	0.271377	2171
4	22047	0.271502	2172
4	22059	0.271627	2173
4	22069	0.271752	2174
4	22079	0.271877	2175
4	22089	0.272002	2176
4	22099	0.272127	2177
4	22109	0.272252	2178
4	22119	0.272377	2179
4	22129	0.272502	2180
4	22139	0.272627	2181
4	22149	0.272752	2182
4	22159	0.272877	2183
4	22169	0.273002	2184
4	22179	0.273127	2185
4	22189	0.273252	2186
4	22199	0.273377	2187
4	22209	0.273502	2188
4	22219	0.273627	2189
4	22229	0.273752	2190
4	22239	0.273877	2191
4	22249	0.274002	2192
4	22259	0.274127	2193
4	22269	0.274252	2194
4	22279	0.274377	2195
4	22289	0.274502	2196
4	22299	0.274627	2197
4	22309	0.274752	2198
4	22323	0.274877	2199
4	22333	0.275002	2200
4	22343	0.275127	2201
4	22353	0.275252	2202
4	22363	0.275377	2203
4	22373	0.275502	2204
4	22383	0.275627	2205
4	22393	0.275752	2206
4	22403	0.275877	2207
4	22413	0.276002	2208
4	22423	0.276127	2209
4	22433	0.276252	2210
4	22443	0.276377	2211
4	22453	0.276502	2212
4	22463	0.276627	2213
4	22473	0.276752	2214
4	22483	0.276877	2215
4	22493	0.277002	2216
4	22503	0.277127	2217
4	22513	0.277252	2218
4	22523	0.277377	2219
4	22533	0.277502	2220
4	22543	0.277627	2221
4	22553	0.277752	2222
4	22563	0.277877	2223
4	22573	0.278002	2224
4	22587	0.278127	2225
4	22597	0.278252	2226
4	22607	0.278377	2227
4	22617	0.278502	2228
4	22627	0.278627	2229
4	22637	0.278752	2230
4	22647	0.278877	2231
4	22657	0.279002	2232
4	22667	0.279127	2233
4	22677	0.279252	2234
4	22687	0.279377	2235
4	22697	0.279502	2236
4	22707	0.279627	2237
4	22717	0.279752	2238
4	22727	0.279877	2239
4	22737	0.280002	2240
4	22747	0.280127	2241
4	22757	0.280252	2242
4	22767	0.280377	2243
4	22777	0.280502	2244
4	22787	0.280627	2245
4	22797	0.280752	2246
4	22807	0.280877	2247
4	22817	0.281002	2248
4	22827	0.281127	2249
4	22837	0.281252	2250
4	22851	0.281377	2251
4	22861	0.281502	2252
4	22871	0.281627	2253
4	22881	0.281752	2254
4	22891	0.281877	2255
4	22901	0.282002	2256
4	22911	0.282127	2257
4	22921	0.282252	2258
4	22931	0.282377	2259
4	22941	0.282502	2260
4	22951	0.282627	2261
4	22961	0.282752	2262
4	22971	0.282877	2263
4	22981	0.283002	2264
4	22991	0.283127	2265
4	23001	0.283252	2266
4	23011	0.283377	2267
4	23021	0.283502	2268
4	23031	0.283627	2269
4	23041	0.283752	2270
4	23051	0.283877	2271
4	23061	0.284002	2272
4	23071	0.284127	2273
4	23081	0.284252	2274
4	23091	0.284377	2275
4	23101	0.284502	2276
4	23115	0.284627	2277
4	23125	0.284752	2278
4	23135	0.284877	2279
4	23145	0.285002	2280
4	23155	0.285127	2281
4	23165	0.285252	2282
4	23175	0.285377	2283
4	23185	0.285502	2284
4	23195	0.285627	2285
4	23205	0.285752	2286
4	23215	0.285877	2287
4	23225	0.286002	2288
4	23235	0.286127	2289
4	23245	0.286252	2290
4	23255	0.286377	2291
4	23265	0.286502	2292
4	23275	0.286627	2293
4	23285	0.286752	2294
4	23295	0.286877	2295
4	23305	0.287002	2296
4	23315	0.287127	2297
4	23325	0.287252	2298
4	23335	0.287377	2299
4	23345	0.287502	2300
4	23355	0.287627	2301
4	23365	0.287752	2302
4	23379	0.287877	2303
4	23389	0.288002	2304
4	23399	0.288127	2305
4	23409	0.288252	2306
4	23419	0.288377	2307
4	23429	0.288502	2308
4	23439	0.288627	2309
4	23449	0.288752	2310
4	23459	0.288877	2311
4	23469	0.289002	2312
4	23479	0.289127	2313
4	23489	0.289252	2314
4	23499	0.289377	2315
4	23509	0.289502	2316
4	23519	0.289627	2317
4	23529	0.289752	2318
4	23539	0.289877	2319
4	23549	0.290002	2320
4	23559	0.290127	2321
4	23569	0.290252	2322
4	23579	0.290377	2323
4	23589	0.290502	2324
4	23599	0.290627	2325
4	23609	0.290752	2326
4	23619	0.290877	2327
4	23629	0.291002	2328
4	23639	0.291127	2329
4	23653	0.291252	2330
4	23663	0.291377	2331
4	23673	0.291502	2332
4	23683	0.291627	2333
4	23693	0.291752	2334
4	23703	0.291877	2335
4	23713	0.292002	2336
4	23723	0.292127	2337
4	23733	0.292252	2338
4	23743	0.292377	2339
4	23753	0.292502	2340
4	23763	0.292627	2341
4	23773	0.292752	2342
4	23783	0.292877	2343
4	23793	0.293002	2344
4	23803	0.293127	2345
4	23813	0.293252	2346
4	23823	0.293377	2347
4	23833	0.293502	2348
4	23843	0.293627	2349
4	23853	0.293752	2350
4	23863	0.293877	2351
4	23873	0.294002	2352
4	23883	0.294127	2353
4	23893	0.294252	2354
4	23903	0.294377	2355
4	23917	0.294502	2356
4	23927	0.294627	2357
4	23937	0.294752	2358
4	23947	0.294877	2359
4	23957	0.295002	2360
4	23967	0.295127	2361
4	23977	0.295252	2362
4	23987	0.295377	2363
4	23997	0.295502	2364
4	24007	0.295627	2365
4	24017	0.295752	2366
4	24027	0.295877	2367
4	24037	0.296002	2368
4	24047	0.296127	2369
4	24057	0.296252	2370
4	24067	0.296377	2371
4	24077	0.296502	2372
4	24087	0.296627	2373
4	24097	0.296752	2374
4	24107	0.296877	2375
4	24117	0.297002	2376
4	24127	0.297127	2377
4	24137	0.297252	2378
4	24147	0.297377	2379
4	24157	0.297502	2380
4	24167	0.297627	2381
4	24181	0.297752	2382
4	24191	0.297877	2383
4	24201	0.298002	2384
4	24211	0.298127	2385
4	24221	0.298252	2386
4	24231	0.298377	2387
4	24241	0.298502	2388
4	24251	0.298627	2389
4	24261	0.298752	2390
4	24271	0.298877	2391
4	24281	0.299002	2392
4	24291	0.299127	2393
4	24301	0.299252	2394
4	24311	0.299377	2395
4	24321	0.299502	2396
4	24331	0.299627	2397
4	24341	0.299752	2398
4	24351	0.299877	2399
4	24361	0.300002	2400
4	24371	0.300127	2401
4	24381	0.300252	2402
4	24391	0.300377	2403
4	24401	0.300502	2404
4	24411	0.300627	2405
4	24421	0.300752	2406
4	24431	0.300877	2407
4	24445	0.301002	2408
4	24455	0.301127	2409
4	24465	0.301252	2410
4	24475	0.301377	2411
4	24485	0.301502	2412
4	24495	0.301627	2413
4	24505	0.301752	2414
4	24515	0.301877	2415
4	24525	0.302002	2416
4	24535	0.302127	2417
4	24545	0.302252	2418
4	24555	0.302377	2419
4	24565	0.302502	2420
4	24575	0.302627	2421
4	24585	0.302752	2422
4	24595	0.302877	2423
4	24605	0.303002	2424
4	24615	0.303127	2425
4	24625	0.303252	2426
4	24635	0.303377	2427
4	24645	0.303502	2428
4	24655	0.303627	2429
4	24665	0.303752	2430
4	24675	0.303877	2431
4	24685	0.304002	2432
4	24695	0.304127	2433
4	24709	0.304252	2434
4	24719	0.304377	2435
4	24729	0.304502	2436
4	24739	0.304627	2437
4	24749	0.304752	2438
4	24759	0.304877	2439
4	24769	0.305002	2440
4	24779	0.305127	2441
4	24789	0.305252	2442
4	24799	0.305377	2443
4	24809	0.305502	2444
4	24819	0.305627	2445
4	24829	0.305752	2446
4	24839	0.305877	2447
4	24849	0.306002	2448
4	24859	0.306127	2449
4	24869	0.306252	2450
4	24879	0.306377	2451
4	24889	0.306502	2452
4	24899	0.306627	2453
4	24909	0.306752	2454
4	24919	0.306877	2455
4	24929	0.307002	2456
4	24939	0.307127	2457
4	24949	0.307252	2458
4	24959	0.307377	2459
4	24973	0.307502	2460
4	24983	0.307627	2461
4	24993	0.307752	2462
4	25003	0.307877	2463
4	25013	0.308002	2464
4	25023	0.308127	2465
4	25033	0.308252	2466
4	25043	0.308377	2467
4	25053	0.308502	2468
4	25063	0.308627	2469
4	25073	0.308752	2470
4	25083	0.308877	2471
4	25093	0.309002	2472
4	25103	0.309127	2473
4	25113	0.309252	2474
4	25123	0.309377	2475
4	25133	0.309502	2476
4	25143	0.309627	2477
4	25153	0.309752	2478
4	25163	0.309877	2479
4	25173	0.310002	2480
4	25183	0.310127	2481
4	25193	0.310252	2482
4	25203	0.310377	2483
4	25213	0.310502	2484
4	25223	0.310627	2485
4	25233	0.310752	2486
4	25247	0.310877	2487
4	25257	0.311002	2488
4	25267	0.311127	2489
4	25277	0.311252	2490
4	25287	0.311377	2491
4	25297	0.311502	2492
4	25307	0.311627	2493
4	25317	0.311752	2494
4	25327	0.311877	2495
4	25337	0.312002	2496
4	25347	0.312127	2497
4	25357	0.312252	2498
4	25367	0.312377	2499
4	25377	0.312502	2500
4	25387	0.312627	2501
4	25397	0.312752	2502
4	25407	0.312877	2503
4	25417	0.313002	2504
4	25427	0.313127	2505
4	25437	0.313252	2506
4	25447	0.313377	2507
4	25457	0.313502	2508
4	25467	0.313627	2509
4	25477	0.313752	2510
4	25487	0.313877	2511
4	25497	0.314002	2512
4	25511	0.314127	2513
4	25521	0.314252	2514
4	25531	0.314377	2515
4	25541	0.314502	2516
4	25551	0.314627	2517
4	25561	0.314752	2518
4	25571	0.314877	2519
4	25581	0.315002	2520
4	25591	0.315127	2521
4	25601	0.315252	2522
4	25611	0.315377	2523
4	25621	0.315502	2524
4	25631	0.315627	2525
4	25641	0.315752	2526
4	25651	0.315877	2527
4	25661	0.316002	2528
4	25671	0.316127	2529
4	25681	0.316252	2530
4	25691	0.316377	2531
4	25701	0.316502	2532
4	25711	0.316627	2533
4	25721	0.316752	2534
4	25731	0.316877	2535
4	25741	0.317002	2536
4	25751	0.317127	2537
4	25761	0.317252	2538
4	25775	0.317377	2539
4	25785	0.317502	2540
4	25795	0.317627	2541
4	25805	0.317752	2542
4	25815	0.317877	2543
4	25825	0.318002	2544
4	25835	0.318127	2545
4	25845	0.318252	2546
4	25855	0.318377	2547
4	25865	0.318502	2548
4	25875	0.318627	2549
4	25885	0.318752	2550
4	25895	0.318877	2551
4	25905	0.319002	2552
4	25915	0.319127	2553
4	25925	0.319252	2554
4	25935	0.319377	2555
4	25945	0.319502	2556
4	25955	0.319627	2557
4	25965	0.319752	2558
4	25975	0.319877	2559
4	25985	0.320002	2560
4	25995	0.320127	2561
4	26005	0.320252	2562
4	26015	0.320377	2563
4	26025	0.320502	2564
4	26039	0.320627	2565
4	26049	0.320752	2566
4	26059	0.320877	2567
4	26069	0.321002	2568
4	26079	0.321127	2569
4	26089	0.321252	2570
4	26099	0.321377	2571
4	26109	0.321502	2572
4	26119	0.321627	2573
4	26129	0.321752	2574
4	26139	0.321877	2575
4	26149	0.322002	2576
4	26159	0.322127	2577
4	26169	0.322252	2578
4	26179	0.322377	2579
4	26189	0.322502	2580
4	26199	0.322627	2581
4	26209	0.322752	2582
4	26219	0.322877	2583
4	26229	0.323002	2584
4	26239	0.323127	2585
4	26249	0.323252	2586
4	26259	0.323377	2587
4	26269	0.323502	2588
4	26279	0.323627	2589
4	26289	0.323752	2590
4	26303	0.323877	2591
4	26313	0.324002	2592
4	26323	0.324127	2593
4	26333	0.324252	2594
4	26343	0.324377	2595
4	26353	0.324502	2596
4	26363	0.324627	2597
4	26373	0.324752	2598
4	26383	0.324877	2599
4	26393	0.325002	2600
4	26403	0.325127	2601
4	26413	0.325252	2602
4	26423	0.325377	2603
4	26433	0.325502	2604
4	26443	0.325627	2605
4	26453	0.325752	2606
4	26463	0.325877	2607
4	26473	0.326002	2608
4	26483	0.326127	2609
4	26493	0.326252	2610
4	26503	0.326377	2611
4	26513	0.326502	2612
4	26523	0.326627	2613
4	26533	0.326752	2614
4	26543	0.326877	2615
4	26553	0.327002	2616
4	26567	0.327127	2617
4	26577	0.327252	2618
4	26587	0.327377	2619
4	26597	0.327502	2620
4	26607	0.327627	2621
4	26617	0.327752	2622
4	26627	0.327877	2623
4	26637	0.328002	2624
4	26647	0.328127	2625
4	26657	0.328252	2626
4	26667	0.328377	2627
4	26677	0.328502	2628
4	26687	0.328627	2629
4	26697	0.328752	2630
4	26707	0.328877	2631
4	26717	0.329002	2632
4	26727	0.329127	2633
4	26737	0.329252	2634
4	26747	0.329377	2635
4	26757	0.329502	2636
4	26767	0.329627	2637
4	26777	0.329752	2638
4	26787	0.329877	2639
4	26797	0.330002	2640
4	26807	0.330127	2641
4	26817	0.330252	2642
4	26827	0.330377	2643
4	26841	0.330502	2644
4	26851	0.330627	2645
4	26861	0.330752	2646
4	26871	0.330877	2647
4	26881	0.331002	2648
4	26891	0.331127	2649
4	26901	0.331252	2650
4	26911	0.331377	2651
4	26921	0.331502	2652
4	26931	0.331627	2653
4	26941	0.331752	2654
4	26951	0.331877	2655
4	26961	0.332002	2656
4	26971	0.332127	2657
4	26981	0.332252	2658
4	26991	0.332377	2659
4	27001	0.332502	2660
4	27011	0.332627	2661
4	27021	0.332752	2662
4	27031	0.332877	2663
4	27041	0.333002	2664
4	27051	0.333127	2665
4	27061	0.333252	2666
4	27071	0.333377	2667
4	27081	0.333502	2668
4	27091	0.333627	2669
4	27105	0.333752	2670
4	27115	0.333877	2671
4	27125	0.334002	2672
4	27135	0.334127	2673
4	27145	0.334252	2674
4	27155	0.334377	2675
4	27165	0.334502	2676
4	27175	0.334627	2677
4	27185	0.334752	2678
4	27195	0.334877	2679
4	27205	0.335002	2680
4	27215	0.335127	2681
4	27225	0.335252	2682
4	27235	0.335377	2683
4	27245	0.335502	2684
4	27255	0.335627	2685
4	27265	0.335752	2686
4	27275	0.335877	2687
4	27285	0.336002	2688
4	27295	0.336127	2689
4	27305	0.336252	2690
4	27315	0.336377	2691
4	27325	0.336502	2692
4	27335	0.336627	2693
4	27345	0.336752	2694
4	27355	0.336877	2695
4	27369	0.337002	2696
4	27379	0.337127	2697
4	27389	0.337252	2698
4	27399	0.337377	2699
4	27409	0.337502	2700
4	27419	0.337627	2701
4	27429	0.337752	2702
4	27439	0.337877	2703
4	27449	0.338002	2704
4	27459	0.338127	2705
4	27469	0.338252	2706
4	27479	0.338377	2707
4	27489	0.338502	2708
4	27499	0.338627	2709
4	27509	0.338752	2710
4	27519	0.338877	2711
4	27529	0.339002	2712
4	27539	0.339127	2713
4	27549	0.339252	2714
4	27559	0.339377	2715
4	27569	0.339502	2716
4	27579	0.339627	2717
4	27589	0.339752	2718
4	27599	0.339877	2719
4	27609	0.340002	2720
4	27619	0.340127	2721
4	27633	0.340252	2722
4	27643	0.340377	2723
4	27653	0.340502	2724
4	27663	0.340627	2725
4	27673	0.340752	2726
4	27683	0.340877	2727
4	27693	0.341002	2728
4	27703	0.341127	2729
4	27713	0.341252	2730
4	27723	0.341377	2731
4	27733	0.341502	2732
4	27743	0.341627	2733
4	27753	0.341752	2734
4	27763	0.341877	2735
4	27773	0.342002	2736
4	27783	0.342127	2737
4	27793	0.342252	2738
4	27803	0.342377	2739
4	27813	0.342502	2740
4	27823	0.342627	2741
4	27833	0.342752	2742
4	27843	0.342877	2743
4	27853	0.343002	2744
4	27863	0.343127	2745
4	27873	0.343252	2746
4	27883	0.343377	2747
4	27897	0.343502	2748
4	27907	0.343627	2749
4	27917	0.343752	2750
4	27927	0.343877	2751
4	27937	0.344002	2752
4	27947	0.344127	2753
4	27957	0.344252	2754
4	27967	0.344377	2755
4	27977	0.344502	2756
4	27987	0.344627	2757
4	27997	0.344752	2758
4	28007	0.344877	2759
4	28017	0.345002	2760
4	28027	0.345127	2761
4	28037	0.345252	2762
4	28047	0.345377	2763
4	28057	0.345502	2764
4	28067	0.345627	2765
4	28077	0.345752	2766
4	28087	0.345877	2767
4	28097	0.346002	2768
4	28107	0.346127	2769
4	28117	0.346252	2770
4	28127	0.346377	2771
4	28137	0.346502	2772
4	28147	0.346627	2773
4	28159	0.346752	2774
4	28171	0.346877	2775
4	28181	0.347002	2776
4	28191	0.347127	2777
4	28201	0.347252	2778
4	28211	0.347377	2779
4	28221	0.347502	2780
4	28231	0.347627	2781
4	28241	0.347752	2782
4	28251	0.347877	2783
4	28261	0.348002	2784
4	28271	0.348127	2785
4	28281	0.348252	2786
4	28291	0.348377	2787
4	28301	0.348502	2788
4	28311	0.348627	2789
4	28321	0.348752	2790
4	28331	0.348877	2791
4	28341	0.349002	2792
4	28351	0.349127	2793
4	28361	0.349252	2794
4	28371	0.349377	2795
4	28381	0.349502	2796
4	28391	0.349627	2797
4	28401	0.349752	2798
4	28411	0.349877	2799
4	28421	0.350002	2800
4	28435	0.350127	2801
4	28445	0.350252	2802
4	28455	0.350377	2803
4	28465	0.350502	2804
4	28475	0.350627	2805
4	28485	0.350752	2806
4	28495	0.350877	2807
4	28505	0.351002	2808
4	28515	0.351127	2809
4	28525	0.351252	2810
4	28535	0.351377	2811
4	28545	0.351502	2812
4	28555	0.351627	2813
4	28565	0.351752	2814
4	28575	0.351877	2815
4	28585	0.352002	2816
4	28595	0.352127	2817
4	28605	0.352252	2818
4	28615	0.352377	2819
4	28625	0.352502	2820
4	28635	0.352627	2821
4	28645	0.352752	2822
4	28655	0.352877	2823
4	28665	0.353002	2824
4	28675	0.353127	2825
4	28685	0.353252	2826
4	28699	0.353377	2827
4	28709	0.353502	2828
4	28719	0.353627	2829
4	28729	0.353752	2830
4	28739	0.353877	2831
4	28749	0.354002	2832
4	28759	0.354127	2833
4	28769	0.354252	2834
4	28779	0.354377	2835
4	28789	0.354502	2836
4	28799	0.354627	2837
4	28809	0.354752	2838
4	28819	0.354877	2839
4	28829	0.355002	2840
4	28839	0.355127	2841
4	28849	0.355252	2842
4	28859	0.355377	2843
4	28869	0.355502	2844
4	28879	0.355627	2845
4	28889	0.355752	2846
4	28899	0.355877	2847
4	28909	0.356002	2848
4	28919	0.356127	2849
4	28929	0.356252	2850
4	28939	0.356377	2851
4	28949	0.356502	2852
4	28963	0.356627	2853
4	28973	0.356752	2854
4	28983	0.356877	2855
4	28993	0.357002	2856
4	29003	0.357127	2857
4	29013	0.357252	2858
4	29023	0.357377	2859
4	29033	0.357502	2860
4	29043	0.357627	2861
4	29053	0.357752	2862
4	29063	0.357877	2863
4	29073	0.358002	2864
4	29083	0.358127	2865
4	29093	0.358252	2866
4	29103	0.358377	2867
4	29113	0.358502	2868
4	29123	0.358627	2869
4	29133	0.358752	2870
4	29143	0.358877	2871
4	29153	0.359002	2872
4	29163	0.359127	2873
4	29173	0.359252	2874
4	29183	0.359377	2875
4	29193	0.359502	2876
4	29203	0.359627	2877
4	29213	0.359752	2878
4	29227	0.359877	2879
4	29237	0.360002	2880
4	29247	0.360127	2881
4	29257	0.360252	2882
4	29267	0.360377	2883
4	29277	0.360502	2884
4	29287	0.360627	2885
4	29297	0.360752	2886
4	29307	0.360877	2887
4	29317	0.361002	2888
4	29327	0.361127	2889
4	29337	0.361252	2890
4	29347	0.361377	2891
4	29357	0.361502	2892
4	29367	0.361627	2893
4	29377	0.361752	2894
4	29387	0.361877	2895
4	29397	0.362002	2896
4	29407	0.362127	2897
4	29417	0.362252	2898
4	29427	0.362377	2899
4	29437	0.362502	2900
4	29447	0.362627	2901
4	29457	0.362752	2902
4	29467	0.362877	2903
4	29477	0.363002	2904
4	29491	0.363127	2905
4	29501	0.363252	2906
4	29511	0.363377	2907
4	29521	0.363502	2908
4	29531	0.363627	2909
4	29541	0.363752	2910
4	29551	0.363877	2911
4	29561	0.364002	2912
4	29571	0.364127	2913
4	29581	0.364252	2914
4	29591	0.364377	2915
4	29601	0.364502	2916
4	29611	0.364627	2917
4	29621	0.364752	2918
4	29631	0.364877	2919
4	29641	0.365002	2920
4	29651	0.365127	2921
4	29661	0.365252	2922
4	29671	0.365377	2923
4	29681	0.365502	2924
4	29691	0.365627	2925
4	29701	0.365752	2926
4	29711	0.365877	2927
4	29721	0.366002	2928
4	29731	0.366127	2929
4	29741	0.366252	2930
4	29751	0.366377	2931
4	29765	0.366502	2932
4	29775	0.366627	2933
4	29785	0.366752	2934
4	29795	0.366877	2935
4	29805	0.367002	2936
4	29815	0.367127	2937
4	29825	0.367252	2938
4	29835	0.367377	2939
4	29845	0.367502	2940
4	29855	0.367627	2941
4	29865	0.367752	2942
4	29875	0.367877	2943
4	29885	0.368002	2944
4	29895	0.368127	2945
4	29905	0.368252	2946
4	29915	0.368377	2947
4	29925	0.368502	2948
4	29935	0.368627	2949
4	29945	0.368752	2950
4	29955	0.368877	2951
4	29965	0.369002	2952
4	29975	0.369127	2953
4	29985	0.369252	2954
4	29995	0.369377	2955
4	30005	0.369502	2956
4	30015	0.369627	2957
4	30029	0.369752	2958
4	30039	0.369877	2959
4	30049	0.370002	2960
4	30059	0.370127	2961
4	30069	0.370252	2962
4	30079	0.370377	2963
4	30089	0.370502	2964
4	30099	0.370627	2965
4	30109	0.370752	2966
4	30119	0.370877	2967
4	30129	0.371002	2968
4	30139	0.371127	2969
4	30149	0.371252	2970
4	30159	0.371377	2971
4	30169	0.371502	2972
4	30179	0.371627	2973
4	30189	0.371752	2974
4	30199	0.371877	2975
4	30209	0.372002	2976
4	30219	0.372127	2977
4	30229	0.372252	2978
4	30239	0.372377	2979
4	30249	0.372502	2980
4	30259	0.372627	2981
4	30269	0.372752	2982
4	30279	0.372877	2983
4	30293	0.373002	2984
4	30303	0.373127	2985
4	30313	0.373252	2986
4	30323	0.373377	2987
4	30333	0.373502	2988
4	30343	0.373627	2989
4	30353	0.373752	2990
4	30363	0.373877	2991
4	30373	0.374002	2992
4	30383	0.374127	2993
4	30393	0.374252	2994
4	30403	0.374377	2995
4	30413	0.374502	2996
4	30423	0.374627	2997
4	30433	0.374752	2998
4	30443	0.374877	2999
4	30453	0.375002	3000
4	30463	0.375127	3001
4	30473	0.375252	3002
4	30483	0.375377	3003
4	30493	0.375502	3004
4	30503	0.375627	3005
4	30513	0.375752	3006
4	30523	0.375877	3007
4	30533	0.376002	3008
4	30543	0.376127	3009
4	30557	0.376252	3010
4	30567	0.376377	3011
4	30577	0.376502	3012
4	30587	0.376627	3013
4	30597	0.376752	3014
4	30607	0.376877	3015
4	30617	0.377002	3016
4	30627	0.377127	3017
4	30637	0.377252	3018
4	30647	0.377377	3019
4	30657	0.377502	3020
4	30667	0.377627	3021
4	30677	0.377752	3022
4	30687	0.377877	3023
4	30697	0.378002	3024
4	30707	0.378127	3025
4	30717	0.378252	3026
4	30727	0.378377	3027
4	30737	0.378502	3028
4	30747	0.378627	3029
4	30757	0.378752	3030
4	30767	0.378877	3031
4	30777	0.379002	3032
4	30787	0.379127	3033
4	30797	0.379252	3034
4	30807	0.379377	3035
4	30821	0.379502	3036
4	30831	0.379627	3037
4	30841	0.379752	3038
4	30851	0.379877	3039
4	30861	0.380002	3040
4	30871	0.380127	3041
4	30881	0.380252	3042
4	30891	0.380377	3043
4	30901	0.380502	3044
4	30911	0.380627	3045
4	30921	0.380752	3046
4	30931	0.380877	3047
4	30941	0.381002	3048
4	30951	0.381127	3049
4	30961	0.381252	3050
4	30971	0.381377	3051
4	30981	0.381502	3052
4	30991	0.381627	3053
4	31001	0.381752	3054
4	31011	0.381877	3055
4	31021	0.382002	3056
4	31031	0.382127	3057
4	31041	0.382252	3058
4	31051	0.382377	3059
4	31061	0.382502	3060
4	31071	0.382627	3061
4	31085	0.382752	3062
4	31095	0.382877	3063
4	31105	0.383002	3064
4	31115	0.383127	3065
4	31125	0.383252	3066
4	31135	0.383377	3067
4	31145	0.383502	3068
4	31155	0.383627	3069
4	31165	0.383752	3070
4	31175	0.383877	3071
4	31185	0.384002	3072
4	31195	0.384127	3073
4	31205	0.384252	3074
4	31215	0.384377	3075
4	31225	0.384502	3076
4	31235	0.384627	3077
4	31245	0.384752	3078
4	31255	0.384877	3079
4	31265	0.385002	3080
4	31275	0.385127	3081
4	31285	0.385252	3082
4	31295	0.385377	3083
4	31305	0.385502	3084
4	31315	0.385627	3085
4	31325	0.385752	3086
4	31335	0.385877	3087
4	31345	0.386002	3088
4	31359	0.386127	3089
4	31369	0.386252	3090
4	31379	0.386377	3091
4	31389	0.386502	3092
4	31399	0.386627	3093
4	31409	0.386752	3094
4	31419	0.386877	3095
4	31429	0.387002	3096
4	31439	0.387127	3097
4	31449	0.387252	3098
4	31459	0.387377	3099
4	31469	0.387502	3100
4	31479	0.387627	3101
4	31489	0.387752	3102
4	31499	0.387877	3103
4	31509	0.388002	3104
4	31519	0.388127	3105
4	31529	0.388252	3106
4	31539	0.388377	3107
4	31549	0.388502	3108
4	31559	0.388627	3109
4	31569	0.388752	3110
4	31579	0.388877	3111
4	31589	0.389002	3112
4	31599	0.389127	3113
4	31609	0.389252	3114
4	31623	0.389377	3115
4	31633	0.389502	3116
4	31643	0.389627	3117
4	31653	0.389752	3118
4	31663	0.389877	3119
4	31673	0.390002	3120
4	31683	0.390127	3121
4	31693	0.390252	3122
4	31703	0.390377	3123
4	31713	0.390502	3124
4	31723	0.390627	3125
4	31733	0.390752	3126
4	31743	0.390877	3127
4	31753	0.391002	3128
4	31763	0.391127	3129
4	31773	0.391252	3130
4	31783	0.391377	3131
4	31793	0.391502	3132
4	31803	0.391627	3133
4	31813	0.391752	3134
4	31823	0.391877	3135
4	31833	0.392002	3136
4	31843	0.392127	3137
4	31853	0.392252	3138
4	31863	0.392377	3139
4	31873	0.392502	3140
4	31887	0.392627	3141
4	31897	0.392752	3142
4	31907	0.392877	3143
4	31917	0.393002	3144
4	31927	0.393127	3145
4	31937	0.393252	3146
4	31947	0.393377	3147
4	31957	0.393502	3148
4	31967	0.393627	3149
4	31977	0.393752	3150
4	31987	0.393877	3151
4	31997	0.394002	3152
4	32007	0.394127	3153
4	32017	0.394252	3154
4	32027	0.394377	3155
4	32037	0.394502	3156
4	32047	0.394627	3157
4	32057	0.394752	3158
4	32067	0.394877	3159
4	32077	0.395002	3160
4	32087	0.395127	3161
4	32097	0.395252	3162
4	32107	0.395377	3163
4	32117	0.395502	3164
4	32127	0.395627	3165
4	32137	0.395752	3166
4	32151	0.395877	3167
4	32161	0.396002	3168
4	32171	0.396127	3169
4	32181	0.396252	3170
4	32191	0.396377	3171
4	32201	0.396502	3172
4	32211	0.396627	3173
4	32221	0.396752	3174
4	32231	0.396877	3175
4	32241	0.397002	3176
4	32251	0.397127	3177
4	32261	0.397252	3178
4	32271	0.397377	3179
4	32281	0.397502	3180
4	32291	0.397627	3181
4	32301	0.397752	3182
4	32311	0.397877	3183
4	32321	0.398002	3184
4	32331	0.398127	3185
4	32341	0.398252	3186
4	32351	0.398377	3187
4	32361	0.398502	3188
4	32371	0.398627	3189
4	32381	0.398752	3190
4	32391	0.398877	3191
4	32401	0.399002	3192
4	32415	0.399127	3193
4	32425	0.399252	3194
4	32435	0.399377	3195
4	32445	0.399502	3196
4	32455	0.399627	3197
4	32465	0.399752	3198
4	32475	0.399877	3199
4	32485	0.400002	3200
4	32495	0.400127	3201
4	32505	0.400252	3202
4	32515	0.400377	3203
4	32525	0.400502	3204
4	32535	0.400627	3205
4	32545	0.400752	3206
4	32555	0.400877	3207
4	32565	0.401002	3208
4	32575	0.401127	3209
4	32585	0.401252	3210
4	32595	0.401377	3211
4	32605	0.401502	3212
4	32615	0.401627	3213
4	32625	0.401752	3214
4	32635	0.401877	3215
4	32645	0.402002	3216
4	32655	0.402127	3217
4	32665	0.402252	3218
4	32679	0.402377	3219
4	32689	0.402502	3220
4	32699	0.402627	3221
4	32709	0.402752	3222
4	32719	0.402877	3223
4	32729	0.403002	3224
4	32739	0.403127	3225
4	32749	0.403252	3226
4	32759	0.403377	3227
4	32769	0.403502	3228
4	32779	0.403627	3229
4	32789	0.403752	3230
4	32799	0.403877	3231
4	32809	0.404002	3232
4	32819	0.404127	3233
4	32829	0.404252	3234
4	32839	0.404377	3235
4	32849	0.404502	3236
4	32859	0.404627	3237
4	32869	0.404752	3238
4	32879	0.404877	3239
4	32889	0.405002	3240
4	32899	0.405127	3241
4	32909	0.405252	3242
4	32919	0.405377	3243
4	32929	0.405502	3244
4	32939	0.405627	3245
4	32953	0.405752	3246
4	32963	0.405877	3247
4	32973	0.406002	3248
4	32983	0.406127	3249
4	32993	0.406252	3250
4	33003	0.406377	3251
4	33013	0.406502	3252
4	33023	0.406627	3253
4	33033	0.406752	3254
4	33043	0.406877	3255
4	33053	0.407002	3256
4	33063	0.407127	3257
4	33073	0.407252	3258
4	33083	0.407377	3259
4	33093	0.407502	3260
4	33103	0.407627	3261
4	33113	0.407752	3262
4	33123	0.407877	3263
4	33133	0.408002	3264
4	33143	0.408127	3265
4	33153	0.408252	3266
4	33163	0.408377	3267
4	33173	0.408502	3268
4	33183	0.408627	3269
4	33193	0.408752	3270
4	33203	0.408877	3271
4	33217	0.409002	3272
4	33227	0.409127	3273
4	33237	0.409252	3274
4	33247	0.409377	3275
4	33257	0.409502	3276
4	33267	0.409627	3277
4	33277	0.409752	3278
4	33287	0.409877	3279
4	33297	0.410002	3280
4	33307	0.410127	3281
4	33317	0.410252	3282
4	33327	0.410377	3283
4	33337	0.410502	3284
4	33347	0.410627	3285
4	33357	0.410752	3286
4	33367	0.410877	3287
4	33377	0.411002	3288
4	33387	0.411127	3289
4	33397	0.411252	3290
4	33407	0.411377	3291
4	33417	0.411502	3292
4	33427	0.411627	3293
4	33437	0.411752	3294
4	33447	0.411877	3295
4	33457	0.412002	3296
4	33467	0.412127	3297
4	33481	0.412252	3298
4	33491	0.412377	3299
4	33501	0.412502	3300
4	33511	0.412627	3301
4	33521	0.412752	3302
4	33531	0.412877	3303
4	33541	0.413002	3304
4	33551	0.413127	3305
4	33561	0.413252	3306
4	33571	0.413377	3307
4	33581	0.413502	3308
4	33591	0.413627	3309
4	33601	0.413752	3310
4	33611	0.413877	3311
4	33621	0.414002	3312
4	33631	0.414127	3313
4	33641	0.414252	3314
4	33651	0.414377	3315
4	33661	0.414502	3316
4	33671	0.414627	3317
4	33681	0.414752	3318
4	33691	0.414877	3319
4	33701	0.415002	3320
4	33711	0.415127	3321
4	33721	0.415252	3322
4	33731	0.415377	3323
4	33745	0.415502	3324
4	33755	0.415627	3325
4	33765	0.415752	3326
4	33775	0.415877	3327
4	33785	0.416002	3328
4	33795	0.416127	3329
4	33805	0.416252	3330
4	33815	0.416377	3331
4	33825	0.416502	3332
4	33835	0.416627	3333
4	33845	0.416752	3334
4	33855	0.416877	3335
4	33865	0.417002	3336
4	33875	0.417127	3337
4	33885	0.417252	3338
4	33895	0.417377	3339
4	33905	0.417502	3340
4	33915	0.417627	3341
4	33925	0.417752	3342
4	33935	0.417877	3343
4	33945	0.418002	3344
4	33955	0.418127	3345
4	33965	0.418252	3346
4	33975	0.418377	3347
4	33985	0.418502	3348
4	33995	0.418627	3349
4	34009	0.418752	3350
4	34019	0.418877	3351
4	34029	0.419002	3352
4	34039	0.419127	3353
4	34049	0.419252	3354
4	34059	0.419377	3355
4	34069	0.419502	3356
4	34079	0.419627	3357
4	34089	0.419752	3358
4	34099	0.419877	3359
4	34109	0.420002	3360
4	34119	0.420127	3361
4	34129	0.420252	3362
4	34139	0.420377	3363
4	34149	0.420502	3364
4	34159	0.420627	3365
4	34169	0.420752	3366
4	34179	0.420877	3367
4	34189	0.421002	3368
4	34199	0.421127	3369
4	34209	0.421252	3370
4	34219	0.421377	3371
4	34229	0.421502	3372
4	34239	0.421627	3373
4	34249	0.421752	3374
4	34259	0.421877	3375
4	34271	0.422002	3376
4	34283	0.422127	3377
4	34293	0.422252	3378
4	34303	0.422377	3379
4	34313	0.422502	3380
4	34323	0.422627	3381
4	34333	0.422752	3382
4	34343	0.422877	3383
4	34353	0.423002	3384
4	34363	0.423127	3385
4	34373	0.423252	3386
4	34383	0.423377	3387
4	34393	0.423502	3388
4	34403	0.423627	3389
4	34413	0.423752	3390
4	34423	0.423877	3391
4	34433	0.424002	3392
4	34443	0.424127	3393
4	34453	0.424252	3394
4	34463	0.424377	3395
4	34473	0.424502	3396
4	34483	0.424627	3397
4	34493	0.424752	3398
4	34503	0.424877	3399
4	34513	0.425002	3400
4	34523	0.425127	3401
4	34533	0.425252	3402
4	34547	0.425377	3403
4	34557	0.425502	3404
4	34567	0.425627	3405
4	34577	0.425752	3406
4	34587	0.425877	3407
4	34597	0.426002	3408
4	34607	0.426127	3409
4	34617	0.426252	3410
4	34627	0.426377	3411
4	34637	0.426502	3412
4	34647	0.426627	3413
4	34657	0.426752	3414
4	34667	0.426877	3415
4	34677	0.427002	3416
4	34687	0.427127	3417
4	34697	0.427252	3418
4	34707	0.427377	3419
4	34717	0.427502	3420
4	34727	0.427627	3421
4	34737	0.427752	3422
4	34747	0.427877	3423
4	34757	0.428002	3424
4	34767	0.428127	3425
4	34777	0.428252	3426
4	34787	0.428377	3427
4	34797	0.428502	3428
4	34811	0.428627	3429
4	34821	0.428752	3430
4	34831	0.428877	3431
4	34841	0.429002	3432
4	34851	0.429127	3433
4	34861	0.429252	3434
4	34871	0.429377	3435
4	34881	0.429502	3436
4	34891	0.429627	3437
4	34901	0.429752	3438
4	34911	0.429877	3439
4	34921	0.430002	3440
4	34931	0.430127	3441
4	34941	0.430252	3442
4	34951	0.430377	3443
4	34961	0.430502	3444
4	34971	0.430627	3445
4	34981	0.430752	3446
4	34991	0.430877	3447
4	35001	0.431002	3448
4	35011	0.431127	3449
4	35021	0.431252	3450
4	35031	0.431377	3451
4	35041	0.431502	3452
4	35051	0.431627	3453
4	35061	0.431752	3454
4	35075	0.431877	3455
4	35085	0.432002	3456
4	35095	0.432127	3457
4	35105	0.432252	3458
4	35115	0.432377	3459
4	35125	0.432502	3460
4	35135	0.432627	3461
4	35145	0.432752	3462
4	35155	0.432877	3463
4	35165	0.433002	3464
4	35175	0.433127	3465
4	35185	0.433252	3466
4	35195	0.433377	3467
4	35205	0.433502	3468
4	35215	0.433627	3469
4	35225	0.433752	3470
4	35235	0.433877	3471
4	35245	0.434002	3472
4	35255	0.434127	3473
4	35265	0.434252	3474
4	35275	0.434377	3475
4	35285	0.434502	3476
4	35295	0.434627	3477
4	35305	0.434752	3478
4	35315	0.434877	3479
4	35325	0.435002	3480
4	35339	0.435127	3481
4	35349	0.435252	3482
4	35359	0.435377	3483
4	35369	0.435502	3484
4	35379	0.435627	3485
4	35389	0.435752	3486
4	35399	0.435877	3487
4	35409	0.436002	3488
4	35419	0.436127	3489
4	35429	0.436252	3490
4	35439	0.436377	3491
4	35449	0.436502	3492
4	35459	0.436627	3493
4	35469	0.436752	3494
4	35479	0.436877	3495
4	35489	0.437002	3496
4	35499	0.437127	3497
4	35509	0.437252	3498
4	35519	0.437377	3499
4	35529	0.437502	3500
4	35539	0.437627	3501
4	35549	0.437752	3502
4	35559	0.437877	3503
4	35569	0.438002	3504
4	35579	0.438127	3505
4	35589	0.438252	3506
4	35603	0.438377	3507
4	35613	0.438502	3508
4	35623	0.438627	3509
4	35633	0.438752	3510
4	35643	0.438877	3511
4	35653	0.439002	3512
4	35663	0.439127	3513
4	35673	0.439252	3514
4	35683	0.439377	3515
4	35693	0.439502	3516
4	35703	0.439627	3517
4	35713	0.439752	3518
4	35723	0.439877	3519
4	35733	0.440002	3520
4	35743	0.440127	3521
4	35753	0.440252	3522
4	35763	0.440377	3523
4	35773	0.440502	3524
4	35783	0.440627	3525
4	35793	0.440752	3526
4	35803	0.440877	3527
4	35813	0.441002	3528
4	35823	0.441127	3529
4	35833	0.441252	3530
4	35843	0.441377	3531
4	35853	0.441502	3532
4	35863	0.441627	3533
4	35877	0.441752	3534
4	35887	0.441877	3535
4	35897	0.442002	3536
4	35907	0.442127	3537
4	35917	0.442252	3538
4	35927	0.442377	3539
4	35937	0.442502	3540
4	35947	0.442627	3541
4	35957	0.442752	3542
4	35967	0.442877	3543
4	35977	0.443002	3544
4	35987	0.443127	3545
4	35997	0.443252	3546
4	36007	0.443377	3547
4	36017	0.443502	3548
4	36027	0.443627	3549
4	36037	0.443752	3550
4	36047	0.443877	3551
4	36057	0.444002	3552
4	36067	0.444127	3553
4	36077	0.444252	3554
4	36087	0.444377	3555
4	36097	0.444502	3556
4	36107	0.444627	3557
4	36117	0.444752	3558
4	36127	0.444877	3559
4	36141	0.445002	3560
4	36151	0.445127	3561
4	36161	0.445252	3562
4	36171	0.445377	3563
4	36181	0.445502	3564
4	36191	0.445627	3565
4	36201	0.445752	3566
4	36211	0.445877	3567
4	36221	0.446002	3568
4	36231	0.446127	3569
4	36241	0.446252	3570
4	36251	0.446377	3571
4	36261	0.446502	3572
4	36271	0.446627	3573
4	36281	0.446752	3574
4	36291	0.446877	3575
4	36301	0.447002	3576
4	36311	0.447127	3577
4	36321	0.447252	3578
4	36331	0.447377	3579
4	36341	0.447502	3580
4	36351	0.447627	3581
4	36361	0.447752	3582
4	36371	0.447877	3583
4	36381	0.448002	3584
4	36391	0.448127	3585
4	36405	0.448252	3586
4	36415	0.448377	3587
4	36425	0.448502	3588
4	36435	0.448627	3589
4	36445	0.448752	3590
4	36455	0.448877	3591
4	36465	0.449002	3592
4	36475	0.449127	3593
4	36485	0.449252	3594
4	36495	0.449377	3595
4	36505	0.449502	3596
4	36515	0.449627	3597
4	36525	0.449752	3598
4	36535	0.449877	3599
4	36545	0.450002	3600
4	36555	0.450127	3601
4	36565	0.450252	3602
4	36575	0.450377	3603
4	36585	0.450502	3604
4	36595	0.450627	3605
4	36605	0.450752	3606
4	36615	0.450877	3607
4	36625	0.451002	3608
4	36635	0.451127	3609
4	36645	0.451252	3610
4	36655	0.451377	3611
4	36669	0.451502	3612
4	36679	0.451627	3613
4	36689	0.451752	3614
4	36699	0.451877	3615
4	36709	0.452002	3616
4	36719	0.452127	3617
4	36729	0.452252	3618
4	36739	0.452377	3619
4	36749	0.452502	3620
4	36759	0.452627	3621
4	36769	0.452752	3622
4	36779	0.452877	3623
4	36789	0.453002	3624
4	36799	0.453127	3625
4	36809	0.453252	3626
4	36819	0.453377	3627
4	36829	0.453502	3628
4	36839	0.453627	3629
4	36849	0.453752	3630
4	36859	0.453877	3631
4	36869	0.454002	3632
4	36879	0.454127	3633
4	36889	0.454252	3634
4	36899	0.454377	3635
4	36909	0.454502	3636
4	36919	0.454627	3637
4	36933	0.454752	3638
4	36943	0.454877	3639
4	36953	0.455002	3640
4	36963	0.455127	3641
4	36973	0.455252	3642
4	36983	0.455377	3643
4	36993	0.455502	3644
4	37003	0.455627	3645
4	37013	0.455752	3646
4	37023	0.455877	3647
4	37033	0.456002	3648
4	37043	0.456127	3649
4	37053	0.456252	3650
4	37063	0.456377	3651
4	37073	0.456502	3652
4	37083	0.456627	3653
4	37093	0.456752	3654
4	37103	0.456877	3655
4	37113	0.457002	3656
4	37123	0.457127	3657
4	37133	0.457252	3658
4	37143	0.457377	3659
4	37153	0.457502	3660
4	37163	0.457627	3661
4	37173	0.457752	3662
4	37183	0.457877	3663
4	37197	0.458002	3664
4	37207	0.458127	3665
4	37217	0.458252	3666
4	37227	0.458377	3667
4	37237	0.458502	3668
4	37247	0.458627	3669
4	37257	0.458752	3670
4	37267	0.458877	3671
4	37277	0.459002	3672
4	37287	0.459127	3673
4	37297	0.459252	3674
4	37307	0.459377	3675
4	37317	0.459502	3676
4	37327	0.459627	3677
4	37337	0.459752	3678
4	37347	0.459877	3679
4	37357	0.460002	3680
4	37367	0.460127	3681
4	37377	0.460252	3682
4	37387	0.460377	3683
4	37397	0.460502	3684
4	37407	0.460627	3685
4	37417	0.460752	3686
4	37427	0.460877	3687
4	37437	0.461002	3688
4	37447	0.461127	3689
4	37457	0.461252	3690
4	37471	0.461377	3691
4	37481	0.461502	3692
4	37491	0.461627	3693
4	37501	0.461752	3694
4	37511	0.461877	3695
4	37521	0.462002	3696
4	37531	0.462127	3697
4	37541	0.462252	3698
4	37551	0.462377	3699
4	37561	0.462502	3700
4	37571	0.462627	3701
4	37581	0.462752	3702
4	37591	0.462877	3703
4	37601	0.463002	3704
4	37611	0.463127	3705
4	37621	0.463252	3706
4	37631	0.463377	3707
4	37641	0.463502	3708
4	37651	0.463627	3709
4	37661	0.463752	3710
4	37671	0.463877	3711
4	37681	0.464002	3712
4	37691	0.464127	3713
4	37701	0.464252	3714
4	37711	0.464377	3715
4	37721	0.464502	3716
4	37735	0.464627	3717
4	37745	0.464752	3718
4	37755	0.464877	3719
4	37765	0.465002	3720
4	37775	0.465127	3721
4	37785	0.465252	3722
4	37795	0.465377	3723
4	37805	0.465502	3724
4	37815	0.465627	3725
4	37825	0.465752	3726
4	37835	0.465877	3727
4	37845	0.466002	3728
4	37855	0.466127	3729
4	37865	0.466252	3730
4	37875	0.466377	3731
4	37885	0.466502	3732
4	37895	0.466627	3733
4	37905	0.466752	3734
4	37915	0.466877	3735
4	37925	0.467002	3736
4	37935	0.467127	3737
4	37945	0.467252	3738
4	37955	0.467377	3739
4	37965	0.467502	3740
4	37975	0.467627	3741
4	37985	0.467752	3742
4	37999	0.467877	3743
4	38009	0.468002	3744
4	38019	0.468127	3745
4	38029	0.468252	3746
4	38039	0.468377	3747
4	38049	0.468502	3748
4	38059	0.468627	3749
4	38069	0.468752	3750
4	38079	0.468877	3751
4	38089	0.469002	3752
4	38099	0.469127	3753
4	38109	0.469252	3754
4	38119	0.469377	3755
4	38129	0.469502	3756
4	38139	0.469627	3757
4	38149	0.469752	3758
4	38159	0.469877	3759
4	38169	0.470002	3760
4	38179	0.470127	3761
4	38189	0.470252	3762
4	38199	0.470377	3763
4	38209	0.470502	3764
4	38219	0.470627	3765
4	38229	0.470752	3766
4	38239	0.470877	3767
4	38249	0.471002	3768
4	38263	0.471127	3769
4	38273	0.471252	3770
4	38283	0.471377	3771
4	38293	0.471502	3772
4	38303	0.471627	3773
4	38313	0.471752	3774
4	38323	0.471877	3775
4	38333	0.472002	3776
4	38343	0.472127	3777
4	38353	0.472252	3778
4	38363	0.472377	3779
4	38373	0.472502	3780
4	38383	0.472627	3781
4	38393	0.472752	3782
4	38403	0.472877	3783
4	38413	0.473002	3784
4	38423	0.473127	3785
4	38433	0.473252	3786
4	38443	0.473377	3787
4	38453	0.473502	3788
4	38463	0.473627	3789
4	38473	0.473752	3790
4	38483	0.473877	3791
4	38493	0.474002	3792
4	38503	0.474127	3793
4	38513	0.474252	3794
4	38527	0.474377	3795
4	38537	0.474502	3796
4	38547	0.474627	3797
4	38557	0.474752	3798
4	38567	0.474877	3799
4	38577	0.475002	3800
4	38587	0.475127	3801
4	38597	0.475252	3802
4	38607	0.475377	3803
4	38617	0.475502	3804
4	38627	0.475627	3805
4	38637	0.475752	3806
4	38647	0.475877	3807
4	38657	0.476002	3808
4	38667	0.476127	3809
4	38677	0.476252	3810
4	38687	0.476377	3811
4	38697	0.476502	3812
4	38707	0.476627	3813
4	38717	0.476752	3814
4	38727	0.476877	3815
4	38737	0.477002	3816
4	38747	0.477127	3817
4	38757	0.477252	3818
4	38767	0.477377	3819
4	38777	0.477502	3820
4	38791	0.477627	3821
4	38801	0.477752	3822
4	38811	0.477877	3823
4	38821	0.478002	3824
4	38831	0.478127	3825
4	38841	0.478252	3826
4	38851	0.478377	3827
4	38861	0.478502	3828
4	38871	0.478627	3829
4	38881	0.478752	3830
4	38891	0.478877	3831
4	38901	0.479002	3832
4	38911	0.479127	3833
4	38921	0.479252	3834
4	38931	0.479377	3835
4	38941	0.479502	3836
4	38951	0.479627	3837
4	38961	0.479752	3838
4	38971	0.479877	3839
4	38981	0.480002	3840
4	38991	0.480127	3841
4	39001	0.480252	3842
4	39011	0.480377	3843
4	39021	0.480502	3844
4	39031	0.480627	3845
4	39041	0.480752	3846
4	39051	0.480877	3847
4	39065	0.481002	3848
4	39075	0.481127	3849
4	39085	0.481252	3850
4	39095	0.481377	3851
4	39105	0.481502	3852
4	39115	0.481627	3853
4	39125	0.481752	3854
4	39135	0.481877	3855
4	39145	0.482002	3856
4	39155	0.482127	3857
4	39165	0.482252	3858
4	39175	0.482377	3859
4	39185	0.482502	3860
4	39195	0.482627	3861
4	39205	0.482752	3862
4	39215	0.482877	3863
4	39225	0.483002	3864
4	39235	0.483127	3865
4	39245	0.483252	3866
4	39255	0.483377	3867
4	39265	0.483502	3868
4	39275	0.483627	3869
4	39285	0.483752	3870
4	39295	0.483877	3871
4	39305	0.484002	3872
4	39315	0.484127	3873
4	39329	0.484252	3874
4	39339	0.484377	3875
4	39349	0.484502	3876
4	39359	0.484627	3877
4	39369	0.484752	3878
4	39379	0.484877	3879
4	39389	0.485002	3880
4	39399	0.485127	3881
4	39409	0.485252	3882
4	39419	0.485377	3883
4	39429	0.485502	3884
4	39439	0.485627	3885
4	39449	0.485752	3886
4	39459	0.485877	3887
4	39469	0.486002	3888
4	39479	0.486127	3889
4	39489	0.486252	3890
4	39499	0.486377	3891
4	39509	0.486502	3892
4	39519	0.486627	3893
4	39529	0.486752	3894
4	39539	0.486877	3895
4	39549	0.487002	3896
4	39559	0.487127	3897
4	39569	0.487252	3898
4	39579	0.487377	3899
4	39593	0.487502	3900
4	39603	0.487627	3901
4	39613	0.487752	3902
4	39623	0.487877	3903
4	39633	0.488002	3904
4	39643	0.488127	3905
4	39653	0.488252	3906
4	39663	0.488377	3907
4	39673	0.488502	3908
4	39683	0.488627	3909
4	39693	0.488752	3910
4	39703	0.488877	3911
4	39713	0.489002	3912
4	39723	0.489127	3913
4	39733	0.489252	3914
4	39743	0.489377	3915
4	39753	0.489502	3916
4	39763	0.489627	3917
4	39773	0.489752	3918
4	39783	0.489877	3919
4	39793	0.490002	3920
4	39803	0.490127	3921
4	39813	0.490252	3922
4	39823	0.490377	3923
4	39833	0.490502	3924
4	39843	0.490627	3925
4	39857	0.490752	3926
4	39867	0.490877	3927
4	39877	0.491002	3928
4	39887	0.491127	3929
4	39897	0.491252	3930
4	39907	0.491377	3931
4	39917	0.491502	3932
4	39927	0.491627	3933
4	39937	0.491752	3934
4	39947	0.491877	3935
4	39957	0.492002	3936
4	39967	0.492127	3937
4	39977	0.492252	3938
4	39987	0.492377	3939
4	39997	0.492502	3940
4	40007	0.492627	3941
4	40017	0.492752	3942
4	40027	0.492877	3943
4	40037	0.493002	3944
4	40047	0.493127	3945
4	40057	0.493252	3946
4	40067	0.493377	3947
4	40077	0.493502	3948
4	40087	0.493627	3949
4	40097	0.493752	3950
4	40107	0.493877	3951
4	40121	0.494002	3952
4	40131	0.494127	3953
4	40141	0.494252	3954
4	40151	0.494377	3955
4	40161	0.494502	3956
4	40171	0.494627	3957
4	40181	0.494752	3958
4	40191	0.494877	3959
4	40201	0.495002	3960
4	40211	0.495127	3961
4	40221	0.495252	3962
4	40231	0.495377	3963
4	40241	0.495502	3964
4	40251	0.495627	3965
4	40261	0.495752	3966
4	40271	0.495877	3967
4	40281	0.496002	3968
4	40291	0.496127	3969
4	40301	0.496252	3970
4	40311	0.496377	3971
4	40321	0.496502	3972
4	40331	0.496627	3973
4	40341	0.496752	3974
4	40351	0.496877	3975
4	40361	0.497002	3976
4	40371	0.497127	3977
4	40383	0.497252	3978
4	40395	0.497377	3979
4	40405	0.497502	3980
4	40415	0.497627	3981
4	40425	0.497752	3982
4	40435	0.497877	3983
4	40445	0.498002	3984
4	40455	0.498127	3985
4	40465	0.498252	3986
4	40475	0.498377	3987
4	40485	0.498502	3988
4	40495	0.498627	3989
4	40505	0.498752	3990
4	40515	0.498877	3991
4	40525	0.499002	3992
4	40535	0.499127	3993
4	40545	0.499252	3994
4	40555	0.499377	3995
4	40565	0.499502	3996
4	40575	0.499627	3997
4	40585	0.499752	3998
4	40595	0.499877	3999
4	40605	0.500002	4000
4	40615	0.500127	4001
4	40625	0.500252	4002
4	40635	0.500377	4003
4	40645	0.500502	4004
4	40659	0.500627	4005
4	40669	0.500752	4006
4	40679	0.500877	4007
4	40689	0.501002	4008
4	40699	0.501127	4009
4	40709	0.501252	4010
4	40719	0.501377	4011
4	40729	0.501502	4012
4	40739	0.501627	4013
4	40749	0.501752	4014
4	40759	0.501877	4015
4	40769	0.502002	4016
4	40779	0.502127	4017
4	40789	0.502252	4018
4	40799	0.502377	4019
4	40809	0.502502	4020
4	40819	0.502627	4021
4	40829	0.502752	4022
4	40839	0.502877	4023
4	40849	0.503002	4024
4	40859	0.503127	4025
4	40869	0.503252	4026
4	40879	0.503377	4027
4	40889	0.503502	4028
4	40899	0.503627	4029
4	40909	0.503752	4030
4	40923	0.503877	4031
4	40933	0.504002	4032
4	40943	0.504127	4033
4	40953	0.504252	4034
4	40963	0.504377	4035
4	40973	0.504502	4036
4	40983	0.504627	4037
4	40993	0.504752	4038
4	41003	0.504877	4039
4	41013	0.505002	4040
4	41023	0.505127	4041
4	41033	0.505252	4042
4	41043	0.505377	4043
4	41053	0.505502	4044
4	41063	0.505627	4045
4	41073	0.505752	4046
4	41083	0.505877	4047
4	41093	0.506002	4048
4	41103	0.506127	4049
4	41113	0.506252	4050
4	41123	0.506377	4051
4	41133	0.506502	4052
4	41143	0.506627	4053
4	41153	0.506752	4054
4	41163	0.506877	4055
4	41173	0.507002	4056
4	41187	0.507127	4057
4	41197	0.507252	4058
4	41207	0.507377	4059
4	41217	0.507502	4060
4	41227	0.507627	4061
4	41237	0.507752	4062
4	41247	0.507877	4063
4	41257	0.508002	4064
4	41267	0.508127	4065
4	41277	0.508252	4066
4	41287	0.508377	4067
4	41297	0.508502	4068
4	41307	0.508627	4069
4	41317	0.508752	4070
4	41327	0.508877	4071
4	41337	0.509002	4072
4	41347	0.509127	4073
4	41357	0.509252	4074
4	41367	0.509377	4075
4	41377	0.509502	4076
4	41387	0.509627	4077
4	41397	0.509752	4078
4	41407	0.509877	4079
4	41417	0.510002	4080
4	41427	0.510127	4081
4	41437	0.510252	4082
4	41451	0.510377	4083
4	41461	0.510502	4084
4	41471	0.510627	4085
4	41481	0.510752	4086
4	41491	0.510877	4087
4	41501	0.511002	4088
4	41511	0.511127	4089
4	41521	0.511252	4090
4	41531	0.511377	4091
4	41541	0.511502	4092
4	41551	0.511627	4093
4	41561	0.511752	4094
4	41571	0.511877	4095
4	41581	0.512002	4096
4	41591	0.512127	4097
4	41601	0.512252	4098
4	41611	0.512377	4099
4	41621	0.512502	4100
4	41631	0.512627	4101
4	41641	0.512752	4102
4	41651	0.512877	4103
4	41661	0.513002	4104
4	41671	0.513127	4105
4	41681	0.513252	4106
4	41691	0.513377	4107
4	41701	0.513502	4108
4	41715	0.513627	4109
4	41725	0.513752	4110
4	41735	0.513877	4111
4	41745	0.514002	4112
4	41755	0.514127	4113
4	41765	0.514252	4114
4	41775	0.514377	4115
4	41785	0.514502	4116
4	41795	0.514627	4117
4	41805	0.514752	4118
4	41815	0.514877	4119
4	41825	0.515002	4120
4	41835	0.515127	4121
4	41845	0.515252	4122
4	41855	0.515377	4123
4	41865	0.515502	4124
4	41875	0.515627	4125
4	41885	0.515752	4126
4	41895	0.515877	4127
4	41905	0.516002	4128
4	41915	0.516127	4129
4	41925	0.516252	4130
4	41935	0.516377	4131
4	41945	0.516502	4132
4	41955	0.516627	4133
4	41965	0.516752	4134
4	41975	0.516877	4135
4	41989	0.517002	4136
4	41999	0.517127	4137
4	42009	0.517252	4138
4	42019	0.517377	4139
4	42029	0.517502	4140
4	42039	0.517627	4141
4	42049	0.517752	4142
4	42059	0.517877	4143
4	42069	0.518002	4144
4	42079	0.518127	4145
4	42089	0.518252	4146
4	42099	0.518377	4147
4	42109	0.518502	4148
4	42119	0.518627	4149
4	42129	0.518752	4150
4	42139	0.518877	4151
4	42149	0.519002	4152
4	42159	0.519127	4153
4	42169	0.519252	4154
4	42179	0.519377	4155
4	42189	0.519502	4156
4	42199	0.519627	4157
4	42209	0.519752	4158
4	42219	0.519877	4159
4	42229	0.520002	4160
4	42239	0.520127	4161
4	42253	0.520252	4162
4	42263	0.520377	4163
4	42273	0.520502	4164
4	42283	0.520627	4165
4	42293	0.520752	4166
4	42303	0.520877	4167
4	42313	0.521002	4168
4	42323	0.521127	4169
4	42333	0.521252	4170
4	42343	0.521377	4171
4	42353	0.521502	4172
4	42363	0.521627	4173
4	42373	0.521752	4174
4	42383	0.521877	4175
4	42393	0.522002	4176
4	42403	0.522127	4177
4	42413	0.522252	4178
4	42423	0.522377	4179
4	42433	0.522502	4180
4	42443	0.522627	4181
4	42453	0.522752	4182
4	42463	0.522877	4183
4	42473	0.523002	4184
4	42483	0.523127	4185
4	42493	0.523252	4186
4	42503	0.523377	4187
4	42517	0.523502	4188
4	42527	0.523627	4189
4	42537	0.523752	4190
4	42547	0.523877	4191
4	42557	0.524002	4192
4	42567	0.524127	4193
4	42577	0.524252	4194
4	42587	0.524377	4195
4	42597	0.524502	4196
4	42607	0.524627	4197
4	42617	0.524752	4198
4	42627	0.524877	4199
4	42637	0.525002	4200
4	42647	0.525127	4201
4	42657	0.525252	4202
4	42667	0.525377	4203
4	42677	0.525502	4204
4	42687	0.525627	4205
4	42697	0.525752	4206
4	42707	0.525877	4207
4	42717	0.526002	4208
4	42727	0.526127	4209
4	42737	0.526252	4210
4	42747	0.526377	4211
4	42757	0.526502	4212
4	42767	0.526627	4213
4	42781	0.526752	4214
4	42791	0.526877	4215
4	42801	0.527002	4216
4	42811	0.527127	4217
4	42821	0.527252	4218
4	42831	0.527377	4219
4	42841	0.527502	4220
4	42851	0.527627	4221
4	42861	0.527752	4222
4	42871	0.527877	4223
4	42881	0.528002	4224
4	42891	0.528127	4225
4	42901	0.528252	4226
4	42911	0.528377	4227
4	42921	0.528502	4228
4	42931	0.528627	4229
4	42941	0.528752	4230
4	42951	0.528877	4231
4	42961	0.529002	4232
4	42971	0.529127	4233
4	42981	0.529252	4234
4	42991	0.529377	4235
4	43001	0.529502	4236
4	43011	0.529627	4237
4	43021	0.529752	4238
4	43031	0.529877	4239
4	43045	0.530002	4240
4	43055	0.530127	4241
4	43065	0.530252	4242
4	43075	0.530377	4243
4	43085	0.530502	4244
4	43095	0.530627	4245
4	43105	0.530752	4246
4	43115	0.530877	4247
4	43125	0.531002	4248
4	43135	0.531127	4249
4	43145	0.531252	4250
4	43155	0.531377	4251
4	43165	0.531502	4252
4	43175	0.531627	4253
4	43185	0.531752	4254
4	43195	0.531877	4255
4	43205	0.532002	4256
4	43215	0.532127	4257
4	43225	0.532252	4258
4	43235	0.532377	4259
4	43245	0.532502	4260
4	43255	0.532627	4261
4	43265	0.532752	4262
4	43275	0.532877	4263
4	43285	0.533002	4264
4	43295	0.533127	4265
4	43309	0.533252	4266
4	43319	0.533377	4267
4	43329	0.533502	4268
4	43339	0.533627	4269
4	43349	0.533752	4270
4	43359	0.533877	4271
4	43369	0.534002	4272
4	43379	0.534127	4273
4	43389	0.534252	4274
4	43399	0.534377	4275
4	43409	0.534502	4276
4	43419	0.534627	4277
4	43429	0.534752	4278
4	43439	0.534877	4279
4	43449	0.535002	4280
4	43459	0.535127	4281
4	43469	0.535252	4282
4	43479	0.535377	4283
4	43489	0.535502	4284
4	43499	0.535627	4285
4	43509	0.535752	4286
4	43519	0.535877	4287
4	43529	0.536002	4288
4	43539	0.536127	4289
4	43549	0.536252	4290
4	43559	0.536377	4291
4	43569	0.536502	4292
4	43583	0.536627	4293
4	43593	0.536752	4294
4	43603	0.536877	4295
4	43613	0.537002	4296
4	43623	0.537127	4297
4	43633	0.537252	4298
4	43643	0.537377	4299
4	43653	0.537502	4300
4	43663	0.537627	4301
4	43673	0.537752	4302
4	43683	0.537877	4303
4	43693	0.538002	4304
4	43703	0.538127	4305
4	43713	0.538252	4306
4	43723	0.538377	4307
4	43733	0.538502	4308
4	43743	0.538627	4309
4	43753	0.538752	4310
4	43763	0.538877	4311
4	43773	0.539002	4312
4	43783	0.539127	4313
4	43793	0.539252	4314
4	43803	0.539377	4315
4	43813	0.539502	4316
4	43823	0.539627	4317
4	43833	0.539752	4318
4	43847	0.539877	4319
4	43857	0.540002	4320
4	43867	0.540127	4321
4	43877	0.540252	4322
4	43887	0.540377	4323
4	43897	0.540502	4324
4	43907	0.540627	4325
4	43917	0.540752	4326
4	43927	0.540877	4327
4	43937	0.541002	4328
4	43947	0.541127	4329
4	43957	0.541252	4330
4	43967	0.541377	4331
4	43977	0.541502	4332
4	43987	0.541627	4333
4	43997	0.541752	4334
4	44007	0.541877	4335
4	44017	0.542002	4336
4	44027	0.542127	4337
4	44037	0.542252	4338
4	44047	0.542377	4339
4	44057	0.542502	4340
4	44067	0.542627	4341
4	44077	0.542752	4342
4	44087	0.542877	4343
4	44097	0.543002	4344
4	44111	0.543127	4345
4	44121	0.543252	4346
4	44131	0.543377	4347
4	44141	0.543502	4348
4	44151	0.543627	4349
4	44161	0.543752	4350
4	44171	0.543877	4351
4	44181	0.544002	4352
4	44191	0.544127	4353
4	44201	0.544252	4354
4	44211	0.544377	4355
4	44221	0.544502	4356
4	44231	0.544627	4357
4	44241	0.544752	4358
4	44251	0.544877	4359
4	44261	0.545002	4360
4	44271	0.545127	4361
4	44281	0.545252	4362
4	44291	0.545377	4363
4	44301	0.545502	4364
4	44311	0.545627	4365
4	44321	0.545752	4366
4	44331	0.545877	4367
4	44341	0.546002	4368
4	44351	0.546127	4369
4	44361	0.546252	4370
4	44375	0.546377	4371
4	44385	0.546502	4372
4	44395	0.546627	4373
4	44405	0.546752	4374
4	44415	0.546877	4375
4	44425	0.547002	4376
4	44435	0.547127	4377
4	44445	0.547252	4378
4	44455	0.547377	4379
4	44465	0.547502	4380
4	44475	0.547627	4381
4	44485	0.547752	4382
4	44495	0.547877	4383
4	44505	0.548002	4384
4	44515	0.548127	4385
4	44525	0.548252	4386
4	44535	0.548377	4387
4	44545	0.548502	4388
4	44555	0.548627	4389
4	44565	0.548752	4390
4	44575	0.548877	4391
4	44585	0.549002	4392
4	44595	0.549127	4393
4	44605	0.549252	4394
4	44615	0.549377	4395
4	44625	0.549502	4396
4	44639	0.549627	4397
4	44649	0.549752	4398
4	44659	0.549877	4399
4	44669	0.550002	4400
4	44679	0.550127	4401
4	44689	0.550252	4402
4	44699	0.550377	4403
4	44709	0.550502	4404
4	44719	0.550627	4405
4	44729	0.550752	4406
4	44739	0.550877	4407
4	44749	0.551002	4408
4	44759	0.551127	4409
4	44769	0.551252	4410
4	44779	0.551377	4411
4	44789	0.551502	4412
4	44799	0.551627	4413
4	44809	0.551752	4414
4	44819	0.551877	4415
4	44829	0.552002	4416
4	44839	0.552127	4417
4	44849	0.552252	4418
4	44859	0.552377	4419
4	44869	0.552502	4420
4	44879	0.552627	4421
4	44889	0.552752	4422
4	44903	0.552877	4423
4	44913	0.553002	4424
4	44923	0.553127	4425
4	44933	0.553252	4426
4	44943	0.553377	4427
4	44953	0.553502	4428
4	44963	0.553627	4429
4	44973	0.553752	4430
4	44983	0.553877	4431
4	44993	0.554002	4432
4	45003	0.554127	4433
4	45013	0.554252	4434
4	45023	0.554377	4435
4	45033	0.554502	4436
4	45043	0.554627	4437
4	45053	0.554752	4438
4	45063	0.554877	4439
4	45073	0.555002	4440
4	45083	0.555127	4441
4	45093	0.555252	4442
4	45103	0.555377	4443
4	45113	0.555502	4444
4	45123	0.555627	4445
4	45133	0.555752	4446
4	45143	0.555877	4447
4	45153	0.556002	4448
4	45163	0.556127	4449
4	45177	0.556252	4450
4	45187	0.556377	4451
4	45197	0.556502	4452
4	45207	0.556627	4453
4	45217	0.556752	4454
4	45227	0.556877	4455
4	45237	0.557002	4456
4	45247	0.557127	4457
4	45257	0.557252	4458
4	45267	0.557377	4459
4	45277	0.557502	4460
4	45287	0.557627	4461
4	45297	0.557752	4462
4	45307	0.557877	4463
4	45317	0.558002	4464
4	45327	0.558127	4465
4	45337	0.558252	4466
4	45347	0.558377	4467
4	45357	0.558502	4468
4	45367	0.558627	4469
4	45377	0.558752	4470
4	45387	0.558877	4471
4	45397	0.559002	4472
4	45407	0.559127	4473
4	45417	0.559252	4474
4	45427	0.559377	4475
4	45441	0.559502	4476
4	45451	0.559627	4477
4	45461	0.559752	4478
4	45471	0.559877	4479
4	45481	0.560002	4480
4	45491	0.560127	4481
4	45501	0.560252	4482
4	45511	0.560377	4483
4	45521	0.560502	4484
4	45531	0.560627	4485
4	45541	0.560752	4486
4	45551	0.560877	4487
4	45561	0.561002	4488
4	45571	0.561127	4489
4	45581	0.561252	4490
4	45591	0.561377	4491
4	45601	0.561502	4492
4	45611	0.561627	4493
4	45621	0.561752	4494
4	45631	0.561877	4495
4	45641	0.562002	4496
4	45651	0.562127	4497
4	45661	0.562252	4498
4	45671	0.562377	4499
4	45681	0.562502	4500
4	45691	0.562627	4501
4	45705	0.562752	4502
4	45715	0.562877	4503
4	45725	0.563002	4504
4	45735	0.563127	4505
4	45745	0.563252	4506
4	45755	0.563377	4507
4	45765	0.563502	4508
4	45775	0.563627	4509
4	45785	0.563752	4510
4	45795	0.563877	4511
4	45805	0.564002	4512
4	45815	0.564127	4513
4	45825	0.564252	4514
4	45835	0.564377	4515
4	45845	0.564502	4516
4	45855	0.564627	4517
4	45865	0.564752	4518
4	45875	0.564877	4519
4	45885	0.565002	4520
4	45895	0.565127	4521
4	45905	0.565252	4522
4	45915	0.565377	4523
4	45925	0.565502	4524
4	45935	0.565627	4525
4	45945	0.565752	4526
4	45955	0.565877	4527
4	45969	0.566002	4528
4	45979	0.566127	4529
4	45989	0.566252	4530
4	45999	0.566377	4531
4	46009	0.566502	4532
4	46019	0.566627	4533
4	46029	0.566752	4534
4	46039	0.566877	4535
4	46049	0.567002	4536
4	46059	0.567127	4537
4	46069	0.567252	4538
4	46079	0.567377	4539
4	46089	0.567502	4540
4	46099	0.567627	4541
4	46109	0.567752	4542
4	46119	0.567877	4543
4	46129	0.568002	4544
4	46139	0.568127	4545
4	46149	0.568252	4546
4	46159	0.568377	4547
4	46169	0.568502	4548
4	46179	0.568627	4549
4	46189	0.568752	4550
4	46199	0.568877	4551
4	46209	0.569002	4552
4	46219	0.569127	4553
4	46233	0.569252	4554
4	46243	0.569377	4555
4	46253	0.569502	4556
4	46263	0.569627	4557
4	46273	0.569752	4558
4	46283	0.569877	4559
4	46293	0.570002	4560
4	46303	0.570127	4561
4	46313	0.570252	4562
4	46323	0.570377	4563
4	46333	0.570502	4564
4	46343	0.570627	4565
4	46353	0.570752	4566
4	46363	0.570877	4567
4	46373	0.571002	4568
4	46383	0.571127	4569
4	46393	0.571252	4570
4	46403	0.571377	4571
4	46413	0.571502	4572
4	46423	0.571627	4573
4	46433	0.571752	4574
4	46443	0.571877	4575
4	46453	0.572002	4576
4	46463	0.572127	4577
4	46473	0.572252	4578
4	46483	0.572377	4579
4	46495	0.572502	4580
4	46507	0.572627	4581
4	46517	0.572752	4582
4	46527	0.572877	4583
4	46537	0.573002	4584
4	46547	0.573127	4585
4	46557	0.573252	4586
4	46567	0.573377	4587
4	46577	0.573502	4588
4	46587	0.573627	4589
4	46597	0.573752	4590
4	46607	0.573877	4591
4	46617	0.574002	4592
4	46627	0.574127	4593
4	46637	0.574252	4594
4	46647	0.574377	4595
4	46657	0.574502	4596
4	46667	0.574627	4597
4	46677	0.574752	4598
4	46687	0.574877	4599
4	46697	0.575002	4600
4	46707	0.575127	4601
4	46717	0.575252	4602
4	46727	0.575377	4603
4	46737	0.575502	4604
4	46747	0.575627	4605
4	46757	0.575752	4606
4	46771	0.575877	4607
4	46781	0.576002	4608
4	46791	0.576127	4609
4	46801	0.576252	4610
4	46811	0.576377	4611
4	46821	0.576502	4612
4	46831	0.576627	4613
4	46841	0.576752	4614
4	46851	0.576877	4615
4	46861	0.577002	4616
4	46871	0.577127	4617
4	46881	0.577252	4618
4	46891	0.577377	4619
4	46901	0.577502	4620
4	46911	0.577627	4621
4	46921	0.577752	4622
4	46931	0.577877	4623
4	46941	0.578002	4624
4	46951	0.578127	4625
4	46961	0.578252	4626
4	46971	0.578377	4627
4	46981	0.578502	4628
4	46991	0.578627	4629
4	47001	0.578752	4630
4	47011	0.578877	4631
4	47021	0.579002	4632
4	47035	0.579127	4633
4	47045	0.579252	4634
4	47055	0.579377	4635
4	47065	0.579502	4636
4	47075	0.579627	4637
4	47085	0.579752	4638
4	47095	0.579877	4639
4	47105	0.580002	4640
4	47115	0.580127	4641
4	47125	0.580252	4642
4	47135	0.580377	4643
4	47145	0.580502	4644
4	47155	0.580627	4645
4	47165	0.580752	4646
4	47175	0.580877	4647
4	47185	0.581002	4648
4	47195	0.581127	4649
4	47205	0.581252	4650
4	47215	0.581377	4651
4	47225	0.581502	4652
4	47235	0.581627	4653
4	47245	0.581752	4654
4	47255	0.581877	4655
4	47265	0.582002	4656
4	47275	0.582127	4657
4	47285	0.582252	4658
4	47299	0.582377	4659
4	47309	0.582502	4660
4	47319	0.582627	4661
4	47329	0.582752	4662
4	47339	0.582877	4663
4	47349	0.583002	4664
4	47359	0.583127	4665
4	47369	0.583252	4666
4	47379	0.583377	4667
4	47389	0.583502	4668
4	47399	0.583627	4669
4	47409	0.583752	4670
4	47419	0.583877	4671
4	47429	0.584002	4672
4	47439	0.584127	4673
4	47449	0.584252	4674
4	47459	0.584377	4675
4	47469	0.584502	4676
4	47479	0.584627	4677
4	47489	0.584752	4678
4	47499	0.584877	4679
4	47509	0.585002	4680
4	47519	0.585127	4681
4	47529	0.585252	4682
4	47539	0.585377	4683
4	47549	0.585502	4684
4	47563	0.585627	4685
4	47573	0.585752	4686
4	47583	0.585877	4687
4	47593	0.586002	4688
4	47603	0.586127	4689
4	47613	0.586252	4690
4	47623	0.586377	4691
4	47633	0.586502	4692
4	47643	0.586627	4693
4	47653	0.586752	4694
4	47663	0.586877	4695
4	47673	0.587002	4696
4	47683	0.587127	4697
4	47693	0.587252	4698
4	47703	0.587377	4699
4	47713	0.587502	4700
4	47723	0.587627	4701
4	47733	0.587752	4702
4	47743	0.587877	4703
4	47753	0.588002	4704
4	47763	0.588127	4705
4	47773	0.588252	4706
4	47783	0.588377	4707
4	47793	0.588502	4708
4	47803	0.588627	4709
4	47813	0.588752	4710
4	47827	0.588877	4711
4	47837	0.589002	4712
4	47847	0.589127	4713
4	47857	0.589252	4714
4	47867	0.589377	4715
4	47877	0.589502	4716
4	47887	0.589627	4717
4	47897	0.589752	4718
4	47907	0.589877	4719
4	47917	0.590002	4720
4	47927	0.590127	4721
4	47937	0.590252	4722
4	47947	0.590377	4723
4	47957	0.590502	4724
4	47967	0.590627	4725
4	47977	0.590752	4726
4	47987	0.590877	4727
4	47997	0.591002	4728
4	48007	0.591127	4729
4	48017	0.591252	4730
4	48027	0.591377	4731
4	48037	0.591502	4732
4	48047	0.591627	4733
4	48057	0.591752	4734
4	48067	0.591877	4735
4	48077	0.592002	4736
4	48087	0.592127	4737
4	48101	0.592252	4738
4	48111	0.592377	4739
4	48121	0.592502	4740
4	48131	0.592627	4741
4	48141	0.592752	4742
4	48151	0.592877	4743
4	48161	0.593002	4744
4	48171	0.593127	4745
4	48181	0.593252	4746
4	48191	0.593377	4747
4	48201	0.593502	4748
4	48211	0.593627	4749
4	48221	0.593752	4750
4	48231	0.593877	4751
4	48241	0.594002	4752
4	48251	0.594127	4753
4	48261	0.594252	4754
4	48271	0.594377	4755
4	48281	0.594502	4756
4	48291	0.594627	4757
4	48301	0.594752	4758
4	48311	0.594877	4759
4	48321	0.595002	4760
4	48331	0.595127	4761
4	48341	0.595252	4762
4	48351	0.595377	4763
4	48365	0.595502	4764
4	48375	0.595627	4765
4	48385	0.595752	4766
4	48395	0.595877	4767
4	48405	0.596002	4768
4	48415	0.596127	4769
4	48425	0.596252	4770
4	48435	0.596377	4771
4	48445	0.596502	4772
4	48455	0.596627	4773
4	48465	0.596752	4774
4	48475	0.596877	4775
4	48485	0.597002	4776
4	48495	0.597127	4777
4	48505	0.597252	4778
4	48515	0.597377	4779
4	48525	0.597502	4780
4	48535	0.597627	4781
4	48545	0.597752	4782
4	48555	0.597877	4783
4	48565	0.598002	4784
4	48575	0.598127	4785
4	48585	0.598252	4786
4	48595	0.598377	4787
4	48605	0.598502	4788
4	48615	0.598627	4789
4	48629	0.598752	4790
4	48639	0.598877	4791
4	48649	0.599002	4792
4	48659	0.599127	4793
4	48669	0.599252	4794
4	48679	0.599377	4795
4	48689	0.599502	4796
4	48699	0.599627	4797
4	48709	0.599752	4798
4	48719	0.599877	4799
4	48729	0.600002	4800
4	48739	0.600127	4801
4	48749	0.600252	4802
4	48759	0.600377	4803
4	48769	0.600502	4804
4	48779	0.600627	4805
4	48789	0.600752	4806
4	48799	0.600877	4807
4	48809	0.601002	4808
4	48819	0.601127	4809
4	48829	0.601252	4810
4	48839	0.601377	4811
4	48849	0.601502	4812
4	48859	0.601627	4813
4	48869	0.601752	4814
4	48879	0.601877	4815
4	48893	0.602002	4816
4	48903	0.602127	4817
4	48913	0.602252	4818
4	48923	0.602377	4819
4	48933	0.602502	4820
4	48943	0.602627	4821
4	48953	0.602752	4822
4	48963	0.602877	4823
4	48973	0.603002	4824
4	48983	0.603127	4825
4	48993	0.603252	4826
4	49003	0.603377	4827
4	49013	0.603502	4828
4	49023	0.603627	4829
4	49033	0.603752	4830
4	49043	0.603877	4831
4	49053	0.604002	4832
4	49063	0.604127	4833
4	49073	0.604252	4834
4	49083	0.604377	4835
4	49093	0.604502	4836
4	49103	0.604627	4837
4	49113	0.604752	4838
4	49123	0.604877	4839
4	49133	0.605002	4840
4	49143	0.605127	4841
4	49157	0.605252	4842
4	49167	0.605377	4843
4	49177	0.605502	4844
4	49187	0.605627	4845
4	49197	0.605752	4846
4	49207	0.605877	4847
4	49217	0.606002	4848
4	49227	0.606127	4849
4	49237	0.606252	4850
4	49247	0.606377	4851
4	49257	0.606502	4852
4	49267	0.606627	4853
4	49277	0.606752	4854
4	49287	0.606877	4855
4	49297	0.607002	4856
4	49307	0.607127	4857
4	49317	0.607252	4858
4	49327	0.607377	4859
4	49337	0.607502	4860
4	49347	0.607627	4861
4	49357	0.607752	4862
4	49367	0.607877	4863
4	49377	0.608002	4864
4	49387	0.608127	4865
4	49397	0.608252	4866
4	49407	0.608377	4867
4	49421	0.608502	4868
4	49431	0.608627	4869
4	49441	0.608752	4870
4	49451	0.608877	4871
4	49461	0.609002	4872
4	49471	0.609127	4873
4	49481	0.609252	4874
4	49491	0.609377	4875
4	49501	0.609502	4876
4	49511	0.609627	4877
4	49521	0.609752	4878
4	49531	0.609877	4879
4	49541	0.610002	4880
4	49551	0.610127	4881
4	49561	0.610252	4882
4	49571	0.610377	4883
4	49581	0.610502	4884
4	49591	0.610627	4885
4	49601	0.610752	4886
4	49611	0.610877	4887
4	49621	0.611002	4888
4	49631	0.611127	4889
4	49641	0.611252	4890
4	49651	0.611377	4891
4	49661	0.611502	4892
4	49671	0.611627	4893
4	49681	0.611752	4894
4	49695	0.611877	4895
4	49705	0.612002	4896
4	49715	0.612127	4897
4	49725	0.612252	4898
4	49735	0.612377	4899
4	49745	0.612502	4900
4	49755	0.612627	4901
4	49765	0.612752	4902
4	49775	0.612877	4903
4	49785	0.613002	4904
4	49795	0.613127	4905
4	49805	0.613252	4906
4	49815	0.613377	4907
4	49825	0.613502	4908
4	49835	0.613627	4909
4	49845	0.613752	4910
4	49855	0.613877	4911
4	49865	0.614002	4912
4	49875	0.614127	4913
4	49885	0.614252	4914
4	49895	0.614377	4915
4	49905	0.614502	4916
4	49915	0.614627	4917
4	49925	0.614752	4918
4	49935	0.614877	4919
4	49945	0.615002	4920
4	49959	0.615127	4921
4	49969	0.615252	4922
4	49979	0.615377	4923
4	49989	0.615502	4924
4	49999	0.615627	4925
4	50009	0.615752	4926
4	50019	0.615877	4927
4	50029	0.616002	4928
4	50039	0.616127	4929
4	50049	0.616252	4930
4	50059	0.616377	4931
4	50069	0.616502	4932
4	50079	0.616627	4933
4	50089	0.616752	4934
4	50099	0.616877	4935
4	50109	0.617002	4936
4	50119	0.617127	4937
4	50129	0.617252	4938
4	50139	0.617377	4939
4	50149	0.617502	4940
4	50159	0.617627	4941
4	50169	0.617752	4942
4	50179	0.617877	4943
4	50189	0.618002	4944
4	50199	0.618127	4945
4	50209	0.618252	4946
4	50223	0.618377	4947
4	50233	0.618502	4948
4	50243	0.618627	4949
4	50253	0.618752	4950
4	50263	0.618877	4951
4	50273	0.619002	4952
4	50283	0.619127	4953
4	50293	0.619252	4954
4	50303	0.619377	4955
4	50313	0.619502	4956
4	50323	0.619627	4957
4	50333	0.619752	4958
4	50343	0.619877	4959
4	50353	0.620002	4960
4	50363	0.620127	4961
4	50373	0.620252	4962
4	50383	0.620377	4963
4	50393	0.620502	4964
4	50403	0.620627	4965
4	50413	0.620752	4966
4	50423	0.620877	4967
4	50433	0.621002	4968
4	50443	0.621127	4969
4	50453	0.621252	4970
4	50463	0.621377	4971
4	50473	0.621502	4972
4	50487	0.621627	4973
4	50497	0.621752	4974
4	50507	0.621877	4975
4	50517	0.622002	4976
4	50527	0.622127	4977
4	50537	0.622252	4978
4	50547	0.622377	4979
4	50557	0.622502	4980
4	50567	0.622627	4981
4	50577	0.622752	4982
4	50587	0.622877	4983
4	50597	0.623002	4984
4	50607	0.623127	4985
4	50617	0.623252	4986
4	50627	0.623377	4987
4	50637	0.623502	4988
4	50647	0.623627	4989
4	50657	0.623752	4990
4	50667	0.623877	4991
4	50677	0.624002	4992
4	50687	0.624127	4993
4	50697	0.624252	4994
4	50707	0.624377	4995
4	50717	0.624502	4996
4	50727	0.624627	4997
4	50737	0.624752	4998
4	50751	0.624877	4999
4	50761	0.625002	5000
4	50771	0.625127	5001
4	50781	0.625252	5002
4	50791	0.625377	5003
4	50801	0.625502	5004
4	50811	0.625627	5005
4	50821	0.625752	5006
4	50831	0.625877	5007
4	50841	0.626002	5008
4	50851	0.626127	5009
4	50861	0.626252	5010
4	50871	0.626377	5011
4	50881	0.626502	5012
4	50891	0.626627	5013
4	50901	0.626752	5014
4	50911	0.626877	5015
4	50921	0.627002	5016
4	50931	0.627127	5017
4	50941	0.627252	5018
4	50951	0.627377	5019
4	50961	0.627502	5020
4	50971	0.627627	5021
4	50981	0.627752	5022
4	50991	0.627877	5023
4	51001	0.628002	5024
4	51015	0.628127	5025
4	51025	0.628252	5026
4	51035	0.628377	5027
4	51045	0.628502	5028
4	51055	0.628627	5029
4	51065	0.628752	5030
4	51075	0.628877	5031
4	51085	0.629002	5032
4	51095	0.629127	5033
4	51105	0.629252	5034
4	51115	0.629377	5035
4	51125	0.629502	5036
4	51135	0.629627	5037
4	51145	0.629752	5038
4	51155	0.629877	5039
4	51165	0.630002	5040
4	51175	0.630127	5041
4	51185	0.630252	5042
4	51195	0.630377	5043
4	51205	0.630502	5044
4	51215	0.630627	5045
4	51225	0.630752	5046
4	51235	0.630877	5047
4	51245	0.631002	5048
4	51255	0.631127	5049
4	51265	0.631252	5050
4	51275	0.631377	5051
4	51289	0.631502	5052
4	51299	0.631627	5053
4	51309	0.631752	5054
4	51319	0.631877	5055
4	51329	0.632002	5056
4	51339	0.632127	5057
4	51349	0.632252	5058
4	51359	0.632377	5059
4	51369	0.632502	5060
4	51379	0.632627	5061
4	51389	0.632752	5062
4	51399	0.632877	5063
4	51409	0.633002	5064
4	51419	0.633127	5065
4	51429	0.633252	5066
4	51439	0.633377	5067
4	51449	0.633502	5068
4	51459	0.633627	5069
4	51469	0.633752	5070
4	51479	0.633877	5071
4	51489	0.634002	5072
4	51499	0.634127	5073
4	51509	0.634252	5074
4	51519	0.634377	5075
4	51529	0.634502	5076
4	51539	0.634627	5077
4	51553	0.634752	5078
4	51563	0.634877	5079
4	51573	0.635002	5080
4	51583	0.635127	5081
4	51593	0.635252	5082
4	51603	0.635377	5083
4	51613	0.635502	5084
4	51623	0.635627	5085
4	51633	0.635752	5086
4	51643	0.635877	5087
4	51653	0.636002	5088
4	51663	0.636127	5089
4	51673	0.636252	5090
4	51683	0.636377	5091
4	51693	0.636502	5092
4	51703	0.636627	5093
4	51713	0.636752	5094
4	51723	0.636877	5095
4	51733	0.637002	5096
4	51743	0.637127	5097
4	51753	0.637252	5098
4	51763	0.637377	5099
4	51773	0.637502	5100
4	51783	0.637627	5101
4	51793	0.637752	5102
4	51803	0.637877	5103
4	51817	0.638002	5104
4	51827	0.638127	5105
4	51837	0.638252	5106
4	51847	0.638377	5107
4	51857	0.638502	5108
4	51867	0.638627	5109
4	51877	0.638752	5110
4	51887	0.638877	5111
4	51897	0.639002	5112
4	51907	0.639127	5113
4	51917	0.639252	5114
4	51927	0.639377	5115
4	51937	0.639502	5116
4	51947	0.639627	5117
4	51957	0.639752	5118
4	51967	0.639877	5119
4	51977	0.640002	5120
4	51987	0.640127	5121
4	51997	0.640252	5122
4	52007	0.640377	5123
4	52017	0.640502	5124
4	52027	0.640627	5125
4	52037	0.640752	5126
4	52047	0.640877	5127
4	52057	0.641002	5128
4	52067	0.641127	5129
4	52081	0.641252	5130
4	52091	0.641377	5131
4	52101	0.641502	5132
4	52111	0.641627	5133
4	52121	0.641752	5134
4	52131	0.641877	5135
4	52141	0.642002	5136
4	52151	0.642127	5137
4	52161	0.642252	5138
4	52171	0.642377	5139
4	52181	0.642502	5140
4	52191	0.642627	5141
4	52201	0.642752	5142
4	52211	0.642877	5143
4	52221	0.643002	5144
4	52231	0.643127	5145
4	52241	0.643252	5146
4	52251	0.643377	5147
4	52261	0.643502	5148
4	52271	0.643627	5149
4	52281	0.643752	5150
4	52291	0.643877	5151
4	52301	0.644002	5152
4	52311	0.644127	5153
4	52321	0.644252	5154
4	52331	0.644377	5155
4	52345	0.644502	5156
4	52355	0.644627	5157
4	52365	0.644752	5158
4	52375	0.644877	5159
4	52385	0.645002	5160
4	52395	0.645127	5161
4	52405	0.645252	5162
4	52415	0.645377	5163
4	52425	0.645502	5164
4	52435	0.645627	5165
4	52445	0.645752	5166
4	52455	0.645877	5167
4	52465	0.646002	5168
4	52475	0.646127	5169
4	52485	0.646252	5170
4	52495	0.646377	5171
4	52505	0.646502	5172
4	52515	0.646627	5173
4	52525	0.646752	5174
4	52535	0.646877	5175
4	52545	0.647002	5176
4	52555	0.647127	5177
4	52565	0.647252	5178
4	52575	0.647377	5179
4	52585	0.647502	5180
4	52595	0.647627	5181
4	52607	0.647752	5182
4	52619	0.647877	5183
4	52629	0.648002	5184
4	52639	0.648127	5185
4	52649	0.648252	5186
4	52659	0.648377	5187
4	52669	0.648502	5188
4	52679	0.648627	5189
4	52689	0.648752	5190
4	52699	0.648877	5191
4	52709	0.649002	5192
4	52719	0.649127	5193
4	52729	0.649252	5194
4	52739	0.649377	5195
4	52749	0.649502	5196
4	52759	0.649627	5197
4	52769	0.649752	5198
4	52779	0.649877	5199
4	52789	0.650002	5200
4	52799	0.650127	5201
4	52809	0.650252	5202
4	52819	0.650377	5203
4	52829	0.650502	5204
4	52839	0.650627	5205
4	52849	0.650752	5206
4	52859	0.650877	5207
4	52869	0.651002	5208
4	52883	0.651127	5209
4	52893	0.651252	5210
4	52903	0.651377	5211
4	52913	0.651502	5212
4	52923	0.651627	5213
4	52933	0.651752	5214
4	52943	0.651877	5215
4	52953	0.652002	5216
4	52963	0.652127	5217
4	52973	0.652252	5218
4	52983	0.652377	5219
4	52993	0.652502	5220
4	53003	0.652627	5221
4	53013	0.652752	5222
4	53023	0.652877	5223
4	53033	0.653002	5224
4	53043	0.653127	5225
4	53053	0.653252	5226
4	53063	0.653377	5227
4	53073	0.653502	5228
4	53083	0.653627	5229
4	53093	0.653752	5230
4	53103	0.653877	5231
4	53113	0.654002	5232
4	53123	0.654127	5233
4	53133	0.654252	5234
4	53147	0.654377	5235
4	53157	0.654502	5236
4	53167	0.654627	5237
4	53177	0.654752	5238
4	53187	0.654877	5239
4	53197	0.655002	5240
4	53207	0.655127	5241
4	53217	0.655252	5242
4	53227	0.655377	5243
4	53237	0.655502	5244
4	53247	0.655627	5245
4	53257	0.655752	5246
4	53267	0.655877	5247
4	53277	0.656002	5248
4	53287	0.656127	5249
4	53297	0.656252	5250
4	53307	0.656377	5251
4	53317	0.656502	5252
4	53327	0.656627	5253
4	53337	0.656752	5254
4	53347	0.656877	5255
4	53357	0.657002	5256
4	53367	0.657127	5257
4	53377	0.657252	5258
4	53387	0.657377	5259
4	53397	0.657502	5260
4	53411	0.657627	5261
4	53421	0.657752	5262
4	53431	0.657877	5263
4	53441	0.658002	5264
4	53451	0.658127	5265
4	53461	0.658252	5266
4	53471	0.658377	5267
4	53481	0.658502	5268
4	53491	0.658627	5269
4	53501	0.658752	5270
4	53511	0.658877	5271
4	53521	0.659002	5272
4	53531	0.659127	5273
4	53541	0.659252	5274
4	53551	0.659377	5275
4	53561	0.659502	5276
4	53571	0.659627	5277
4	53581	0.659752	5278
4	53591	0.659877	5279
4	53601	0.660002	5280
4	53611	0.660127	5281
4	53621	0.660252	5282
4	53631	0.660377	5283
4	53641	0.660502	5284
4	53651	0.660627	5285
4	53661	0.660752	5286
4	53675	0.660877	5287
4	53685	0.661002	5288
4	53695	0.661127	5289
4	53705	0.661252	5290
4	53715	0.661377	5291
4	53725	0.661502	5292
4	53735	0.661627	5293
4	53745	0.661752	5294
4	53755	0.661877	5295
4	53765	0.662002	5296
4	53775	0.662127	5297
4	53785	0.662252	5298
4	53795	0.662377	5299
4	53805	0.662502	5300
4	53815	0.662627	5301
4	53825	0.662752	5302
4	53835	0.662877	5303
4	53845	0.663002	5304
4	53855	0.663127	5305
4	53865	0.663252	5306
4	53875	0.663377	5307
4	53885	0.663502	5308
4	53895	0.663627	5309
4	53905	0.663752	5310
4	53915	0.663877	5311
4	53925	0.664002	5312
4	53939	0.664127	5313
4	53949	0.664252	5314
4	53959	0.664377	5315
4	53969	0.664502	5316
4	53979	0.664627	5317
4	53989	0.664752	5318
4	53999	0.664877	5319
4	54009	0.665002	5320
4	54019	0.665127	5321
4	54029	0.665252	5322
4	54039	0.665377	5323
4	54049	0.665502	5324
4	54059	0.665627	5325
4	54069	0.665752	5326
4	54079	0.665877	5327
4	54089	0.666002	5328
4	54099	0.666127	5329
4	54109	0.666252	5330
4	54119	0.666377	5331
4	54129	0.666502	5332
4	54139	0.666627	5333
4	54149	0.666752	5334
4	54159	0.666877	5335
4	54169	0.667002	5336
4	54179	0.667127	5337
4	54189	0.667252	5338
4	54199	0.667377	5339
4	54213	0.667502	5340
4	54223	0.667627	5341
4	54233	0.667752	5342
4	54243	0.667877	5343
4	54253	0.668002	5344
4	54263	0.668127	5345
4	54273	0.668252	5346
4	54283	0.668377	5347
4	54293	0.668502	5348
4	54303	0.668627	5349
4	54313	0.668752	5350
4	54323	0.668877	5351
4	54333	0.669002	5352
4	54343	0.669127	5353
4	54353	0.669252	5354
4	54363	0.669377	5355
4	54373	0.669502	5356
4	54383	0.669627	5357
4	54393	0.669752	5358
4	54403	0.669877	5359
4	54413	0.670002	5360
4	54423	0.670127	5361
4	54433	0.670252	5362
4	54443	0.670377	5363
4	54453	0.670502	5364
4	54463	0.670627	5365
4	54477	0.670752	5366
4	54487	0.670877	5367
4	54497	0.671002	5368
4	54507	0.671127	5369
4	54517	0.671252	5370
4	54527	0.671377	5371
4	54537	0.671502	5372
4	54547	0.671627	5373
4	54557	0.671752	5374
4	54567	0.671877	5375
4	54577	0.672002	5376
4	54587	0.672127	5377
4	54597	0.672252	5378
4	54607	0.672377	5379
4	54617	0.672502	5380
4	54627	0.672627	5381
4	54637	0.672752	5382
4	54647	0.672877	5383
4	54657	0.673002	5384
4	54667	0.673127	5385
4	54677	0.673252	5386
4	54687	0.673377	5387
4	54697	0.673502	5388
4	54707	0.673627	5389
4	54717	0.673752	5390
4	54727	0.673877	5391
4	54741	0.674002	5392
4	54751	0.674127	5393
4	54761	0.674252	5394
4	54771	0.674377	5395
4	54781	0.674502	5396
4	54791	0.674627	5397
4	54801	0.674752	5398
4	54811	0.674877	5399
4	54821	0.675002	5400
4	54831	0.675127	5401
4	54841	0.675252	5402
4	54851	0.675377	5403
4	54861	0.675502	5404
4	54871	0.675627	5405
4	54881	0.675752	5406
4	54891	0.675877	5407
4	54901	0.676002	5408
4	54911	0.676127	5409
4	54921	0.676252	5410
4	54931	0.676377	5411
4	54941	0.676502	5412
4	54951	0.676627	5413
4	54961	0.676752	5414
4	54971	0.676877	5415
4	54981	0.677002	5416
4	54991	0.677127	5417
4	55005	0.677252	5418
4	55015	0.677377	5419
4	55025	0.677502	5420
4	55035	0.677627	5421
4	55045	0.677752	5422
4	55055	0.677877	5423
4	55065	0.678002	5424
4	55075	0.678127	5425
4	55085	0.678252	5426
4	55095	0.678377	5427
4	55105	0.678502	5428
4	55115	0.678627	5429
4	55125	0.678752	5430
4	55135	0.678877	5431
4	55145	0.679002	5432
4	55155	0.679127	5433
4	55165	0.679252	5434
4	55175	0.679377	5435
4	55185	0.679502	5436
4	55195	0.679627	5437
4	55205	0.679752	5438
4	55215	0.679877	5439
4	55225	0.680002	5440
4	55235	0.680127	5441
4	55245	0.680252	5442
4	55255	0.680377	5443
4	55269	0.680502	5444
4	55279	0.680627	5445
4	55289	0.680752	5446
4	55299	0.680877	5447
4	55309	0.681002	5448
4	55319	0.681127	5449
4	55329	0.681252	5450
4	55339	0.681377	5451
4	55349	0.681502	5452
4	55359	0.681627	5453
4	55369	0.681752	5454
4	55379	0.681877	5455
4	55389	0.682002	5456
4	55399	0.682127	5457
4	55409	0.682252	5458
4	55419	0.682377	5459
4	55429	0.682502	5460
4	55439	0.682627	5461
4	55449	0.682752	5462
4	55459	0.682877	5463
4	55469	0.683002	5464
4	55479	0.683127	5465
4	55489	0.683252	5466
4	55499	0.683377	5467
4	55509	0.683502	5468
4	55519	0.683627	5469
4	55533	0.683752	5470
4	55543	0.683877	5471
4	55553	0.684002	5472
4	55563	0.684127	5473
4	55573	0.684252	5474
4	55583	0.684377	5475
4	55593	0.684502	5476
4	55603	0.684627	5477
4	55613	0.684752	5478
4	55623	0.684877	5479
4	55633	0.685002	5480
4	55643	0.685127	5481
4	55653	0.685252	5482
4	55663	0.685377	5483
4	55673	0.685502	5484
4	55683	0.685627	5485
4	55693	0.685752	5486
4	55703	0.685877	5487
4	55713	0.686002	5488
4	55723	0.686127	5489
4	55733	0.686252	5490
4	55743	0.686377	5491
4	55753	0.686502	5492
4	55763	0.686627	5493
4	55773	0.686752	5494
4	55783	0.686877	5495
4	55793	0.687002	5496
4	55807	0.687127	5497
4	55817	0.687252	5498
4	55827	0.687377	5499
4	55837	0.687502	5500
4	55847	0.687627	5501
4	55857	0.687752	5502
4	55867	0.687877	5503
4	55877	0.688002	5504
4	55887	0.688127	5505
4	55897	0.688252	5506
4	55907	0.688377	5507
4	55917	0.688502	5508
4	55927	0.688627	5509
4	55937	0.688752	5510
4	55947	0.688877	5511
4	55957	0.689002	5512
4	55967	0.689127	5513
4	55977	0.689252	5514
4	55987	0.689377	5515
4	55997	0.689502	5516
4	56007	0.689627	5517
4	56017	0.689752	5518
4	56027	0.689877	5519
4	56037	0.690002	5520
4	56047	0.690127	5521
4	56057	0.690252	5522
4	56071	0.690377	5523
4	56081	0.690502	5524
4	56091	0.690627	5525
4	56101	0.690752	5526
4	56111	0.690877	5527
4	56121	0.691002	5528
4	56131	0.691127	5529
4	56141	0.691252	5530
4	56151	0.691377	5531
4	56161	0.691502	5532
4	56171	0.691627	5533
4	56181	0.691752	5534
4	56191	0.691877	5535
4	56201	0.692002	5536
4	56211	0.692127	5537
4	56221	0.692252	5538
4	56231	0.692377	5539
4	56241	0.692502	5540
4	56251	0.692627	5541
4	56261	0.692752	5542
4	56271	0.692877	5543
4	56281	0.693002	5544
4	56291	0.693127	5545
4	56301	0.693252	5546
4	56311	0.693377	5547
4	56321	0.693502	5548
4	56335	0.693627	5549
4	56345	0.693752	5550
4	56355	0.693877	5551
4	56365	0.694002	5552
4	56375	0.694127	5553
4	56385	0.694252	5554
4	56395	0.694377	5555
4	56405	0.694502	5556
4	56415	0.694627	5557
4	56425	0.694752	5558
4	56435	0.694877	5559
4	56445	0.695002	5560
4	56455	0.695127	5561
4	56465	0.695252	5562
4	56475	0.695377	5563
4	56485	0.695502	5564
4	56495	0.695627	5565
4	56505	0.695752	5566
4	56515	0.695877	5567
4	56525	0.696002	5568
4	56535	0.696127	5569
4	56545	0.696252	5570
4	56555	0.696377	5571
4	56565	0.696502	5572
4	56575	0.696627	5573
4	56585	0.696752	5574
4	56599	0.696877	5575
4	56609	0.697002	5576
4	56619	0.697127	5577
4	56629	0.697252	5578
4	56639	0.697377	5579
4	56649	0.697502	5580
4	56659	0.697627	5581
4	56669	0.697752	5582
4	56679	0.697877	5583
4	56689	0.698002	5584
4	56699	0.698127	5585
4	56709	0.698252	5586
4	56719	0.698377	5587
4	56729	0.698502	5588
4	56739	0.698627	5589
4	56749	0.698752	5590
4	56759	0.698877	5591
4	56769	0.699002	5592
4	56779	0.699127	5593
4	56789	0.699252	5594
4	56799	0.699377	5595
4	56809	0.699502	5596
4	56819	0.699627	5597
4	56829	0.699752	5598
4	56839	0.699877	5599
4	56849	0.700002	5600
4	56863	0.700127	5601
4	56873	0.700252	5602
4	56883	0.700377	5603
4	56893	0.700502	5604
4	56903	0.700627	5605
4	56913	0.700752	5606
4	56923	0.700877	5607
4	56933	0.701002	5608
4	56943	0.701127	5609
4	56953	0.701252	5610
4	56963	0.701377	5611
4	56973	0.701502	5612
4	56983	0.701627	5613
4	56993	0.701752	5614
4	57003	0.701877	5615
4	57013	0.702002	5616
4	57023	0.702127	5617
4	57033	0.702252	5618
4	57043	0.702377	5619
4	57053	0.702502	5620
4	57063	0.702627	5621
4	57073	0.702752	5622
4	57083	0.702877	5623
4	57093	0.703002	5624
4	57103	0.703127	5625
4	57113	0.703252	5626
4	57127	0.703377	5627
4	57137	0.703502	5628
4	57147	0.703627	5629
4	57157	0.703752	5630
4	57167	0.703877	5631
4	57177	0.704002	5632
4	57187	0.704127	5633
4	57197	0.704252	5634
4	57207	0.704377	5635
4	57217	0.704502	5636
4	57227	0.704627	5637
4	57237	0.704752	5638
4	57247	0.704877	5639
4	57257	0.705002	5640
4	57267	0.705127	5641
4	57277	0.705252	5642
4	57287	0.705377	5643
4	57297	0.705502	5644
4	57307	0.705627	5645
4	57317	0.705752	5646
4	57327	0.705877	5647
4	57337	0.706002	5648
4	57347	0.706127	5649
4	57357	0.706252	5650
4	57367	0.706377	5651
4	57377	0.706502	5652
4	57387	0.706627	5653
4	57401	0.706752	5654
4	57411	0.706877	5655
4	57421	0.707002	5656
4	57431	0.707127	5657
4	57441	0.707252	5658
4	57451	0.707377	5659
4	57461	0.707502	5660
4	57471	0.707627	5661
4	57481	0.707752	5662
4	57491	0.707877	5663
4	57501	0.708002	5664
4	57511	0.708127	5665
4	57521	0.708252	5666
4	57531	0.708377	5667
4	57541	0.708502	5668
4	57551	0.708627	5669
4	57561	0.708752	5670
4	57571	0.708877	5671
4	57581	0.709002	5672
4	57591	0.709127	5673
4	57601	0.709252	5674
4	57611	0.709377	5675
4	57621	0.709502	5676
4	57631	0.709627	5677
4	57641	0.709752	5678
4	57651	0.709877	5679
4	57665	0.710002	5680
4	57675	0.710127	5681
4	57685	0.710252	5682
4	57695	0.710377	5683
4	57705	0.710502	5684
4	57715	0.710627	5685
4	57725	0.710752	5686
4	57735	0.710877	5687
4	57745	0.711002	5688
4	57755	0.711127	5689
4	57765	0.711252	5690
4	57775	0.711377	5691
4	57785	0.711502	5692
4	57795	0.711627	5693
4	57805	0.711752	5694
4	57815	0.711877	5695
4	57825	0.712002	5696
4	57835	0.712127	5697
4	57845	0.712252	5698
4	57855	0.712377	5699
4	57865	0.712502	5700
4	57875	0.712627	5701
4	57885	0.712752	5702
4	57895	0.712877	5703
4	57905	0.713002	5704
4	57915	0.713127	5705
4	57929	0.713252	5706
4	57939	0.713377	5707
4	57949	0.713502	5708
4	57959	0.713627	5709
4	57969	0.713752	5710
4	57979	0.713877	5711
4	57989	0.714002	5712
4	57999	0.714127	5713
4	58009	0.714252	5714
4	58019	0.714377	5715
4	58029	0.714502	5716
4	58039	0.714627	5717
4	58049	0.714752	5718
4	58059	0.714877	5719
4	58069	0.715002	5720
4	58079	0.715127	5721
4	58089	0.715252	5722
4	58099	0.715377	5723
4	58109	0.715502	5724
4	58119	0.715627	5725
4	58129	0.715752	5726
4	58139	0.715877	5727
4	58149	0.716002	5728
4	58159	0.716127	5729
4	58169	0.716252	5730
4	58179	0.716377	5731
4	58193	0.716502	5732
4	58203	0.716627	5733
4	58213	0.716752	5734
4	58223	0.716877	5735
4	58233	0.717002	5736
4	58243	0.717127	5737
4	58253	0.717252	5738
4	58263	0.717377	5739
4	58273	0.717502	5740
4	58283	0.717627	5741
4	58293	0.717752	5742
4	58303	0.717877	5743
4	58313	0.718002	5744
4	58323	0.718127	5745
4	58333	0.718252	5746
4	58343	0.718377	5747
4	58353	0.718502	5748
4	58363	0.718627	5749
4	58373	0.718752	5750
4	58383	0.718877	5751
4	58393	0.719002	5752
4	58403	0.719127	5753
4	58413	0.719252	5754
4	58423	0.719377	5755
4	58433	0.719502	5756
4	58443	0.719627	5757
4	58457	0.719752	5758
4	58467	0.719877	5759
4	58477	0.720002	5760
4	58487	0.720127	5761
4	58497	0.720252	5762
4	58507	0.720377	5763
4	58517	0.720502	5764
4	58527	0.720627	5765
4	58537	0.720752	5766
4	58547	0.720877	5767
4	58557	0.721002	5768
4	58567	0.721127	5769
4	58577	0.721252	5770
4	58587	0.721377	5771
4	58597	0.721502	5772
4	58607	0.721627	5773
4	58617	0.721752	5774
4	58627	0.721877	5775
4	58637	0.722002	5776
4	58647	0.722127	5777
4	58657	0.722252	5778
4	58667	0.722377	5779
4	58677	0.722502	5780
4	58687	0.722627	5781
4	58697	0.722752	5782
4	58707	0.722877	5783
4	58719	0.723002	5784
4	58731	0.723127	5785
4	58741	0.723252	5786
4	58751	0.723377	5787
4	58761	0.723502	5788
4	58771	0.723627	5789
4	58781	0.723752	5790
4	58791	0.723877	5791
4	58801	0.724002	5792
4	58811	0.724127	5793
4	58821	0.724252	5794
4	58831	0.724377	5795
4	58841	0.724502	5796
4	58851	0.724627	5797
4	58861	0.724752	5798
4	58871	0.724877	5799
4	58881	0.725002	5800
4	58891	0.725127	5801
4	58901	0.725252	5802
4	58911	0.725377	5803
4	58921	0.725502	5804
4	58931	0.725627	5805
4	58941	0.725752	5806
4	58951	0.725877	5807
4	58961	0.726002	5808
4	58971	0.726127	5809
4	58981	0.726252	5810
4	58995	0.726377	5811
4	59005	0.726502	5812
4	59015	0.726627	5813
4	59025	0.726752	5814
4	59035	0.726877	5815
4	59045	0.727002	5816
4	59055	0.727127	5817
4	59065	0.727252	5818
4	59075	0.727377	5819
4	59085	0.727502	5820
4	59095	0.727627	5821
4	59105	0.727752	5822
4	59115	0.727877	5823
4	59125	0.728002	5824
4	59135	0.728127	5825
4	59145	0.728252	5826
4	59155	0.728377	5827
4	59165	0.728502	5828
4	59175	0.728627	5829
4	59185	0.728752	5830
4	59195	0.728877	5831
4	59205	0.729002	5832
4	59215	0.729127	5833
4	59225	0.729252	5834
4	59235	0.729377	5835
4	59245	0.729502	5836
4	59259	0.729627	5837
4	59269	0.729752	5838
4	59279	0.729877	5839
4	59289	0.730002	5840
4	59299	0.730127	5841
4	59309	0.730252	5842
4	59319	0.730377	5843
4	59329	0.730502	5844
4	59339	0.730627	5845
4	59349	0.730752	5846
4	59359	0.730877	5847
4	59369	0.731002	5848
4	59379	0.731127	5849
4	59389	0.731252	5850
4	59399	0.731377	5851
4	59409	0.731502	5852
4	59419	0.731627	5853
4	59429	0.731752	5854
4	59439	0.731877	5855
4	59449	0.732002	5856
4	59459	0.732127	5857
4	59469	0.732252	5858
4	59479	0.732377	5859
4	59489	0.732502	5860
4	59499	0.732627	5861
4	59509	0.732752	5862
4	59523	0.732877	5863
4	59533	0.733002	5864
4	59543	0.733127	5865
4	59553	0.733252	5866
4	59563	0.733377	5867
4	59573	0.733502	5868
4	59583	0.733627	5869
4	59593	0.733752	5870
4	59603	0.733877	5871
4	59613	0.734002	5872
4	59623	0.734127	5873
4	59633	0.734252	5874
4	59643	0.734377	5875
4	59653	0.734502	5876
4	59663	0.734627	5877
4	59673	0.734752	5878
4	59683	0.734877	5879
4	59693	0.735002	5880
4	59703	0.735127	5881
4	59713	0.735252	5882
4	59723	0.735377	5883
4	59733	0.735502	5884
4	59743	0.735627	5885
4	59753	0.735752	5886
4	59763	0.735877	5887
4	59773	0.736002	5888
4	59787	0.736127	5889
4	59797	0.736252	5890
4	59807	0.736377	5891
4	59817	0.736502	5892
4	59827	0.736627	5893
4	59837	0.736752	5894
4	59847	0.736877	5895
4	59857	0.737002	5896
4	59867	0.737127	5897
4	59877	0.737252	5898
4	59887	0.737377	5899
4	59897	0.737502	5900
4	59907	0.737627	5901
4	59917	0.737752	5902
4	59927	0.737877	5903
4	59937	0.738002	5904
4	59947	0.738127	5905
4	59957	0.738252	5906
4	59967	0.738377	5907
4	59977	0.738502	5908
4	59987	0.738627	5909
4	59997	0.738752	5910
4	60007	0.738877	5911
4	60017	0.739002	5912
4	60027	0.739127	5913
4	60037	0.739252	5914
4	60051	0.739377	5915
4	60061	0.739502	5916
4	60071	0.739627	5917
4	60081	0.739752	5918
4	60091	0.739877	5919
4	60101	0.740002	5920
4	60111	0.740127	5921
4	60121	0.740252	5922
4	60131	0.740377	5923
4	60141	0.740502	5924
4	60151	0.740627	5925
4	60161	0.740752	5926
4	60171	0.740877	5927
4	60181	0.741002	5928
4	60191	0.741127	5929
4	60201	0.741252	5930
4	60211	0.741377	5931
4	60221	0.741502	5932
4	60231	0.741627	5933
4	60241	0.741752	5934
4	60251	0.741877	5935
4	60261	0.742002	5936
4	60271	0.742127	5937
4	60281	0.742252	5938
4	60291	0.742377	5939
4	60301	0.742502	5940
4	60311	0.742627	5941
4	60325	0.742752	5942
4	60335	0.742877	5943
4	60345	0.743002	5944
4	60355	0.743127	5945
4	60365	0.743252	5946
4	60375	0.743377	5947
4	60385	0.743502	5948
4	60395	0.743627	5949
4	60405	0.743752	5950
4	60415	0.743877	5951
4	60425	0.744002	5952
4	60435	0.744127	5953
4	60445	0.744252	5954
4	60455	0.744377	5955
4	60465	0.744502	5956
4	60475	0.744627	5957
4	60485	0.744752	5958
4	60495	0.744877	5959
4	60505	0.745002	5960
4	60515	0.745127	5961
4	60525	0.745252	5962
4	60535	0.745377	5963
4	60545	0.745502	5964
4	60555	0.745627	5965
4	60565	0.745752	5966
4	60575	0.745877	5967
4	60589	0.746002	5968
4	60599	0.746127	5969
4	60609	0.746252	5970
4	60619	0.746377	5971
4	60629	0.746502	5972
4	60639	0.746627	5973
4	60649	0.746752	5974
4	60659	0.746877	5975
4	60669	0.747002	5976
4	60679	0.747127	5977
4	60689	0.747252	5978
4	60699	0.747377	5979
4	60709	0.747502	5980
4	60719	0.747627	5981
4	60729	0.747752	5982
4	60739	0.747877	5983
4	60749	0.748002	5984
4	60759	0.748127	5985
4	60769	0.748252	5986
4	60779	0.748377	5987
4	60789	0.748502	5988
4	60799	0.748627	5989
4	60809	0.748752	5990
4	60819	0.748877	5991
4	60829	0.749002	5992
4	60839	0.749127	5993
4	60853	0.749252	5994
4	60863	0.749377	5995
4	60873	0.749502	5996
4	60883	0.749627	5997
4	60893	0.749752	5998
4	60903	0.749877	5999
4	60913	0.750002	6000
4	60923	0.750127	6001
4	60933	0.750252	6002
4	60943	0.750377	6003
4	60953	0.750502	6004
4	60963	0.750627	6005
4	60973	0.750752	6006
4	60983	0.750877	6007
4	60993	0.751002	6008
4	61003	0.751127	6009
4	61013	0.751252	6010
4	61023	0.751377	6011
4	61033	0.751502	6012
4	61043	0.751627	6013
4	61053	0.751752	6014
4	61063	0.751877	6015
4	61073	0.752002	6016
4	61083	0.752127	6017
4	61093	0.752252	6018
4	61103	0.752377	6019
4	61117	0.752502	6020
4	61127	0.752627	6021
4	61137	0.752752	6022
4	61147	0.752877	6023
4	61157	0.753002	6024
4	61167	0.753127	6025
4	61177	0.753252	6026
4	61187	0.753377	6027
4	61197	0.753502	6028
4	61207	0.753627	6029
4	61217	0.753752	6030
4	61227	0.753877	6031
4	61237	0.754002	6032
4	61247	0.754127	6033
4	61257	0.754252	6034
4	61267	0.754377	6035
4	61277	0.754502	6036
4	61287	0.754627	6037
4	61297	0.754752	6038
4	61307	0.754877	6039
4	61317	0.755002	6040
4	61327	0.755127	6041
4	61337	0.755252	6042
4	61347	0.755377	6043
4	61357	0.755502	6044
4	61367	0.755627	6045
4	61381	0.755752	6046
4	61391	0.755877	6047
4	61401	0.756002	6048
4	61411	0.756127	6049
4	61421	0.756252	6050
4	61431	0.756377	6051
4	61441	0.756502	6052
4	61451	0.756627	6053
4	61461	0.756752	6054
4	61471	0.756877	6055
4	61481	0.757002	6056
4	61491	0.757127	6057
4	61501	0.757252	6058
4	61511	0.757377	6059
4	61521	0.757502	6060
4	61531	0.757627	6061
4	61541	0.757752	6062
4	61551	0.757877	6063
4	61561	0.758002	6064
4	61571	0.758127	6065
4	61581	0.758252	6066
4	61591	0.758377	6067
4	61601	0.758502	6068
4	61611	0.758627	6069
4	61621	0.758752	6070
4	61631	0.758877	6071
4	61645	0.759002	6072
4	61655	0.759127	6073
4	61665	0.759252	6074
4	61675	0.759377	6075
4	61685	0.759502	6076
4	61695	0.759627	6077
4	61705	0.759752	6078
4	61715	0.759877	6079
4	61725	0.760002	6080
4	61735	0.760127	6081
4	61745	0.760252	6082
4	61755	0.760377	6083
4	61765	0.760502	6084
4	61775	0.760627	6085
4	61785	0.760752	6086
4	61795	0.760877	6087
4	61805	0.761002	6088
4	61815	0.761127	6089
4	61825	0.761252	6090
4	61835	0.761377	6091
4	61845	0.761502	6092
4	61855	0.761627	6093
4	61865	0.761752	6094
4	61875	0.761877	6095
4	61885	0.762002	6096
4	61895	0.762127	6097
4	61905	0.762252	6098
4	61919	0.762377	6099
4	61929	0.762502	6100
4	61939	0.762627	6101
4	61949	0.762752	6102
4	61959	0.762877	6103
4	61969	0.763002	6104
4	61979	0.763127	6105
4	61989	0.763252	6106
4	61999	0.763377	6107
4	62009	0.763502	6108
4	62019	0.763627	6109
4	62029	0.763752	6110
4	62039	0.763877	6111
4	62049	0.764002	6112
4	62059	0.764127	6113
4	62069	0.764252	6114
4	62079	0.764377	6115
4	62089	0.764502	6116
4	62099	0.764627	6117
4	62109	0.764752	6118
4	62119	0.764877	6119
4	62129	0.765002	6120
4	62139	0.765127	6121
4	62149	0.765252	6122
4	62159	0.765377	6123
4	62169	0.765502	6124
4	62183	0.765627	6125
4	62193	0.765752	6126
4	62203	0.765877	6127
4	62213	0.766002	6128
4	62223	0.766127	6129
4	62233	0.766252	6130
4	62243	0.766377	6131
4	62253	0.766502	6132
4	62263	0.766627	6133
4	62273	0.766752	6134
4	62283	0.766877	6135
4	62293	0.767002	6136
4	62303	0.767127	6137
4	62313	0.767252	6138
4	62323	0.767377	6139
4	62333	0.767502	6140
4	62343	0.767627	6141
4	62353	0.767752	6142
4	62363	0.767877	6143
4	62373	0.768002	6144
4	62383	0.768127	6145
4	62393	0.768252	6146
4	62403	0.768377	6147
4	62413	0.768502	6148
4	62423	0.768627	6149
4	62433	0.768752	6150
4	62447	0.768877	6151
4	62457	0.769002	6152
4	62467	0.769127	6153
4	62477	0.769252	6154
4	62487	0.769377	6155
4	62497	0.769502	6156
4	62507	0.769627	6157
4	62517	0.769752	6158
4	62527	0.769877	6159
4	62537	0.770002	6160
4	62547	0.770127	6161
4	62557	0.770252	6162
4	62567	0.770377	6163
4	62577	0.770502	6164
4	62587	0.770627	6165
4	62597	0.770752	6166
4	62607	0.770877	6167
4	62617	0.771002	6168
4	62627	0.771127	6169
4	62637	0.771252	6170
4	62647	0.771377	6171
4	62657	0.771502	6172
4	62667	0.771627	6173
4	62677	0.771752	6174
4	62687	0.771877	6175
4	62697	0.772002	6176
4	62711	0.772127	6177
4	62721	0.772252	6178
4	62731	0.772377	6179
4	62741	0.772502	6180
4	62751	0.772627	6181
4	62761	0.772752	6182
4	62771	0.772877	6183
4	62781	0.773002	6184
4	62791	0.773127	6185
4	62801	0.773252	6186
4	62811	0.773377	6187
4	62821	0.773502	6188
4	62831	0.773627	6189
4	62841	0.773752	6190
4	62851	0.773877	6191
4	62861	0.774002	6192
4	62871	0.774127	6193
4	62881	0.774252	6194
4	62891	0.774377	6195
4	62901	0.774502	6196
4	62911	0.774627	6197
4	62921	0.774752	6198
4	62931	0.774877	6199
4	62941	0.775002	6200
4	62951	0.775127	6201
4	62961	0.775252	6202
4	62975	0.775377	6203
4	62985	0.775502	6204
4	62995	0.775627	6205
4	63005	0.775752	6206
4	63015	0.775877	6207
4	63025	0.776002	6208
4	63035	0.776127	6209
4	63045	0.776252	6210
4	63055	0.776377	6211
4	63065	0.776502	6212
4	63075	0.776627	6213
4	63085	0.776752	6214
4	63095	0.776877	6215
4	63105	0.777002	6216
4	63115	0.777127	6217
4	63125	0.777252	6218
4	63135	0.777377	6219
4	63145	0.777502	6220
4	63155	0.777627	6221
4	63165	0.777752	6222
4	63175	0.777877	6223
4	63185	0.778002	6224
4	63195	0.778127	6225
4	63205	0.778252	6226
4	63215	0.778377	6227
4	63225	0.778502	6228
4	63239	0.778627	6229
4	63249	0.778752	6230
4	63259	0.778877	6231
4	63269	0.779002	6232
4	63279	0.779127	6233
4	63289	0.779252	6234
4	63299	0.779377	6235
4	63309	0.779502	6236
4	63319	0.779627	6237
4	63329	0.779752	6238
4	63339	0.779877	6239
4	63349	0.780002	6240
4	63359	0.780127	6241
4	63369	0.780252	6242
4	63379	0.780377	6243
4	63389	0.780502	6244
4	63399	0.780627	6245
4	63409	0.780752	6246
4	63419	0.780877	6247
4	63429	0.781002	6248
4	63439	0.781127	6249
4	63449	0.781252	6250
4	63459	0.781377	6251
4	63469	0.781502	6252
4	63479	0.781627	6253
4	63489	0.781752	6254
4	63499	0.781877	6255
4	63513	0.782002	6256
4	63523	0.782127	6257
4	63533	0.782252	6258
4	63543	0.782377	6259
4	63553	0.782502	6260
4	63563	0.782627	6261
4	63573	0.782752	6262
4	63583	0.782877	6263
4	63593	0.783002	6264
4	63603	0.783127	6265
4	63613	0.783252	6266
4	63623	0.783377	6267
4	63633	0.783502	6268
4	63643	0.783627	6269
4	63653	0.783752	6270
4	63663	0.783877	6271
4	63673	0.784002	6272
4	63683	0.784127	6273
4	63693	0.784252	6274
4	63703	0.784377	6275
4	63713	0.784502	6276
4	63723	0.784627	6277
4	63733	0.784752	6278
4	63743	0.784877	6279
4	63753	0.785002	6280
4	63763	0.785127	6281
4	63777	0.785252	6282
4	63787	0.785377	6283
4	63797	0.785502	6284
4	63807	0.785627	6285
4	63817	0.785752	6286
4	63827	0.785877	6287
4	63837	0.786002	6288
4	63847	0.786127	6289
4	63857	0.786252	6290
4	63867	0.786377	6291
4	63877	0.786502	6292
4	63887	0.786627	6293
4	63897	0.786752	6294
4	63907	0.786877	6295
4	63917	0.787002	6296
4	63927	0.787127	6297
4	63937	0.787252	6298
4	63947	0.787377	6299
4	63957	0.787502	6300
4	63967	0.787627	6301
4	63977	0.787752	6302
4	63987	0.787877	6303
4	63997	0.788002	6304
4	64007	0.788127	6305
4	64017	0.788252	6306
4	64027	0.788377	6307
4	64041	0.788502	6308
4	64051	0.788627	6309
4	64061	0.788752	6310
4	64071	0.788877	6311
4	64081	0.789002	6312
4	64091	0.789127	6313
4	64101	0.789252	6314
4	64111	0.789377	6315
4	64121	0.789502	6316
4	64131	0.789627	6317
4	64141	0.789752	6318
4	64151	0.789877	6319
4	64161	0.790002	6320
4	64171	0.790127	6321
4	64181	0.790252	6322
4	64191	0.790377	6323
4	64201	0.790502	6324
4	64211	0.790627	6325
4	64221	0.790752	6326
4	64231	0.790877	6327
4	64241	0.791002	6328
4	64251	0.791127	6329
4	64261	0.791252	6330
4	64271	0.791377	6331
4	64281	0.791502	6332
4	64291	0.791627	6333
4	64305	0.791752	6334
4	64315	0.791877	6335
4	64325	0.792002	6336
4	64335	0.792127	6337
4	64345	0.792252	6338
4	64355	0.792377	6339
4	64365	0.792502	6340
4	64375	0.792627	6341
4	64385	0.792752	6342
4	64395	0.792877	6343
4	64405	0.793002	6344
4	64415	0.793127	6345
4	64425	0.793252	6346
4	64435	0.793377	6347
4	64445	0.793502	6348
4	64455	0.793627	6349
4	64465	0.793752	6350
4	64475	0.793877	6351
4	64485	0.794002	6352
4	64495	0.794127	6353
4	64505	0.794252	6354
4	64515	0.794377	6355
4	64525	0.794502	6356
4	64535	0.794627	6357
4	64545	0.794752	6358
4	64555	0.794877	6359
4	64569	0.795002	6360
4	64579	0.795127	6361
4	64589	0.795252	6362
4	64599	0.795377	6363
4	64609	0.795502	6364
4	64619	0.795627	6365
4	64629	0.795752	6366
4	64639	0.795877	6367
4	64649	0.796002	6368
4	64659	0.796127	6369
4	64669	0.796252	6370
4	64679	0.796377	6371
4	64689	0.796502	6372
4	64699	0.796627	6373
4	64709	0.796752	6374
4	64719	0.796877	6375
4	64729	0.797002	6376
4	64739	0.797127	6377
4	64749	0.797252	6378
4	64759	0.797377	6379
4	64769	0.797502	6380
4	64779	0.797627	6381
4	64789	0.797752	6382
4	64799	0.797877	6383
4	64809	0.798002	6384
4	64819	0.798127	6385
4	64831	0.798252	6386
4	64843	0.798377	6387
4	64853	0.798502	6388
4	64863	0.798627	6389
4	64873	0.798752	6390
4	64883	0.798877	6391
4	64893	0.799002	6392
4	64903	0.799127	6393
4	64913	0.799252	6394
4	64923	0.799377	6395
4	64933	0.799502	6396
4	64943	0.799627	6397
4	64953	0.799752	6398
4	64963	0.799877	6399
4	64973	0.800002	6400
4	64983	0.800127	6401
4	64993	0.800252	6402
4	65003	0.800377	6403
4	65013	0.800502	6404
4	65023	0.800627	6405
4	65033	0.800752	6406
4	65043	0.800877	6407
4	65053	0.801002	6408
4	65063	0.801127	6409
4	65073	0.801252	6410
4	65083	0.801377	6411
4	65093	0.801502	6412
4	65107	0.801627	6413
4	65117	0.801752	6414
4	65127	0.801877	6415
4	65137	0.802002	6416
4	65147	0.802127	6417
4	65157	0.802252	6418
4	65167	0.802377	6419
4	65177	0.802502	6420
4	65187	0.802627	6421
4	65197	0.802752	6422
4	65207	0.802877	6423
4	65217	0.803002	6424
4	65227	0.803127	6425
4	65237	0.803252	6426
4	65247	0.803377	6427
4	65257	0.803502	6428
4	65267	0.803627	6429
4	65277	0.803752	6430
4	65287	0.803877	6431
4	65297	0.804002	6432
4	65307	0.804127	6433
4	65317	0.804252	6434
4	65327	0.804377	6435
4	65337	0.804502	6436
4	65347	0.804627	6437
4	65357	0.804752	6438
4	65371	0.804877	6439
4	65381	0.805002	6440
4	65391	0.805127	6441
4	65401	0.805252	6442
4	65411	0.805377	6443
4	65421	0.805502	6444
4	65431	0.805627	6445
4	65441	0.805752	6446
4	65451	0.805877	6447
4	65461	0.806002	6448
4	65471	0.806127	6449
4	65481	0.806252	6450
4	65491	0.806377	6451
4	65501	0.806502	6452
4	65511	0.806627	6453
4	65521	0.806752	6454
4	65531	0.806877	6455
4	65541	0.807002	6456
4	65551	0.807127	6457
4	65561	0.807252	6458
4	65571	0.807377	6459
4	65581	0.807502	6460
4	65591	0.807627	6461
4	65601	0.807752	6462
4	65611	0.807877	6463
4	65621	0.808002	6464
4	65635	0.808127	6465
4	65645	0.808252	6466
4	65655	0.808377	6467
4	65665	0.808502	6468
4	65675	0.808627	6469
4	65685	0.808752	6470
4	65695	0.808877	6471
4	65705	0.809002	6472
4	65715	0.809127	6473
4	65725	0.809252	6474
4	65735	0.809377	6475
4	65745	0.809502	6476
4	65755	0.809627	6477
4	65765	0.809752	6478
4	65775	0.809877	6479
4	65785	0.810002	6480
4	65795	0.810127	6481
4	65805	0.810252	6482
4	65815	0.810377	6483
4	65825	0.810502	6484
4	65835	0.810627	6485
4	65845	0.810752	6486
4	65855	0.810877	6487
4	65865	0.811002	6488
4	65875	0.811127	6489
4	65885	0.811252	6490
4	65899	0.811377	6491
4	65909	0.811502	6492
4	65919	0.811627	6493
4	65929	0.811752	6494
4	65939	0.811877	6495
4	65949	0.812002	6496
4	65959	0.812127	6497
4	65969	0.812252	6498
4	65979	0.812377	6499
4	65989	0.812502	6500
4	65999	0.812627	6501
4	66009	0.812752	6502
4	66019	0.812877	6503
4	66029	0.813002	6504
4	66039	0.813127	6505
4	66049	0.813252	6506
4	66059	0.813377	6507
4	66069	0.813502	6508
4	66079	0.813627	6509
4	66089	0.813752	6510
4	66099	0.813877	6511
4	66109	0.814002	6512
4	66119	0.814127	6513
4	66129	0.814252	6514
4	66139	0.814377	6515
4	66149	0.814502	6516
4	66163	0.814627	6517
4	66173	0.814752	6518
4	66183	0.814877	6519
4	66193	0.815002	6520
4	66203	0.815127	6521
4	66213	0.815252	6522
4	66223	0.815377	6523
4	66233	0.815502	6524
4	66243	0.815627	6525
4	66253	0.815752	6526
4	66263	0.815877	6527
4	66273	0.816002	6528
4	66283	0.816127	6529
4	66293	0.816252	6530
4	66303	0.816377	6531
4	66313	0.816502	6532
4	66323	0.816627	6533
4	66333	0.816752	6534
4	66343	0.816877	6535
4	66353	0.817002	6536
4	66363	0.817127	6537
4	66373	0.817252	6538
4	66383	0.817377	6539
4	66393	0.817502	6540
4	66403	0.817627	6541
4	66413	0.817752	6542
4	66423	0.817877	6543
4	66437	0.818002	6544
4	66447	0.818127	6545
4	66457	0.818252	6546
4	66467	0.818377	6547
4	66477	0.818502	6548
4	66487	0.818627	6549
4	66497	0.818752	6550
4	66507	0.818877	6551
4	66517	0.819002	6552
4	66527	0.819127	6553
4	66537	0.819252	6554
4	66547	0.819377	6555
4	66557	0.819502	6556
4	66567	0.819627	6557
4	66577	0.819752	6558
4	66587	0.819877	6559
4	66597	0.820002	6560
4	66607	0.820127	6561
4	66617	0.820252	6562
4	66627	0.820377	6563
4	66637	0.820502	6564
4	66647	0.820627	6565
4	66657	0.820752	6566
4	66667	0.820877	6567
4	66677	0.821002	6568
4	66687	0.821127	6569
4	66701	0.821252	6570
4	66711	0.821377	6571
4	66721	0.821502	6572
4	66731	0.821627	6573
4	66741	0.821752	6574
4	66751	0.821877	6575
4	66761	0.822002	6576
4	66771	0.822127	6577
4	66781	0.822252	6578
4	66791	0.822377	6579
4	66801	0.822502	6580
4	66811	0.822627	6581
4	66821	0.822752	6582
4	66831	0.822877	6583
4	66841	0.823002	6584
4	66851	0.823127	6585
4	66861	0.823252	6586
4	66871	0.823377	6587
4	66881	0.823502	6588
4	66891	0.823627	6589
4	66901	0.823752	6590
4	66911	0.823877	6591
4	66921	0.824002	6592
4	66931	0.824127	6593
4	66941	0.824252	6594
4	66951	0.824377	6595
4	66965	0.824502	6596
4	66975	0.824627	6597
4	66985	0.824752	6598
4	66995	0.824877	6599
4	67005	0.825002	6600
4	67015	0.825127	6601
4	67025	0.825252	6602
4	67035	0.825377	6603
4	67045	0.825502	6604
4	67055	0.825627	6605
4	67065	0.825752	6606
4	67075	0.825877	6607
4	67085	0.826002	6608
4	67095	0.826127	6609
4	67105	0.826252	6610
4	67115	0.826377	6611
4	67125	0.826502	6612
4	67135	0.826627	6613
4	67145	0.826752	6614
4	67155	0.826877	6615
4	67165	0.827002	6616
4	67175	0.827127	6617
4	67185	0.827252	6618
4	67195	0.827377	6619
4	67205	0.827502	6620
4	67215	0.827627	6621
4	67229	0.827752	6622
4	67239	0.827877	6623
4	67249	0.828002	6624
4	67259	0.828127	6625
4	67269	0.828252	6626
4	67279	0.828377	6627
4	67289	0.828502	6628
4	67299	0.828627	6629
4	67309	0.828752	6630
4	67319	0.828877	6631
4	67329	0.829002	6632
4	67339	0.829127	6633
4	67349	0.829252	6634
4	67359	0.829377	6635
4	67369	0.829502	6636
4	67379	0.829627	6637
4	67389	0.829752	6638
4	67399	0.829877	6639
4	67409	0.830002	6640
4	67419	0.830127	6641
4	67429	0.830252	6642
4	67439	0.830377	6643
4	67449	0.830502	6644
4	67459	0.830627	6645
4	67469	0.830752	6646
4	67479	0.830877	6647
4	67493	0.831002	6648
4	67503	0.831127	6649
4	67513	0.831252	6650
4	67523	0.831377	6651
4	67533	0.831502	6652
4	67543	0.831627	6653
4	67553	0.831752	6654
4	67563	0.831877	6655
4	67573	0.832002	6656
4	67583	0.832127	6657
4	67593	0.832252	6658
4	67603	0.832377	6659
4	67613	0.832502	6660
4	67623	0.832627	6661
4	67633	0.832752	6662
4	67643	0.832877	6663
4	67653	0.833002	6664
4	67663	0.833127	6665
4	67673	0.833252	6666
4	67683	0.833377	6667
4	67693	0.833502	6668
4	67703	0.833627	6669
4	67713	0.833752	6670
4	67723	0.833877	6671
4	67733	0.834002	6672
4	67743	0.834127	6673
4	67757	0.834252	6674
4	67767	0.834377	6675
4	67777	0.834502	6676
4	67787	0.834627	6677
4	67797	0.834752	6678
4	67807	0.834877	6679
4	67817	0.835002	6680
4	67827	0.835127	6681
4	67837	0.835252	6682
4	67847	0.835377	6683
4	67857	0.835502	6684
4	67867	0.835627	6685
4	67877	0.835752	6686
4	67887	0.835877	6687
4	67897	0.836002	6688
4	67907	0.836127	6689
4	67917	0.836252	6690
4	67927	0.836377	6691
4	67937	0.836502	6692
4	67947	0.836627	6693
4	67957	0.836752	6694
4	67967	0.836877	6695
4	67977	0.837002	6696
4	67987	0.837127	6697
4	67997	0.837252	6698
4	68007	0.837377	6699
4	68017	0.837502	6700
4	68031	0.837627	6701
4	68041	0.837752	6702
4	68051	0.837877	6703
4	68061	0.838002	6704
4	68071	0.838127	6705
4	68081	0.838252	6706
4	68091	0.838377	6707
4	68101	0.838502	6708
4	68111	0.838627	6709
4	68121	0.838752	6710
4	68131	0.838877	6711
4	68141	0.839002	6712
4	68151	0.839127	6713
4	68161	0.839252	6714
4	68171	0.839377	6715
4	68181	0.839502	6716
4	68191	0.839627	6717
4	68201	0.839752	6718
4	68211	0.839877	6719
4	68221	0.840002	6720
4	68231	0.840127	6721
4	68241	0.840252	6722
4	68251	0.840377	6723
4	68261	0.840502	6724
4	68271	0.840627	6725
4	68281	0.840752	6726
4	68295	0.840877	6727
4	68305	0.841002	6728
4	68315	0.841127	6729
4	68325	0.841252	6730
4	68335	0.841377	6731
4	68345	0.841502	6732
4	68355	0.841627	6733
4	68365	0.841752	6734
4	68375	0.841877	6735
4	68385	0.842002	6736
4	68395	0.842127	6737
4	68405	0.842252	6738
4	68415	0.842377	6739
4	68425	0.842502	6740
4	68435	0.842627	6741
4	68445	0.842752	6742
4	68455	0.842877	6743
4	68465	0.843002	6744
4	68475	0.843127	6745
4	68485	0.843252	6746
4	68495	0.843377	6747
4	68505	0.843502	6748
4	68515	0.843627	6749
4	68525	0.843752	6750
4	68535	0.843877	6751
4	68545	0.844002	6752
4	68559	0.844127	6753
4	68569	0.844252	6754
4	68579	0.844377	6755
4	68589	0.844502	6756
4	68599	0.844627	6757
4	68609	0.844752	6758
4	68619	0.844877	6759
4	68629	0.845002	6760
4	68639	0.845127	6761
4	68649	0.845252	6762
4	68659	0.845377	6763
4	68669	0.845502	6764
4	68679	0.845627	6765
4	68689	0.845752	6766
4	68699	0.845877	6767
4	68709	0.846002	6768
4	68719	0.846127	6769
4	68729	0.846252	6770
4	68739	0.846377	6771
4	68749	0.846502	6772
4	68759	0.846627	6773
4	68769	0.846752	6774
4	68779	0.846877	6775
4	68789	0.847002	6776
4	68799	0.847127	6777
4	68809	0.847252	6778
4	68823	0.847377	6779
4	68833	0.847502	6780
4	68843	0.847627	6781
4	68853	0.847752	6782
4	68863	0.847877	6783
4	68873	0.848002	6784
4	68883	0.848127	6785
4	68893	0.848252	6786
4	68903	0.848377	6787
4	68913	0.848502	6788
4	68923	0.848627	6789
4	68933	0.848752	6790
4	68943	0.848877	6791
4	68953	0.849002	6792
4	68963	0.849127	6793
4	68973	0.849252	6794
4	68983	0.849377	6795
4	68993	0.849502	6796
4	69003	0.849627	6797
4	69013	0.849752	6798
4	69023	0.849877	6799
4	69033	0.850002	6800
4	69043	0.850127	6801
4	69053	0.850252	6802
4	69063	0.850377	6803
4	69073	0.850502	6804
4	69087	0.850627	6805
4	69097	0.850752	6806
4	69107	0.850877	6807
4	69117	0.851002	6808
4	69127	0.851127	6809
4	69137	0.851252	6810
4	69147	0.851377	6811
4	69157	0.851502	6812
4	69167	0.851627	6813
4	69177	0.851752	6814
4	69187	0.851877	6815
4	69197	0.852002	6816
4	69207	0.852127	6817
4	69217	0.852252	6818
4	69227	0.852377	6819
4	69237	0.852502	6820
4	69247	0.852627	6821
4	69257	0.852752	6822
4	69267	0.852877	6823
4	69277	0.853002	6824
4	69287	0.853127	6825
4	69297	0.853252	6826
4	69307	0.853377	6827
4	69317	0.853502	6828
4	69327	0.853627	6829
4	69337	0.853752	6830
4	69351	0.853877	6831
4	69361	0.854002	6832
4	69371	0.854127	6833
4	69381	0.854252	6834
4	69391	0.854377	6835
4	69401	0.854502	6836
4	69411	0.854627	6837
4	69421	0.854752	6838
4	69431	0.854877	6839
4	69441	0.855002	6840
4	69451	0.855127	6841
4	69461	0.855252	6842
4	69471	0.855377	6843
4	69481	0.855502	6844
4	69491	0.855627	6845
4	69501	0.855752	6846
4	69511	0.855877	6847
4	69521	0.856002	6848
4	69531	0.856127	6849
4	69541	0.856252	6850
4	69551	0.856377	6851
4	69561	0.856502	6852
4	69571	0.856627	6853
4	69581	0.856752	6854
4	69591	0.856877	6855
4	69601	0.857002	6856
4	69611	0.857127	6857
4	69625	0.857252	6858
4	69635	0.857377	6859
4	69645	0.857502	6860
4	69655	0.857627	6861
4	69665	0.857752	6862
4	69675	0.857877	6863
4	69685	0.858002	6864
4	69695	0.858127	6865
4	69705	0.858252	6866
4	69715	0.858377	6867
4	69725	0.858502	6868
4	69735	0.858627	6869
4	69745	0.858752	6870
4	69755	0.858877	6871
4	69765	0.859002	6872
4	69775	0.859127	6873
4	69785	0.859252	6874
4	69795	0.859377	6875
4	69805	0.859502	6876
4	69815	0.859627	6877
4	69825	0.859752	6878
4	69835	0.859877	6879
4	69845	0.860002	6880
4	69855	0.860127	6881
4	69865	0.860252	6882
4	69875	0.860377	6883
4	69889	0.860502	6884
4	69899	0.860627	6885
4	69909	0.860752	6886
4	69919	0.860877	6887
4	69929	0.861002	6888
4	69939	0.861127	6889
4	69949	0.861252	6890
4	69959	0.861377	6891
4	69969	0.861502	6892
4	69979	0.861627	6893
4	69989	0.861752	6894
4	69999	0.861877	6895
4	70009	0.862002	6896
4	70019	0.862127	6897
4	70029	0.862252	6898
4	70039	0.862377	6899
4	70049	0.862502	6900
4	70059	0.862627	6901
4	70069	0.862752	6902
4	70079	0.862877	6903
4	70089	0.863002	6904
4	70099	0.863127	6905
4	70109	0.863252	6906
4	70119	0.863377	6907
4	70129	0.863502	6908
4	70139	0.863627	6909
4	70153	0.863752	6910
4	70163	0.863877	6911
4	70173	0.864002	6912
4	70183	0.864127	6913
4	70193	0.864252	6914
4	70203	0.864377	6915
4	70213	0.864502	6916
4	70223	0.864627	6917
4	70233	0.864752	6918
4	70243	0.864877	6919
4	70253	0.865002	6920
4	70263	0.865127	6921
4	70273	0.865252	6922
4	70283	0.865377	6923
4	70293	0.865502	6924
4	70303	0.865627	6925
4	70313	0.865752	6926
4	70323	0.865877	6927
4	70333	0.866002	6928
4	70343	0.866127	6929
4	70353	0.866252	6930
4	70363	0.866377	6931
4	70373	0.866502	6932
4	70383	0.866627	6933
4	70393	0.866752	6934
4	70403	0.866877	6935
4	70417	0.867002	6936
4	70427	0.867127	6937
4	70437	0.867252	6938
4	70447	0.867377	6939
4	70457	0.867502	6940
4	70467	0.867627	6941
4	70477	0.867752	6942
4	70487	0.867877	6943
4	70497	0.868002	6944
4	70507	0.868127	6945
4	70517	0.868252	6946
4	70527	0.868377	6947
4	70537	0.868502	6948
4	70547	0.868627	6949
4	70557	0.868752	6950
4	70567	0.868877	6951
4	70577	0.869002	6952
4	70587	0.869127	6953
4	70597	0.869252	6954
4	70607	0.869377	6955
4	70617	0.869502	6956
4	70627	0.869627	6957
4	70637	0.869752	6958
4	70647	0.869877	6959
4	70657	0.870002	6960
4	70667	0.870127	6961
4	70681	0.870252	6962
4	70691	0.870377	6963
4	70701	0.870502	6964
4	70711	0.870627	6965
4	70721	0.870752	6966
4	70731	0.870877	6967
4	70741	0.871002	6968
4	70751	0.871127	6969
4	70761	0.871252	6970
4	70771	0.871377	6971
4	70781	0.871502	6972
4	70791	0.871627	6973
4	70801	0.871752	6974
4	70811	0.871877	6975
4	70821	0.872002	6976
4	70831	0.872127	6977
4	70841	0.872252	6978
4	70851	0.872377	6979
4	70861	0.872502	6980
4	70871	0.872627	6981
4	70881	0.872752	6982
4	70891	0.872877	6983
4	70901	0.873002	6984
4	70911	0.873127	6985
4	70921	0.873252	6986
4	70931	0.873377	6987
4	70943	0.873502	6988
4	70955	0.873627	6989
4	70965	0.873752	6990
4	70975	0.873877	6991
4	70985	0.874002	6992
4	70995	0.874127	6993
4	71005	0.874252	6994
4	71015	0.874377	6995
4	71025	0.874502	6996
4	71035	0.874627	6997
4	71045	0.874752	6998
4	71055	0.874877	6999
4	71065	0.875002	7000
4	71075	0.875127	7001
4	71085	0.875252	7002
4	71095	0.875377	7003
4	71105	0.875502	7004
4	71115	0.875627	7005
4	71125	0.875752	7006
4	71135	0.875877	7007
4	71145	0.876002	7008
4	71155	0.876127	7009
4	71165	0.876252	7010
4	71175	0.876377	7011
4	71185	0.876502	7012
4	71195	0.876627	7013
4	71205	0.876752	7014
4	71219	0.876877	7015
4	71229	0.877002	7016
4	71239	0.877127	7017
4	71249	0.877252	7018
4	71259	0.877377	7019
4	71269	0.877502	7020
4	71279	0.877627	7021
4	71289	0.877752	7022
4	71299	0.877877	7023
4	71309	0.878002	7024
4	71319	0.878127	7025
4	71329	0.878252	7026
4	71339	0.878377	7027
4	71349	0.878502	7028
4	71359	0.878627	7029
4	71369	0.878752	7030
4	71379	0.878877	7031
4	71389	0.879002	7032
4	71399	0.879127	7033
4	71409	0.879252	7034
4	71419	0.879377	7035
4	71429	0.879502	7036
4	71439	0.879627	7037
4	71449	0.879752	7038
4	71459	0.879877	7039
4	71469	0.880002	7040
4	71483	0.880127	7041
4	71493	0.880252	7042
4	71503	0.880377	7043
4	71513	0.880502	7044
4	71523	0.880627	7045
4	71533	0.880752	7046
4	71543	0.880877	7047
4	71553	0.881002	7048
4	71563	0.881127	7049
4	71573	0.881252	7050
4	71583	0.881377	7051
4	71593	0.881502	7052
4	71603	0.881627	7053
4	71613	0.881752	7054
4	71623	0.881877	7055
4	71633	0.882002	7056
4	71643	0.882127	7057
4	71653	0.882252	7058
4	71663	0.882377	7059
4	71673	0.882502	7060
4	71683	0.882627	7061
4	71693	0.882752	7062
4	71703	0.882877	7063
4	71713	0.883002	7064
4	71723	0.883127	7065
4	71733	0.883252	7066
4	71747	0.883377	7067
4	71757	0.883502	7068
4	71767	0.883627	7069
4	71777	0.883752	7070
4	71787	0.883877	7071
4	71797	0.884002	7072
4	71807	0.884127	7073
4	71817	0.884252	7074
4	71827	0.884377	7075
4	71837	0.884502	7076
4	71847	0.884627	7077
4	71857	0.884752	7078
4	71867	0.884877	7079
4	71877	0.885002	7080
4	71887	0.885127	7081
4	71897	0.885252	7082
4	71907	0.885377	7083
4	71917	0.885502	7084
4	71927	0.885627	7085
4	71937	0.885752	7086
4	71947	0.885877	7087
4	71957	0.886002	7088
4	71967	0.886127	7089
4	71977	0.886252	7090
4	71987	0.886377	7091
4	71997	0.886502	7092
4	72011	0.886627	7093
4	72021	0.886752	7094
4	72031	0.886877	7095
4	72041	0.887002	7096
4	72051	0.887127	7097
4	72061	0.887252	7098
4	72071	0.887377	7099
4	72081	0.887502	7100
4	72091	0.887627	7101
4	72101	0.887752	7102
4	72111	0.887877	7103
4	72121	0.888002	7104
4	72131	0.888127	7105
4	72141	0.888252	7106
4	72151	0.888377	7107
4	72161	0.888502	7108
4	72171	0.888627	7109
4	72181	0.888752	7110
4	72191	0.888877	7111
4	72201	0.889002	7112
4	72211	0.889127	7113
4	72221	0.889252	7114
4	72231	0.889377	7115
4	72241	0.889502	7116
4	72251	0.889627	7117
4	72261	0.889752	7118
4	72275	0.889877	7119
4	72285	0.890002	7120
4	72295	0.890127	7121
4	72305	0.890252	7122
4	72315	0.890377	7123
4	72325	0.890502	7124
4	72335	0.890627	7125
4	72345	0.890752	7126
4	72355	0.890877	7127
4	72365	0.891002	7128
4	72375	0.891127	7129
4	72385	0.891252	7130
4	72395	0.891377	7131
4	72405	0.891502	7132
4	72415	0.891627	7133
4	72425	0.891752	7134
4	72435	0.891877	7135
4	72445	0.892002	7136
4	72455	0.892127	7137
4	72465	0.892252	7138
4	72475	0.892377	7139
4	72485	0.892502	7140
4	72495	0.892627	7141
4	72505	0.892752	7142
4	72515	0.892877	7143
4	72525	0.893002	7144
4	72535	0.893127	7145
4	72549	0.893252	7146
4	72559	0.893377	7147
4	72569	0.893502	7148
4	72579	0.893627	7149
4	72589	0.893752	7150
4	72599	0.893877	7151
4	72609	0.894002	7152
4	72619	0.894127	7153
4	72629	0.894252	7154
4	72639	0.894377	7155
4	72649	0.894502	7156
4	72659	0.894627	7157
4	72669	0.894752	7158
4	72679	0.894877	7159
4	72689	0.895002	7160
4	72699	0.895127	7161
4	72709	0.895252	7162
4	72719	0.895377	7163
4	72729	0.895502	7164
4	72739	0.895627	7165
4	72749	0.895752	7166
4	72759	0.895877	7167
4	72769	0.896002	7168
4	72779	0.896127	7169
4	72789	0.896252	7170
4	72799	0.896377	7171
4	72813	0.896502	7172
4	72823	0.896627	7173
4	72833	0.896752	7174
4	72843	0.896877	7175
4	72853	0.897002	7176
4	72863	0.897127	7177
4	72873	0.897252	7178
4	72883	0.897377	7179
4	72893	0.897502	7180
4	72903	0.897627	7181
4	72913	0.897752	7182
4	72923	0.897877	7183
4	72933	0.898002	7184
4	72943	0.898127	7185
4	72953	0.898252	7186
4	72963	0.898377	7187
4	72973	0.898502	7188
4	72983	0.898627	7189
4	72993	0.898752	7190
4	73003	0.898877	7191
4	73013	0.899002	7192
4	73023	0.899127	7193
4	73033	0.899252	7194
4	73043	0.899377	7195
4	73053	0.899502	7196
4	73063	0.899627	7197
4	73077	0.899752	7198
4	73087	0.899877	7199
4	73097	0.900002	7200
4	73107	0.900127	7201
4	73117	0.900252	7202
4	73127	0.900377	7203
4	73137	0.900502	7204
4	73147	0.900627	7205
4	73157	0.900752	7206
4	73167	0.900877	7207
4	73177	0.901002	7208
4	73187	0.901127	7209
4	73197	0.901252	7210
4	73207	0.901377	7211
4	73217	0.901502	7212
4	73227	0.901627	7213
4	73237	0.901752	7214
4	73247	0.901877	7215
4	73257	0.902002	7216
4	73267	0.902127	7217
4	73277	0.902252	7218
4	73287	0.902377	7219
4	73297	0.902502	7220
4	73307	0.902627	7221
4	73317	0.902752	7222
4	73327	0.902877	7223
4	73341	0.903002	7224
4	73351	0.903127	7225
4	73361	0.903252	7226
4	73371	0.903377	7227
4	73381	0.903502	7228
4	73391	0.903627	7229
4	73401	0.903752	7230
4	73411	0.903877	7231
4	73421	0.904002	7232
4	73431	0.904127	7233
4	73441	0.904252	7234
4	73451	0.904377	7235
4	73461	0.904502	7236
4	73471	0.904627	7237
4	73481	0.904752	7238
4	73491	0.904877	7239
4	73501	0.905002	7240
4	73511	0.905127	7241
4	73521	0.905252	7242
4	73531	0.905377	7243
4	73541	0.905502	7244
4	73551	0.905627	7245
4	73561	0.905752	7246
4	73571	0.905877	7247
4	73581	0.906002	7248
4	73591	0.906127	7249
4	73605	0.906252	7250
4	73615	0.906377	7251
4	73625	0.906502	7252
4	73635	0.906627	7253
4	73645	0.906752	7254
4	73655	0.906877	7255
4	73665	0.907002	7256
4	73675	0.907127	7257
4	73685	0.907252	7258
4	73695	0.907377	7259
4	73705	0.907502	7260
4	73715	0.907627	7261
4	73725	0.907752	7262
4	73735	0.907877	7263
4	73745	0.908002	7264
4	73755	0.908127	7265
4	73765	0.908252	7266
4	73775	0.908377	7267
4	73785	0.908502	7268
4	73795	0.908627	7269
4	73805	0.908752	7270
4	73815	0.908877	7271
4	73825	0.909002	7272
4	73835	0.909127	7273
4	73845	0.909252	7274
4	73855	0.909377	7275
4	73869	0.909502	7276
4	73879	0.909627	7277
4	73889	0.909752	7278
4	73899	0.909877	7279
4	73909	0.910002	7280
4	73919	0.910127	7281
4	73929	0.910252	7282
4	73939	0.910377	7283
4	73949	0.910502	7284
4	73959	0.910627	7285
4	73969	0.910752	7286
4	73979	0.910877	7287
4	73989	0.911002	7288
4	73999	0.911127	7289
4	74009	0.911252	7290
4	74019	0.911377	7291
4	74029	0.911502	7292
4	74039	0.911627	7293
4	74049	0.911752	7294
4	74059	0.911877	7295
4	74069	0.912002	7296
4	74079	0.912127	7297
4	74089	0.912252	7298
4	74099	0.912377	7299
4	74109	0.912502	7300
4	74119	0.912627	7301
4	74129	0.912752	7302
4	74143	0.912877	7303
4	74153	0.913002	7304
4	74163	0.913127	7305
4	74173	0.913252	7306
4	74183	0.913377	7307
4	74193	0.913502	7308
4	74203	0.913627	7309
4	74213	0.913752	7310
4	74223	0.913877	7311
4	74233	0.914002	7312
4	74243	0.914127	7313
4	74253	0.914252	7314
4	74263	0.914377	7315
4	74273	0.914502	7316
4	74283	0.914627	7317
4	74293	0.914752	7318
4	74303	0.914877	7319
4	74313	0.915002	7320
4	74323	0.915127	7321
4	74333	0.915252	7322
4	74343	0.915377	7323
4	74353	0.915502	7324
4	74363	0.915627	7325
4	74373	0.915752	7326
4	74383	0.915877	7327
4	74393	0.916002	7328
4	74407	0.916127	7329
4	74417	0.916252	7330
4	74427	0.916377	7331
4	74437	0.916502	7332
4	74447	0.916627	7333
4	74457	0.916752	7334
4	74467	0.916877	7335
4	74477	0.917002	7336
4	74487	0.917127	7337
4	74497	0.917252	7338
4	74507	0.917377	7339
4	74517	0.917502	7340
4	74527	0.917627	7341
4	74537	0.917752	7342
4	74547	0.917877	7343
4	74557	0.918002	7344
4	74567	0.918127	7345
4	74577	0.918252	7346
4	74587	0.918377	7347
4	74597	0.918502	7348
4	74607	0.918627	7349
4	74617	0.918752	7350
4	74627	0.918877	7351
4	74637	0.919002	7352
4	74647	0.919127	7353
4	74657	0.919252	7354
4	74671	0.919377	7355
4	74681	0.919502	7356
4	74691	0.919627	7357
4	74701	0.919752	7358
4	74711	0.919877	7359
4	74721	0.920002	7360
4	74731	0.920127	7361
4	74741	0.920252	7362
4	74751	0.920377	7363
4	74761	0.920502	7364
4	74771	0.920627	7365
4	74781	0.920752	7366
4	74791	0.920877	7367
4	74801	0.921002	7368
4	74811	0.921127	7369
4	74821	0.921252	7370
4	74831	0.921377	7371
4	74841	0.921502	7372
4	74851	0.921627	7373
4	74861	0.921752	7374
4	74871	0.921877	7375
4	74881	0.922002	7376
4	74891	0.922127	7377
4	74901	0.922252	7378
4	74911	0.922377	7379
4	74921	0.922502	7380
4	74935	0.922627	7381
4	74945	0.922752	7382
4	74955	0.922877	7383
4	74965	0.923002	7384
4	74975	0.923127	7385
4	74985	0.923252	7386
4	74995	0.923377	7387
4	75005	0.923502	7388
4	75015	0.923627	7389
4	75025	0.923752	7390
4	75035	0.923877	7391
4	75045	0.924002	7392
4	75055	0.924127	7393
4	75065	0.924252	7394
4	75075	0.924377	7395
4	75085	0.924502	7396
4	75095	0.924627	7397
4	75105	0.924752	7398
4	75115	0.924877	7399
4	75125	0.925002	7400
4	75135	0.925127	7401
4	75145	0.925252	7402
4	75155	0.925377	7403
4	75165	0.925502	7404
4	75175	0.925627	7405
4	75185	0.925752	7406
4	75199	0.925877	7407
4	75209	0.926002	7408
4	75219	0.926127	7409
4	75229	0.926252	7410
4	75239	0.926377	7411
4	75249	0.926502	7412
4	75259	0.926627	7413
4	75269	0.926752	7414
4	75279	0.926877	7415
4	75289	0.927002	7416
4	75299	0.927127	7417
4	75309	0.927252	7418
4	75319	0.927377	7419
4	75329	0.927502	7420
4	75339	0.927627	7421
4	75349	0.927752	7422
4	75359	0.927877	7423
4	75369	0.928002	7424
4	75379	0.928127	7425
4	75389	0.928252	7426
4	75399	0.928377	7427
4	75409	0.928502	7428
4	75419	0.928627	7429
4	75429	0.928752	7430
4	75439	0.928877	7431
4	75449	0.929002	7432
4	75463	0.929127	7433
4	75473	0.929252	7434
4	75483	0.929377	7435
4	75493	0.929502	7436
4	75503	0.929627	7437
4	75513	0.929752	7438
4	75523	0.929877	7439
4	75533	0.930002	7440
4	75543	0.930127	7441
4	75553	0.930252	7442
4	75563	0.930377	7443
4	75573	0.930502	7444
4	75583	0.930627	7445
4	75593	0.930752	7446
4	75603	0.930877	7447
4	75613	0.931002	7448
4	75623	0.931127	7449
4	75633	0.931252	7450
4	75643	0.931377	7451
4	75653	0.931502	7452
4	75663	0.931627	7453
4	75673	0.931752	7454
4	75683	0.931877	7455
4	75693	0.932002	7456
4	75703	0.932127	7457
4	75713	0.932252	7458
4	75723	0.932377	7459
4	75737	0.932502	7460
4	75747	0.932627	7461
4	75757	0.932752	7462
4	75767	0.932877	7463
4	75777	0.933002	7464
4	75787	0.933127	7465
4	75797	0.933252	7466
4	75807	0.933377	7467
4	75817	0.933502	7468
4	75827	0.933627	7469
4	75837	0.933752	7470
4	75847	0.933877	7471
4	75857	0.934002	7472
4	75867	0.934127	7473
4	75877	0.934252	7474
4	75887	0.934377	7475
4	75897	0.934502	7476
4	75907	0.934627	7477
4	75917	0.934752	7478
4	75927	0.934877	7479
4	75937	0.935002	7480
4	75947	0.935127	7481
4	75957	0.935252	7482
4	75967	0.935377	7483
4	75977	0.935502	7484
4	75987	0.935627	7485
4	76001	0.935752	7486
4	76011	0.935877	7487
4	76021	0.936002	7488
4	76031	0.936127	7489
4	76041	0.936252	7490
4	76051	0.936377	7491
4	76061	0.936502	7492
4	76071	0.936627	7493
4	76081	0.936752	7494
4	76091	0.936877	7495
4	76101	0.937002	7496
4	76111	0.937127	7497
4	76121	0.937252	7498
4	76131	0.937377	7499
4	76141	0.937502	7500
4	76151	0.937627	7501
4	76161	0.937752	7502
4	76171	0.937877	7503
4	76181	0.938002	7504
4	76191	0.938127	7505
4	76201	0.938252	7506
4	76211	0.938377	7507
4	76221	0.938502	7508
4	76231	0.938627	7509
4	76241	0.938752	7510
4	76251	0.938877	7511
4	76265	0.939002	7512
4	76275	0.939127	7513
4	76285	0.939252	7514
4	76295	0.939377	7515
4	76305	0.939502	7516
4	76315	0.939627	7517
4	76325	0.939752	7518
4	76335	0.939877	7519
4	76345	0.940002	7520
4	76355	0.940127	7521
4	76365	0.940252	7522
4	76375	0.940377	7523
4	76385	0.940502	7524
4	76395	0.940627	7525
4	76405	0.940752	7526
4	76415	0.940877	7527
4	76425	0.941002	7528
4	76435	0.941127	7529
4	76445	0.941252	7530
4	76455	0.941377	7531
4	76465	0.941502	7532
4	76475	0.941627	7533
4	76485	0.941752	7534
4	76495	0.941877	7535
4	76505	0.942002	7536
4	76515	0.942127	7537
4	76529	0.942252	7538
4	76539	0.942377	7539
4	76549	0.942502	7540
4	76559	0.942627	7541
4	76569	0.942752	7542
4	76579	0.942877	7543
4	76589	0.943002	7544
4	76599	0.943127	7545
4	76609	0.943252	7546
4	76619	0.943377	7547
4	76629	0.943502	7548
4	76639	0.943627	7549
4	76649	0.943752	7550
4	76659	0.943877	7551
4	76669	0.944002	7552
4	76679	0.944127	7553
4	76689	0.944252	7554
4	76699	0.944377	7555
4	76709	0.944502	7556
4	76719	0.944627	7557
4	76729	0.944752	7558
4	76739	0.944877	7559
4	76749	0.945002	7560
4	76759	0.945127	7561
4	76769	0.945252	7562
4	76779	0.945377	7563
4	76793	0.945502	7564
4	76803	0.945627	7565
4	76813	0.945752	7566
4	76823	0.945877	7567
4	76833	0.946002	7568
4	76843	0.946127	7569
4	76853	0.946252	7570
4	76863	0.946377	7571
4	76873	0.946502	7572
4	76883	0.946627	7573
4	76893	0.946752	7574
4	76903	0.946877	7575
4	76913	0.947002	7576
4	76923	0.947127	7577
4	76933	0.947252	7578
4	76943	0.947377	7579
4	76953	0.947502	7580
4	76963	0.947627	7581
4	76973	0.947752	7582
4	76983	0.947877	7583
4	76993	0.948002	7584
4	77003	0.948127	7585
4	77013	0.948252	7586
4	77023	0.948377	7587
4	77033	0.948502	7588
4	77043	0.948627	7589
4	77055	0.948752	7590
4	77067	0.948877	7591
4	77077	0.949002	7592
4	77087	0.949127	7593
4	77097	0.949252	7594
4	77107	0.949377	7595
4	77117	0.949502	7596
4	77127	0.949627	7597
4	77137	0.949752	7598
4	77147	0.949877	7599
4	77157	0.950002	7600
4	77167	0.950127	7601
4	77177	0.950252	7602
4	77187	0.950377	7603
4	77197	0.950502	7604
4	77207	0.950627	7605
4	77217	0.950752	7606
4	77227	0.950877	7607
4	77237	0.951002	7608
4	77247	0.951127	7609
4	77257	0.951252	7610
4	77267	0.951377	7611
4	77277	0.951502	7612
4	77287	0.951627	7613
4	77297	0.951752	7614
4	77307	0.951877	7615
4	77317	0.952002	7616
4	77331	0.952127	7617
4	77341	0.952252	7618
4	77351	0.952377	7619
4	77361	0.952502	7620
4	77371	0.952627	7621
4	77381	0.952752	7622
4	77391	0.952877	7623
4	77401	0.953002	7624
4	77411	0.953127	7625
4	77421	0.953252	7626
4	77431	0.953377	7627
4	77441	0.953502	7628
4	77451	0.953627	7629
4	77461	0.953752	7630
4	77471	0.953877	7631
4	77481	0.954002	7632
4	77491	0.954127	7633
4	77501	0.954252	7634
4	77511	0.954377	7635
4	77521	0.954502	7636
4	77531	0.954627	7637
4	77541	0.954752	7638
4	77551	0.954877	7639
4	77561	0.955002	7640
4	77571	0.955127	7641
4	77581	0.955252	7642
4	77595	0.955377	7643
4	77605	0.955502	7644
4	77615	0.955627	7645
4	77625	0.955752	7646
4	77635	0.955877	7647
4	77645	0.956002	7648
4	77655	0.956127	7649
4	77665	0.956252	7650
4	77675	0.956377	7651
4	77685	0.956502	7652
4	77695	0.956627	7653
4	77705	0.956752	7654
4	77715	0.956877	7655
4	77725	0.957002	7656
4	77735	0.957127	7657
4	77745	0.957252	7658
4	77755	0.957377	7659
4	77765	0.957502	7660
4	77775	0.957627	7661
4	77785	0.957752	7662
4	77795	0.957877	7663
4	77805	0.958002	7664
4	77815	0.958127	7665
4	77825	0.958252	7666
4	77835	0.958377	7667
4	77845	0.958502	7668
4	77859	0.958627	7669
4	77869	0.958752	7670
4	77879	0.958877	7671
4	77889	0.959002	7672
4	77899	0.959127	7673
4	77909	0.959252	7674
4	77919	0.959377	7675
4	77929	0.959502	7676
4	77939	0.959627	7677
4	77949	0.959752	7678
4	77959	0.959877	7679
4	77969	0.960002	7680
4	77979	0.960127	7681
4	77989	0.960252	7682
4	77999	0.960377	7683
4	78009	0.960502	7684
4	78019	0.960627	7685
4	78029	0.960752	7686
4	78039	0.960877	7687
4	78049	0.961002	7688
4	78059	0.961127	7689
4	78069	0.961252	7690
4	78079	0.961377	7691
4	78089	0.961502	7692
4	78099	0.961627	7693
4	78109	0.961752	7694
4	78123	0.961877	7695
4	78133	0.962002	7696
4	78143	0.962127	7697
4	78153	0.962252	7698
4	78163	0.962377	7699
4	78173	0.962502	7700
4	78183	0.962627	7701
4	78193	0.962752	7702
4	78203	0.962877	7703
4	78213	0.963002	7704
4	78223	0.963127	7705
4	78233	0.963252	7706
4	78243	0.963377	7707
4	78253	0.963502	7708
4	78263	0.963627	7709
4	78273	0.963752	7710
4	78283	0.963877	7711
4	78293	0.964002	7712
4	78303	0.964127	7713
4	78313	0.964252	7714
4	78323	0.964377	7715
4	78333	0.964502	7716
4	78343	0.964627	7717
4	78353	0.964752	7718
4	78363	0.964877	7719
4	78373	0.965002	7720
4	78387	0.965127	7721
4	78397	0.965252	7722
4	78407	0.965377	7723
4	78417	0.965502	7724
4	78427	0.965627	7725
4	78437	0.965752	7726
4	78447	0.965877	7727
4	78457	0.966002	7728
4	78467	0.966127	7729
4	78477	0.966252	7730
4	78487	0.966377	7731
4	78497	0.966502	7732
4	78507	0.966627	7733
4	78517	0.966752	7734
4	78527	0.966877	7735
4	78537	0.967002	7736
4	78547	0.967127	7737
4	78557	0.967252	7738
4	78567	0.967377	7739
4	78577	0.967502	7740
4	78587	0.967627	7741
4	78597	0.967752	7742
4	78607	0.967877	7743
4	78617	0.968002	7744
4	78627	0.968127	7745
4	78637	0.968252	7746
4	78647	0.968377	7747
4	78661	0.968502	7748
4	78671	0.968627	7749
4	78681	0.968752	7750
4	78691	0.968877	7751
4	78701	0.969002	7752
4	78711	0.969127	7753
4	78721	0.969252	7754
4	78731	0.969377	7755
4	78741	0.969502	7756
4	78751	0.969627	7757
4	78761	0.969752	7758
4	78771	0.969877	7759
4	78781	0.970002	7760
4	78791	0.970127	7761
4	78801	0.970252	7762
4	78811	0.970377	7763
4	78821	0.970502	7764
4	78831	0.970627	7765
4	78841	0.970752	7766
4	78851	0.970877	7767
4	78861	0.971002	7768
4	78871	0.971127	7769
4	78881	0.971252	7770
4	78891	0.971377	7771
4	78901	0.971502	7772
4	78911	0.971627	7773
4	78925	0.971752	7774
4	78935	0.971877	7775
4	78945	0.972002	7776
4	78955	0.972127	7777
4	78965	0.972252	7778
4	78975	0.972377	7779
4	78985	0.972502	7780
4	78995	0.972627	7781
4	79005	0.972752	7782
4	79015	0.972877	7783
4	79025	0.973002	7784
4	79035	0.973127	7785
4	79045	0.973252	7786
4	79055	0.973377	7787
4	79065	0.973502	7788
4	79075	0.973627	7789
4	79085	0.973752	7790
4	79095	0.973877	7791
4	79105	0.974002	7792
4	79115	0.974127	7793
4	79125	0.974252	7794
4	79135	0.974377	7795
4	79145	0.974502	7796
4	79155	0.974627	7797
4	79165	0.974752	7798
4	79175	0.974877	7799
4	79189	0.975002	7800
4	79199	0.975127	7801
4	79209	0.975252	7802
4	79219	0.975377	7803
4	79229	0.975502	7804
4	79239	0.975627	7805
4	79249	0.975752	7806
4	79259	0.975877	7807
4	79269	0.976002	7808
4	79279	0.976127	7809
4	79289	0.976252	7810
4	79299	0.976377	7811
4	79309	0.976502	7812
4	79319	0.976627	7813
4	79329	0.976752	7814
4	79339	0.976877	7815
4	79349	0.977002	7816
4	79359	0.977127	7817
4	79369	0.977252	7818
4	79379	0.977377	7819
4	79389	0.977502	7820
4	79399	0.977627	7821
4	79409	0.977752	7822
4	79419	0.977877	7823
4	79429	0.978002	7824
4	79439	0.978127	7825
4	79453	0.978252	7826
4	79463	0.978377	7827
4	79473	0.978502	7828
4	79483	0.978627	7829
4	79493	0.978752	7830
4	79503	0.978877	7831
4	79513	0.979002	7832
4	79523	0.979127	7833
4	79533	0.979252	7834
4	79543	0.979377	7835
4	79553	0.979502	7836
4	79563	0.979627	7837
4	79573	0.979752	7838
4	79583	0.979877	7839
4	79593	0.980002	7840
4	79603	0.980127	7841
4	79613	0.980252	7842
4	79623	0.980377	7843
4	79633	0.980502	7844
4	79643	0.980627	7845
4	79653	0.980752	7846
4	79663	0.980877	7847
4	79673	0.981002	7848
4	79683	0.981127	7849
4	79693	0.981252	7850
4	79703	0.981377	7851
4	79717	0.981502	7852
4	79727	0.981627	7853
4	79737	0.981752	7854
4	79747	0.981877	7855
4	79757	0.982002	7856
4	79767	0.982127	7857
4	79777	0.982252	7858
4	79787	0.982377	7859
4	79797	0.982502	7860
4	79807	0.982627	7861
4	79817	0.982752	7862
4	79827	0.982877	7863
4	79837	0.983002	7864
4	79847	0.983127	7865
4	79857	0.983252	7866
4	79867	0.983377	7867
4	79877	0.983502	7868
4	79887	0.983627	7869
4	79897	0.983752	7870
4	79907	0.983877	7871
4	79917	0.984002	7872
4	79927	0.984127	7873
4	79937	0.984252	7874
4	79947	0.984377	7875
4	79957	0.984502	7876
4	79967	0.984627	7877
4	79981	0.984752	7878
4	79991	0.984877	7879
4	80001	0.985002	7880
4	80011	0.985127	7881
4	80021	0.985252	7882
4	80031	0.985377	7883
4	80041	0.985502	7884
4	80051	0.985627	7885
4	80061	0.985752	7886
4	80071	0.985877	7887
4	80081	0.986002	7888
4	80091	0.986127	7889
4	80101	0.986252	7890
4	80111	0.986377	7891
4	80121	0.986502	7892
4	80131	0.986627	7893
4	80141	0.986752	7894
4	80151	0.986877	7895
4	80161	0.987002	7896
4	80171	0.987127	7897
4	80181	0.987252	7898
4	80191	0.987377	7899
4	80201	0.987502	7900
4	80211	0.987627	7901
4	80221	0.987752	7902
4	80231	0.987877	7903
4	80241	0.988002	7904
4	80255	0.988127	7905
4	80265	0.988252	7906
4	80275	0.988377	7907
4	80285	0.988502	7908
4	80295	0.988627	7909
4	80305	0.988752	7910
4	80315	0.988877	7911
4	80325	0.989002	7912
4	80335	0.989127	7913
4	80345	0.989252	7914
4	80355	0.989377	7915
4	80365	0.989502	7916
4	80375	0.989627	7917
4	80385	0.989752	7918
4	80395	0.989877	7919
4	80405	0.990002	7920
4	80415	0.990127	7921
4	80425	0.990252	7922
4	80435	0.990377	7923
4	80445	0.990502	7924
4	80455	0.990627	7925
4	80465	0.990752	7926
4	80475	0.990877	7927
4	80485	0.991002	7928
4	80495	0.991127	7929
4	80505	0.991252	7930
4	80519	0.991377	7931
4	80529	0.991502	7932
4	80539	0.991627	7933
4	80549	0.991752	7934
4	80559	0.991877	7935
4	80569	0.992002	7936
4	80579	0.992127	7937
4	80589	0.992252	7938
4	80599	0.992377	7939
4	80609	0.992502	7940
4	80619	0.992627	7941
4	80629	0.992752	7942
4	80639	0.992877	7943
4	80649	0.993002	7944
4	80659	0.993127	7945
4	80669	0.993252	7946
4	80679	0.993377	7947
4	80689	0.993502	7948
4	80699	0.993627	7949
4	80709	0.993752	7950
4	80719	0.993877	7951
4	80729	0.994002	7952
4	80739	0.994127	7953
4	80749	0.994252	7954
4	80759	0.994377	7955
4	80769	0.994502	7956
4	80783	0.994627	7957
4	80793	0.994752	7958
4	80803	0.994877	7959
4	80813	0.995002	7960
4	80823	0.995127	7961
4	80833	0.995252	7962
4	80843	0.995377	7963
4	80853	0.995502	7964
4	80863	0.995627	7965
4	80873	0.995752	7966
4	80883	0.995877	7967
4	80893	0.996002	7968
4	80903	0.996127	7969
4	80913	0.996252	7970
4	80923	0.996377	7971
4	80933	0.996502	7972
4	80943	0.996627	7973
4	80953	0.996752	7974
4	80963	0.996877	7975
4	80973	0.997002	7976
4	80983	0.997127	7977
4	80993	0.997252	7978
4	81003	0.997377	7979
4	81013	0.997502	7980
4	81023	0.997627	7981
4	81033	0.997752	7982
4	81047	0.997877	7983
4	81057	0.998002	7984
4	81067	0.998127	7985
4	81077	0.998252	7986
4	81087	0.998377	7987
4	81097	0.998502	7988
4	81107	0.998627	7989
4	81117	0.998752	7990
4	81127	0.998877	7991
4	81137	0.999002	7992
4	81147	0.999127	7993
4	81157	0.999252	7994
4	81167	0.999377	7995
4	81177	0.999502	7996
4	81187	0.999627	7997
4	81197	0.999752	7998
4	81207	0.999877	7999
5	8	0.000127	1
5	18	0.000252	2
5	28	0.000377	3
5	38	0.000502	4
5	48	0.000627	5
5	58	0.000752	6
5	68	0.000877	7
5	78	0.001002	8
5	88	0.001127	9
5	98	0.001252	10
5	108	0.001377	11
5	118	0.001502	12
5	128	0.001627	13
5	138	0.001752	14
5	148	0.001877	15
5	158	0.002002	16
5	168	0.002127	17
5	178	0.002252	18
5	188	0.002377	19
5	198	0.002502	20
5	208	0.002627	21
5	218	0.002752	22
5	228	0.002877	23
5	238	0.003002	24
5	248	0.003127	25
5	262	0.003252	26
5	272	0.003377	27
5	282	0.003502	28
5	292	0.003627	29
5	302	0.003752	30
5	312	0.003877	31
5	322	0.004002	32
5	332	0.004127	33
5	342	0.004252	34
5	352	0.004377	35
5	362	0.004502	36
5	372	0.004627	37
5	382	0.004752	38
5	392	0.004877	39
5	402	0.005002	40
5	412	0.005127	41
5	422	0.005252	42
5	432	0.005377	43
5	442	0.005502	44
5	452	0.005627	45
5	462	0.005752	46
5	472	0.005877	47
5	482	0.006002	48
5	492	0.006127	49
5	502	0.006252	50
5	512	0.006377	51
5	526	0.006502	52
5	536	0.006627	53
5	546	0.006752	54
5	556	0.006877	55
5	566	0.007002	56
5	576	0.007127	57
5	586	0.007252	58
5	596	0.007377	59
5	606	0.007502	60
5	616	0.007627	61
5	626	0.007752	62
5	636	0.007877	63
5	646	0.008002	64
5	656	0.008127	65
5	666	0.008252	66
5	676	0.008377	67
5	686	0.008502	68
5	696	0.008627	69
5	706	0.008752	70
5	716	0.008877	71
5	726	0.009002	72
5	736	0.009127	73
5	746	0.009252	74
5	756	0.009377	75
5	766	0.009502	76
5	776	0.009627	77
5	786	0.009752	78
5	800	0.009877	79
5	810	0.010002	80
5	820	0.010127	81
5	830	0.010252	82
5	840	0.010377	83
5	850	0.010502	84
5	860	0.010627	85
5	870	0.010752	86
5	880	0.010877	87
5	890	0.011002	88
5	900	0.011127	89
5	910	0.011252	90
5	920	0.011377	91
5	930	0.011502	92
5	940	0.011627	93
5	950	0.011752	94
5	960	0.011877	95
5	970	0.012002	96
5	980	0.012127	97
5	990	0.012252	98
5	1000	0.012377	99
5	1010	0.012502	100
5	1020	0.012627	101
5	1030	0.012752	102
5	1040	0.012877	103
5	1050	0.013002	104
5	1064	0.013127	105
5	1074	0.013252	106
5	1084	0.013377	107
5	1094	0.013502	108
5	1104	0.013627	109
5	1114	0.013752	110
5	1124	0.013877	111
5	1134	0.014002	112
5	1144	0.014127	113
5	1154	0.014252	114
5	1164	0.014377	115
5	1174	0.014502	116
5	1184	0.014627	117
5	1194	0.014752	118
5	1204	0.014877	119
5	1214	0.015002	120
5	1224	0.015127	121
5	1234	0.015252	122
5	1244	0.015377	123
5	1254	0.015502	124
5	1264	0.015627	125
5	1274	0.015752	126
5	1284	0.015877	127
5	1294	0.016002	128
5	1304	0.016127	129
5	1314	0.016252	130
5	1328	0.016377	131
5	1338	0.016502	132
5	1348	0.016627	133
5	1358	0.016752	134
5	1368	0.016877	135
5	1378	0.017002	136
5	1388	0.017127	137
5	1398	0.017252	138
5	1408	0.017377	139
5	1418	0.017502	140
5	1428	0.017627	141
5	1438	0.017752	142
5	1448	0.017877	143
5	1458	0.018002	144
5	1468	0.018127	145
5	1478	0.018252	146
5	1488	0.018377	147
5	1498	0.018502	148
5	1508	0.018627	149
5	1518	0.018752	150
5	1528	0.018877	151
5	1538	0.019002	152
5	1548	0.019127	153
5	1558	0.019252	154
5	1568	0.019377	155
5	1578	0.019502	156
5	1592	0.019627	157
5	1602	0.019752	158
5	1612	0.019877	159
5	1622	0.020002	160
5	1632	0.020127	161
5	1642	0.020252	162
5	1652	0.020377	163
5	1662	0.020502	164
5	1672	0.020627	165
5	1682	0.020752	166
5	1692	0.020877	167
5	1702	0.021002	168
5	1712	0.021127	169
5	1722	0.021252	170
5	1732	0.021377	171
5	1742	0.021502	172
5	1752	0.021627	173
5	1762	0.021752	174
5	1772	0.021877	175
5	1782	0.022002	176
5	1792	0.022127	177
5	1802	0.022252	178
5	1812	0.022377	179
5	1822	0.022502	180
5	1832	0.022627	181
5	1842	0.022752	182
5	1856	0.022877	183
5	1866	0.023002	184
5	1876	0.023127	185
5	1886	0.023252	186
5	1896	0.023377	187
5	1906	0.023502	188
5	1916	0.023627	189
5	1926	0.023752	190
5	1936	0.023877	191
5	1946	0.024002	192
5	1956	0.024127	193
5	1966	0.024252	194
5	1976	0.024377	195
5	1986	0.024502	196
5	1996	0.024627	197
5	2006	0.024752	198
5	2016	0.024877	199
5	2026	0.025002	200
5	2036	0.025127	201
5	2046	0.025252	202
5	2056	0.025377	203
5	2066	0.025502	204
5	2076	0.025627	205
5	2086	0.025752	206
5	2096	0.025877	207
5	2106	0.026002	208
5	2120	0.026127	209
5	2130	0.026252	210
5	2140	0.026377	211
5	2150	0.026502	212
5	2160	0.026627	213
5	2170	0.026752	214
5	2180	0.026877	215
5	2190	0.027002	216
5	2200	0.027127	217
5	2210	0.027252	218
5	2220	0.027377	219
5	2230	0.027502	220
5	2240	0.027627	221
5	2250	0.027752	222
5	2260	0.027877	223
5	2270	0.028002	224
5	2280	0.028127	225
5	2290	0.028252	226
5	2300	0.028377	227
5	2310	0.028502	228
5	2320	0.028627	229
5	2330	0.028752	230
5	2340	0.028877	231
5	2350	0.029002	232
5	2360	0.029127	233
5	2370	0.029252	234
5	2380	0.029377	235
5	2394	0.029502	236
5	2404	0.029627	237
5	2414	0.029752	238
5	2424	0.029877	239
5	2434	0.030002	240
5	2444	0.030127	241
5	2454	0.030252	242
5	2464	0.030377	243
5	2474	0.030502	244
5	2484	0.030627	245
5	2494	0.030752	246
5	2504	0.030877	247
5	2514	0.031002	248
5	2524	0.031127	249
5	2534	0.031252	250
5	2544	0.031377	251
5	2554	0.031502	252
5	2564	0.031627	253
5	2574	0.031752	254
5	2584	0.031877	255
5	2594	0.032002	256
5	2604	0.032127	257
5	2614	0.032252	258
5	2624	0.032377	259
5	2634	0.032502	260
5	2644	0.032627	261
5	2658	0.032752	262
5	2668	0.032877	263
5	2678	0.033002	264
5	2688	0.033127	265
5	2698	0.033252	266
5	2708	0.033377	267
5	2718	0.033502	268
5	2728	0.033627	269
5	2738	0.033752	270
5	2748	0.033877	271
5	2758	0.034002	272
5	2768	0.034127	273
5	2778	0.034252	274
5	2788	0.034377	275
5	2798	0.034502	276
5	2808	0.034627	277
5	2818	0.034752	278
5	2828	0.034877	279
5	2838	0.035002	280
5	2848	0.035127	281
5	2858	0.035252	282
5	2868	0.035377	283
5	2878	0.035502	284
5	2888	0.035627	285
5	2898	0.035752	286
5	2908	0.035877	287
5	2922	0.036002	288
5	2932	0.036127	289
5	2942	0.036252	290
5	2952	0.036377	291
5	2962	0.036502	292
5	2972	0.036627	293
5	2982	0.036752	294
5	2992	0.036877	295
5	3002	0.037002	296
5	3012	0.037127	297
5	3022	0.037252	298
5	3032	0.037377	299
5	3042	0.037502	300
5	3052	0.037627	301
5	3062	0.037752	302
5	3072	0.037877	303
5	3082	0.038002	304
5	3092	0.038127	305
5	3102	0.038252	306
5	3112	0.038377	307
5	3122	0.038502	308
5	3132	0.038627	309
5	3142	0.038752	310
5	3152	0.038877	311
5	3162	0.039002	312
5	3172	0.039127	313
5	3186	0.039252	314
5	3196	0.039377	315
5	3206	0.039502	316
5	3216	0.039627	317
5	3226	0.039752	318
5	3236	0.039877	319
5	3246	0.040002	320
5	3256	0.040127	321
5	3266	0.040252	322
5	3276	0.040377	323
5	3286	0.040502	324
5	3296	0.040627	325
5	3306	0.040752	326
5	3316	0.040877	327
5	3326	0.041002	328
5	3336	0.041127	329
5	3346	0.041252	330
5	3356	0.041377	331
5	3366	0.041502	332
5	3376	0.041627	333
5	3386	0.041752	334
5	3396	0.041877	335
5	3406	0.042002	336
5	3416	0.042127	337
5	3426	0.042252	338
5	3436	0.042377	339
5	3450	0.042502	340
5	3460	0.042627	341
5	3470	0.042752	342
5	3480	0.042877	343
5	3490	0.043002	344
5	3500	0.043127	345
5	3510	0.043252	346
5	3520	0.043377	347
5	3530	0.043502	348
5	3540	0.043627	349
5	3550	0.043752	350
5	3560	0.043877	351
5	3570	0.044002	352
5	3580	0.044127	353
5	3590	0.044252	354
5	3600	0.044377	355
5	3610	0.044502	356
5	3620	0.044627	357
5	3630	0.044752	358
5	3640	0.044877	359
5	3650	0.045002	360
5	3660	0.045127	361
5	3670	0.045252	362
5	3680	0.045377	363
5	3690	0.045502	364
5	3700	0.045627	365
5	3712	0.045752	366
5	3724	0.045877	367
5	3734	0.046002	368
5	3744	0.046127	369
5	3754	0.046252	370
5	3764	0.046377	371
5	3774	0.046502	372
5	3784	0.046627	373
5	3794	0.046752	374
5	3804	0.046877	375
5	3814	0.047002	376
5	3824	0.047127	377
5	3834	0.047252	378
5	3844	0.047377	379
5	3854	0.047502	380
5	3864	0.047627	381
5	3874	0.047752	382
5	3884	0.047877	383
5	3894	0.048002	384
5	3904	0.048127	385
5	3914	0.048252	386
5	3924	0.048377	387
5	3934	0.048502	388
5	3944	0.048627	389
5	3954	0.048752	390
5	3964	0.048877	391
5	3974	0.049002	392
5	3988	0.049127	393
5	3998	0.049252	394
5	4008	0.049377	395
5	4018	0.049502	396
5	4028	0.049627	397
5	4038	0.049752	398
5	4048	0.049877	399
5	4058	0.050002	400
5	4068	0.050127	401
5	4078	0.050252	402
5	4088	0.050377	403
5	4098	0.050502	404
5	4108	0.050627	405
5	4118	0.050752	406
5	4128	0.050877	407
5	4138	0.051002	408
5	4148	0.051127	409
5	4158	0.051252	410
5	4168	0.051377	411
5	4178	0.051502	412
5	4188	0.051627	413
5	4198	0.051752	414
5	4208	0.051877	415
5	4218	0.052002	416
5	4228	0.052127	417
5	4238	0.052252	418
5	4252	0.052377	419
5	4262	0.052502	420
5	4272	0.052627	421
5	4282	0.052752	422
5	4292	0.052877	423
5	4302	0.053002	424
5	4312	0.053127	425
5	4322	0.053252	426
5	4332	0.053377	427
5	4342	0.053502	428
5	4352	0.053627	429
5	4362	0.053752	430
5	4372	0.053877	431
5	4382	0.054002	432
5	4392	0.054127	433
5	4402	0.054252	434
5	4412	0.054377	435
5	4422	0.054502	436
5	4432	0.054627	437
5	4442	0.054752	438
5	4452	0.054877	439
5	4462	0.055002	440
5	4472	0.055127	441
5	4482	0.055252	442
5	4492	0.055377	443
5	4502	0.055502	444
5	4516	0.055627	445
5	4526	0.055752	446
5	4536	0.055877	447
5	4546	0.056002	448
5	4556	0.056127	449
5	4566	0.056252	450
5	4576	0.056377	451
5	4586	0.056502	452
5	4596	0.056627	453
5	4606	0.056752	454
5	4616	0.056877	455
5	4626	0.057002	456
5	4636	0.057127	457
5	4646	0.057252	458
5	4656	0.057377	459
5	4666	0.057502	460
5	4676	0.057627	461
5	4686	0.057752	462
5	4696	0.057877	463
5	4706	0.058002	464
5	4716	0.058127	465
5	4726	0.058252	466
5	4736	0.058377	467
5	4746	0.058502	468
5	4756	0.058627	469
5	4766	0.058752	470
5	4780	0.058877	471
5	4790	0.059002	472
5	4800	0.059127	473
5	4810	0.059252	474
5	4820	0.059377	475
5	4830	0.059502	476
5	4840	0.059627	477
5	4850	0.059752	478
5	4860	0.059877	479
5	4870	0.060002	480
5	4880	0.060127	481
5	4890	0.060252	482
5	4900	0.060377	483
5	4910	0.060502	484
5	4920	0.060627	485
5	4930	0.060752	486
5	4940	0.060877	487
5	4950	0.061002	488
5	4960	0.061127	489
5	4970	0.061252	490
5	4980	0.061377	491
5	4990	0.061502	492
5	5000	0.061627	493
5	5010	0.061752	494
5	5020	0.061877	495
5	5030	0.062002	496
5	5044	0.062127	497
5	5054	0.062252	498
5	5064	0.062377	499
5	5074	0.062502	500
5	5084	0.062627	501
5	5094	0.062752	502
5	5104	0.062877	503
5	5114	0.063002	504
5	5124	0.063127	505
5	5134	0.063252	506
5	5144	0.063377	507
5	5154	0.063502	508
5	5164	0.063627	509
5	5174	0.063752	510
5	5184	0.063877	511
5	5194	0.064002	512
5	5204	0.064127	513
5	5214	0.064252	514
5	5224	0.064377	515
5	5234	0.064502	516
5	5244	0.064627	517
5	5254	0.064752	518
5	5264	0.064877	519
5	5274	0.065002	520
5	5284	0.065127	521
5	5294	0.065252	522
5	5304	0.065377	523
5	5318	0.065502	524
5	5328	0.065627	525
5	5338	0.065752	526
5	5348	0.065877	527
5	5358	0.066002	528
5	5368	0.066127	529
5	5378	0.066252	530
5	5388	0.066377	531
5	5398	0.066502	532
5	5408	0.066627	533
5	5418	0.066752	534
5	5428	0.066877	535
5	5438	0.067002	536
5	5448	0.067127	537
5	5458	0.067252	538
5	5468	0.067377	539
5	5478	0.067502	540
5	5488	0.067627	541
5	5498	0.067752	542
5	5508	0.067877	543
5	5518	0.068002	544
5	5528	0.068127	545
5	5538	0.068252	546
5	5548	0.068377	547
5	5558	0.068502	548
5	5568	0.068627	549
5	5582	0.068752	550
5	5592	0.068877	551
5	5602	0.069002	552
5	5612	0.069127	553
5	5622	0.069252	554
5	5632	0.069377	555
5	5642	0.069502	556
5	5652	0.069627	557
5	5662	0.069752	558
5	5672	0.069877	559
5	5682	0.070002	560
5	5692	0.070127	561
5	5702	0.070252	562
5	5712	0.070377	563
5	5722	0.070502	564
5	5732	0.070627	565
5	5742	0.070752	566
5	5752	0.070877	567
5	5762	0.071002	568
5	5772	0.071127	569
5	5782	0.071252	570
5	5792	0.071377	571
5	5802	0.071502	572
5	5812	0.071627	573
5	5822	0.071752	574
5	5832	0.071877	575
5	5846	0.072002	576
5	5856	0.072127	577
5	5866	0.072252	578
5	5876	0.072377	579
5	5886	0.072502	580
5	5896	0.072627	581
5	5906	0.072752	582
5	5916	0.072877	583
5	5926	0.073002	584
5	5936	0.073127	585
5	5946	0.073252	586
5	5956	0.073377	587
5	5966	0.073502	588
5	5976	0.073627	589
5	5986	0.073752	590
5	5996	0.073877	591
5	6006	0.074002	592
5	6016	0.074127	593
5	6026	0.074252	594
5	6036	0.074377	595
5	6046	0.074502	596
5	6056	0.074627	597
5	6066	0.074752	598
5	6076	0.074877	599
5	6086	0.075002	600
5	6096	0.075127	601
5	6110	0.075252	602
5	6120	0.075377	603
5	6130	0.075502	604
5	6140	0.075627	605
5	6150	0.075752	606
5	6160	0.075877	607
5	6170	0.076002	608
5	6180	0.076127	609
5	6190	0.076252	610
5	6200	0.076377	611
5	6210	0.076502	612
5	6220	0.076627	613
5	6230	0.076752	614
5	6240	0.076877	615
5	6250	0.077002	616
5	6260	0.077127	617
5	6270	0.077252	618
5	6280	0.077377	619
5	6290	0.077502	620
5	6300	0.077627	621
5	6310	0.077752	622
5	6320	0.077877	623
5	6330	0.078002	624
5	6340	0.078127	625
5	6350	0.078252	626
5	6360	0.078377	627
5	6374	0.078502	628
5	6384	0.078627	629
5	6394	0.078752	630
5	6404	0.078877	631
5	6414	0.079002	632
5	6424	0.079127	633
5	6434	0.079252	634
5	6444	0.079377	635
5	6454	0.079502	636
5	6464	0.079627	637
5	6474	0.079752	638
5	6484	0.079877	639
5	6494	0.080002	640
5	6504	0.080127	641
5	6514	0.080252	642
5	6524	0.080377	643
5	6534	0.080502	644
5	6544	0.080627	645
5	6554	0.080752	646
5	6564	0.080877	647
5	6574	0.081002	648
5	6584	0.081127	649
5	6594	0.081252	650
5	6604	0.081377	651
5	6614	0.081502	652
5	6624	0.081627	653
5	6638	0.081752	654
5	6648	0.081877	655
5	6658	0.082002	656
5	6668	0.082127	657
5	6678	0.082252	658
5	6688	0.082377	659
5	6698	0.082502	660
5	6708	0.082627	661
5	6718	0.082752	662
5	6728	0.082877	663
5	6738	0.083002	664
5	6748	0.083127	665
5	6758	0.083252	666
5	6768	0.083377	667
5	6778	0.083502	668
5	6788	0.083627	669
5	6798	0.083752	670
5	6808	0.083877	671
5	6818	0.084002	672
5	6828	0.084127	673
5	6838	0.084252	674
5	6848	0.084377	675
5	6858	0.084502	676
5	6868	0.084627	677
5	6878	0.084752	678
5	6888	0.084877	679
5	6898	0.085002	680
5	6912	0.085127	681
5	6922	0.085252	682
5	6932	0.085377	683
5	6942	0.085502	684
5	6952	0.085627	685
5	6962	0.085752	686
5	6972	0.085877	687
5	6982	0.086002	688
5	6992	0.086127	689
5	7002	0.086252	690
5	7012	0.086377	691
5	7022	0.086502	692
5	7032	0.086627	693
5	7042	0.086752	694
5	7052	0.086877	695
5	7062	0.087002	696
5	7072	0.087127	697
5	7082	0.087252	698
5	7092	0.087377	699
5	7102	0.087502	700
5	7112	0.087627	701
5	7122	0.087752	702
5	7132	0.087877	703
5	7142	0.088002	704
5	7152	0.088127	705
5	7162	0.088252	706
5	7176	0.088377	707
5	7186	0.088502	708
5	7196	0.088627	709
5	7206	0.088752	710
5	7216	0.088877	711
5	7226	0.089002	712
5	7236	0.089127	713
5	7246	0.089252	714
5	7256	0.089377	715
5	7266	0.089502	716
5	7276	0.089627	717
5	7286	0.089752	718
5	7296	0.089877	719
5	7306	0.090002	720
5	7316	0.090127	721
5	7326	0.090252	722
5	7336	0.090377	723
5	7346	0.090502	724
5	7356	0.090627	725
5	7366	0.090752	726
5	7376	0.090877	727
5	7386	0.091002	728
5	7396	0.091127	729
5	7406	0.091252	730
5	7416	0.091377	731
5	7426	0.091502	732
5	7440	0.091627	733
5	7450	0.091752	734
5	7460	0.091877	735
5	7470	0.092002	736
5	7480	0.092127	737
5	7490	0.092252	738
5	7500	0.092377	739
5	7510	0.092502	740
5	7520	0.092627	741
5	7530	0.092752	742
5	7540	0.092877	743
5	7550	0.093002	744
5	7560	0.093127	745
5	7570	0.093252	746
5	7580	0.093377	747
5	7590	0.093502	748
5	7600	0.093627	749
5	7610	0.093752	750
5	7620	0.093877	751
5	7630	0.094002	752
5	7640	0.094127	753
5	7650	0.094252	754
5	7660	0.094377	755
5	7670	0.094502	756
5	7680	0.094627	757
5	7690	0.094752	758
5	7704	0.094877	759
5	7714	0.095002	760
5	7724	0.095127	761
5	7734	0.095252	762
5	7744	0.095377	763
5	7754	0.095502	764
5	7764	0.095627	765
5	7774	0.095752	766
5	7784	0.095877	767
5	7794	0.096002	768
5	7804	0.096127	769
5	7814	0.096252	770
5	7824	0.096377	771
5	7834	0.096502	772
5	7844	0.096627	773
5	7854	0.096752	774
5	7864	0.096877	775
5	7874	0.097002	776
5	7884	0.097127	777
5	7894	0.097252	778
5	7904	0.097377	779
5	7914	0.097502	780
5	7924	0.097627	781
5	7934	0.097752	782
5	7944	0.097877	783
5	7954	0.098002	784
5	7968	0.098127	785
5	7978	0.098252	786
5	7988	0.098377	787
5	7998	0.098502	788
5	8008	0.098627	789
5	8018	0.098752	790
5	8028	0.098877	791
5	8038	0.099002	792
5	8048	0.099127	793
5	8058	0.099252	794
5	8068	0.099377	795
5	8078	0.099502	796
5	8088	0.099627	797
5	8098	0.099752	798
5	8108	0.099877	799
5	8118	0.100002	800
5	8128	0.100127	801
5	8138	0.100252	802
5	8148	0.100377	803
5	8158	0.100502	804
5	8168	0.100627	805
5	8178	0.100752	806
5	8188	0.100877	807
5	8198	0.101002	808
5	8208	0.101127	809
5	8218	0.101252	810
5	8232	0.101377	811
5	8242	0.101502	812
5	8252	0.101627	813
5	8262	0.101752	814
5	8272	0.101877	815
5	8282	0.102002	816
5	8292	0.102127	817
5	8302	0.102252	818
5	8312	0.102377	819
5	8322	0.102502	820
5	8332	0.102627	821
5	8342	0.102752	822
5	8352	0.102877	823
5	8362	0.103002	824
5	8372	0.103127	825
5	8382	0.103252	826
5	8392	0.103377	827
5	8402	0.103502	828
5	8412	0.103627	829
5	8422	0.103752	830
5	8432	0.103877	831
5	8442	0.104002	832
5	8452	0.104127	833
5	8462	0.104252	834
5	8472	0.104377	835
5	8482	0.104502	836
5	8492	0.104627	837
5	8506	0.104752	838
5	8516	0.104877	839
5	8526	0.105002	840
5	8536	0.105127	841
5	8546	0.105252	842
5	8556	0.105377	843
5	8566	0.105502	844
5	8576	0.105627	845
5	8586	0.105752	846
5	8596	0.105877	847
5	8606	0.106002	848
5	8616	0.106127	849
5	8626	0.106252	850
5	8636	0.106377	851
5	8646	0.106502	852
5	8656	0.106627	853
5	8666	0.106752	854
5	8676	0.106877	855
5	8686	0.107002	856
5	8696	0.107127	857
5	8706	0.107252	858
5	8716	0.107377	859
5	8726	0.107502	860
5	8736	0.107627	861
5	8746	0.107752	862
5	8756	0.107877	863
5	8770	0.108002	864
5	8780	0.108127	865
5	8790	0.108252	866
5	8800	0.108377	867
5	8810	0.108502	868
5	8820	0.108627	869
5	8830	0.108752	870
5	8840	0.108877	871
5	8850	0.109002	872
5	8860	0.109127	873
5	8870	0.109252	874
5	8880	0.109377	875
5	8890	0.109502	876
5	8900	0.109627	877
5	8910	0.109752	878
5	8920	0.109877	879
5	8930	0.110002	880
5	8940	0.110127	881
5	8950	0.110252	882
5	8960	0.110377	883
5	8970	0.110502	884
5	8980	0.110627	885
5	8990	0.110752	886
5	9000	0.110877	887
5	9010	0.111002	888
5	9020	0.111127	889
5	9034	0.111252	890
5	9044	0.111377	891
5	9054	0.111502	892
5	9064	0.111627	893
5	9074	0.111752	894
5	9084	0.111877	895
5	9094	0.112002	896
5	9104	0.112127	897
5	9114	0.112252	898
5	9124	0.112377	899
5	9134	0.112502	900
5	9144	0.112627	901
5	9154	0.112752	902
5	9164	0.112877	903
5	9174	0.113002	904
5	9184	0.113127	905
5	9194	0.113252	906
5	9204	0.113377	907
5	9214	0.113502	908
5	9224	0.113627	909
5	9234	0.113752	910
5	9244	0.113877	911
5	9254	0.114002	912
5	9264	0.114127	913
5	9274	0.114252	914
5	9284	0.114377	915
5	9298	0.114502	916
5	9308	0.114627	917
5	9318	0.114752	918
5	9328	0.114877	919
5	9338	0.115002	920
5	9348	0.115127	921
5	9358	0.115252	922
5	9368	0.115377	923
5	9378	0.115502	924
5	9388	0.115627	925
5	9398	0.115752	926
5	9408	0.115877	927
5	9418	0.116002	928
5	9428	0.116127	929
5	9438	0.116252	930
5	9448	0.116377	931
5	9458	0.116502	932
5	9468	0.116627	933
5	9478	0.116752	934
5	9488	0.116877	935
5	9498	0.117002	936
5	9508	0.117127	937
5	9518	0.117252	938
5	9528	0.117377	939
5	9538	0.117502	940
5	9548	0.117627	941
5	9562	0.117752	942
5	9572	0.117877	943
5	9582	0.118002	944
5	9592	0.118127	945
5	9602	0.118252	946
5	9612	0.118377	947
5	9622	0.118502	948
5	9632	0.118627	949
5	9642	0.118752	950
5	9652	0.118877	951
5	9662	0.119002	952
5	9672	0.119127	953
5	9682	0.119252	954
5	9692	0.119377	955
5	9702	0.119502	956
5	9712	0.119627	957
5	9722	0.119752	958
5	9732	0.119877	959
5	9742	0.120002	960
5	9752	0.120127	961
5	9762	0.120252	962
5	9772	0.120377	963
5	9782	0.120502	964
5	9792	0.120627	965
5	9802	0.120752	966
5	9812	0.120877	967
5	9824	0.121002	968
5	9836	0.121127	969
5	9846	0.121252	970
5	9856	0.121377	971
5	9866	0.121502	972
5	9876	0.121627	973
5	9886	0.121752	974
5	9896	0.121877	975
5	9906	0.122002	976
5	9916	0.122127	977
5	9926	0.122252	978
5	9936	0.122377	979
5	9946	0.122502	980
5	9956	0.122627	981
5	9966	0.122752	982
5	9976	0.122877	983
5	9986	0.123002	984
5	9996	0.123127	985
5	10006	0.123252	986
5	10016	0.123377	987
5	10026	0.123502	988
5	10036	0.123627	989
5	10046	0.123752	990
5	10056	0.123877	991
5	10066	0.124002	992
5	10076	0.124127	993
5	10086	0.124252	994
5	10100	0.124377	995
5	10110	0.124502	996
5	10120	0.124627	997
5	10130	0.124752	998
5	10140	0.124877	999
5	10150	0.125002	1000
5	10160	0.125127	1001
5	10170	0.125252	1002
5	10180	0.125377	1003
5	10190	0.125502	1004
5	10200	0.125627	1005
5	10210	0.125752	1006
5	10220	0.125877	1007
5	10230	0.126002	1008
5	10240	0.126127	1009
5	10250	0.126252	1010
5	10260	0.126377	1011
5	10270	0.126502	1012
5	10280	0.126627	1013
5	10290	0.126752	1014
5	10300	0.126877	1015
5	10310	0.127002	1016
5	10320	0.127127	1017
5	10330	0.127252	1018
5	10340	0.127377	1019
5	10350	0.127502	1020
5	10364	0.127627	1021
5	10374	0.127752	1022
5	10384	0.127877	1023
5	10394	0.128002	1024
5	10404	0.128127	1025
5	10414	0.128252	1026
5	10424	0.128377	1027
5	10434	0.128502	1028
5	10444	0.128627	1029
5	10454	0.128752	1030
5	10464	0.128877	1031
5	10474	0.129002	1032
5	10484	0.129127	1033
5	10494	0.129252	1034
5	10504	0.129377	1035
5	10514	0.129502	1036
5	10524	0.129627	1037
5	10534	0.129752	1038
5	10544	0.129877	1039
5	10554	0.130002	1040
5	10564	0.130127	1041
5	10574	0.130252	1042
5	10584	0.130377	1043
5	10594	0.130502	1044
5	10604	0.130627	1045
5	10614	0.130752	1046
5	10628	0.130877	1047
5	10638	0.131002	1048
5	10648	0.131127	1049
5	10658	0.131252	1050
5	10668	0.131377	1051
5	10678	0.131502	1052
5	10688	0.131627	1053
5	10698	0.131752	1054
5	10708	0.131877	1055
5	10718	0.132002	1056
5	10728	0.132127	1057
5	10738	0.132252	1058
5	10748	0.132377	1059
5	10758	0.132502	1060
5	10768	0.132627	1061
5	10778	0.132752	1062
5	10788	0.132877	1063
5	10798	0.133002	1064
5	10808	0.133127	1065
5	10818	0.133252	1066
5	10828	0.133377	1067
5	10838	0.133502	1068
5	10848	0.133627	1069
5	10858	0.133752	1070
5	10868	0.133877	1071
5	10878	0.134002	1072
5	10892	0.134127	1073
5	10902	0.134252	1074
5	10912	0.134377	1075
5	10922	0.134502	1076
5	10932	0.134627	1077
5	10942	0.134752	1078
5	10952	0.134877	1079
5	10962	0.135002	1080
5	10972	0.135127	1081
5	10982	0.135252	1082
5	10992	0.135377	1083
5	11002	0.135502	1084
5	11012	0.135627	1085
5	11022	0.135752	1086
5	11032	0.135877	1087
5	11042	0.136002	1088
5	11052	0.136127	1089
5	11062	0.136252	1090
5	11072	0.136377	1091
5	11082	0.136502	1092
5	11092	0.136627	1093
5	11102	0.136752	1094
5	11112	0.136877	1095
5	11122	0.137002	1096
5	11132	0.137127	1097
5	11142	0.137252	1098
5	11156	0.137377	1099
5	11166	0.137502	1100
5	11176	0.137627	1101
5	11186	0.137752	1102
5	11196	0.137877	1103
5	11206	0.138002	1104
5	11216	0.138127	1105
5	11226	0.138252	1106
5	11236	0.138377	1107
5	11246	0.138502	1108
5	11256	0.138627	1109
5	11266	0.138752	1110
5	11276	0.138877	1111
5	11286	0.139002	1112
5	11296	0.139127	1113
5	11306	0.139252	1114
5	11316	0.139377	1115
5	11326	0.139502	1116
5	11336	0.139627	1117
5	11346	0.139752	1118
5	11356	0.139877	1119
5	11366	0.140002	1120
5	11376	0.140127	1121
5	11386	0.140252	1122
5	11396	0.140377	1123
5	11406	0.140502	1124
5	11416	0.140627	1125
5	11430	0.140752	1126
5	11440	0.140877	1127
5	11450	0.141002	1128
5	11460	0.141127	1129
5	11470	0.141252	1130
5	11480	0.141377	1131
5	11490	0.141502	1132
5	11500	0.141627	1133
5	11510	0.141752	1134
5	11520	0.141877	1135
5	11530	0.142002	1136
5	11540	0.142127	1137
5	11550	0.142252	1138
5	11560	0.142377	1139
5	11570	0.142502	1140
5	11580	0.142627	1141
5	11590	0.142752	1142
5	11600	0.142877	1143
5	11610	0.143002	1144
5	11620	0.143127	1145
5	11630	0.143252	1146
5	11640	0.143377	1147
5	11650	0.143502	1148
5	11660	0.143627	1149
5	11670	0.143752	1150
5	11680	0.143877	1151
5	11694	0.144002	1152
5	11704	0.144127	1153
5	11714	0.144252	1154
5	11724	0.144377	1155
5	11734	0.144502	1156
5	11744	0.144627	1157
5	11754	0.144752	1158
5	11764	0.144877	1159
5	11774	0.145002	1160
5	11784	0.145127	1161
5	11794	0.145252	1162
5	11804	0.145377	1163
5	11814	0.145502	1164
5	11824	0.145627	1165
5	11834	0.145752	1166
5	11844	0.145877	1167
5	11854	0.146002	1168
5	11864	0.146127	1169
5	11874	0.146252	1170
5	11884	0.146377	1171
5	11894	0.146502	1172
5	11904	0.146627	1173
5	11914	0.146752	1174
5	11924	0.146877	1175
5	11934	0.147002	1176
5	11944	0.147127	1177
5	11958	0.147252	1178
5	11968	0.147377	1179
5	11978	0.147502	1180
5	11988	0.147627	1181
5	11998	0.147752	1182
5	12008	0.147877	1183
5	12018	0.148002	1184
5	12028	0.148127	1185
5	12038	0.148252	1186
5	12048	0.148377	1187
5	12058	0.148502	1188
5	12068	0.148627	1189
5	12078	0.148752	1190
5	12088	0.148877	1191
5	12098	0.149002	1192
5	12108	0.149127	1193
5	12118	0.149252	1194
5	12128	0.149377	1195
5	12138	0.149502	1196
5	12148	0.149627	1197
5	12158	0.149752	1198
5	12168	0.149877	1199
5	12178	0.150002	1200
5	12188	0.150127	1201
5	12198	0.150252	1202
5	12208	0.150377	1203
5	12222	0.150502	1204
5	12232	0.150627	1205
5	12242	0.150752	1206
5	12252	0.150877	1207
5	12262	0.151002	1208
5	12272	0.151127	1209
5	12282	0.151252	1210
5	12292	0.151377	1211
5	12302	0.151502	1212
5	12312	0.151627	1213
5	12322	0.151752	1214
5	12332	0.151877	1215
5	12342	0.152002	1216
5	12352	0.152127	1217
5	12362	0.152252	1218
5	12372	0.152377	1219
5	12382	0.152502	1220
5	12392	0.152627	1221
5	12402	0.152752	1222
5	12412	0.152877	1223
5	12422	0.153002	1224
5	12432	0.153127	1225
5	12442	0.153252	1226
5	12452	0.153377	1227
5	12462	0.153502	1228
5	12472	0.153627	1229
5	12486	0.153752	1230
5	12496	0.153877	1231
5	12506	0.154002	1232
5	12516	0.154127	1233
5	12526	0.154252	1234
5	12536	0.154377	1235
5	12546	0.154502	1236
5	12556	0.154627	1237
5	12566	0.154752	1238
5	12576	0.154877	1239
5	12586	0.155002	1240
5	12596	0.155127	1241
5	12606	0.155252	1242
5	12616	0.155377	1243
5	12626	0.155502	1244
5	12636	0.155627	1245
5	12646	0.155752	1246
5	12656	0.155877	1247
5	12666	0.156002	1248
5	12676	0.156127	1249
5	12686	0.156252	1250
5	12696	0.156377	1251
5	12706	0.156502	1252
5	12716	0.156627	1253
5	12726	0.156752	1254
5	12736	0.156877	1255
5	12750	0.157002	1256
5	12760	0.157127	1257
5	12770	0.157252	1258
5	12780	0.157377	1259
5	12790	0.157502	1260
5	12800	0.157627	1261
5	12810	0.157752	1262
5	12820	0.157877	1263
5	12830	0.158002	1264
5	12840	0.158127	1265
5	12850	0.158252	1266
5	12860	0.158377	1267
5	12870	0.158502	1268
5	12880	0.158627	1269
5	12890	0.158752	1270
5	12900	0.158877	1271
5	12910	0.159002	1272
5	12920	0.159127	1273
5	12930	0.159252	1274
5	12940	0.159377	1275
5	12950	0.159502	1276
5	12960	0.159627	1277
5	12970	0.159752	1278
5	12980	0.159877	1279
5	12990	0.160002	1280
5	13000	0.160127	1281
5	13010	0.160252	1282
5	13024	0.160377	1283
5	13034	0.160502	1284
5	13044	0.160627	1285
5	13054	0.160752	1286
5	13064	0.160877	1287
5	13074	0.161002	1288
5	13084	0.161127	1289
5	13094	0.161252	1290
5	13104	0.161377	1291
5	13114	0.161502	1292
5	13124	0.161627	1293
5	13134	0.161752	1294
5	13144	0.161877	1295
5	13154	0.162002	1296
5	13164	0.162127	1297
5	13174	0.162252	1298
5	13184	0.162377	1299
5	13194	0.162502	1300
5	13204	0.162627	1301
5	13214	0.162752	1302
5	13224	0.162877	1303
5	13234	0.163002	1304
5	13244	0.163127	1305
5	13254	0.163252	1306
5	13264	0.163377	1307
5	13274	0.163502	1308
5	13288	0.163627	1309
5	13298	0.163752	1310
5	13308	0.163877	1311
5	13318	0.164002	1312
5	13328	0.164127	1313
5	13338	0.164252	1314
5	13348	0.164377	1315
5	13358	0.164502	1316
5	13368	0.164627	1317
5	13378	0.164752	1318
5	13388	0.164877	1319
5	13398	0.165002	1320
5	13408	0.165127	1321
5	13418	0.165252	1322
5	13428	0.165377	1323
5	13438	0.165502	1324
5	13448	0.165627	1325
5	13458	0.165752	1326
5	13468	0.165877	1327
5	13478	0.166002	1328
5	13488	0.166127	1329
5	13498	0.166252	1330
5	13508	0.166377	1331
5	13518	0.166502	1332
5	13528	0.166627	1333
5	13538	0.166752	1334
5	13552	0.166877	1335
5	13562	0.167002	1336
5	13572	0.167127	1337
5	13582	0.167252	1338
5	13592	0.167377	1339
5	13602	0.167502	1340
5	13612	0.167627	1341
5	13622	0.167752	1342
5	13632	0.167877	1343
5	13642	0.168002	1344
5	13652	0.168127	1345
5	13662	0.168252	1346
5	13672	0.168377	1347
5	13682	0.168502	1348
5	13692	0.168627	1349
5	13702	0.168752	1350
5	13712	0.168877	1351
5	13722	0.169002	1352
5	13732	0.169127	1353
5	13742	0.169252	1354
5	13752	0.169377	1355
5	13762	0.169502	1356
5	13772	0.169627	1357
5	13782	0.169752	1358
5	13792	0.169877	1359
5	13802	0.170002	1360
5	13816	0.170127	1361
5	13826	0.170252	1362
5	13836	0.170377	1363
5	13846	0.170502	1364
5	13856	0.170627	1365
5	13866	0.170752	1366
5	13876	0.170877	1367
5	13886	0.171002	1368
5	13896	0.171127	1369
5	13906	0.171252	1370
5	13916	0.171377	1371
5	13926	0.171502	1372
5	13936	0.171627	1373
5	13946	0.171752	1374
5	13956	0.171877	1375
5	13966	0.172002	1376
5	13976	0.172127	1377
5	13986	0.172252	1378
5	13996	0.172377	1379
5	14006	0.172502	1380
5	14016	0.172627	1381
5	14026	0.172752	1382
5	14036	0.172877	1383
5	14046	0.173002	1384
5	14056	0.173127	1385
5	14066	0.173252	1386
5	14080	0.173377	1387
5	14090	0.173502	1388
5	14100	0.173627	1389
5	14110	0.173752	1390
5	14120	0.173877	1391
5	14130	0.174002	1392
5	14140	0.174127	1393
5	14150	0.174252	1394
5	14160	0.174377	1395
5	14170	0.174502	1396
5	14180	0.174627	1397
5	14190	0.174752	1398
5	14200	0.174877	1399
5	14210	0.175002	1400
5	14220	0.175127	1401
5	14230	0.175252	1402
5	14240	0.175377	1403
5	14250	0.175502	1404
5	14260	0.175627	1405
5	14270	0.175752	1406
5	14280	0.175877	1407
5	14290	0.176002	1408
5	14300	0.176127	1409
5	14310	0.176252	1410
5	14320	0.176377	1411
5	14330	0.176502	1412
5	14344	0.176627	1413
5	14354	0.176752	1414
5	14364	0.176877	1415
5	14374	0.177002	1416
5	14384	0.177127	1417
5	14394	0.177252	1418
5	14404	0.177377	1419
5	14414	0.177502	1420
5	14424	0.177627	1421
5	14434	0.177752	1422
5	14444	0.177877	1423
5	14454	0.178002	1424
5	14464	0.178127	1425
5	14474	0.178252	1426
5	14484	0.178377	1427
5	14494	0.178502	1428
5	14504	0.178627	1429
5	14514	0.178752	1430
5	14524	0.178877	1431
5	14534	0.179002	1432
5	14544	0.179127	1433
5	14554	0.179252	1434
5	14564	0.179377	1435
5	14574	0.179502	1436
5	14584	0.179627	1437
5	14594	0.179752	1438
5	14604	0.179877	1439
5	14618	0.180002	1440
5	14628	0.180127	1441
5	14638	0.180252	1442
5	14648	0.180377	1443
5	14658	0.180502	1444
5	14668	0.180627	1445
5	14678	0.180752	1446
5	14688	0.180877	1447
5	14698	0.181002	1448
5	14708	0.181127	1449
5	14718	0.181252	1450
5	14728	0.181377	1451
5	14738	0.181502	1452
5	14748	0.181627	1453
5	14758	0.181752	1454
5	14768	0.181877	1455
5	14778	0.182002	1456
5	14788	0.182127	1457
5	14798	0.182252	1458
5	14808	0.182377	1459
5	14818	0.182502	1460
5	14828	0.182627	1461
5	14838	0.182752	1462
5	14848	0.182877	1463
5	14858	0.183002	1464
5	14868	0.183127	1465
5	14882	0.183252	1466
5	14892	0.183377	1467
5	14902	0.183502	1468
5	14912	0.183627	1469
5	14922	0.183752	1470
5	14932	0.183877	1471
5	14942	0.184002	1472
5	14952	0.184127	1473
5	14962	0.184252	1474
5	14972	0.184377	1475
5	14982	0.184502	1476
5	14992	0.184627	1477
5	15002	0.184752	1478
5	15012	0.184877	1479
5	15022	0.185002	1480
5	15032	0.185127	1481
5	15042	0.185252	1482
5	15052	0.185377	1483
5	15062	0.185502	1484
5	15072	0.185627	1485
5	15082	0.185752	1486
5	15092	0.185877	1487
5	15102	0.186002	1488
5	15112	0.186127	1489
5	15122	0.186252	1490
5	15132	0.186377	1491
5	15146	0.186502	1492
5	15156	0.186627	1493
5	15166	0.186752	1494
5	15176	0.186877	1495
5	15186	0.187002	1496
5	15196	0.187127	1497
5	15206	0.187252	1498
5	15216	0.187377	1499
5	15226	0.187502	1500
5	15236	0.187627	1501
5	15246	0.187752	1502
5	15256	0.187877	1503
5	15266	0.188002	1504
5	15276	0.188127	1505
5	15286	0.188252	1506
5	15296	0.188377	1507
5	15306	0.188502	1508
5	15316	0.188627	1509
5	15326	0.188752	1510
5	15336	0.188877	1511
5	15346	0.189002	1512
5	15356	0.189127	1513
5	15366	0.189252	1514
5	15376	0.189377	1515
5	15386	0.189502	1516
5	15396	0.189627	1517
5	15410	0.189752	1518
5	15420	0.189877	1519
5	15430	0.190002	1520
5	15440	0.190127	1521
5	15450	0.190252	1522
5	15460	0.190377	1523
5	15470	0.190502	1524
5	15480	0.190627	1525
5	15490	0.190752	1526
5	15500	0.190877	1527
5	15510	0.191002	1528
5	15520	0.191127	1529
5	15530	0.191252	1530
5	15540	0.191377	1531
5	15550	0.191502	1532
5	15560	0.191627	1533
5	15570	0.191752	1534
5	15580	0.191877	1535
5	15590	0.192002	1536
5	15600	0.192127	1537
5	15610	0.192252	1538
5	15620	0.192377	1539
5	15630	0.192502	1540
5	15640	0.192627	1541
5	15650	0.192752	1542
5	15660	0.192877	1543
5	15674	0.193002	1544
5	15684	0.193127	1545
5	15694	0.193252	1546
5	15704	0.193377	1547
5	15714	0.193502	1548
5	15724	0.193627	1549
5	15734	0.193752	1550
5	15744	0.193877	1551
5	15754	0.194002	1552
5	15764	0.194127	1553
5	15774	0.194252	1554
5	15784	0.194377	1555
5	15794	0.194502	1556
5	15804	0.194627	1557
5	15814	0.194752	1558
5	15824	0.194877	1559
5	15834	0.195002	1560
5	15844	0.195127	1561
5	15854	0.195252	1562
5	15864	0.195377	1563
5	15874	0.195502	1564
5	15884	0.195627	1565
5	15894	0.195752	1566
5	15904	0.195877	1567
5	15914	0.196002	1568
5	15924	0.196127	1569
5	15936	0.196252	1570
5	15948	0.196377	1571
5	15958	0.196502	1572
5	15968	0.196627	1573
5	15978	0.196752	1574
5	15988	0.196877	1575
5	15998	0.197002	1576
5	16008	0.197127	1577
5	16018	0.197252	1578
5	16028	0.197377	1579
5	16038	0.197502	1580
5	16048	0.197627	1581
5	16058	0.197752	1582
5	16068	0.197877	1583
5	16078	0.198002	1584
5	16088	0.198127	1585
5	16098	0.198252	1586
5	16108	0.198377	1587
5	16118	0.198502	1588
5	16128	0.198627	1589
5	16138	0.198752	1590
5	16148	0.198877	1591
5	16158	0.199002	1592
5	16168	0.199127	1593
5	16178	0.199252	1594
5	16188	0.199377	1595
5	16198	0.199502	1596
5	16212	0.199627	1597
5	16222	0.199752	1598
5	16232	0.199877	1599
5	16242	0.200002	1600
5	16252	0.200127	1601
5	16262	0.200252	1602
5	16272	0.200377	1603
5	16282	0.200502	1604
5	16292	0.200627	1605
5	16302	0.200752	1606
5	16312	0.200877	1607
5	16322	0.201002	1608
5	16332	0.201127	1609
5	16342	0.201252	1610
5	16352	0.201377	1611
5	16362	0.201502	1612
5	16372	0.201627	1613
5	16382	0.201752	1614
5	16392	0.201877	1615
5	16402	0.202002	1616
5	16412	0.202127	1617
5	16422	0.202252	1618
5	16432	0.202377	1619
5	16442	0.202502	1620
5	16452	0.202627	1621
5	16462	0.202752	1622
5	16476	0.202877	1623
5	16486	0.203002	1624
5	16496	0.203127	1625
5	16506	0.203252	1626
5	16516	0.203377	1627
5	16526	0.203502	1628
5	16536	0.203627	1629
5	16546	0.203752	1630
5	16556	0.203877	1631
5	16566	0.204002	1632
5	16576	0.204127	1633
5	16586	0.204252	1634
5	16596	0.204377	1635
5	16606	0.204502	1636
5	16616	0.204627	1637
5	16626	0.204752	1638
5	16636	0.204877	1639
5	16646	0.205002	1640
5	16656	0.205127	1641
5	16666	0.205252	1642
5	16676	0.205377	1643
5	16686	0.205502	1644
5	16696	0.205627	1645
5	16706	0.205752	1646
5	16716	0.205877	1647
5	16726	0.206002	1648
5	16740	0.206127	1649
5	16750	0.206252	1650
5	16760	0.206377	1651
5	16770	0.206502	1652
5	16780	0.206627	1653
5	16790	0.206752	1654
5	16800	0.206877	1655
5	16810	0.207002	1656
5	16820	0.207127	1657
5	16830	0.207252	1658
5	16840	0.207377	1659
5	16850	0.207502	1660
5	16860	0.207627	1661
5	16870	0.207752	1662
5	16880	0.207877	1663
5	16890	0.208002	1664
5	16900	0.208127	1665
5	16910	0.208252	1666
5	16920	0.208377	1667
5	16930	0.208502	1668
5	16940	0.208627	1669
5	16950	0.208752	1670
5	16960	0.208877	1671
5	16970	0.209002	1672
5	16980	0.209127	1673
5	16990	0.209252	1674
5	17004	0.209377	1675
5	17014	0.209502	1676
5	17024	0.209627	1677
5	17034	0.209752	1678
5	17044	0.209877	1679
5	17054	0.210002	1680
5	17064	0.210127	1681
5	17074	0.210252	1682
5	17084	0.210377	1683
5	17094	0.210502	1684
5	17104	0.210627	1685
5	17114	0.210752	1686
5	17124	0.210877	1687
5	17134	0.211002	1688
5	17144	0.211127	1689
5	17154	0.211252	1690
5	17164	0.211377	1691
5	17174	0.211502	1692
5	17184	0.211627	1693
5	17194	0.211752	1694
5	17204	0.211877	1695
5	17214	0.212002	1696
5	17224	0.212127	1697
5	17234	0.212252	1698
5	17244	0.212377	1699
5	17254	0.212502	1700
5	17268	0.212627	1701
5	17278	0.212752	1702
5	17288	0.212877	1703
5	17298	0.213002	1704
5	17308	0.213127	1705
5	17318	0.213252	1706
5	17328	0.213377	1707
5	17338	0.213502	1708
5	17348	0.213627	1709
5	17358	0.213752	1710
5	17368	0.213877	1711
5	17378	0.214002	1712
5	17388	0.214127	1713
5	17398	0.214252	1714
5	17408	0.214377	1715
5	17418	0.214502	1716
5	17428	0.214627	1717
5	17438	0.214752	1718
5	17448	0.214877	1719
5	17458	0.215002	1720
5	17468	0.215127	1721
5	17478	0.215252	1722
5	17488	0.215377	1723
5	17498	0.215502	1724
5	17508	0.215627	1725
5	17518	0.215752	1726
5	17528	0.215877	1727
5	17542	0.216002	1728
5	17552	0.216127	1729
5	17562	0.216252	1730
5	17572	0.216377	1731
5	17582	0.216502	1732
5	17592	0.216627	1733
5	17602	0.216752	1734
5	17612	0.216877	1735
5	17622	0.217002	1736
5	17632	0.217127	1737
5	17642	0.217252	1738
5	17652	0.217377	1739
5	17662	0.217502	1740
5	17672	0.217627	1741
5	17682	0.217752	1742
5	17692	0.217877	1743
5	17702	0.218002	1744
5	17712	0.218127	1745
5	17722	0.218252	1746
5	17732	0.218377	1747
5	17742	0.218502	1748
5	17752	0.218627	1749
5	17762	0.218752	1750
5	17772	0.218877	1751
5	17782	0.219002	1752
5	17792	0.219127	1753
5	17806	0.219252	1754
5	17816	0.219377	1755
5	17826	0.219502	1756
5	17836	0.219627	1757
5	17846	0.219752	1758
5	17856	0.219877	1759
5	17866	0.220002	1760
5	17876	0.220127	1761
5	17886	0.220252	1762
5	17896	0.220377	1763
5	17906	0.220502	1764
5	17916	0.220627	1765
5	17926	0.220752	1766
5	17936	0.220877	1767
5	17946	0.221002	1768
5	17956	0.221127	1769
5	17966	0.221252	1770
5	17976	0.221377	1771
5	17986	0.221502	1772
5	17996	0.221627	1773
5	18006	0.221752	1774
5	18016	0.221877	1775
5	18026	0.222002	1776
5	18036	0.222127	1777
5	18046	0.222252	1778
5	18056	0.222377	1779
5	18070	0.222502	1780
5	18080	0.222627	1781
5	18090	0.222752	1782
5	18100	0.222877	1783
5	18110	0.223002	1784
5	18120	0.223127	1785
5	18130	0.223252	1786
5	18140	0.223377	1787
5	18150	0.223502	1788
5	18160	0.223627	1789
5	18170	0.223752	1790
5	18180	0.223877	1791
5	18190	0.224002	1792
5	18200	0.224127	1793
5	18210	0.224252	1794
5	18220	0.224377	1795
5	18230	0.224502	1796
5	18240	0.224627	1797
5	18250	0.224752	1798
5	18260	0.224877	1799
5	18270	0.225002	1800
5	18280	0.225127	1801
5	18290	0.225252	1802
5	18300	0.225377	1803
5	18310	0.225502	1804
5	18320	0.225627	1805
5	18334	0.225752	1806
5	18344	0.225877	1807
5	18354	0.226002	1808
5	18364	0.226127	1809
5	18374	0.226252	1810
5	18384	0.226377	1811
5	18394	0.226502	1812
5	18404	0.226627	1813
5	18414	0.226752	1814
5	18424	0.226877	1815
5	18434	0.227002	1816
5	18444	0.227127	1817
5	18454	0.227252	1818
5	18464	0.227377	1819
5	18474	0.227502	1820
5	18484	0.227627	1821
5	18494	0.227752	1822
5	18504	0.227877	1823
5	18514	0.228002	1824
5	18524	0.228127	1825
5	18534	0.228252	1826
5	18544	0.228377	1827
5	18554	0.228502	1828
5	18564	0.228627	1829
5	18574	0.228752	1830
5	18584	0.228877	1831
5	18598	0.229002	1832
5	18608	0.229127	1833
5	18618	0.229252	1834
5	18628	0.229377	1835
5	18638	0.229502	1836
5	18648	0.229627	1837
5	18658	0.229752	1838
5	18668	0.229877	1839
5	18678	0.230002	1840
5	18688	0.230127	1841
5	18698	0.230252	1842
5	18708	0.230377	1843
5	18718	0.230502	1844
5	18728	0.230627	1845
5	18738	0.230752	1846
5	18748	0.230877	1847
5	18758	0.231002	1848
5	18768	0.231127	1849
5	18778	0.231252	1850
5	18788	0.231377	1851
5	18798	0.231502	1852
5	18808	0.231627	1853
5	18818	0.231752	1854
5	18828	0.231877	1855
5	18838	0.232002	1856
5	18848	0.232127	1857
5	18862	0.232252	1858
5	18872	0.232377	1859
5	18882	0.232502	1860
5	18892	0.232627	1861
5	18902	0.232752	1862
5	18912	0.232877	1863
5	18922	0.233002	1864
5	18932	0.233127	1865
5	18942	0.233252	1866
5	18952	0.233377	1867
5	18962	0.233502	1868
5	18972	0.233627	1869
5	18982	0.233752	1870
5	18992	0.233877	1871
5	19002	0.234002	1872
5	19012	0.234127	1873
5	19022	0.234252	1874
5	19032	0.234377	1875
5	19042	0.234502	1876
5	19052	0.234627	1877
5	19062	0.234752	1878
5	19072	0.234877	1879
5	19082	0.235002	1880
5	19092	0.235127	1881
5	19102	0.235252	1882
5	19112	0.235377	1883
5	19122	0.235502	1884
5	19136	0.235627	1885
5	19146	0.235752	1886
5	19156	0.235877	1887
5	19166	0.236002	1888
5	19176	0.236127	1889
5	19186	0.236252	1890
5	19196	0.236377	1891
5	19206	0.236502	1892
5	19216	0.236627	1893
5	19226	0.236752	1894
5	19236	0.236877	1895
5	19246	0.237002	1896
5	19256	0.237127	1897
5	19266	0.237252	1898
5	19276	0.237377	1899
5	19286	0.237502	1900
5	19296	0.237627	1901
5	19306	0.237752	1902
5	19316	0.237877	1903
5	19326	0.238002	1904
5	19336	0.238127	1905
5	19346	0.238252	1906
5	19356	0.238377	1907
5	19366	0.238502	1908
5	19376	0.238627	1909
5	19386	0.238752	1910
5	19400	0.238877	1911
5	19410	0.239002	1912
5	19420	0.239127	1913
5	19430	0.239252	1914
5	19440	0.239377	1915
5	19450	0.239502	1916
5	19460	0.239627	1917
5	19470	0.239752	1918
5	19480	0.239877	1919
5	19490	0.240002	1920
5	19500	0.240127	1921
5	19510	0.240252	1922
5	19520	0.240377	1923
5	19530	0.240502	1924
5	19540	0.240627	1925
5	19550	0.240752	1926
5	19560	0.240877	1927
5	19570	0.241002	1928
5	19580	0.241127	1929
5	19590	0.241252	1930
5	19600	0.241377	1931
5	19610	0.241502	1932
5	19620	0.241627	1933
5	19630	0.241752	1934
5	19640	0.241877	1935
5	19650	0.242002	1936
5	19664	0.242127	1937
5	19674	0.242252	1938
5	19684	0.242377	1939
5	19694	0.242502	1940
5	19704	0.242627	1941
5	19714	0.242752	1942
5	19724	0.242877	1943
5	19734	0.243002	1944
5	19744	0.243127	1945
5	19754	0.243252	1946
5	19764	0.243377	1947
5	19774	0.243502	1948
5	19784	0.243627	1949
5	19794	0.243752	1950
5	19804	0.243877	1951
5	19814	0.244002	1952
5	19824	0.244127	1953
5	19834	0.244252	1954
5	19844	0.244377	1955
5	19854	0.244502	1956
5	19864	0.244627	1957
5	19874	0.244752	1958
5	19884	0.244877	1959
5	19894	0.245002	1960
5	19904	0.245127	1961
5	19914	0.245252	1962
5	19928	0.245377	1963
5	19938	0.245502	1964
5	19948	0.245627	1965
5	19958	0.245752	1966
5	19968	0.245877	1967
5	19978	0.246002	1968
5	19988	0.246127	1969
5	19998	0.246252	1970
5	20008	0.246377	1971
5	20018	0.246502	1972
5	20028	0.246627	1973
5	20038	0.246752	1974
5	20048	0.246877	1975
5	20058	0.247002	1976
5	20068	0.247127	1977
5	20078	0.247252	1978
5	20088	0.247377	1979
5	20098	0.247502	1980
5	20108	0.247627	1981
5	20118	0.247752	1982
5	20128	0.247877	1983
5	20138	0.248002	1984
5	20148	0.248127	1985
5	20158	0.248252	1986
5	20168	0.248377	1987
5	20178	0.248502	1988
5	20192	0.248627	1989
5	20202	0.248752	1990
5	20212	0.248877	1991
5	20222	0.249002	1992
5	20232	0.249127	1993
5	20242	0.249252	1994
5	20252	0.249377	1995
5	20262	0.249502	1996
5	20272	0.249627	1997
5	20282	0.249752	1998
5	20292	0.249877	1999
5	20302	0.250002	2000
5	20312	0.250127	2001
5	20322	0.250252	2002
5	20332	0.250377	2003
5	20342	0.250502	2004
5	20352	0.250627	2005
5	20362	0.250752	2006
5	20372	0.250877	2007
5	20382	0.251002	2008
5	20392	0.251127	2009
5	20402	0.251252	2010
5	20412	0.251377	2011
5	20422	0.251502	2012
5	20432	0.251627	2013
5	20442	0.251752	2014
5	20456	0.251877	2015
5	20466	0.252002	2016
5	20476	0.252127	2017
5	20486	0.252252	2018
5	20496	0.252377	2019
5	20506	0.252502	2020
5	20516	0.252627	2021
5	20526	0.252752	2022
5	20536	0.252877	2023
5	20546	0.253002	2024
5	20556	0.253127	2025
5	20566	0.253252	2026
5	20576	0.253377	2027
5	20586	0.253502	2028
5	20596	0.253627	2029
5	20606	0.253752	2030
5	20616	0.253877	2031
5	20626	0.254002	2032
5	20636	0.254127	2033
5	20646	0.254252	2034
5	20656	0.254377	2035
5	20666	0.254502	2036
5	20676	0.254627	2037
5	20686	0.254752	2038
5	20696	0.254877	2039
5	20706	0.255002	2040
5	20716	0.255127	2041
5	20730	0.255252	2042
5	20740	0.255377	2043
5	20750	0.255502	2044
5	20760	0.255627	2045
5	20770	0.255752	2046
5	20780	0.255877	2047
5	20790	0.256002	2048
5	20800	0.256127	2049
5	20810	0.256252	2050
5	20820	0.256377	2051
5	20830	0.256502	2052
5	20840	0.256627	2053
5	20850	0.256752	2054
5	20860	0.256877	2055
5	20870	0.257002	2056
5	20880	0.257127	2057
5	20890	0.257252	2058
5	20900	0.257377	2059
5	20910	0.257502	2060
5	20920	0.257627	2061
5	20930	0.257752	2062
5	20940	0.257877	2063
5	20950	0.258002	2064
5	20960	0.258127	2065
5	20970	0.258252	2066
5	20980	0.258377	2067
5	20994	0.258502	2068
5	21004	0.258627	2069
5	21014	0.258752	2070
5	21024	0.258877	2071
5	21034	0.259002	2072
5	21044	0.259127	2073
5	21054	0.259252	2074
5	21064	0.259377	2075
5	21074	0.259502	2076
5	21084	0.259627	2077
5	21094	0.259752	2078
5	21104	0.259877	2079
5	21114	0.260002	2080
5	21124	0.260127	2081
5	21134	0.260252	2082
5	21144	0.260377	2083
5	21154	0.260502	2084
5	21164	0.260627	2085
5	21174	0.260752	2086
5	21184	0.260877	2087
5	21194	0.261002	2088
5	21204	0.261127	2089
5	21214	0.261252	2090
5	21224	0.261377	2091
5	21234	0.261502	2092
5	21244	0.261627	2093
5	21258	0.261752	2094
5	21268	0.261877	2095
5	21278	0.262002	2096
5	21288	0.262127	2097
5	21298	0.262252	2098
5	21308	0.262377	2099
5	21318	0.262502	2100
5	21328	0.262627	2101
5	21338	0.262752	2102
5	21348	0.262877	2103
5	21358	0.263002	2104
5	21368	0.263127	2105
5	21378	0.263252	2106
5	21388	0.263377	2107
5	21398	0.263502	2108
5	21408	0.263627	2109
5	21418	0.263752	2110
5	21428	0.263877	2111
5	21438	0.264002	2112
5	21448	0.264127	2113
5	21458	0.264252	2114
5	21468	0.264377	2115
5	21478	0.264502	2116
5	21488	0.264627	2117
5	21498	0.264752	2118
5	21508	0.264877	2119
5	21522	0.265002	2120
5	21532	0.265127	2121
5	21542	0.265252	2122
5	21552	0.265377	2123
5	21562	0.265502	2124
5	21572	0.265627	2125
5	21582	0.265752	2126
5	21592	0.265877	2127
5	21602	0.266002	2128
5	21612	0.266127	2129
5	21622	0.266252	2130
5	21632	0.266377	2131
5	21642	0.266502	2132
5	21652	0.266627	2133
5	21662	0.266752	2134
5	21672	0.266877	2135
5	21682	0.267002	2136
5	21692	0.267127	2137
5	21702	0.267252	2138
5	21712	0.267377	2139
5	21722	0.267502	2140
5	21732	0.267627	2141
5	21742	0.267752	2142
5	21752	0.267877	2143
5	21762	0.268002	2144
5	21772	0.268127	2145
5	21786	0.268252	2146
5	21796	0.268377	2147
5	21806	0.268502	2148
5	21816	0.268627	2149
5	21826	0.268752	2150
5	21836	0.268877	2151
5	21846	0.269002	2152
5	21856	0.269127	2153
5	21866	0.269252	2154
5	21876	0.269377	2155
5	21886	0.269502	2156
5	21896	0.269627	2157
5	21906	0.269752	2158
5	21916	0.269877	2159
5	21926	0.270002	2160
5	21936	0.270127	2161
5	21946	0.270252	2162
5	21956	0.270377	2163
5	21966	0.270502	2164
5	21976	0.270627	2165
5	21986	0.270752	2166
5	21996	0.270877	2167
5	22006	0.271002	2168
5	22016	0.271127	2169
5	22026	0.271252	2170
5	22036	0.271377	2171
5	22048	0.271502	2172
5	22060	0.271627	2173
5	22070	0.271752	2174
5	22080	0.271877	2175
5	22090	0.272002	2176
5	22100	0.272127	2177
5	22110	0.272252	2178
5	22120	0.272377	2179
5	22130	0.272502	2180
5	22140	0.272627	2181
5	22150	0.272752	2182
5	22160	0.272877	2183
5	22170	0.273002	2184
5	22180	0.273127	2185
5	22190	0.273252	2186
5	22200	0.273377	2187
5	22210	0.273502	2188
5	22220	0.273627	2189
5	22230	0.273752	2190
5	22240	0.273877	2191
5	22250	0.274002	2192
5	22260	0.274127	2193
5	22270	0.274252	2194
5	22280	0.274377	2195
5	22290	0.274502	2196
5	22300	0.274627	2197
5	22310	0.274752	2198
5	22324	0.274877	2199
5	22334	0.275002	2200
5	22344	0.275127	2201
5	22354	0.275252	2202
5	22364	0.275377	2203
5	22374	0.275502	2204
5	22384	0.275627	2205
5	22394	0.275752	2206
5	22404	0.275877	2207
5	22414	0.276002	2208
5	22424	0.276127	2209
5	22434	0.276252	2210
5	22444	0.276377	2211
5	22454	0.276502	2212
5	22464	0.276627	2213
5	22474	0.276752	2214
5	22484	0.276877	2215
5	22494	0.277002	2216
5	22504	0.277127	2217
5	22514	0.277252	2218
5	22524	0.277377	2219
5	22534	0.277502	2220
5	22544	0.277627	2221
5	22554	0.277752	2222
5	22564	0.277877	2223
5	22574	0.278002	2224
5	22588	0.278127	2225
5	22598	0.278252	2226
5	22608	0.278377	2227
5	22618	0.278502	2228
5	22628	0.278627	2229
5	22638	0.278752	2230
5	22648	0.278877	2231
5	22658	0.279002	2232
5	22668	0.279127	2233
5	22678	0.279252	2234
5	22688	0.279377	2235
5	22698	0.279502	2236
5	22708	0.279627	2237
5	22718	0.279752	2238
5	22728	0.279877	2239
5	22738	0.280002	2240
5	22748	0.280127	2241
5	22758	0.280252	2242
5	22768	0.280377	2243
5	22778	0.280502	2244
5	22788	0.280627	2245
5	22798	0.280752	2246
5	22808	0.280877	2247
5	22818	0.281002	2248
5	22828	0.281127	2249
5	22838	0.281252	2250
5	22852	0.281377	2251
5	22862	0.281502	2252
5	22872	0.281627	2253
5	22882	0.281752	2254
5	22892	0.281877	2255
5	22902	0.282002	2256
5	22912	0.282127	2257
5	22922	0.282252	2258
5	22932	0.282377	2259
5	22942	0.282502	2260
5	22952	0.282627	2261
5	22962	0.282752	2262
5	22972	0.282877	2263
5	22982	0.283002	2264
5	22992	0.283127	2265
5	23002	0.283252	2266
5	23012	0.283377	2267
5	23022	0.283502	2268
5	23032	0.283627	2269
5	23042	0.283752	2270
5	23052	0.283877	2271
5	23062	0.284002	2272
5	23072	0.284127	2273
5	23082	0.284252	2274
5	23092	0.284377	2275
5	23102	0.284502	2276
5	23116	0.284627	2277
5	23126	0.284752	2278
5	23136	0.284877	2279
5	23146	0.285002	2280
5	23156	0.285127	2281
5	23166	0.285252	2282
5	23176	0.285377	2283
5	23186	0.285502	2284
5	23196	0.285627	2285
5	23206	0.285752	2286
5	23216	0.285877	2287
5	23226	0.286002	2288
5	23236	0.286127	2289
5	23246	0.286252	2290
5	23256	0.286377	2291
5	23266	0.286502	2292
5	23276	0.286627	2293
5	23286	0.286752	2294
5	23296	0.286877	2295
5	23306	0.287002	2296
5	23316	0.287127	2297
5	23326	0.287252	2298
5	23336	0.287377	2299
5	23346	0.287502	2300
5	23356	0.287627	2301
5	23366	0.287752	2302
5	23380	0.287877	2303
5	23390	0.288002	2304
5	23400	0.288127	2305
5	23410	0.288252	2306
5	23420	0.288377	2307
5	23430	0.288502	2308
5	23440	0.288627	2309
5	23450	0.288752	2310
5	23460	0.288877	2311
5	23470	0.289002	2312
5	23480	0.289127	2313
5	23490	0.289252	2314
5	23500	0.289377	2315
5	23510	0.289502	2316
5	23520	0.289627	2317
5	23530	0.289752	2318
5	23540	0.289877	2319
5	23550	0.290002	2320
5	23560	0.290127	2321
5	23570	0.290252	2322
5	23580	0.290377	2323
5	23590	0.290502	2324
5	23600	0.290627	2325
5	23610	0.290752	2326
5	23620	0.290877	2327
5	23630	0.291002	2328
5	23640	0.291127	2329
5	23654	0.291252	2330
5	23664	0.291377	2331
5	23674	0.291502	2332
5	23684	0.291627	2333
5	23694	0.291752	2334
5	23704	0.291877	2335
5	23714	0.292002	2336
5	23724	0.292127	2337
5	23734	0.292252	2338
5	23744	0.292377	2339
5	23754	0.292502	2340
5	23764	0.292627	2341
5	23774	0.292752	2342
5	23784	0.292877	2343
5	23794	0.293002	2344
5	23804	0.293127	2345
5	23814	0.293252	2346
5	23824	0.293377	2347
5	23834	0.293502	2348
5	23844	0.293627	2349
5	23854	0.293752	2350
5	23864	0.293877	2351
5	23874	0.294002	2352
5	23884	0.294127	2353
5	23894	0.294252	2354
5	23904	0.294377	2355
5	23918	0.294502	2356
5	23928	0.294627	2357
5	23938	0.294752	2358
5	23948	0.294877	2359
5	23958	0.295002	2360
5	23968	0.295127	2361
5	23978	0.295252	2362
5	23988	0.295377	2363
5	23998	0.295502	2364
5	24008	0.295627	2365
5	24018	0.295752	2366
5	24028	0.295877	2367
5	24038	0.296002	2368
5	24048	0.296127	2369
5	24058	0.296252	2370
5	24068	0.296377	2371
5	24078	0.296502	2372
5	24088	0.296627	2373
5	24098	0.296752	2374
5	24108	0.296877	2375
5	24118	0.297002	2376
5	24128	0.297127	2377
5	24138	0.297252	2378
5	24148	0.297377	2379
5	24158	0.297502	2380
5	24168	0.297627	2381
5	24182	0.297752	2382
5	24192	0.297877	2383
5	24202	0.298002	2384
5	24212	0.298127	2385
5	24222	0.298252	2386
5	24232	0.298377	2387
5	24242	0.298502	2388
5	24252	0.298627	2389
5	24262	0.298752	2390
5	24272	0.298877	2391
5	24282	0.299002	2392
5	24292	0.299127	2393
5	24302	0.299252	2394
5	24312	0.299377	2395
5	24322	0.299502	2396
5	24332	0.299627	2397
5	24342	0.299752	2398
5	24352	0.299877	2399
5	24362	0.300002	2400
5	24372	0.300127	2401
5	24382	0.300252	2402
5	24392	0.300377	2403
5	24402	0.300502	2404
5	24412	0.300627	2405
5	24422	0.300752	2406
5	24432	0.300877	2407
5	24446	0.301002	2408
5	24456	0.301127	2409
5	24466	0.301252	2410
5	24476	0.301377	2411
5	24486	0.301502	2412
5	24496	0.301627	2413
5	24506	0.301752	2414
5	24516	0.301877	2415
5	24526	0.302002	2416
5	24536	0.302127	2417
5	24546	0.302252	2418
5	24556	0.302377	2419
5	24566	0.302502	2420
5	24576	0.302627	2421
5	24586	0.302752	2422
5	24596	0.302877	2423
5	24606	0.303002	2424
5	24616	0.303127	2425
5	24626	0.303252	2426
5	24636	0.303377	2427
5	24646	0.303502	2428
5	24656	0.303627	2429
5	24666	0.303752	2430
5	24676	0.303877	2431
5	24686	0.304002	2432
5	24696	0.304127	2433
5	24710	0.304252	2434
5	24720	0.304377	2435
5	24730	0.304502	2436
5	24740	0.304627	2437
5	24750	0.304752	2438
5	24760	0.304877	2439
5	24770	0.305002	2440
5	24780	0.305127	2441
5	24790	0.305252	2442
5	24800	0.305377	2443
5	24810	0.305502	2444
5	24820	0.305627	2445
5	24830	0.305752	2446
5	24840	0.305877	2447
5	24850	0.306002	2448
5	24860	0.306127	2449
5	24870	0.306252	2450
5	24880	0.306377	2451
5	24890	0.306502	2452
5	24900	0.306627	2453
5	24910	0.306752	2454
5	24920	0.306877	2455
5	24930	0.307002	2456
5	24940	0.307127	2457
5	24950	0.307252	2458
5	24960	0.307377	2459
5	24974	0.307502	2460
5	24984	0.307627	2461
5	24994	0.307752	2462
5	25004	0.307877	2463
5	25014	0.308002	2464
5	25024	0.308127	2465
5	25034	0.308252	2466
5	25044	0.308377	2467
5	25054	0.308502	2468
5	25064	0.308627	2469
5	25074	0.308752	2470
5	25084	0.308877	2471
5	25094	0.309002	2472
5	25104	0.309127	2473
5	25114	0.309252	2474
5	25124	0.309377	2475
5	25134	0.309502	2476
5	25144	0.309627	2477
5	25154	0.309752	2478
5	25164	0.309877	2479
5	25174	0.310002	2480
5	25184	0.310127	2481
5	25194	0.310252	2482
5	25204	0.310377	2483
5	25214	0.310502	2484
5	25224	0.310627	2485
5	25234	0.310752	2486
5	25248	0.310877	2487
5	25258	0.311002	2488
5	25268	0.311127	2489
5	25278	0.311252	2490
5	25288	0.311377	2491
5	25298	0.311502	2492
5	25308	0.311627	2493
5	25318	0.311752	2494
5	25328	0.311877	2495
5	25338	0.312002	2496
5	25348	0.312127	2497
5	25358	0.312252	2498
5	25368	0.312377	2499
5	25378	0.312502	2500
5	25388	0.312627	2501
5	25398	0.312752	2502
5	25408	0.312877	2503
5	25418	0.313002	2504
5	25428	0.313127	2505
5	25438	0.313252	2506
5	25448	0.313377	2507
5	25458	0.313502	2508
5	25468	0.313627	2509
5	25478	0.313752	2510
5	25488	0.313877	2511
5	25498	0.314002	2512
5	25512	0.314127	2513
5	25522	0.314252	2514
5	25532	0.314377	2515
5	25542	0.314502	2516
5	25552	0.314627	2517
5	25562	0.314752	2518
5	25572	0.314877	2519
5	25582	0.315002	2520
5	25592	0.315127	2521
5	25602	0.315252	2522
5	25612	0.315377	2523
5	25622	0.315502	2524
5	25632	0.315627	2525
5	25642	0.315752	2526
5	25652	0.315877	2527
5	25662	0.316002	2528
5	25672	0.316127	2529
5	25682	0.316252	2530
5	25692	0.316377	2531
5	25702	0.316502	2532
5	25712	0.316627	2533
5	25722	0.316752	2534
5	25732	0.316877	2535
5	25742	0.317002	2536
5	25752	0.317127	2537
5	25762	0.317252	2538
5	25776	0.317377	2539
5	25786	0.317502	2540
5	25796	0.317627	2541
5	25806	0.317752	2542
5	25816	0.317877	2543
5	25826	0.318002	2544
5	25836	0.318127	2545
5	25846	0.318252	2546
5	25856	0.318377	2547
5	25866	0.318502	2548
5	25876	0.318627	2549
5	25886	0.318752	2550
5	25896	0.318877	2551
5	25906	0.319002	2552
5	25916	0.319127	2553
5	25926	0.319252	2554
5	25936	0.319377	2555
5	25946	0.319502	2556
5	25956	0.319627	2557
5	25966	0.319752	2558
5	25976	0.319877	2559
5	25986	0.320002	2560
5	25996	0.320127	2561
5	26006	0.320252	2562
5	26016	0.320377	2563
5	26026	0.320502	2564
5	26040	0.320627	2565
5	26050	0.320752	2566
5	26060	0.320877	2567
5	26070	0.321002	2568
5	26080	0.321127	2569
5	26090	0.321252	2570
5	26100	0.321377	2571
5	26110	0.321502	2572
5	26120	0.321627	2573
5	26130	0.321752	2574
5	26140	0.321877	2575
5	26150	0.322002	2576
5	26160	0.322127	2577
5	26170	0.322252	2578
5	26180	0.322377	2579
5	26190	0.322502	2580
5	26200	0.322627	2581
5	26210	0.322752	2582
5	26220	0.322877	2583
5	26230	0.323002	2584
5	26240	0.323127	2585
5	26250	0.323252	2586
5	26260	0.323377	2587
5	26270	0.323502	2588
5	26280	0.323627	2589
5	26290	0.323752	2590
5	26304	0.323877	2591
5	26314	0.324002	2592
5	26324	0.324127	2593
5	26334	0.324252	2594
5	26344	0.324377	2595
5	26354	0.324502	2596
5	26364	0.324627	2597
5	26374	0.324752	2598
5	26384	0.324877	2599
5	26394	0.325002	2600
5	26404	0.325127	2601
5	26414	0.325252	2602
5	26424	0.325377	2603
5	26434	0.325502	2604
5	26444	0.325627	2605
5	26454	0.325752	2606
5	26464	0.325877	2607
5	26474	0.326002	2608
5	26484	0.326127	2609
5	26494	0.326252	2610
5	26504	0.326377	2611
5	26514	0.326502	2612
5	26524	0.326627	2613
5	26534	0.326752	2614
5	26544	0.326877	2615
5	26554	0.327002	2616
5	26568	0.327127	2617
5	26578	0.327252	2618
5	26588	0.327377	2619
5	26598	0.327502	2620
5	26608	0.327627	2621
5	26618	0.327752	2622
5	26628	0.327877	2623
5	26638	0.328002	2624
5	26648	0.328127	2625
5	26658	0.328252	2626
5	26668	0.328377	2627
5	26678	0.328502	2628
5	26688	0.328627	2629
5	26698	0.328752	2630
5	26708	0.328877	2631
5	26718	0.329002	2632
5	26728	0.329127	2633
5	26738	0.329252	2634
5	26748	0.329377	2635
5	26758	0.329502	2636
5	26768	0.329627	2637
5	26778	0.329752	2638
5	26788	0.329877	2639
5	26798	0.330002	2640
5	26808	0.330127	2641
5	26818	0.330252	2642
5	26828	0.330377	2643
5	26842	0.330502	2644
5	26852	0.330627	2645
5	26862	0.330752	2646
5	26872	0.330877	2647
5	26882	0.331002	2648
5	26892	0.331127	2649
5	26902	0.331252	2650
5	26912	0.331377	2651
5	26922	0.331502	2652
5	26932	0.331627	2653
5	26942	0.331752	2654
5	26952	0.331877	2655
5	26962	0.332002	2656
5	26972	0.332127	2657
5	26982	0.332252	2658
5	26992	0.332377	2659
5	27002	0.332502	2660
5	27012	0.332627	2661
5	27022	0.332752	2662
5	27032	0.332877	2663
5	27042	0.333002	2664
5	27052	0.333127	2665
5	27062	0.333252	2666
5	27072	0.333377	2667
5	27082	0.333502	2668
5	27092	0.333627	2669
5	27106	0.333752	2670
5	27116	0.333877	2671
5	27126	0.334002	2672
5	27136	0.334127	2673
5	27146	0.334252	2674
5	27156	0.334377	2675
5	27166	0.334502	2676
5	27176	0.334627	2677
5	27186	0.334752	2678
5	27196	0.334877	2679
5	27206	0.335002	2680
5	27216	0.335127	2681
5	27226	0.335252	2682
5	27236	0.335377	2683
5	27246	0.335502	2684
5	27256	0.335627	2685
5	27266	0.335752	2686
5	27276	0.335877	2687
5	27286	0.336002	2688
5	27296	0.336127	2689
5	27306	0.336252	2690
5	27316	0.336377	2691
5	27326	0.336502	2692
5	27336	0.336627	2693
5	27346	0.336752	2694
5	27356	0.336877	2695
5	27370	0.337002	2696
5	27380	0.337127	2697
5	27390	0.337252	2698
5	27400	0.337377	2699
5	27410	0.337502	2700
5	27420	0.337627	2701
5	27430	0.337752	2702
5	27440	0.337877	2703
5	27450	0.338002	2704
5	27460	0.338127	2705
5	27470	0.338252	2706
5	27480	0.338377	2707
5	27490	0.338502	2708
5	27500	0.338627	2709
5	27510	0.338752	2710
5	27520	0.338877	2711
5	27530	0.339002	2712
5	27540	0.339127	2713
5	27550	0.339252	2714
5	27560	0.339377	2715
5	27570	0.339502	2716
5	27580	0.339627	2717
5	27590	0.339752	2718
5	27600	0.339877	2719
5	27610	0.340002	2720
5	27620	0.340127	2721
5	27634	0.340252	2722
5	27644	0.340377	2723
5	27654	0.340502	2724
5	27664	0.340627	2725
5	27674	0.340752	2726
5	27684	0.340877	2727
5	27694	0.341002	2728
5	27704	0.341127	2729
5	27714	0.341252	2730
5	27724	0.341377	2731
5	27734	0.341502	2732
5	27744	0.341627	2733
5	27754	0.341752	2734
5	27764	0.341877	2735
5	27774	0.342002	2736
5	27784	0.342127	2737
5	27794	0.342252	2738
5	27804	0.342377	2739
5	27814	0.342502	2740
5	27824	0.342627	2741
5	27834	0.342752	2742
5	27844	0.342877	2743
5	27854	0.343002	2744
5	27864	0.343127	2745
5	27874	0.343252	2746
5	27884	0.343377	2747
5	27898	0.343502	2748
5	27908	0.343627	2749
5	27918	0.343752	2750
5	27928	0.343877	2751
5	27938	0.344002	2752
5	27948	0.344127	2753
5	27958	0.344252	2754
5	27968	0.344377	2755
5	27978	0.344502	2756
5	27988	0.344627	2757
5	27998	0.344752	2758
5	28008	0.344877	2759
5	28018	0.345002	2760
5	28028	0.345127	2761
5	28038	0.345252	2762
5	28048	0.345377	2763
5	28058	0.345502	2764
5	28068	0.345627	2765
5	28078	0.345752	2766
5	28088	0.345877	2767
5	28098	0.346002	2768
5	28108	0.346127	2769
5	28118	0.346252	2770
5	28128	0.346377	2771
5	28138	0.346502	2772
5	28148	0.346627	2773
5	28160	0.346752	2774
5	28172	0.346877	2775
5	28182	0.347002	2776
5	28192	0.347127	2777
5	28202	0.347252	2778
5	28212	0.347377	2779
5	28222	0.347502	2780
5	28232	0.347627	2781
5	28242	0.347752	2782
5	28252	0.347877	2783
5	28262	0.348002	2784
5	28272	0.348127	2785
5	28282	0.348252	2786
5	28292	0.348377	2787
5	28302	0.348502	2788
5	28312	0.348627	2789
5	28322	0.348752	2790
5	28332	0.348877	2791
5	28342	0.349002	2792
5	28352	0.349127	2793
5	28362	0.349252	2794
5	28372	0.349377	2795
5	28382	0.349502	2796
5	28392	0.349627	2797
5	28402	0.349752	2798
5	28412	0.349877	2799
5	28422	0.350002	2800
5	28436	0.350127	2801
5	28446	0.350252	2802
5	28456	0.350377	2803
5	28466	0.350502	2804
5	28476	0.350627	2805
5	28486	0.350752	2806
5	28496	0.350877	2807
5	28506	0.351002	2808
5	28516	0.351127	2809
5	28526	0.351252	2810
5	28536	0.351377	2811
5	28546	0.351502	2812
5	28556	0.351627	2813
5	28566	0.351752	2814
5	28576	0.351877	2815
5	28586	0.352002	2816
5	28596	0.352127	2817
5	28606	0.352252	2818
5	28616	0.352377	2819
5	28626	0.352502	2820
5	28636	0.352627	2821
5	28646	0.352752	2822
5	28656	0.352877	2823
5	28666	0.353002	2824
5	28676	0.353127	2825
5	28686	0.353252	2826
5	28700	0.353377	2827
5	28710	0.353502	2828
5	28720	0.353627	2829
5	28730	0.353752	2830
5	28740	0.353877	2831
5	28750	0.354002	2832
5	28760	0.354127	2833
5	28770	0.354252	2834
5	28780	0.354377	2835
5	28790	0.354502	2836
5	28800	0.354627	2837
5	28810	0.354752	2838
5	28820	0.354877	2839
5	28830	0.355002	2840
5	28840	0.355127	2841
5	28850	0.355252	2842
5	28860	0.355377	2843
5	28870	0.355502	2844
5	28880	0.355627	2845
5	28890	0.355752	2846
5	28900	0.355877	2847
5	28910	0.356002	2848
5	28920	0.356127	2849
5	28930	0.356252	2850
5	28940	0.356377	2851
5	28950	0.356502	2852
5	28964	0.356627	2853
5	28974	0.356752	2854
5	28984	0.356877	2855
5	28994	0.357002	2856
5	29004	0.357127	2857
5	29014	0.357252	2858
5	29024	0.357377	2859
5	29034	0.357502	2860
5	29044	0.357627	2861
5	29054	0.357752	2862
5	29064	0.357877	2863
5	29074	0.358002	2864
5	29084	0.358127	2865
5	29094	0.358252	2866
5	29104	0.358377	2867
5	29114	0.358502	2868
5	29124	0.358627	2869
5	29134	0.358752	2870
5	29144	0.358877	2871
5	29154	0.359002	2872
5	29164	0.359127	2873
5	29174	0.359252	2874
5	29184	0.359377	2875
5	29194	0.359502	2876
5	29204	0.359627	2877
5	29214	0.359752	2878
5	29228	0.359877	2879
5	29238	0.360002	2880
5	29248	0.360127	2881
5	29258	0.360252	2882
5	29268	0.360377	2883
5	29278	0.360502	2884
5	29288	0.360627	2885
5	29298	0.360752	2886
5	29308	0.360877	2887
5	29318	0.361002	2888
5	29328	0.361127	2889
5	29338	0.361252	2890
5	29348	0.361377	2891
5	29358	0.361502	2892
5	29368	0.361627	2893
5	29378	0.361752	2894
5	29388	0.361877	2895
5	29398	0.362002	2896
5	29408	0.362127	2897
5	29418	0.362252	2898
5	29428	0.362377	2899
5	29438	0.362502	2900
5	29448	0.362627	2901
5	29458	0.362752	2902
5	29468	0.362877	2903
5	29478	0.363002	2904
5	29492	0.363127	2905
5	29502	0.363252	2906
5	29512	0.363377	2907
5	29522	0.363502	2908
5	29532	0.363627	2909
5	29542	0.363752	2910
5	29552	0.363877	2911
5	29562	0.364002	2912
5	29572	0.364127	2913
5	29582	0.364252	2914
5	29592	0.364377	2915
5	29602	0.364502	2916
5	29612	0.364627	2917
5	29622	0.364752	2918
5	29632	0.364877	2919
5	29642	0.365002	2920
5	29652	0.365127	2921
5	29662	0.365252	2922
5	29672	0.365377	2923
5	29682	0.365502	2924
5	29692	0.365627	2925
5	29702	0.365752	2926
5	29712	0.365877	2927
5	29722	0.366002	2928
5	29732	0.366127	2929
5	29742	0.366252	2930
5	29752	0.366377	2931
5	29766	0.366502	2932
5	29776	0.366627	2933
5	29786	0.366752	2934
5	29796	0.366877	2935
5	29806	0.367002	2936
5	29816	0.367127	2937
5	29826	0.367252	2938
5	29836	0.367377	2939
5	29846	0.367502	2940
5	29856	0.367627	2941
5	29866	0.367752	2942
5	29876	0.367877	2943
5	29886	0.368002	2944
5	29896	0.368127	2945
5	29906	0.368252	2946
5	29916	0.368377	2947
5	29926	0.368502	2948
5	29936	0.368627	2949
5	29946	0.368752	2950
5	29956	0.368877	2951
5	29966	0.369002	2952
5	29976	0.369127	2953
5	29986	0.369252	2954
5	29996	0.369377	2955
5	30006	0.369502	2956
5	30016	0.369627	2957
5	30030	0.369752	2958
5	30040	0.369877	2959
5	30050	0.370002	2960
5	30060	0.370127	2961
5	30070	0.370252	2962
5	30080	0.370377	2963
5	30090	0.370502	2964
5	30100	0.370627	2965
5	30110	0.370752	2966
5	30120	0.370877	2967
5	30130	0.371002	2968
5	30140	0.371127	2969
5	30150	0.371252	2970
5	30160	0.371377	2971
5	30170	0.371502	2972
5	30180	0.371627	2973
5	30190	0.371752	2974
5	30200	0.371877	2975
5	30210	0.372002	2976
5	30220	0.372127	2977
5	30230	0.372252	2978
5	30240	0.372377	2979
5	30250	0.372502	2980
5	30260	0.372627	2981
5	30270	0.372752	2982
5	30280	0.372877	2983
5	30294	0.373002	2984
5	30304	0.373127	2985
5	30314	0.373252	2986
5	30324	0.373377	2987
5	30334	0.373502	2988
5	30344	0.373627	2989
5	30354	0.373752	2990
5	30364	0.373877	2991
5	30374	0.374002	2992
5	30384	0.374127	2993
5	30394	0.374252	2994
5	30404	0.374377	2995
5	30414	0.374502	2996
5	30424	0.374627	2997
5	30434	0.374752	2998
5	30444	0.374877	2999
5	30454	0.375002	3000
5	30464	0.375127	3001
5	30474	0.375252	3002
5	30484	0.375377	3003
5	30494	0.375502	3004
5	30504	0.375627	3005
5	30514	0.375752	3006
5	30524	0.375877	3007
5	30534	0.376002	3008
5	30544	0.376127	3009
5	30558	0.376252	3010
5	30568	0.376377	3011
5	30578	0.376502	3012
5	30588	0.376627	3013
5	30598	0.376752	3014
5	30608	0.376877	3015
5	30618	0.377002	3016
5	30628	0.377127	3017
5	30638	0.377252	3018
5	30648	0.377377	3019
5	30658	0.377502	3020
5	30668	0.377627	3021
5	30678	0.377752	3022
5	30688	0.377877	3023
5	30698	0.378002	3024
5	30708	0.378127	3025
5	30718	0.378252	3026
5	30728	0.378377	3027
5	30738	0.378502	3028
5	30748	0.378627	3029
5	30758	0.378752	3030
5	30768	0.378877	3031
5	30778	0.379002	3032
5	30788	0.379127	3033
5	30798	0.379252	3034
5	30808	0.379377	3035
5	30822	0.379502	3036
5	30832	0.379627	3037
5	30842	0.379752	3038
5	30852	0.379877	3039
5	30862	0.380002	3040
5	30872	0.380127	3041
5	30882	0.380252	3042
5	30892	0.380377	3043
5	30902	0.380502	3044
5	30912	0.380627	3045
5	30922	0.380752	3046
5	30932	0.380877	3047
5	30942	0.381002	3048
5	30952	0.381127	3049
5	30962	0.381252	3050
5	30972	0.381377	3051
5	30982	0.381502	3052
5	30992	0.381627	3053
5	31002	0.381752	3054
5	31012	0.381877	3055
5	31022	0.382002	3056
5	31032	0.382127	3057
5	31042	0.382252	3058
5	31052	0.382377	3059
5	31062	0.382502	3060
5	31072	0.382627	3061
5	31086	0.382752	3062
5	31096	0.382877	3063
5	31106	0.383002	3064
5	31116	0.383127	3065
5	31126	0.383252	3066
5	31136	0.383377	3067
5	31146	0.383502	3068
5	31156	0.383627	3069
5	31166	0.383752	3070
5	31176	0.383877	3071
5	31186	0.384002	3072
5	31196	0.384127	3073
5	31206	0.384252	3074
5	31216	0.384377	3075
5	31226	0.384502	3076
5	31236	0.384627	3077
5	31246	0.384752	3078
5	31256	0.384877	3079
5	31266	0.385002	3080
5	31276	0.385127	3081
5	31286	0.385252	3082
5	31296	0.385377	3083
5	31306	0.385502	3084
5	31316	0.385627	3085
5	31326	0.385752	3086
5	31336	0.385877	3087
5	31346	0.386002	3088
5	31360	0.386127	3089
5	31370	0.386252	3090
5	31380	0.386377	3091
5	31390	0.386502	3092
5	31400	0.386627	3093
5	31410	0.386752	3094
5	31420	0.386877	3095
5	31430	0.387002	3096
5	31440	0.387127	3097
5	31450	0.387252	3098
5	31460	0.387377	3099
5	31470	0.387502	3100
5	31480	0.387627	3101
5	31490	0.387752	3102
5	31500	0.387877	3103
5	31510	0.388002	3104
5	31520	0.388127	3105
5	31530	0.388252	3106
5	31540	0.388377	3107
5	31550	0.388502	3108
5	31560	0.388627	3109
5	31570	0.388752	3110
5	31580	0.388877	3111
5	31590	0.389002	3112
5	31600	0.389127	3113
5	31610	0.389252	3114
5	31624	0.389377	3115
5	31634	0.389502	3116
5	31644	0.389627	3117
5	31654	0.389752	3118
5	31664	0.389877	3119
5	31674	0.390002	3120
5	31684	0.390127	3121
5	31694	0.390252	3122
5	31704	0.390377	3123
5	31714	0.390502	3124
5	31724	0.390627	3125
5	31734	0.390752	3126
5	31744	0.390877	3127
5	31754	0.391002	3128
5	31764	0.391127	3129
5	31774	0.391252	3130
5	31784	0.391377	3131
5	31794	0.391502	3132
5	31804	0.391627	3133
5	31814	0.391752	3134
5	31824	0.391877	3135
5	31834	0.392002	3136
5	31844	0.392127	3137
5	31854	0.392252	3138
5	31864	0.392377	3139
5	31874	0.392502	3140
5	31888	0.392627	3141
5	31898	0.392752	3142
5	31908	0.392877	3143
5	31918	0.393002	3144
5	31928	0.393127	3145
5	31938	0.393252	3146
5	31948	0.393377	3147
5	31958	0.393502	3148
5	31968	0.393627	3149
5	31978	0.393752	3150
5	31988	0.393877	3151
5	31998	0.394002	3152
5	32008	0.394127	3153
5	32018	0.394252	3154
5	32028	0.394377	3155
5	32038	0.394502	3156
5	32048	0.394627	3157
5	32058	0.394752	3158
5	32068	0.394877	3159
5	32078	0.395002	3160
5	32088	0.395127	3161
5	32098	0.395252	3162
5	32108	0.395377	3163
5	32118	0.395502	3164
5	32128	0.395627	3165
5	32138	0.395752	3166
5	32152	0.395877	3167
5	32162	0.396002	3168
5	32172	0.396127	3169
5	32182	0.396252	3170
5	32192	0.396377	3171
5	32202	0.396502	3172
5	32212	0.396627	3173
5	32222	0.396752	3174
5	32232	0.396877	3175
5	32242	0.397002	3176
5	32252	0.397127	3177
5	32262	0.397252	3178
5	32272	0.397377	3179
5	32282	0.397502	3180
5	32292	0.397627	3181
5	32302	0.397752	3182
5	32312	0.397877	3183
5	32322	0.398002	3184
5	32332	0.398127	3185
5	32342	0.398252	3186
5	32352	0.398377	3187
5	32362	0.398502	3188
5	32372	0.398627	3189
5	32382	0.398752	3190
5	32392	0.398877	3191
5	32402	0.399002	3192
5	32416	0.399127	3193
5	32426	0.399252	3194
5	32436	0.399377	3195
5	32446	0.399502	3196
5	32456	0.399627	3197
5	32466	0.399752	3198
5	32476	0.399877	3199
5	32486	0.400002	3200
5	32496	0.400127	3201
5	32506	0.400252	3202
5	32516	0.400377	3203
5	32526	0.400502	3204
5	32536	0.400627	3205
5	32546	0.400752	3206
5	32556	0.400877	3207
5	32566	0.401002	3208
5	32576	0.401127	3209
5	32586	0.401252	3210
5	32596	0.401377	3211
5	32606	0.401502	3212
5	32616	0.401627	3213
5	32626	0.401752	3214
5	32636	0.401877	3215
5	32646	0.402002	3216
5	32656	0.402127	3217
5	32666	0.402252	3218
5	32680	0.402377	3219
5	32690	0.402502	3220
5	32700	0.402627	3221
5	32710	0.402752	3222
5	32720	0.402877	3223
5	32730	0.403002	3224
5	32740	0.403127	3225
5	32750	0.403252	3226
5	32760	0.403377	3227
5	32770	0.403502	3228
5	32780	0.403627	3229
5	32790	0.403752	3230
5	32800	0.403877	3231
5	32810	0.404002	3232
5	32820	0.404127	3233
5	32830	0.404252	3234
5	32840	0.404377	3235
5	32850	0.404502	3236
5	32860	0.404627	3237
5	32870	0.404752	3238
5	32880	0.404877	3239
5	32890	0.405002	3240
5	32900	0.405127	3241
5	32910	0.405252	3242
5	32920	0.405377	3243
5	32930	0.405502	3244
5	32940	0.405627	3245
5	32954	0.405752	3246
5	32964	0.405877	3247
5	32974	0.406002	3248
5	32984	0.406127	3249
5	32994	0.406252	3250
5	33004	0.406377	3251
5	33014	0.406502	3252
5	33024	0.406627	3253
5	33034	0.406752	3254
5	33044	0.406877	3255
5	33054	0.407002	3256
5	33064	0.407127	3257
5	33074	0.407252	3258
5	33084	0.407377	3259
5	33094	0.407502	3260
5	33104	0.407627	3261
5	33114	0.407752	3262
5	33124	0.407877	3263
5	33134	0.408002	3264
5	33144	0.408127	3265
5	33154	0.408252	3266
5	33164	0.408377	3267
5	33174	0.408502	3268
5	33184	0.408627	3269
5	33194	0.408752	3270
5	33204	0.408877	3271
5	33218	0.409002	3272
5	33228	0.409127	3273
5	33238	0.409252	3274
5	33248	0.409377	3275
5	33258	0.409502	3276
5	33268	0.409627	3277
5	33278	0.409752	3278
5	33288	0.409877	3279
5	33298	0.410002	3280
5	33308	0.410127	3281
5	33318	0.410252	3282
5	33328	0.410377	3283
5	33338	0.410502	3284
5	33348	0.410627	3285
5	33358	0.410752	3286
5	33368	0.410877	3287
5	33378	0.411002	3288
5	33388	0.411127	3289
5	33398	0.411252	3290
5	33408	0.411377	3291
5	33418	0.411502	3292
5	33428	0.411627	3293
5	33438	0.411752	3294
5	33448	0.411877	3295
5	33458	0.412002	3296
5	33468	0.412127	3297
5	33482	0.412252	3298
5	33492	0.412377	3299
5	33502	0.412502	3300
5	33512	0.412627	3301
5	33522	0.412752	3302
5	33532	0.412877	3303
5	33542	0.413002	3304
5	33552	0.413127	3305
5	33562	0.413252	3306
5	33572	0.413377	3307
5	33582	0.413502	3308
5	33592	0.413627	3309
5	33602	0.413752	3310
5	33612	0.413877	3311
5	33622	0.414002	3312
5	33632	0.414127	3313
5	33642	0.414252	3314
5	33652	0.414377	3315
5	33662	0.414502	3316
5	33672	0.414627	3317
5	33682	0.414752	3318
5	33692	0.414877	3319
5	33702	0.415002	3320
5	33712	0.415127	3321
5	33722	0.415252	3322
5	33732	0.415377	3323
5	33746	0.415502	3324
5	33756	0.415627	3325
5	33766	0.415752	3326
5	33776	0.415877	3327
5	33786	0.416002	3328
5	33796	0.416127	3329
5	33806	0.416252	3330
5	33816	0.416377	3331
5	33826	0.416502	3332
5	33836	0.416627	3333
5	33846	0.416752	3334
5	33856	0.416877	3335
5	33866	0.417002	3336
5	33876	0.417127	3337
5	33886	0.417252	3338
5	33896	0.417377	3339
5	33906	0.417502	3340
5	33916	0.417627	3341
5	33926	0.417752	3342
5	33936	0.417877	3343
5	33946	0.418002	3344
5	33956	0.418127	3345
5	33966	0.418252	3346
5	33976	0.418377	3347
5	33986	0.418502	3348
5	33996	0.418627	3349
5	34010	0.418752	3350
5	34020	0.418877	3351
5	34030	0.419002	3352
5	34040	0.419127	3353
5	34050	0.419252	3354
5	34060	0.419377	3355
5	34070	0.419502	3356
5	34080	0.419627	3357
5	34090	0.419752	3358
5	34100	0.419877	3359
5	34110	0.420002	3360
5	34120	0.420127	3361
5	34130	0.420252	3362
5	34140	0.420377	3363
5	34150	0.420502	3364
5	34160	0.420627	3365
5	34170	0.420752	3366
5	34180	0.420877	3367
5	34190	0.421002	3368
5	34200	0.421127	3369
5	34210	0.421252	3370
5	34220	0.421377	3371
5	34230	0.421502	3372
5	34240	0.421627	3373
5	34250	0.421752	3374
5	34260	0.421877	3375
5	34272	0.422002	3376
5	34284	0.422127	3377
5	34294	0.422252	3378
5	34304	0.422377	3379
5	34314	0.422502	3380
5	34324	0.422627	3381
5	34334	0.422752	3382
5	34344	0.422877	3383
5	34354	0.423002	3384
5	34364	0.423127	3385
5	34374	0.423252	3386
5	34384	0.423377	3387
5	34394	0.423502	3388
5	34404	0.423627	3389
5	34414	0.423752	3390
5	34424	0.423877	3391
5	34434	0.424002	3392
5	34444	0.424127	3393
5	34454	0.424252	3394
5	34464	0.424377	3395
5	34474	0.424502	3396
5	34484	0.424627	3397
5	34494	0.424752	3398
5	34504	0.424877	3399
5	34514	0.425002	3400
5	34524	0.425127	3401
5	34534	0.425252	3402
5	34548	0.425377	3403
5	34558	0.425502	3404
5	34568	0.425627	3405
5	34578	0.425752	3406
5	34588	0.425877	3407
5	34598	0.426002	3408
5	34608	0.426127	3409
5	34618	0.426252	3410
5	34628	0.426377	3411
5	34638	0.426502	3412
5	34648	0.426627	3413
5	34658	0.426752	3414
5	34668	0.426877	3415
5	34678	0.427002	3416
5	34688	0.427127	3417
5	34698	0.427252	3418
5	34708	0.427377	3419
5	34718	0.427502	3420
5	34728	0.427627	3421
5	34738	0.427752	3422
5	34748	0.427877	3423
5	34758	0.428002	3424
5	34768	0.428127	3425
5	34778	0.428252	3426
5	34788	0.428377	3427
5	34798	0.428502	3428
5	34812	0.428627	3429
5	34822	0.428752	3430
5	34832	0.428877	3431
5	34842	0.429002	3432
5	34852	0.429127	3433
5	34862	0.429252	3434
5	34872	0.429377	3435
5	34882	0.429502	3436
5	34892	0.429627	3437
5	34902	0.429752	3438
5	34912	0.429877	3439
5	34922	0.430002	3440
5	34932	0.430127	3441
5	34942	0.430252	3442
5	34952	0.430377	3443
5	34962	0.430502	3444
5	34972	0.430627	3445
5	34982	0.430752	3446
5	34992	0.430877	3447
5	35002	0.431002	3448
5	35012	0.431127	3449
5	35022	0.431252	3450
5	35032	0.431377	3451
5	35042	0.431502	3452
5	35052	0.431627	3453
5	35062	0.431752	3454
5	35076	0.431877	3455
5	35086	0.432002	3456
5	35096	0.432127	3457
5	35106	0.432252	3458
5	35116	0.432377	3459
5	35126	0.432502	3460
5	35136	0.432627	3461
5	35146	0.432752	3462
5	35156	0.432877	3463
5	35166	0.433002	3464
5	35176	0.433127	3465
5	35186	0.433252	3466
5	35196	0.433377	3467
5	35206	0.433502	3468
5	35216	0.433627	3469
5	35226	0.433752	3470
5	35236	0.433877	3471
5	35246	0.434002	3472
5	35256	0.434127	3473
5	35266	0.434252	3474
5	35276	0.434377	3475
5	35286	0.434502	3476
5	35296	0.434627	3477
5	35306	0.434752	3478
5	35316	0.434877	3479
5	35326	0.435002	3480
5	35340	0.435127	3481
5	35350	0.435252	3482
5	35360	0.435377	3483
5	35370	0.435502	3484
5	35380	0.435627	3485
5	35390	0.435752	3486
5	35400	0.435877	3487
5	35410	0.436002	3488
5	35420	0.436127	3489
5	35430	0.436252	3490
5	35440	0.436377	3491
5	35450	0.436502	3492
5	35460	0.436627	3493
5	35470	0.436752	3494
5	35480	0.436877	3495
5	35490	0.437002	3496
5	35500	0.437127	3497
5	35510	0.437252	3498
5	35520	0.437377	3499
5	35530	0.437502	3500
5	35540	0.437627	3501
5	35550	0.437752	3502
5	35560	0.437877	3503
5	35570	0.438002	3504
5	35580	0.438127	3505
5	35590	0.438252	3506
5	35604	0.438377	3507
5	35614	0.438502	3508
5	35624	0.438627	3509
5	35634	0.438752	3510
5	35644	0.438877	3511
5	35654	0.439002	3512
5	35664	0.439127	3513
5	35674	0.439252	3514
5	35684	0.439377	3515
5	35694	0.439502	3516
5	35704	0.439627	3517
5	35714	0.439752	3518
5	35724	0.439877	3519
5	35734	0.440002	3520
5	35744	0.440127	3521
5	35754	0.440252	3522
5	35764	0.440377	3523
5	35774	0.440502	3524
5	35784	0.440627	3525
5	35794	0.440752	3526
5	35804	0.440877	3527
5	35814	0.441002	3528
5	35824	0.441127	3529
5	35834	0.441252	3530
5	35844	0.441377	3531
5	35854	0.441502	3532
5	35864	0.441627	3533
5	35878	0.441752	3534
5	35888	0.441877	3535
5	35898	0.442002	3536
5	35908	0.442127	3537
5	35918	0.442252	3538
5	35928	0.442377	3539
5	35938	0.442502	3540
5	35948	0.442627	3541
5	35958	0.442752	3542
5	35968	0.442877	3543
5	35978	0.443002	3544
5	35988	0.443127	3545
5	35998	0.443252	3546
5	36008	0.443377	3547
5	36018	0.443502	3548
5	36028	0.443627	3549
5	36038	0.443752	3550
5	36048	0.443877	3551
5	36058	0.444002	3552
5	36068	0.444127	3553
5	36078	0.444252	3554
5	36088	0.444377	3555
5	36098	0.444502	3556
5	36108	0.444627	3557
5	36118	0.444752	3558
5	36128	0.444877	3559
5	36142	0.445002	3560
5	36152	0.445127	3561
5	36162	0.445252	3562
5	36172	0.445377	3563
5	36182	0.445502	3564
5	36192	0.445627	3565
5	36202	0.445752	3566
5	36212	0.445877	3567
5	36222	0.446002	3568
5	36232	0.446127	3569
5	36242	0.446252	3570
5	36252	0.446377	3571
5	36262	0.446502	3572
5	36272	0.446627	3573
5	36282	0.446752	3574
5	36292	0.446877	3575
5	36302	0.447002	3576
5	36312	0.447127	3577
5	36322	0.447252	3578
5	36332	0.447377	3579
5	36342	0.447502	3580
5	36352	0.447627	3581
5	36362	0.447752	3582
5	36372	0.447877	3583
5	36382	0.448002	3584
5	36392	0.448127	3585
5	36406	0.448252	3586
5	36416	0.448377	3587
5	36426	0.448502	3588
5	36436	0.448627	3589
5	36446	0.448752	3590
5	36456	0.448877	3591
5	36466	0.449002	3592
5	36476	0.449127	3593
5	36486	0.449252	3594
5	36496	0.449377	3595
5	36506	0.449502	3596
5	36516	0.449627	3597
5	36526	0.449752	3598
5	36536	0.449877	3599
5	36546	0.450002	3600
5	36556	0.450127	3601
5	36566	0.450252	3602
5	36576	0.450377	3603
5	36586	0.450502	3604
5	36596	0.450627	3605
5	36606	0.450752	3606
5	36616	0.450877	3607
5	36626	0.451002	3608
5	36636	0.451127	3609
5	36646	0.451252	3610
5	36656	0.451377	3611
5	36670	0.451502	3612
5	36680	0.451627	3613
5	36690	0.451752	3614
5	36700	0.451877	3615
5	36710	0.452002	3616
5	36720	0.452127	3617
5	36730	0.452252	3618
5	36740	0.452377	3619
5	36750	0.452502	3620
5	36760	0.452627	3621
5	36770	0.452752	3622
5	36780	0.452877	3623
5	36790	0.453002	3624
5	36800	0.453127	3625
5	36810	0.453252	3626
5	36820	0.453377	3627
5	36830	0.453502	3628
5	36840	0.453627	3629
5	36850	0.453752	3630
5	36860	0.453877	3631
5	36870	0.454002	3632
5	36880	0.454127	3633
5	36890	0.454252	3634
5	36900	0.454377	3635
5	36910	0.454502	3636
5	36920	0.454627	3637
5	36934	0.454752	3638
5	36944	0.454877	3639
5	36954	0.455002	3640
5	36964	0.455127	3641
5	36974	0.455252	3642
5	36984	0.455377	3643
5	36994	0.455502	3644
5	37004	0.455627	3645
5	37014	0.455752	3646
5	37024	0.455877	3647
5	37034	0.456002	3648
5	37044	0.456127	3649
5	37054	0.456252	3650
5	37064	0.456377	3651
5	37074	0.456502	3652
5	37084	0.456627	3653
5	37094	0.456752	3654
5	37104	0.456877	3655
5	37114	0.457002	3656
5	37124	0.457127	3657
5	37134	0.457252	3658
5	37144	0.457377	3659
5	37154	0.457502	3660
5	37164	0.457627	3661
5	37174	0.457752	3662
5	37184	0.457877	3663
5	37198	0.458002	3664
5	37208	0.458127	3665
5	37218	0.458252	3666
5	37228	0.458377	3667
5	37238	0.458502	3668
5	37248	0.458627	3669
5	37258	0.458752	3670
5	37268	0.458877	3671
5	37278	0.459002	3672
5	37288	0.459127	3673
5	37298	0.459252	3674
5	37308	0.459377	3675
5	37318	0.459502	3676
5	37328	0.459627	3677
5	37338	0.459752	3678
5	37348	0.459877	3679
5	37358	0.460002	3680
5	37368	0.460127	3681
5	37378	0.460252	3682
5	37388	0.460377	3683
5	37398	0.460502	3684
5	37408	0.460627	3685
5	37418	0.460752	3686
5	37428	0.460877	3687
5	37438	0.461002	3688
5	37448	0.461127	3689
5	37458	0.461252	3690
5	37472	0.461377	3691
5	37482	0.461502	3692
5	37492	0.461627	3693
5	37502	0.461752	3694
5	37512	0.461877	3695
5	37522	0.462002	3696
5	37532	0.462127	3697
5	37542	0.462252	3698
5	37552	0.462377	3699
5	37562	0.462502	3700
5	37572	0.462627	3701
5	37582	0.462752	3702
5	37592	0.462877	3703
5	37602	0.463002	3704
5	37612	0.463127	3705
5	37622	0.463252	3706
5	37632	0.463377	3707
5	37642	0.463502	3708
5	37652	0.463627	3709
5	37662	0.463752	3710
5	37672	0.463877	3711
5	37682	0.464002	3712
5	37692	0.464127	3713
5	37702	0.464252	3714
5	37712	0.464377	3715
5	37722	0.464502	3716
5	37736	0.464627	3717
5	37746	0.464752	3718
5	37756	0.464877	3719
5	37766	0.465002	3720
5	37776	0.465127	3721
5	37786	0.465252	3722
5	37796	0.465377	3723
5	37806	0.465502	3724
5	37816	0.465627	3725
5	37826	0.465752	3726
5	37836	0.465877	3727
5	37846	0.466002	3728
5	37856	0.466127	3729
5	37866	0.466252	3730
5	37876	0.466377	3731
5	37886	0.466502	3732
5	37896	0.466627	3733
5	37906	0.466752	3734
5	37916	0.466877	3735
5	37926	0.467002	3736
5	37936	0.467127	3737
5	37946	0.467252	3738
5	37956	0.467377	3739
5	37966	0.467502	3740
5	37976	0.467627	3741
5	37986	0.467752	3742
5	38000	0.467877	3743
5	38010	0.468002	3744
5	38020	0.468127	3745
5	38030	0.468252	3746
5	38040	0.468377	3747
5	38050	0.468502	3748
5	38060	0.468627	3749
5	38070	0.468752	3750
5	38080	0.468877	3751
5	38090	0.469002	3752
5	38100	0.469127	3753
5	38110	0.469252	3754
5	38120	0.469377	3755
5	38130	0.469502	3756
5	38140	0.469627	3757
5	38150	0.469752	3758
5	38160	0.469877	3759
5	38170	0.470002	3760
5	38180	0.470127	3761
5	38190	0.470252	3762
5	38200	0.470377	3763
5	38210	0.470502	3764
5	38220	0.470627	3765
5	38230	0.470752	3766
5	38240	0.470877	3767
5	38250	0.471002	3768
5	38264	0.471127	3769
5	38274	0.471252	3770
5	38284	0.471377	3771
5	38294	0.471502	3772
5	38304	0.471627	3773
5	38314	0.471752	3774
5	38324	0.471877	3775
5	38334	0.472002	3776
5	38344	0.472127	3777
5	38354	0.472252	3778
5	38364	0.472377	3779
5	38374	0.472502	3780
5	38384	0.472627	3781
5	38394	0.472752	3782
5	38404	0.472877	3783
5	38414	0.473002	3784
5	38424	0.473127	3785
5	38434	0.473252	3786
5	38444	0.473377	3787
5	38454	0.473502	3788
5	38464	0.473627	3789
5	38474	0.473752	3790
5	38484	0.473877	3791
5	38494	0.474002	3792
5	38504	0.474127	3793
5	38514	0.474252	3794
5	38528	0.474377	3795
5	38538	0.474502	3796
5	38548	0.474627	3797
5	38558	0.474752	3798
5	38568	0.474877	3799
5	38578	0.475002	3800
5	38588	0.475127	3801
5	38598	0.475252	3802
5	38608	0.475377	3803
5	38618	0.475502	3804
5	38628	0.475627	3805
5	38638	0.475752	3806
5	38648	0.475877	3807
5	38658	0.476002	3808
5	38668	0.476127	3809
5	38678	0.476252	3810
5	38688	0.476377	3811
5	38698	0.476502	3812
5	38708	0.476627	3813
5	38718	0.476752	3814
5	38728	0.476877	3815
5	38738	0.477002	3816
5	38748	0.477127	3817
5	38758	0.477252	3818
5	38768	0.477377	3819
5	38778	0.477502	3820
5	38792	0.477627	3821
5	38802	0.477752	3822
5	38812	0.477877	3823
5	38822	0.478002	3824
5	38832	0.478127	3825
5	38842	0.478252	3826
5	38852	0.478377	3827
5	38862	0.478502	3828
5	38872	0.478627	3829
5	38882	0.478752	3830
5	38892	0.478877	3831
5	38902	0.479002	3832
5	38912	0.479127	3833
5	38922	0.479252	3834
5	38932	0.479377	3835
5	38942	0.479502	3836
5	38952	0.479627	3837
5	38962	0.479752	3838
5	38972	0.479877	3839
5	38982	0.480002	3840
5	38992	0.480127	3841
5	39002	0.480252	3842
5	39012	0.480377	3843
5	39022	0.480502	3844
5	39032	0.480627	3845
5	39042	0.480752	3846
5	39052	0.480877	3847
5	39066	0.481002	3848
5	39076	0.481127	3849
5	39086	0.481252	3850
5	39096	0.481377	3851
5	39106	0.481502	3852
5	39116	0.481627	3853
5	39126	0.481752	3854
5	39136	0.481877	3855
5	39146	0.482002	3856
5	39156	0.482127	3857
5	39166	0.482252	3858
5	39176	0.482377	3859
5	39186	0.482502	3860
5	39196	0.482627	3861
5	39206	0.482752	3862
5	39216	0.482877	3863
5	39226	0.483002	3864
5	39236	0.483127	3865
5	39246	0.483252	3866
5	39256	0.483377	3867
5	39266	0.483502	3868
5	39276	0.483627	3869
5	39286	0.483752	3870
5	39296	0.483877	3871
5	39306	0.484002	3872
5	39316	0.484127	3873
5	39330	0.484252	3874
5	39340	0.484377	3875
5	39350	0.484502	3876
5	39360	0.484627	3877
5	39370	0.484752	3878
5	39380	0.484877	3879
5	39390	0.485002	3880
5	39400	0.485127	3881
5	39410	0.485252	3882
5	39420	0.485377	3883
5	39430	0.485502	3884
5	39440	0.485627	3885
5	39450	0.485752	3886
5	39460	0.485877	3887
5	39470	0.486002	3888
5	39480	0.486127	3889
5	39490	0.486252	3890
5	39500	0.486377	3891
5	39510	0.486502	3892
5	39520	0.486627	3893
5	39530	0.486752	3894
5	39540	0.486877	3895
5	39550	0.487002	3896
5	39560	0.487127	3897
5	39570	0.487252	3898
5	39580	0.487377	3899
5	39594	0.487502	3900
5	39604	0.487627	3901
5	39614	0.487752	3902
5	39624	0.487877	3903
5	39634	0.488002	3904
5	39644	0.488127	3905
5	39654	0.488252	3906
5	39664	0.488377	3907
5	39674	0.488502	3908
5	39684	0.488627	3909
5	39694	0.488752	3910
5	39704	0.488877	3911
5	39714	0.489002	3912
5	39724	0.489127	3913
5	39734	0.489252	3914
5	39744	0.489377	3915
5	39754	0.489502	3916
5	39764	0.489627	3917
5	39774	0.489752	3918
5	39784	0.489877	3919
5	39794	0.490002	3920
5	39804	0.490127	3921
5	39814	0.490252	3922
5	39824	0.490377	3923
5	39834	0.490502	3924
5	39844	0.490627	3925
5	39858	0.490752	3926
5	39868	0.490877	3927
5	39878	0.491002	3928
5	39888	0.491127	3929
5	39898	0.491252	3930
5	39908	0.491377	3931
5	39918	0.491502	3932
5	39928	0.491627	3933
5	39938	0.491752	3934
5	39948	0.491877	3935
5	39958	0.492002	3936
5	39968	0.492127	3937
5	39978	0.492252	3938
5	39988	0.492377	3939
5	39998	0.492502	3940
5	40008	0.492627	3941
5	40018	0.492752	3942
5	40028	0.492877	3943
5	40038	0.493002	3944
5	40048	0.493127	3945
5	40058	0.493252	3946
5	40068	0.493377	3947
5	40078	0.493502	3948
5	40088	0.493627	3949
5	40098	0.493752	3950
5	40108	0.493877	3951
5	40122	0.494002	3952
5	40132	0.494127	3953
5	40142	0.494252	3954
5	40152	0.494377	3955
5	40162	0.494502	3956
5	40172	0.494627	3957
5	40182	0.494752	3958
5	40192	0.494877	3959
5	40202	0.495002	3960
5	40212	0.495127	3961
5	40222	0.495252	3962
5	40232	0.495377	3963
5	40242	0.495502	3964
5	40252	0.495627	3965
5	40262	0.495752	3966
5	40272	0.495877	3967
5	40282	0.496002	3968
5	40292	0.496127	3969
5	40302	0.496252	3970
5	40312	0.496377	3971
5	40322	0.496502	3972
5	40332	0.496627	3973
5	40342	0.496752	3974
5	40352	0.496877	3975
5	40362	0.497002	3976
5	40372	0.497127	3977
5	40384	0.497252	3978
5	40396	0.497377	3979
5	40406	0.497502	3980
5	40416	0.497627	3981
5	40426	0.497752	3982
5	40436	0.497877	3983
5	40446	0.498002	3984
5	40456	0.498127	3985
5	40466	0.498252	3986
5	40476	0.498377	3987
5	40486	0.498502	3988
5	40496	0.498627	3989
5	40506	0.498752	3990
5	40516	0.498877	3991
5	40526	0.499002	3992
5	40536	0.499127	3993
5	40546	0.499252	3994
5	40556	0.499377	3995
5	40566	0.499502	3996
5	40576	0.499627	3997
5	40586	0.499752	3998
5	40596	0.499877	3999
5	40606	0.500002	4000
5	40616	0.500127	4001
5	40626	0.500252	4002
5	40636	0.500377	4003
5	40646	0.500502	4004
5	40660	0.500627	4005
5	40670	0.500752	4006
5	40680	0.500877	4007
5	40690	0.501002	4008
5	40700	0.501127	4009
5	40710	0.501252	4010
5	40720	0.501377	4011
5	40730	0.501502	4012
5	40740	0.501627	4013
5	40750	0.501752	4014
5	40760	0.501877	4015
5	40770	0.502002	4016
5	40780	0.502127	4017
5	40790	0.502252	4018
5	40800	0.502377	4019
5	40810	0.502502	4020
5	40820	0.502627	4021
5	40830	0.502752	4022
5	40840	0.502877	4023
5	40850	0.503002	4024
5	40860	0.503127	4025
5	40870	0.503252	4026
5	40880	0.503377	4027
5	40890	0.503502	4028
5	40900	0.503627	4029
5	40910	0.503752	4030
5	40924	0.503877	4031
5	40934	0.504002	4032
5	40944	0.504127	4033
5	40954	0.504252	4034
5	40964	0.504377	4035
5	40974	0.504502	4036
5	40984	0.504627	4037
5	40994	0.504752	4038
5	41004	0.504877	4039
5	41014	0.505002	4040
5	41024	0.505127	4041
5	41034	0.505252	4042
5	41044	0.505377	4043
5	41054	0.505502	4044
5	41064	0.505627	4045
5	41074	0.505752	4046
5	41084	0.505877	4047
5	41094	0.506002	4048
5	41104	0.506127	4049
5	41114	0.506252	4050
5	41124	0.506377	4051
5	41134	0.506502	4052
5	41144	0.506627	4053
5	41154	0.506752	4054
5	41164	0.506877	4055
5	41174	0.507002	4056
5	41188	0.507127	4057
5	41198	0.507252	4058
5	41208	0.507377	4059
5	41218	0.507502	4060
5	41228	0.507627	4061
5	41238	0.507752	4062
5	41248	0.507877	4063
5	41258	0.508002	4064
5	41268	0.508127	4065
5	41278	0.508252	4066
5	41288	0.508377	4067
5	41298	0.508502	4068
5	41308	0.508627	4069
5	41318	0.508752	4070
5	41328	0.508877	4071
5	41338	0.509002	4072
5	41348	0.509127	4073
5	41358	0.509252	4074
5	41368	0.509377	4075
5	41378	0.509502	4076
5	41388	0.509627	4077
5	41398	0.509752	4078
5	41408	0.509877	4079
5	41418	0.510002	4080
5	41428	0.510127	4081
5	41438	0.510252	4082
5	41452	0.510377	4083
5	41462	0.510502	4084
5	41472	0.510627	4085
5	41482	0.510752	4086
5	41492	0.510877	4087
5	41502	0.511002	4088
5	41512	0.511127	4089
5	41522	0.511252	4090
5	41532	0.511377	4091
5	41542	0.511502	4092
5	41552	0.511627	4093
5	41562	0.511752	4094
5	41572	0.511877	4095
5	41582	0.512002	4096
5	41592	0.512127	4097
5	41602	0.512252	4098
5	41612	0.512377	4099
5	41622	0.512502	4100
5	41632	0.512627	4101
5	41642	0.512752	4102
5	41652	0.512877	4103
5	41662	0.513002	4104
5	41672	0.513127	4105
5	41682	0.513252	4106
5	41692	0.513377	4107
5	41702	0.513502	4108
5	41716	0.513627	4109
5	41726	0.513752	4110
5	41736	0.513877	4111
5	41746	0.514002	4112
5	41756	0.514127	4113
5	41766	0.514252	4114
5	41776	0.514377	4115
5	41786	0.514502	4116
5	41796	0.514627	4117
5	41806	0.514752	4118
5	41816	0.514877	4119
5	41826	0.515002	4120
5	41836	0.515127	4121
5	41846	0.515252	4122
5	41856	0.515377	4123
5	41866	0.515502	4124
5	41876	0.515627	4125
5	41886	0.515752	4126
5	41896	0.515877	4127
5	41906	0.516002	4128
5	41916	0.516127	4129
5	41926	0.516252	4130
5	41936	0.516377	4131
5	41946	0.516502	4132
5	41956	0.516627	4133
5	41966	0.516752	4134
5	41976	0.516877	4135
5	41990	0.517002	4136
5	42000	0.517127	4137
5	42010	0.517252	4138
5	42020	0.517377	4139
5	42030	0.517502	4140
5	42040	0.517627	4141
5	42050	0.517752	4142
5	42060	0.517877	4143
5	42070	0.518002	4144
5	42080	0.518127	4145
5	42090	0.518252	4146
5	42100	0.518377	4147
5	42110	0.518502	4148
5	42120	0.518627	4149
5	42130	0.518752	4150
5	42140	0.518877	4151
5	42150	0.519002	4152
5	42160	0.519127	4153
5	42170	0.519252	4154
5	42180	0.519377	4155
5	42190	0.519502	4156
5	42200	0.519627	4157
5	42210	0.519752	4158
5	42220	0.519877	4159
5	42230	0.520002	4160
5	42240	0.520127	4161
5	42254	0.520252	4162
5	42264	0.520377	4163
5	42274	0.520502	4164
5	42284	0.520627	4165
5	42294	0.520752	4166
5	42304	0.520877	4167
5	42314	0.521002	4168
5	42324	0.521127	4169
5	42334	0.521252	4170
5	42344	0.521377	4171
5	42354	0.521502	4172
5	42364	0.521627	4173
5	42374	0.521752	4174
5	42384	0.521877	4175
5	42394	0.522002	4176
5	42404	0.522127	4177
5	42414	0.522252	4178
5	42424	0.522377	4179
5	42434	0.522502	4180
5	42444	0.522627	4181
5	42454	0.522752	4182
5	42464	0.522877	4183
5	42474	0.523002	4184
5	42484	0.523127	4185
5	42494	0.523252	4186
5	42504	0.523377	4187
5	42518	0.523502	4188
5	42528	0.523627	4189
5	42538	0.523752	4190
5	42548	0.523877	4191
5	42558	0.524002	4192
5	42568	0.524127	4193
5	42578	0.524252	4194
5	42588	0.524377	4195
5	42598	0.524502	4196
5	42608	0.524627	4197
5	42618	0.524752	4198
5	42628	0.524877	4199
5	42638	0.525002	4200
5	42648	0.525127	4201
5	42658	0.525252	4202
5	42668	0.525377	4203
5	42678	0.525502	4204
5	42688	0.525627	4205
5	42698	0.525752	4206
5	42708	0.525877	4207
5	42718	0.526002	4208
5	42728	0.526127	4209
5	42738	0.526252	4210
5	42748	0.526377	4211
5	42758	0.526502	4212
5	42768	0.526627	4213
5	42782	0.526752	4214
5	42792	0.526877	4215
5	42802	0.527002	4216
5	42812	0.527127	4217
5	42822	0.527252	4218
5	42832	0.527377	4219
5	42842	0.527502	4220
5	42852	0.527627	4221
5	42862	0.527752	4222
5	42872	0.527877	4223
5	42882	0.528002	4224
5	42892	0.528127	4225
5	42902	0.528252	4226
5	42912	0.528377	4227
5	42922	0.528502	4228
5	42932	0.528627	4229
5	42942	0.528752	4230
5	42952	0.528877	4231
5	42962	0.529002	4232
5	42972	0.529127	4233
5	42982	0.529252	4234
5	42992	0.529377	4235
5	43002	0.529502	4236
5	43012	0.529627	4237
5	43022	0.529752	4238
5	43032	0.529877	4239
5	43046	0.530002	4240
5	43056	0.530127	4241
5	43066	0.530252	4242
5	43076	0.530377	4243
5	43086	0.530502	4244
5	43096	0.530627	4245
5	43106	0.530752	4246
5	43116	0.530877	4247
5	43126	0.531002	4248
5	43136	0.531127	4249
5	43146	0.531252	4250
5	43156	0.531377	4251
5	43166	0.531502	4252
5	43176	0.531627	4253
5	43186	0.531752	4254
5	43196	0.531877	4255
5	43206	0.532002	4256
5	43216	0.532127	4257
5	43226	0.532252	4258
5	43236	0.532377	4259
5	43246	0.532502	4260
5	43256	0.532627	4261
5	43266	0.532752	4262
5	43276	0.532877	4263
5	43286	0.533002	4264
5	43296	0.533127	4265
5	43310	0.533252	4266
5	43320	0.533377	4267
5	43330	0.533502	4268
5	43340	0.533627	4269
5	43350	0.533752	4270
5	43360	0.533877	4271
5	43370	0.534002	4272
5	43380	0.534127	4273
5	43390	0.534252	4274
5	43400	0.534377	4275
5	43410	0.534502	4276
5	43420	0.534627	4277
5	43430	0.534752	4278
5	43440	0.534877	4279
5	43450	0.535002	4280
5	43460	0.535127	4281
5	43470	0.535252	4282
5	43480	0.535377	4283
5	43490	0.535502	4284
5	43500	0.535627	4285
5	43510	0.535752	4286
5	43520	0.535877	4287
5	43530	0.536002	4288
5	43540	0.536127	4289
5	43550	0.536252	4290
5	43560	0.536377	4291
5	43570	0.536502	4292
5	43584	0.536627	4293
5	43594	0.536752	4294
5	43604	0.536877	4295
5	43614	0.537002	4296
5	43624	0.537127	4297
5	43634	0.537252	4298
5	43644	0.537377	4299
5	43654	0.537502	4300
5	43664	0.537627	4301
5	43674	0.537752	4302
5	43684	0.537877	4303
5	43694	0.538002	4304
5	43704	0.538127	4305
5	43714	0.538252	4306
5	43724	0.538377	4307
5	43734	0.538502	4308
5	43744	0.538627	4309
5	43754	0.538752	4310
5	43764	0.538877	4311
5	43774	0.539002	4312
5	43784	0.539127	4313
5	43794	0.539252	4314
5	43804	0.539377	4315
5	43814	0.539502	4316
5	43824	0.539627	4317
5	43834	0.539752	4318
5	43848	0.539877	4319
5	43858	0.540002	4320
5	43868	0.540127	4321
5	43878	0.540252	4322
5	43888	0.540377	4323
5	43898	0.540502	4324
5	43908	0.540627	4325
5	43918	0.540752	4326
5	43928	0.540877	4327
5	43938	0.541002	4328
5	43948	0.541127	4329
5	43958	0.541252	4330
5	43968	0.541377	4331
5	43978	0.541502	4332
5	43988	0.541627	4333
5	43998	0.541752	4334
5	44008	0.541877	4335
5	44018	0.542002	4336
5	44028	0.542127	4337
5	44038	0.542252	4338
5	44048	0.542377	4339
5	44058	0.542502	4340
5	44068	0.542627	4341
5	44078	0.542752	4342
5	44088	0.542877	4343
5	44098	0.543002	4344
5	44112	0.543127	4345
5	44122	0.543252	4346
5	44132	0.543377	4347
5	44142	0.543502	4348
5	44152	0.543627	4349
5	44162	0.543752	4350
5	44172	0.543877	4351
5	44182	0.544002	4352
5	44192	0.544127	4353
5	44202	0.544252	4354
5	44212	0.544377	4355
5	44222	0.544502	4356
5	44232	0.544627	4357
5	44242	0.544752	4358
5	44252	0.544877	4359
5	44262	0.545002	4360
5	44272	0.545127	4361
5	44282	0.545252	4362
5	44292	0.545377	4363
5	44302	0.545502	4364
5	44312	0.545627	4365
5	44322	0.545752	4366
5	44332	0.545877	4367
5	44342	0.546002	4368
5	44352	0.546127	4369
5	44362	0.546252	4370
5	44376	0.546377	4371
5	44386	0.546502	4372
5	44396	0.546627	4373
5	44406	0.546752	4374
5	44416	0.546877	4375
5	44426	0.547002	4376
5	44436	0.547127	4377
5	44446	0.547252	4378
5	44456	0.547377	4379
5	44466	0.547502	4380
5	44476	0.547627	4381
5	44486	0.547752	4382
5	44496	0.547877	4383
5	44506	0.548002	4384
5	44516	0.548127	4385
5	44526	0.548252	4386
5	44536	0.548377	4387
5	44546	0.548502	4388
5	44556	0.548627	4389
5	44566	0.548752	4390
5	44576	0.548877	4391
5	44586	0.549002	4392
5	44596	0.549127	4393
5	44606	0.549252	4394
5	44616	0.549377	4395
5	44626	0.549502	4396
5	44640	0.549627	4397
5	44650	0.549752	4398
5	44660	0.549877	4399
5	44670	0.550002	4400
5	44680	0.550127	4401
5	44690	0.550252	4402
5	44700	0.550377	4403
5	44710	0.550502	4404
5	44720	0.550627	4405
5	44730	0.550752	4406
5	44740	0.550877	4407
5	44750	0.551002	4408
5	44760	0.551127	4409
5	44770	0.551252	4410
5	44780	0.551377	4411
5	44790	0.551502	4412
5	44800	0.551627	4413
5	44810	0.551752	4414
5	44820	0.551877	4415
5	44830	0.552002	4416
5	44840	0.552127	4417
5	44850	0.552252	4418
5	44860	0.552377	4419
5	44870	0.552502	4420
5	44880	0.552627	4421
5	44890	0.552752	4422
5	44904	0.552877	4423
5	44914	0.553002	4424
5	44924	0.553127	4425
5	44934	0.553252	4426
5	44944	0.553377	4427
5	44954	0.553502	4428
5	44964	0.553627	4429
5	44974	0.553752	4430
5	44984	0.553877	4431
5	44994	0.554002	4432
5	45004	0.554127	4433
5	45014	0.554252	4434
5	45024	0.554377	4435
5	45034	0.554502	4436
5	45044	0.554627	4437
5	45054	0.554752	4438
5	45064	0.554877	4439
5	45074	0.555002	4440
5	45084	0.555127	4441
5	45094	0.555252	4442
5	45104	0.555377	4443
5	45114	0.555502	4444
5	45124	0.555627	4445
5	45134	0.555752	4446
5	45144	0.555877	4447
5	45154	0.556002	4448
5	45164	0.556127	4449
5	45178	0.556252	4450
5	45188	0.556377	4451
5	45198	0.556502	4452
5	45208	0.556627	4453
5	45218	0.556752	4454
5	45228	0.556877	4455
5	45238	0.557002	4456
5	45248	0.557127	4457
5	45258	0.557252	4458
5	45268	0.557377	4459
5	45278	0.557502	4460
5	45288	0.557627	4461
5	45298	0.557752	4462
5	45308	0.557877	4463
5	45318	0.558002	4464
5	45328	0.558127	4465
5	45338	0.558252	4466
5	45348	0.558377	4467
5	45358	0.558502	4468
5	45368	0.558627	4469
5	45378	0.558752	4470
5	45388	0.558877	4471
5	45398	0.559002	4472
5	45408	0.559127	4473
5	45418	0.559252	4474
5	45428	0.559377	4475
5	45442	0.559502	4476
5	45452	0.559627	4477
5	45462	0.559752	4478
5	45472	0.559877	4479
5	45482	0.560002	4480
5	45492	0.560127	4481
5	45502	0.560252	4482
5	45512	0.560377	4483
5	45522	0.560502	4484
5	45532	0.560627	4485
5	45542	0.560752	4486
5	45552	0.560877	4487
5	45562	0.561002	4488
5	45572	0.561127	4489
5	45582	0.561252	4490
5	45592	0.561377	4491
5	45602	0.561502	4492
5	45612	0.561627	4493
5	45622	0.561752	4494
5	45632	0.561877	4495
5	45642	0.562002	4496
5	45652	0.562127	4497
5	45662	0.562252	4498
5	45672	0.562377	4499
5	45682	0.562502	4500
5	45692	0.562627	4501
5	45706	0.562752	4502
5	45716	0.562877	4503
5	45726	0.563002	4504
5	45736	0.563127	4505
5	45746	0.563252	4506
5	45756	0.563377	4507
5	45766	0.563502	4508
5	45776	0.563627	4509
5	45786	0.563752	4510
5	45796	0.563877	4511
5	45806	0.564002	4512
5	45816	0.564127	4513
5	45826	0.564252	4514
5	45836	0.564377	4515
5	45846	0.564502	4516
5	45856	0.564627	4517
5	45866	0.564752	4518
5	45876	0.564877	4519
5	45886	0.565002	4520
5	45896	0.565127	4521
5	45906	0.565252	4522
5	45916	0.565377	4523
5	45926	0.565502	4524
5	45936	0.565627	4525
5	45946	0.565752	4526
5	45956	0.565877	4527
5	45970	0.566002	4528
5	45980	0.566127	4529
5	45990	0.566252	4530
5	46000	0.566377	4531
5	46010	0.566502	4532
5	46020	0.566627	4533
5	46030	0.566752	4534
5	46040	0.566877	4535
5	46050	0.567002	4536
5	46060	0.567127	4537
5	46070	0.567252	4538
5	46080	0.567377	4539
5	46090	0.567502	4540
5	46100	0.567627	4541
5	46110	0.567752	4542
5	46120	0.567877	4543
5	46130	0.568002	4544
5	46140	0.568127	4545
5	46150	0.568252	4546
5	46160	0.568377	4547
5	46170	0.568502	4548
5	46180	0.568627	4549
5	46190	0.568752	4550
5	46200	0.568877	4551
5	46210	0.569002	4552
5	46220	0.569127	4553
5	46234	0.569252	4554
5	46244	0.569377	4555
5	46254	0.569502	4556
5	46264	0.569627	4557
5	46274	0.569752	4558
5	46284	0.569877	4559
5	46294	0.570002	4560
5	46304	0.570127	4561
5	46314	0.570252	4562
5	46324	0.570377	4563
5	46334	0.570502	4564
5	46344	0.570627	4565
5	46354	0.570752	4566
5	46364	0.570877	4567
5	46374	0.571002	4568
5	46384	0.571127	4569
5	46394	0.571252	4570
5	46404	0.571377	4571
5	46414	0.571502	4572
5	46424	0.571627	4573
5	46434	0.571752	4574
5	46444	0.571877	4575
5	46454	0.572002	4576
5	46464	0.572127	4577
5	46474	0.572252	4578
5	46484	0.572377	4579
5	46496	0.572502	4580
5	46508	0.572627	4581
5	46518	0.572752	4582
5	46528	0.572877	4583
5	46538	0.573002	4584
5	46548	0.573127	4585
5	46558	0.573252	4586
5	46568	0.573377	4587
5	46578	0.573502	4588
5	46588	0.573627	4589
5	46598	0.573752	4590
5	46608	0.573877	4591
5	46618	0.574002	4592
5	46628	0.574127	4593
5	46638	0.574252	4594
5	46648	0.574377	4595
5	46658	0.574502	4596
5	46668	0.574627	4597
5	46678	0.574752	4598
5	46688	0.574877	4599
5	46698	0.575002	4600
5	46708	0.575127	4601
5	46718	0.575252	4602
5	46728	0.575377	4603
5	46738	0.575502	4604
5	46748	0.575627	4605
5	46758	0.575752	4606
5	46772	0.575877	4607
5	46782	0.576002	4608
5	46792	0.576127	4609
5	46802	0.576252	4610
5	46812	0.576377	4611
5	46822	0.576502	4612
5	46832	0.576627	4613
5	46842	0.576752	4614
5	46852	0.576877	4615
5	46862	0.577002	4616
5	46872	0.577127	4617
5	46882	0.577252	4618
5	46892	0.577377	4619
5	46902	0.577502	4620
5	46912	0.577627	4621
5	46922	0.577752	4622
5	46932	0.577877	4623
5	46942	0.578002	4624
5	46952	0.578127	4625
5	46962	0.578252	4626
5	46972	0.578377	4627
5	46982	0.578502	4628
5	46992	0.578627	4629
5	47002	0.578752	4630
5	47012	0.578877	4631
5	47022	0.579002	4632
5	47036	0.579127	4633
5	47046	0.579252	4634
5	47056	0.579377	4635
5	47066	0.579502	4636
5	47076	0.579627	4637
5	47086	0.579752	4638
5	47096	0.579877	4639
5	47106	0.580002	4640
5	47116	0.580127	4641
5	47126	0.580252	4642
5	47136	0.580377	4643
5	47146	0.580502	4644
5	47156	0.580627	4645
5	47166	0.580752	4646
5	47176	0.580877	4647
5	47186	0.581002	4648
5	47196	0.581127	4649
5	47206	0.581252	4650
5	47216	0.581377	4651
5	47226	0.581502	4652
5	47236	0.581627	4653
5	47246	0.581752	4654
5	47256	0.581877	4655
5	47266	0.582002	4656
5	47276	0.582127	4657
5	47286	0.582252	4658
5	47300	0.582377	4659
5	47310	0.582502	4660
5	47320	0.582627	4661
5	47330	0.582752	4662
5	47340	0.582877	4663
5	47350	0.583002	4664
5	47360	0.583127	4665
5	47370	0.583252	4666
5	47380	0.583377	4667
5	47390	0.583502	4668
5	47400	0.583627	4669
5	47410	0.583752	4670
5	47420	0.583877	4671
5	47430	0.584002	4672
5	47440	0.584127	4673
5	47450	0.584252	4674
5	47460	0.584377	4675
5	47470	0.584502	4676
5	47480	0.584627	4677
5	47490	0.584752	4678
5	47500	0.584877	4679
5	47510	0.585002	4680
5	47520	0.585127	4681
5	47530	0.585252	4682
5	47540	0.585377	4683
5	47550	0.585502	4684
5	47564	0.585627	4685
5	47574	0.585752	4686
5	47584	0.585877	4687
5	47594	0.586002	4688
5	47604	0.586127	4689
5	47614	0.586252	4690
5	47624	0.586377	4691
5	47634	0.586502	4692
5	47644	0.586627	4693
5	47654	0.586752	4694
5	47664	0.586877	4695
5	47674	0.587002	4696
5	47684	0.587127	4697
5	47694	0.587252	4698
5	47704	0.587377	4699
5	47714	0.587502	4700
5	47724	0.587627	4701
5	47734	0.587752	4702
5	47744	0.587877	4703
5	47754	0.588002	4704
5	47764	0.588127	4705
5	47774	0.588252	4706
5	47784	0.588377	4707
5	47794	0.588502	4708
5	47804	0.588627	4709
5	47814	0.588752	4710
5	47828	0.588877	4711
5	47838	0.589002	4712
5	47848	0.589127	4713
5	47858	0.589252	4714
5	47868	0.589377	4715
5	47878	0.589502	4716
5	47888	0.589627	4717
5	47898	0.589752	4718
5	47908	0.589877	4719
5	47918	0.590002	4720
5	47928	0.590127	4721
5	47938	0.590252	4722
5	47948	0.590377	4723
5	47958	0.590502	4724
5	47968	0.590627	4725
5	47978	0.590752	4726
5	47988	0.590877	4727
5	47998	0.591002	4728
5	48008	0.591127	4729
5	48018	0.591252	4730
5	48028	0.591377	4731
5	48038	0.591502	4732
5	48048	0.591627	4733
5	48058	0.591752	4734
5	48068	0.591877	4735
5	48078	0.592002	4736
5	48088	0.592127	4737
5	48102	0.592252	4738
5	48112	0.592377	4739
5	48122	0.592502	4740
5	48132	0.592627	4741
5	48142	0.592752	4742
5	48152	0.592877	4743
5	48162	0.593002	4744
5	48172	0.593127	4745
5	48182	0.593252	4746
5	48192	0.593377	4747
5	48202	0.593502	4748
5	48212	0.593627	4749
5	48222	0.593752	4750
5	48232	0.593877	4751
5	48242	0.594002	4752
5	48252	0.594127	4753
5	48262	0.594252	4754
5	48272	0.594377	4755
5	48282	0.594502	4756
5	48292	0.594627	4757
5	48302	0.594752	4758
5	48312	0.594877	4759
5	48322	0.595002	4760
5	48332	0.595127	4761
5	48342	0.595252	4762
5	48352	0.595377	4763
5	48366	0.595502	4764
5	48376	0.595627	4765
5	48386	0.595752	4766
5	48396	0.595877	4767
5	48406	0.596002	4768
5	48416	0.596127	4769
5	48426	0.596252	4770
5	48436	0.596377	4771
5	48446	0.596502	4772
5	48456	0.596627	4773
5	48466	0.596752	4774
5	48476	0.596877	4775
5	48486	0.597002	4776
5	48496	0.597127	4777
5	48506	0.597252	4778
5	48516	0.597377	4779
5	48526	0.597502	4780
5	48536	0.597627	4781
5	48546	0.597752	4782
5	48556	0.597877	4783
5	48566	0.598002	4784
5	48576	0.598127	4785
5	48586	0.598252	4786
5	48596	0.598377	4787
5	48606	0.598502	4788
5	48616	0.598627	4789
5	48630	0.598752	4790
5	48640	0.598877	4791
5	48650	0.599002	4792
5	48660	0.599127	4793
5	48670	0.599252	4794
5	48680	0.599377	4795
5	48690	0.599502	4796
5	48700	0.599627	4797
5	48710	0.599752	4798
5	48720	0.599877	4799
5	48730	0.600002	4800
5	48740	0.600127	4801
5	48750	0.600252	4802
5	48760	0.600377	4803
5	48770	0.600502	4804
5	48780	0.600627	4805
5	48790	0.600752	4806
5	48800	0.600877	4807
5	48810	0.601002	4808
5	48820	0.601127	4809
5	48830	0.601252	4810
5	48840	0.601377	4811
5	48850	0.601502	4812
5	48860	0.601627	4813
5	48870	0.601752	4814
5	48880	0.601877	4815
5	48894	0.602002	4816
5	48904	0.602127	4817
5	48914	0.602252	4818
5	48924	0.602377	4819
5	48934	0.602502	4820
5	48944	0.602627	4821
5	48954	0.602752	4822
5	48964	0.602877	4823
5	48974	0.603002	4824
5	48984	0.603127	4825
5	48994	0.603252	4826
5	49004	0.603377	4827
5	49014	0.603502	4828
5	49024	0.603627	4829
5	49034	0.603752	4830
5	49044	0.603877	4831
5	49054	0.604002	4832
5	49064	0.604127	4833
5	49074	0.604252	4834
5	49084	0.604377	4835
5	49094	0.604502	4836
5	49104	0.604627	4837
5	49114	0.604752	4838
5	49124	0.604877	4839
5	49134	0.605002	4840
5	49144	0.605127	4841
5	49158	0.605252	4842
5	49168	0.605377	4843
5	49178	0.605502	4844
5	49188	0.605627	4845
5	49198	0.605752	4846
5	49208	0.605877	4847
5	49218	0.606002	4848
5	49228	0.606127	4849
5	49238	0.606252	4850
5	49248	0.606377	4851
5	49258	0.606502	4852
5	49268	0.606627	4853
5	49278	0.606752	4854
5	49288	0.606877	4855
5	49298	0.607002	4856
5	49308	0.607127	4857
5	49318	0.607252	4858
5	49328	0.607377	4859
5	49338	0.607502	4860
5	49348	0.607627	4861
5	49358	0.607752	4862
5	49368	0.607877	4863
5	49378	0.608002	4864
5	49388	0.608127	4865
5	49398	0.608252	4866
5	49408	0.608377	4867
5	49422	0.608502	4868
5	49432	0.608627	4869
5	49442	0.608752	4870
5	49452	0.608877	4871
5	49462	0.609002	4872
5	49472	0.609127	4873
5	49482	0.609252	4874
5	49492	0.609377	4875
5	49502	0.609502	4876
5	49512	0.609627	4877
5	49522	0.609752	4878
5	49532	0.609877	4879
5	49542	0.610002	4880
5	49552	0.610127	4881
5	49562	0.610252	4882
5	49572	0.610377	4883
5	49582	0.610502	4884
5	49592	0.610627	4885
5	49602	0.610752	4886
5	49612	0.610877	4887
5	49622	0.611002	4888
5	49632	0.611127	4889
5	49642	0.611252	4890
5	49652	0.611377	4891
5	49662	0.611502	4892
5	49672	0.611627	4893
5	49682	0.611752	4894
5	49696	0.611877	4895
5	49706	0.612002	4896
5	49716	0.612127	4897
5	49726	0.612252	4898
5	49736	0.612377	4899
5	49746	0.612502	4900
5	49756	0.612627	4901
5	49766	0.612752	4902
5	49776	0.612877	4903
5	49786	0.613002	4904
5	49796	0.613127	4905
5	49806	0.613252	4906
5	49816	0.613377	4907
5	49826	0.613502	4908
5	49836	0.613627	4909
5	49846	0.613752	4910
5	49856	0.613877	4911
5	49866	0.614002	4912
5	49876	0.614127	4913
5	49886	0.614252	4914
5	49896	0.614377	4915
5	49906	0.614502	4916
5	49916	0.614627	4917
5	49926	0.614752	4918
5	49936	0.614877	4919
5	49946	0.615002	4920
5	49960	0.615127	4921
5	49970	0.615252	4922
5	49980	0.615377	4923
5	49990	0.615502	4924
5	50000	0.615627	4925
5	50010	0.615752	4926
5	50020	0.615877	4927
5	50030	0.616002	4928
5	50040	0.616127	4929
5	50050	0.616252	4930
5	50060	0.616377	4931
5	50070	0.616502	4932
5	50080	0.616627	4933
5	50090	0.616752	4934
5	50100	0.616877	4935
5	50110	0.617002	4936
5	50120	0.617127	4937
5	50130	0.617252	4938
5	50140	0.617377	4939
5	50150	0.617502	4940
5	50160	0.617627	4941
5	50170	0.617752	4942
5	50180	0.617877	4943
5	50190	0.618002	4944
5	50200	0.618127	4945
5	50210	0.618252	4946
5	50224	0.618377	4947
5	50234	0.618502	4948
5	50244	0.618627	4949
5	50254	0.618752	4950
5	50264	0.618877	4951
5	50274	0.619002	4952
5	50284	0.619127	4953
5	50294	0.619252	4954
5	50304	0.619377	4955
5	50314	0.619502	4956
5	50324	0.619627	4957
5	50334	0.619752	4958
5	50344	0.619877	4959
5	50354	0.620002	4960
5	50364	0.620127	4961
5	50374	0.620252	4962
5	50384	0.620377	4963
5	50394	0.620502	4964
5	50404	0.620627	4965
5	50414	0.620752	4966
5	50424	0.620877	4967
5	50434	0.621002	4968
5	50444	0.621127	4969
5	50454	0.621252	4970
5	50464	0.621377	4971
5	50474	0.621502	4972
5	50488	0.621627	4973
5	50498	0.621752	4974
5	50508	0.621877	4975
5	50518	0.622002	4976
5	50528	0.622127	4977
5	50538	0.622252	4978
5	50548	0.622377	4979
5	50558	0.622502	4980
5	50568	0.622627	4981
5	50578	0.622752	4982
5	50588	0.622877	4983
5	50598	0.623002	4984
5	50608	0.623127	4985
5	50618	0.623252	4986
5	50628	0.623377	4987
5	50638	0.623502	4988
5	50648	0.623627	4989
5	50658	0.623752	4990
5	50668	0.623877	4991
5	50678	0.624002	4992
5	50688	0.624127	4993
5	50698	0.624252	4994
5	50708	0.624377	4995
5	50718	0.624502	4996
5	50728	0.624627	4997
5	50738	0.624752	4998
5	50752	0.624877	4999
5	50762	0.625002	5000
5	50772	0.625127	5001
5	50782	0.625252	5002
5	50792	0.625377	5003
5	50802	0.625502	5004
5	50812	0.625627	5005
5	50822	0.625752	5006
5	50832	0.625877	5007
5	50842	0.626002	5008
5	50852	0.626127	5009
5	50862	0.626252	5010
5	50872	0.626377	5011
5	50882	0.626502	5012
5	50892	0.626627	5013
5	50902	0.626752	5014
5	50912	0.626877	5015
5	50922	0.627002	5016
5	50932	0.627127	5017
5	50942	0.627252	5018
5	50952	0.627377	5019
5	50962	0.627502	5020
5	50972	0.627627	5021
5	50982	0.627752	5022
5	50992	0.627877	5023
5	51002	0.628002	5024
5	51016	0.628127	5025
5	51026	0.628252	5026
5	51036	0.628377	5027
5	51046	0.628502	5028
5	51056	0.628627	5029
5	51066	0.628752	5030
5	51076	0.628877	5031
5	51086	0.629002	5032
5	51096	0.629127	5033
5	51106	0.629252	5034
5	51116	0.629377	5035
5	51126	0.629502	5036
5	51136	0.629627	5037
5	51146	0.629752	5038
5	51156	0.629877	5039
5	51166	0.630002	5040
5	51176	0.630127	5041
5	51186	0.630252	5042
5	51196	0.630377	5043
5	51206	0.630502	5044
5	51216	0.630627	5045
5	51226	0.630752	5046
5	51236	0.630877	5047
5	51246	0.631002	5048
5	51256	0.631127	5049
5	51266	0.631252	5050
5	51276	0.631377	5051
5	51290	0.631502	5052
5	51300	0.631627	5053
5	51310	0.631752	5054
5	51320	0.631877	5055
5	51330	0.632002	5056
5	51340	0.632127	5057
5	51350	0.632252	5058
5	51360	0.632377	5059
5	51370	0.632502	5060
5	51380	0.632627	5061
5	51390	0.632752	5062
5	51400	0.632877	5063
5	51410	0.633002	5064
5	51420	0.633127	5065
5	51430	0.633252	5066
5	51440	0.633377	5067
5	51450	0.633502	5068
5	51460	0.633627	5069
5	51470	0.633752	5070
5	51480	0.633877	5071
5	51490	0.634002	5072
5	51500	0.634127	5073
5	51510	0.634252	5074
5	51520	0.634377	5075
5	51530	0.634502	5076
5	51540	0.634627	5077
5	51554	0.634752	5078
5	51564	0.634877	5079
5	51574	0.635002	5080
5	51584	0.635127	5081
5	51594	0.635252	5082
5	51604	0.635377	5083
5	51614	0.635502	5084
5	51624	0.635627	5085
5	51634	0.635752	5086
5	51644	0.635877	5087
5	51654	0.636002	5088
5	51664	0.636127	5089
5	51674	0.636252	5090
5	51684	0.636377	5091
5	51694	0.636502	5092
5	51704	0.636627	5093
5	51714	0.636752	5094
5	51724	0.636877	5095
5	51734	0.637002	5096
5	51744	0.637127	5097
5	51754	0.637252	5098
5	51764	0.637377	5099
5	51774	0.637502	5100
5	51784	0.637627	5101
5	51794	0.637752	5102
5	51804	0.637877	5103
5	51818	0.638002	5104
5	51828	0.638127	5105
5	51838	0.638252	5106
5	51848	0.638377	5107
5	51858	0.638502	5108
5	51868	0.638627	5109
5	51878	0.638752	5110
5	51888	0.638877	5111
5	51898	0.639002	5112
5	51908	0.639127	5113
5	51918	0.639252	5114
5	51928	0.639377	5115
5	51938	0.639502	5116
5	51948	0.639627	5117
5	51958	0.639752	5118
5	51968	0.639877	5119
5	51978	0.640002	5120
5	51988	0.640127	5121
5	51998	0.640252	5122
5	52008	0.640377	5123
5	52018	0.640502	5124
5	52028	0.640627	5125
5	52038	0.640752	5126
5	52048	0.640877	5127
5	52058	0.641002	5128
5	52068	0.641127	5129
5	52082	0.641252	5130
5	52092	0.641377	5131
5	52102	0.641502	5132
5	52112	0.641627	5133
5	52122	0.641752	5134
5	52132	0.641877	5135
5	52142	0.642002	5136
5	52152	0.642127	5137
5	52162	0.642252	5138
5	52172	0.642377	5139
5	52182	0.642502	5140
5	52192	0.642627	5141
5	52202	0.642752	5142
5	52212	0.642877	5143
5	52222	0.643002	5144
5	52232	0.643127	5145
5	52242	0.643252	5146
5	52252	0.643377	5147
5	52262	0.643502	5148
5	52272	0.643627	5149
5	52282	0.643752	5150
5	52292	0.643877	5151
5	52302	0.644002	5152
5	52312	0.644127	5153
5	52322	0.644252	5154
5	52332	0.644377	5155
5	52346	0.644502	5156
5	52356	0.644627	5157
5	52366	0.644752	5158
5	52376	0.644877	5159
5	52386	0.645002	5160
5	52396	0.645127	5161
5	52406	0.645252	5162
5	52416	0.645377	5163
5	52426	0.645502	5164
5	52436	0.645627	5165
5	52446	0.645752	5166
5	52456	0.645877	5167
5	52466	0.646002	5168
5	52476	0.646127	5169
5	52486	0.646252	5170
5	52496	0.646377	5171
5	52506	0.646502	5172
5	52516	0.646627	5173
5	52526	0.646752	5174
5	52536	0.646877	5175
5	52546	0.647002	5176
5	52556	0.647127	5177
5	52566	0.647252	5178
5	52576	0.647377	5179
5	52586	0.647502	5180
5	52596	0.647627	5181
5	52608	0.647752	5182
5	52620	0.647877	5183
5	52630	0.648002	5184
5	52640	0.648127	5185
5	52650	0.648252	5186
5	52660	0.648377	5187
5	52670	0.648502	5188
5	52680	0.648627	5189
5	52690	0.648752	5190
5	52700	0.648877	5191
5	52710	0.649002	5192
5	52720	0.649127	5193
5	52730	0.649252	5194
5	52740	0.649377	5195
5	52750	0.649502	5196
5	52760	0.649627	5197
5	52770	0.649752	5198
5	52780	0.649877	5199
5	52790	0.650002	5200
5	52800	0.650127	5201
5	52810	0.650252	5202
5	52820	0.650377	5203
5	52830	0.650502	5204
5	52840	0.650627	5205
5	52850	0.650752	5206
5	52860	0.650877	5207
5	52870	0.651002	5208
5	52884	0.651127	5209
5	52894	0.651252	5210
5	52904	0.651377	5211
5	52914	0.651502	5212
5	52924	0.651627	5213
5	52934	0.651752	5214
5	52944	0.651877	5215
5	52954	0.652002	5216
5	52964	0.652127	5217
5	52974	0.652252	5218
5	52984	0.652377	5219
5	52994	0.652502	5220
5	53004	0.652627	5221
5	53014	0.652752	5222
5	53024	0.652877	5223
5	53034	0.653002	5224
5	53044	0.653127	5225
5	53054	0.653252	5226
5	53064	0.653377	5227
5	53074	0.653502	5228
5	53084	0.653627	5229
5	53094	0.653752	5230
5	53104	0.653877	5231
5	53114	0.654002	5232
5	53124	0.654127	5233
5	53134	0.654252	5234
5	53148	0.654377	5235
5	53158	0.654502	5236
5	53168	0.654627	5237
5	53178	0.654752	5238
5	53188	0.654877	5239
5	53198	0.655002	5240
5	53208	0.655127	5241
5	53218	0.655252	5242
5	53228	0.655377	5243
5	53238	0.655502	5244
5	53248	0.655627	5245
5	53258	0.655752	5246
5	53268	0.655877	5247
5	53278	0.656002	5248
5	53288	0.656127	5249
5	53298	0.656252	5250
5	53308	0.656377	5251
5	53318	0.656502	5252
5	53328	0.656627	5253
5	53338	0.656752	5254
5	53348	0.656877	5255
5	53358	0.657002	5256
5	53368	0.657127	5257
5	53378	0.657252	5258
5	53388	0.657377	5259
5	53398	0.657502	5260
5	53412	0.657627	5261
5	53422	0.657752	5262
5	53432	0.657877	5263
5	53442	0.658002	5264
5	53452	0.658127	5265
5	53462	0.658252	5266
5	53472	0.658377	5267
5	53482	0.658502	5268
5	53492	0.658627	5269
5	53502	0.658752	5270
5	53512	0.658877	5271
5	53522	0.659002	5272
5	53532	0.659127	5273
5	53542	0.659252	5274
5	53552	0.659377	5275
5	53562	0.659502	5276
5	53572	0.659627	5277
5	53582	0.659752	5278
5	53592	0.659877	5279
5	53602	0.660002	5280
5	53612	0.660127	5281
5	53622	0.660252	5282
5	53632	0.660377	5283
5	53642	0.660502	5284
5	53652	0.660627	5285
5	53662	0.660752	5286
5	53676	0.660877	5287
5	53686	0.661002	5288
5	53696	0.661127	5289
5	53706	0.661252	5290
5	53716	0.661377	5291
5	53726	0.661502	5292
5	53736	0.661627	5293
5	53746	0.661752	5294
5	53756	0.661877	5295
5	53766	0.662002	5296
5	53776	0.662127	5297
5	53786	0.662252	5298
5	53796	0.662377	5299
5	53806	0.662502	5300
5	53816	0.662627	5301
5	53826	0.662752	5302
5	53836	0.662877	5303
5	53846	0.663002	5304
5	53856	0.663127	5305
5	53866	0.663252	5306
5	53876	0.663377	5307
5	53886	0.663502	5308
5	53896	0.663627	5309
5	53906	0.663752	5310
5	53916	0.663877	5311
5	53926	0.664002	5312
5	53940	0.664127	5313
5	53950	0.664252	5314
5	53960	0.664377	5315
5	53970	0.664502	5316
5	53980	0.664627	5317
5	53990	0.664752	5318
5	54000	0.664877	5319
5	54010	0.665002	5320
5	54020	0.665127	5321
5	54030	0.665252	5322
5	54040	0.665377	5323
5	54050	0.665502	5324
5	54060	0.665627	5325
5	54070	0.665752	5326
5	54080	0.665877	5327
5	54090	0.666002	5328
5	54100	0.666127	5329
5	54110	0.666252	5330
5	54120	0.666377	5331
5	54130	0.666502	5332
5	54140	0.666627	5333
5	54150	0.666752	5334
5	54160	0.666877	5335
5	54170	0.667002	5336
5	54180	0.667127	5337
5	54190	0.667252	5338
5	54200	0.667377	5339
5	54214	0.667502	5340
5	54224	0.667627	5341
5	54234	0.667752	5342
5	54244	0.667877	5343
5	54254	0.668002	5344
5	54264	0.668127	5345
5	54274	0.668252	5346
5	54284	0.668377	5347
5	54294	0.668502	5348
5	54304	0.668627	5349
5	54314	0.668752	5350
5	54324	0.668877	5351
5	54334	0.669002	5352
5	54344	0.669127	5353
5	54354	0.669252	5354
5	54364	0.669377	5355
5	54374	0.669502	5356
5	54384	0.669627	5357
5	54394	0.669752	5358
5	54404	0.669877	5359
5	54414	0.670002	5360
5	54424	0.670127	5361
5	54434	0.670252	5362
5	54444	0.670377	5363
5	54454	0.670502	5364
5	54464	0.670627	5365
5	54478	0.670752	5366
5	54488	0.670877	5367
5	54498	0.671002	5368
5	54508	0.671127	5369
5	54518	0.671252	5370
5	54528	0.671377	5371
5	54538	0.671502	5372
5	54548	0.671627	5373
5	54558	0.671752	5374
5	54568	0.671877	5375
5	54578	0.672002	5376
5	54588	0.672127	5377
5	54598	0.672252	5378
5	54608	0.672377	5379
5	54618	0.672502	5380
5	54628	0.672627	5381
5	54638	0.672752	5382
5	54648	0.672877	5383
5	54658	0.673002	5384
5	54668	0.673127	5385
5	54678	0.673252	5386
5	54688	0.673377	5387
5	54698	0.673502	5388
5	54708	0.673627	5389
5	54718	0.673752	5390
5	54728	0.673877	5391
5	54742	0.674002	5392
5	54752	0.674127	5393
5	54762	0.674252	5394
5	54772	0.674377	5395
5	54782	0.674502	5396
5	54792	0.674627	5397
5	54802	0.674752	5398
5	54812	0.674877	5399
5	54822	0.675002	5400
5	54832	0.675127	5401
5	54842	0.675252	5402
5	54852	0.675377	5403
5	54862	0.675502	5404
5	54872	0.675627	5405
5	54882	0.675752	5406
5	54892	0.675877	5407
5	54902	0.676002	5408
5	54912	0.676127	5409
5	54922	0.676252	5410
5	54932	0.676377	5411
5	54942	0.676502	5412
5	54952	0.676627	5413
5	54962	0.676752	5414
5	54972	0.676877	5415
5	54982	0.677002	5416
5	54992	0.677127	5417
5	55006	0.677252	5418
5	55016	0.677377	5419
5	55026	0.677502	5420
5	55036	0.677627	5421
5	55046	0.677752	5422
5	55056	0.677877	5423
5	55066	0.678002	5424
5	55076	0.678127	5425
5	55086	0.678252	5426
5	55096	0.678377	5427
5	55106	0.678502	5428
5	55116	0.678627	5429
5	55126	0.678752	5430
5	55136	0.678877	5431
5	55146	0.679002	5432
5	55156	0.679127	5433
5	55166	0.679252	5434
5	55176	0.679377	5435
5	55186	0.679502	5436
5	55196	0.679627	5437
5	55206	0.679752	5438
5	55216	0.679877	5439
5	55226	0.680002	5440
5	55236	0.680127	5441
5	55246	0.680252	5442
5	55256	0.680377	5443
5	55270	0.680502	5444
5	55280	0.680627	5445
5	55290	0.680752	5446
5	55300	0.680877	5447
5	55310	0.681002	5448
5	55320	0.681127	5449
5	55330	0.681252	5450
5	55340	0.681377	5451
5	55350	0.681502	5452
5	55360	0.681627	5453
5	55370	0.681752	5454
5	55380	0.681877	5455
5	55390	0.682002	5456
5	55400	0.682127	5457
5	55410	0.682252	5458
5	55420	0.682377	5459
5	55430	0.682502	5460
5	55440	0.682627	5461
5	55450	0.682752	5462
5	55460	0.682877	5463
5	55470	0.683002	5464
5	55480	0.683127	5465
5	55490	0.683252	5466
5	55500	0.683377	5467
5	55510	0.683502	5468
5	55520	0.683627	5469
5	55534	0.683752	5470
5	55544	0.683877	5471
5	55554	0.684002	5472
5	55564	0.684127	5473
5	55574	0.684252	5474
5	55584	0.684377	5475
5	55594	0.684502	5476
5	55604	0.684627	5477
5	55614	0.684752	5478
5	55624	0.684877	5479
5	55634	0.685002	5480
5	55644	0.685127	5481
5	55654	0.685252	5482
5	55664	0.685377	5483
5	55674	0.685502	5484
5	55684	0.685627	5485
5	55694	0.685752	5486
5	55704	0.685877	5487
5	55714	0.686002	5488
5	55724	0.686127	5489
5	55734	0.686252	5490
5	55744	0.686377	5491
5	55754	0.686502	5492
5	55764	0.686627	5493
5	55774	0.686752	5494
5	55784	0.686877	5495
5	55794	0.687002	5496
5	55808	0.687127	5497
5	55818	0.687252	5498
5	55828	0.687377	5499
5	55838	0.687502	5500
5	55848	0.687627	5501
5	55858	0.687752	5502
5	55868	0.687877	5503
5	55878	0.688002	5504
5	55888	0.688127	5505
5	55898	0.688252	5506
5	55908	0.688377	5507
5	55918	0.688502	5508
5	55928	0.688627	5509
5	55938	0.688752	5510
5	55948	0.688877	5511
5	55958	0.689002	5512
5	55968	0.689127	5513
5	55978	0.689252	5514
5	55988	0.689377	5515
5	55998	0.689502	5516
5	56008	0.689627	5517
5	56018	0.689752	5518
5	56028	0.689877	5519
5	56038	0.690002	5520
5	56048	0.690127	5521
5	56058	0.690252	5522
5	56072	0.690377	5523
5	56082	0.690502	5524
5	56092	0.690627	5525
5	56102	0.690752	5526
5	56112	0.690877	5527
5	56122	0.691002	5528
5	56132	0.691127	5529
5	56142	0.691252	5530
5	56152	0.691377	5531
5	56162	0.691502	5532
5	56172	0.691627	5533
5	56182	0.691752	5534
5	56192	0.691877	5535
5	56202	0.692002	5536
5	56212	0.692127	5537
5	56222	0.692252	5538
5	56232	0.692377	5539
5	56242	0.692502	5540
5	56252	0.692627	5541
5	56262	0.692752	5542
5	56272	0.692877	5543
5	56282	0.693002	5544
5	56292	0.693127	5545
5	56302	0.693252	5546
5	56312	0.693377	5547
5	56322	0.693502	5548
5	56336	0.693627	5549
5	56346	0.693752	5550
5	56356	0.693877	5551
5	56366	0.694002	5552
5	56376	0.694127	5553
5	56386	0.694252	5554
5	56396	0.694377	5555
5	56406	0.694502	5556
5	56416	0.694627	5557
5	56426	0.694752	5558
5	56436	0.694877	5559
5	56446	0.695002	5560
5	56456	0.695127	5561
5	56466	0.695252	5562
5	56476	0.695377	5563
5	56486	0.695502	5564
5	56496	0.695627	5565
5	56506	0.695752	5566
5	56516	0.695877	5567
5	56526	0.696002	5568
5	56536	0.696127	5569
5	56546	0.696252	5570
5	56556	0.696377	5571
5	56566	0.696502	5572
5	56576	0.696627	5573
5	56586	0.696752	5574
5	56600	0.696877	5575
5	56610	0.697002	5576
5	56620	0.697127	5577
5	56630	0.697252	5578
5	56640	0.697377	5579
5	56650	0.697502	5580
5	56660	0.697627	5581
5	56670	0.697752	5582
5	56680	0.697877	5583
5	56690	0.698002	5584
5	56700	0.698127	5585
5	56710	0.698252	5586
5	56720	0.698377	5587
5	56730	0.698502	5588
5	56740	0.698627	5589
5	56750	0.698752	5590
5	56760	0.698877	5591
5	56770	0.699002	5592
5	56780	0.699127	5593
5	56790	0.699252	5594
5	56800	0.699377	5595
5	56810	0.699502	5596
5	56820	0.699627	5597
5	56830	0.699752	5598
5	56840	0.699877	5599
5	56850	0.700002	5600
5	56864	0.700127	5601
5	56874	0.700252	5602
5	56884	0.700377	5603
5	56894	0.700502	5604
5	56904	0.700627	5605
5	56914	0.700752	5606
5	56924	0.700877	5607
5	56934	0.701002	5608
5	56944	0.701127	5609
5	56954	0.701252	5610
5	56964	0.701377	5611
5	56974	0.701502	5612
5	56984	0.701627	5613
5	56994	0.701752	5614
5	57004	0.701877	5615
5	57014	0.702002	5616
5	57024	0.702127	5617
5	57034	0.702252	5618
5	57044	0.702377	5619
5	57054	0.702502	5620
5	57064	0.702627	5621
5	57074	0.702752	5622
5	57084	0.702877	5623
5	57094	0.703002	5624
5	57104	0.703127	5625
5	57114	0.703252	5626
5	57128	0.703377	5627
5	57138	0.703502	5628
5	57148	0.703627	5629
5	57158	0.703752	5630
5	57168	0.703877	5631
5	57178	0.704002	5632
5	57188	0.704127	5633
5	57198	0.704252	5634
5	57208	0.704377	5635
5	57218	0.704502	5636
5	57228	0.704627	5637
5	57238	0.704752	5638
5	57248	0.704877	5639
5	57258	0.705002	5640
5	57268	0.705127	5641
5	57278	0.705252	5642
5	57288	0.705377	5643
5	57298	0.705502	5644
5	57308	0.705627	5645
5	57318	0.705752	5646
5	57328	0.705877	5647
5	57338	0.706002	5648
5	57348	0.706127	5649
5	57358	0.706252	5650
5	57368	0.706377	5651
5	57378	0.706502	5652
5	57388	0.706627	5653
5	57402	0.706752	5654
5	57412	0.706877	5655
5	57422	0.707002	5656
5	57432	0.707127	5657
5	57442	0.707252	5658
5	57452	0.707377	5659
5	57462	0.707502	5660
5	57472	0.707627	5661
5	57482	0.707752	5662
5	57492	0.707877	5663
5	57502	0.708002	5664
5	57512	0.708127	5665
5	57522	0.708252	5666
5	57532	0.708377	5667
5	57542	0.708502	5668
5	57552	0.708627	5669
5	57562	0.708752	5670
5	57572	0.708877	5671
5	57582	0.709002	5672
5	57592	0.709127	5673
5	57602	0.709252	5674
5	57612	0.709377	5675
5	57622	0.709502	5676
5	57632	0.709627	5677
5	57642	0.709752	5678
5	57652	0.709877	5679
5	57666	0.710002	5680
5	57676	0.710127	5681
5	57686	0.710252	5682
5	57696	0.710377	5683
5	57706	0.710502	5684
5	57716	0.710627	5685
5	57726	0.710752	5686
5	57736	0.710877	5687
5	57746	0.711002	5688
5	57756	0.711127	5689
5	57766	0.711252	5690
5	57776	0.711377	5691
5	57786	0.711502	5692
5	57796	0.711627	5693
5	57806	0.711752	5694
5	57816	0.711877	5695
5	57826	0.712002	5696
5	57836	0.712127	5697
5	57846	0.712252	5698
5	57856	0.712377	5699
5	57866	0.712502	5700
5	57876	0.712627	5701
5	57886	0.712752	5702
5	57896	0.712877	5703
5	57906	0.713002	5704
5	57916	0.713127	5705
5	57930	0.713252	5706
5	57940	0.713377	5707
5	57950	0.713502	5708
5	57960	0.713627	5709
5	57970	0.713752	5710
5	57980	0.713877	5711
5	57990	0.714002	5712
5	58000	0.714127	5713
5	58010	0.714252	5714
5	58020	0.714377	5715
5	58030	0.714502	5716
5	58040	0.714627	5717
5	58050	0.714752	5718
5	58060	0.714877	5719
5	58070	0.715002	5720
5	58080	0.715127	5721
5	58090	0.715252	5722
5	58100	0.715377	5723
5	58110	0.715502	5724
5	58120	0.715627	5725
5	58130	0.715752	5726
5	58140	0.715877	5727
5	58150	0.716002	5728
5	58160	0.716127	5729
5	58170	0.716252	5730
5	58180	0.716377	5731
5	58194	0.716502	5732
5	58204	0.716627	5733
5	58214	0.716752	5734
5	58224	0.716877	5735
5	58234	0.717002	5736
5	58244	0.717127	5737
5	58254	0.717252	5738
5	58264	0.717377	5739
5	58274	0.717502	5740
5	58284	0.717627	5741
5	58294	0.717752	5742
5	58304	0.717877	5743
5	58314	0.718002	5744
5	58324	0.718127	5745
5	58334	0.718252	5746
5	58344	0.718377	5747
5	58354	0.718502	5748
5	58364	0.718627	5749
5	58374	0.718752	5750
5	58384	0.718877	5751
5	58394	0.719002	5752
5	58404	0.719127	5753
5	58414	0.719252	5754
5	58424	0.719377	5755
5	58434	0.719502	5756
5	58444	0.719627	5757
5	58458	0.719752	5758
5	58468	0.719877	5759
5	58478	0.720002	5760
5	58488	0.720127	5761
5	58498	0.720252	5762
5	58508	0.720377	5763
5	58518	0.720502	5764
5	58528	0.720627	5765
5	58538	0.720752	5766
5	58548	0.720877	5767
5	58558	0.721002	5768
5	58568	0.721127	5769
5	58578	0.721252	5770
5	58588	0.721377	5771
5	58598	0.721502	5772
5	58608	0.721627	5773
5	58618	0.721752	5774
5	58628	0.721877	5775
5	58638	0.722002	5776
5	58648	0.722127	5777
5	58658	0.722252	5778
5	58668	0.722377	5779
5	58678	0.722502	5780
5	58688	0.722627	5781
5	58698	0.722752	5782
5	58708	0.722877	5783
5	58720	0.723002	5784
5	58732	0.723127	5785
5	58742	0.723252	5786
5	58752	0.723377	5787
5	58762	0.723502	5788
5	58772	0.723627	5789
5	58782	0.723752	5790
5	58792	0.723877	5791
5	58802	0.724002	5792
5	58812	0.724127	5793
5	58822	0.724252	5794
5	58832	0.724377	5795
5	58842	0.724502	5796
5	58852	0.724627	5797
5	58862	0.724752	5798
5	58872	0.724877	5799
5	58882	0.725002	5800
5	58892	0.725127	5801
5	58902	0.725252	5802
5	58912	0.725377	5803
5	58922	0.725502	5804
5	58932	0.725627	5805
5	58942	0.725752	5806
5	58952	0.725877	5807
5	58962	0.726002	5808
5	58972	0.726127	5809
5	58982	0.726252	5810
5	58996	0.726377	5811
5	59006	0.726502	5812
5	59016	0.726627	5813
5	59026	0.726752	5814
5	59036	0.726877	5815
5	59046	0.727002	5816
5	59056	0.727127	5817
5	59066	0.727252	5818
5	59076	0.727377	5819
5	59086	0.727502	5820
5	59096	0.727627	5821
5	59106	0.727752	5822
5	59116	0.727877	5823
5	59126	0.728002	5824
5	59136	0.728127	5825
5	59146	0.728252	5826
5	59156	0.728377	5827
5	59166	0.728502	5828
5	59176	0.728627	5829
5	59186	0.728752	5830
5	59196	0.728877	5831
5	59206	0.729002	5832
5	59216	0.729127	5833
5	59226	0.729252	5834
5	59236	0.729377	5835
5	59246	0.729502	5836
5	59260	0.729627	5837
5	59270	0.729752	5838
5	59280	0.729877	5839
5	59290	0.730002	5840
5	59300	0.730127	5841
5	59310	0.730252	5842
5	59320	0.730377	5843
5	59330	0.730502	5844
5	59340	0.730627	5845
5	59350	0.730752	5846
5	59360	0.730877	5847
5	59370	0.731002	5848
5	59380	0.731127	5849
5	59390	0.731252	5850
5	59400	0.731377	5851
5	59410	0.731502	5852
5	59420	0.731627	5853
5	59430	0.731752	5854
5	59440	0.731877	5855
5	59450	0.732002	5856
5	59460	0.732127	5857
5	59470	0.732252	5858
5	59480	0.732377	5859
5	59490	0.732502	5860
5	59500	0.732627	5861
5	59510	0.732752	5862
5	59524	0.732877	5863
5	59534	0.733002	5864
5	59544	0.733127	5865
5	59554	0.733252	5866
5	59564	0.733377	5867
5	59574	0.733502	5868
5	59584	0.733627	5869
5	59594	0.733752	5870
5	59604	0.733877	5871
5	59614	0.734002	5872
5	59624	0.734127	5873
5	59634	0.734252	5874
5	59644	0.734377	5875
5	59654	0.734502	5876
5	59664	0.734627	5877
5	59674	0.734752	5878
5	59684	0.734877	5879
5	59694	0.735002	5880
5	59704	0.735127	5881
5	59714	0.735252	5882
5	59724	0.735377	5883
5	59734	0.735502	5884
5	59744	0.735627	5885
5	59754	0.735752	5886
5	59764	0.735877	5887
5	59774	0.736002	5888
5	59788	0.736127	5889
5	59798	0.736252	5890
5	59808	0.736377	5891
5	59818	0.736502	5892
5	59828	0.736627	5893
5	59838	0.736752	5894
5	59848	0.736877	5895
5	59858	0.737002	5896
5	59868	0.737127	5897
5	59878	0.737252	5898
5	59888	0.737377	5899
5	59898	0.737502	5900
5	59908	0.737627	5901
5	59918	0.737752	5902
5	59928	0.737877	5903
5	59938	0.738002	5904
5	59948	0.738127	5905
5	59958	0.738252	5906
5	59968	0.738377	5907
5	59978	0.738502	5908
5	59988	0.738627	5909
5	59998	0.738752	5910
5	60008	0.738877	5911
5	60018	0.739002	5912
5	60028	0.739127	5913
5	60038	0.739252	5914
5	60052	0.739377	5915
5	60062	0.739502	5916
5	60072	0.739627	5917
5	60082	0.739752	5918
5	60092	0.739877	5919
5	60102	0.740002	5920
5	60112	0.740127	5921
5	60122	0.740252	5922
5	60132	0.740377	5923
5	60142	0.740502	5924
5	60152	0.740627	5925
5	60162	0.740752	5926
5	60172	0.740877	5927
5	60182	0.741002	5928
5	60192	0.741127	5929
5	60202	0.741252	5930
5	60212	0.741377	5931
5	60222	0.741502	5932
5	60232	0.741627	5933
5	60242	0.741752	5934
5	60252	0.741877	5935
5	60262	0.742002	5936
5	60272	0.742127	5937
5	60282	0.742252	5938
5	60292	0.742377	5939
5	60302	0.742502	5940
5	60312	0.742627	5941
5	60326	0.742752	5942
5	60336	0.742877	5943
5	60346	0.743002	5944
5	60356	0.743127	5945
5	60366	0.743252	5946
5	60376	0.743377	5947
5	60386	0.743502	5948
5	60396	0.743627	5949
5	60406	0.743752	5950
5	60416	0.743877	5951
5	60426	0.744002	5952
5	60436	0.744127	5953
5	60446	0.744252	5954
5	60456	0.744377	5955
5	60466	0.744502	5956
5	60476	0.744627	5957
5	60486	0.744752	5958
5	60496	0.744877	5959
5	60506	0.745002	5960
5	60516	0.745127	5961
5	60526	0.745252	5962
5	60536	0.745377	5963
5	60546	0.745502	5964
5	60556	0.745627	5965
5	60566	0.745752	5966
5	60576	0.745877	5967
5	60590	0.746002	5968
5	60600	0.746127	5969
5	60610	0.746252	5970
5	60620	0.746377	5971
5	60630	0.746502	5972
5	60640	0.746627	5973
5	60650	0.746752	5974
5	60660	0.746877	5975
5	60670	0.747002	5976
5	60680	0.747127	5977
5	60690	0.747252	5978
5	60700	0.747377	5979
5	60710	0.747502	5980
5	60720	0.747627	5981
5	60730	0.747752	5982
5	60740	0.747877	5983
5	60750	0.748002	5984
5	60760	0.748127	5985
5	60770	0.748252	5986
5	60780	0.748377	5987
5	60790	0.748502	5988
5	60800	0.748627	5989
5	60810	0.748752	5990
5	60820	0.748877	5991
5	60830	0.749002	5992
5	60840	0.749127	5993
5	60854	0.749252	5994
5	60864	0.749377	5995
5	60874	0.749502	5996
5	60884	0.749627	5997
5	60894	0.749752	5998
5	60904	0.749877	5999
5	60914	0.750002	6000
5	60924	0.750127	6001
5	60934	0.750252	6002
5	60944	0.750377	6003
5	60954	0.750502	6004
5	60964	0.750627	6005
5	60974	0.750752	6006
5	60984	0.750877	6007
5	60994	0.751002	6008
5	61004	0.751127	6009
5	61014	0.751252	6010
5	61024	0.751377	6011
5	61034	0.751502	6012
5	61044	0.751627	6013
5	61054	0.751752	6014
5	61064	0.751877	6015
5	61074	0.752002	6016
5	61084	0.752127	6017
5	61094	0.752252	6018
5	61104	0.752377	6019
5	61118	0.752502	6020
5	61128	0.752627	6021
5	61138	0.752752	6022
5	61148	0.752877	6023
5	61158	0.753002	6024
5	61168	0.753127	6025
5	61178	0.753252	6026
5	61188	0.753377	6027
5	61198	0.753502	6028
5	61208	0.753627	6029
5	61218	0.753752	6030
5	61228	0.753877	6031
5	61238	0.754002	6032
5	61248	0.754127	6033
5	61258	0.754252	6034
5	61268	0.754377	6035
5	61278	0.754502	6036
5	61288	0.754627	6037
5	61298	0.754752	6038
5	61308	0.754877	6039
5	61318	0.755002	6040
5	61328	0.755127	6041
5	61338	0.755252	6042
5	61348	0.755377	6043
5	61358	0.755502	6044
5	61368	0.755627	6045
5	61382	0.755752	6046
5	61392	0.755877	6047
5	61402	0.756002	6048
5	61412	0.756127	6049
5	61422	0.756252	6050
5	61432	0.756377	6051
5	61442	0.756502	6052
5	61452	0.756627	6053
5	61462	0.756752	6054
5	61472	0.756877	6055
5	61482	0.757002	6056
5	61492	0.757127	6057
5	61502	0.757252	6058
5	61512	0.757377	6059
5	61522	0.757502	6060
5	61532	0.757627	6061
5	61542	0.757752	6062
5	61552	0.757877	6063
5	61562	0.758002	6064
5	61572	0.758127	6065
5	61582	0.758252	6066
5	61592	0.758377	6067
5	61602	0.758502	6068
5	61612	0.758627	6069
5	61622	0.758752	6070
5	61632	0.758877	6071
5	61646	0.759002	6072
5	61656	0.759127	6073
5	61666	0.759252	6074
5	61676	0.759377	6075
5	61686	0.759502	6076
5	61696	0.759627	6077
5	61706	0.759752	6078
5	61716	0.759877	6079
5	61726	0.760002	6080
5	61736	0.760127	6081
5	61746	0.760252	6082
5	61756	0.760377	6083
5	61766	0.760502	6084
5	61776	0.760627	6085
5	61786	0.760752	6086
5	61796	0.760877	6087
5	61806	0.761002	6088
5	61816	0.761127	6089
5	61826	0.761252	6090
5	61836	0.761377	6091
5	61846	0.761502	6092
5	61856	0.761627	6093
5	61866	0.761752	6094
5	61876	0.761877	6095
5	61886	0.762002	6096
5	61896	0.762127	6097
5	61906	0.762252	6098
5	61920	0.762377	6099
5	61930	0.762502	6100
5	61940	0.762627	6101
5	61950	0.762752	6102
5	61960	0.762877	6103
5	61970	0.763002	6104
5	61980	0.763127	6105
5	61990	0.763252	6106
5	62000	0.763377	6107
5	62010	0.763502	6108
5	62020	0.763627	6109
5	62030	0.763752	6110
5	62040	0.763877	6111
5	62050	0.764002	6112
5	62060	0.764127	6113
5	62070	0.764252	6114
5	62080	0.764377	6115
5	62090	0.764502	6116
5	62100	0.764627	6117
5	62110	0.764752	6118
5	62120	0.764877	6119
5	62130	0.765002	6120
5	62140	0.765127	6121
5	62150	0.765252	6122
5	62160	0.765377	6123
5	62170	0.765502	6124
5	62184	0.765627	6125
5	62194	0.765752	6126
5	62204	0.765877	6127
5	62214	0.766002	6128
5	62224	0.766127	6129
5	62234	0.766252	6130
5	62244	0.766377	6131
5	62254	0.766502	6132
5	62264	0.766627	6133
5	62274	0.766752	6134
5	62284	0.766877	6135
5	62294	0.767002	6136
5	62304	0.767127	6137
5	62314	0.767252	6138
5	62324	0.767377	6139
5	62334	0.767502	6140
5	62344	0.767627	6141
5	62354	0.767752	6142
5	62364	0.767877	6143
5	62374	0.768002	6144
5	62384	0.768127	6145
5	62394	0.768252	6146
5	62404	0.768377	6147
5	62414	0.768502	6148
5	62424	0.768627	6149
5	62434	0.768752	6150
5	62448	0.768877	6151
5	62458	0.769002	6152
5	62468	0.769127	6153
5	62478	0.769252	6154
5	62488	0.769377	6155
5	62498	0.769502	6156
5	62508	0.769627	6157
5	62518	0.769752	6158
5	62528	0.769877	6159
5	62538	0.770002	6160
5	62548	0.770127	6161
5	62558	0.770252	6162
5	62568	0.770377	6163
5	62578	0.770502	6164
5	62588	0.770627	6165
5	62598	0.770752	6166
5	62608	0.770877	6167
5	62618	0.771002	6168
5	62628	0.771127	6169
5	62638	0.771252	6170
5	62648	0.771377	6171
5	62658	0.771502	6172
5	62668	0.771627	6173
5	62678	0.771752	6174
5	62688	0.771877	6175
5	62698	0.772002	6176
5	62712	0.772127	6177
5	62722	0.772252	6178
5	62732	0.772377	6179
5	62742	0.772502	6180
5	62752	0.772627	6181
5	62762	0.772752	6182
5	62772	0.772877	6183
5	62782	0.773002	6184
5	62792	0.773127	6185
5	62802	0.773252	6186
5	62812	0.773377	6187
5	62822	0.773502	6188
5	62832	0.773627	6189
5	62842	0.773752	6190
5	62852	0.773877	6191
5	62862	0.774002	6192
5	62872	0.774127	6193
5	62882	0.774252	6194
5	62892	0.774377	6195
5	62902	0.774502	6196
5	62912	0.774627	6197
5	62922	0.774752	6198
5	62932	0.774877	6199
5	62942	0.775002	6200
5	62952	0.775127	6201
5	62962	0.775252	6202
5	62976	0.775377	6203
5	62986	0.775502	6204
5	62996	0.775627	6205
5	63006	0.775752	6206
5	63016	0.775877	6207
5	63026	0.776002	6208
5	63036	0.776127	6209
5	63046	0.776252	6210
5	63056	0.776377	6211
5	63066	0.776502	6212
5	63076	0.776627	6213
5	63086	0.776752	6214
5	63096	0.776877	6215
5	63106	0.777002	6216
5	63116	0.777127	6217
5	63126	0.777252	6218
5	63136	0.777377	6219
5	63146	0.777502	6220
5	63156	0.777627	6221
5	63166	0.777752	6222
5	63176	0.777877	6223
5	63186	0.778002	6224
5	63196	0.778127	6225
5	63206	0.778252	6226
5	63216	0.778377	6227
5	63226	0.778502	6228
5	63240	0.778627	6229
5	63250	0.778752	6230
5	63260	0.778877	6231
5	63270	0.779002	6232
5	63280	0.779127	6233
5	63290	0.779252	6234
5	63300	0.779377	6235
5	63310	0.779502	6236
5	63320	0.779627	6237
5	63330	0.779752	6238
5	63340	0.779877	6239
5	63350	0.780002	6240
5	63360	0.780127	6241
5	63370	0.780252	6242
5	63380	0.780377	6243
5	63390	0.780502	6244
5	63400	0.780627	6245
5	63410	0.780752	6246
5	63420	0.780877	6247
5	63430	0.781002	6248
5	63440	0.781127	6249
5	63450	0.781252	6250
5	63460	0.781377	6251
5	63470	0.781502	6252
5	63480	0.781627	6253
5	63490	0.781752	6254
5	63500	0.781877	6255
5	63514	0.782002	6256
5	63524	0.782127	6257
5	63534	0.782252	6258
5	63544	0.782377	6259
5	63554	0.782502	6260
5	63564	0.782627	6261
5	63574	0.782752	6262
5	63584	0.782877	6263
5	63594	0.783002	6264
5	63604	0.783127	6265
5	63614	0.783252	6266
5	63624	0.783377	6267
5	63634	0.783502	6268
5	63644	0.783627	6269
5	63654	0.783752	6270
5	63664	0.783877	6271
5	63674	0.784002	6272
5	63684	0.784127	6273
5	63694	0.784252	6274
5	63704	0.784377	6275
5	63714	0.784502	6276
5	63724	0.784627	6277
5	63734	0.784752	6278
5	63744	0.784877	6279
5	63754	0.785002	6280
5	63764	0.785127	6281
5	63778	0.785252	6282
5	63788	0.785377	6283
5	63798	0.785502	6284
5	63808	0.785627	6285
5	63818	0.785752	6286
5	63828	0.785877	6287
5	63838	0.786002	6288
5	63848	0.786127	6289
5	63858	0.786252	6290
5	63868	0.786377	6291
5	63878	0.786502	6292
5	63888	0.786627	6293
5	63898	0.786752	6294
5	63908	0.786877	6295
5	63918	0.787002	6296
5	63928	0.787127	6297
5	63938	0.787252	6298
5	63948	0.787377	6299
5	63958	0.787502	6300
5	63968	0.787627	6301
5	63978	0.787752	6302
5	63988	0.787877	6303
5	63998	0.788002	6304
5	64008	0.788127	6305
5	64018	0.788252	6306
5	64028	0.788377	6307
5	64042	0.788502	6308
5	64052	0.788627	6309
5	64062	0.788752	6310
5	64072	0.788877	6311
5	64082	0.789002	6312
5	64092	0.789127	6313
5	64102	0.789252	6314
5	64112	0.789377	6315
5	64122	0.789502	6316
5	64132	0.789627	6317
5	64142	0.789752	6318
5	64152	0.789877	6319
5	64162	0.790002	6320
5	64172	0.790127	6321
5	64182	0.790252	6322
5	64192	0.790377	6323
5	64202	0.790502	6324
5	64212	0.790627	6325
5	64222	0.790752	6326
5	64232	0.790877	6327
5	64242	0.791002	6328
5	64252	0.791127	6329
5	64262	0.791252	6330
5	64272	0.791377	6331
5	64282	0.791502	6332
5	64292	0.791627	6333
5	64306	0.791752	6334
5	64316	0.791877	6335
5	64326	0.792002	6336
5	64336	0.792127	6337
5	64346	0.792252	6338
5	64356	0.792377	6339
5	64366	0.792502	6340
5	64376	0.792627	6341
5	64386	0.792752	6342
5	64396	0.792877	6343
5	64406	0.793002	6344
5	64416	0.793127	6345
5	64426	0.793252	6346
5	64436	0.793377	6347
5	64446	0.793502	6348
5	64456	0.793627	6349
5	64466	0.793752	6350
5	64476	0.793877	6351
5	64486	0.794002	6352
5	64496	0.794127	6353
5	64506	0.794252	6354
5	64516	0.794377	6355
5	64526	0.794502	6356
5	64536	0.794627	6357
5	64546	0.794752	6358
5	64556	0.794877	6359
5	64570	0.795002	6360
5	64580	0.795127	6361
5	64590	0.795252	6362
5	64600	0.795377	6363
5	64610	0.795502	6364
5	64620	0.795627	6365
5	64630	0.795752	6366
5	64640	0.795877	6367
5	64650	0.796002	6368
5	64660	0.796127	6369
5	64670	0.796252	6370
5	64680	0.796377	6371
5	64690	0.796502	6372
5	64700	0.796627	6373
5	64710	0.796752	6374
5	64720	0.796877	6375
5	64730	0.797002	6376
5	64740	0.797127	6377
5	64750	0.797252	6378
5	64760	0.797377	6379
5	64770	0.797502	6380
5	64780	0.797627	6381
5	64790	0.797752	6382
5	64800	0.797877	6383
5	64810	0.798002	6384
5	64820	0.798127	6385
5	64832	0.798252	6386
5	64844	0.798377	6387
5	64854	0.798502	6388
5	64864	0.798627	6389
5	64874	0.798752	6390
5	64884	0.798877	6391
5	64894	0.799002	6392
5	64904	0.799127	6393
5	64914	0.799252	6394
5	64924	0.799377	6395
5	64934	0.799502	6396
5	64944	0.799627	6397
5	64954	0.799752	6398
5	64964	0.799877	6399
5	64974	0.800002	6400
5	64984	0.800127	6401
5	64994	0.800252	6402
5	65004	0.800377	6403
5	65014	0.800502	6404
5	65024	0.800627	6405
5	65034	0.800752	6406
5	65044	0.800877	6407
5	65054	0.801002	6408
5	65064	0.801127	6409
5	65074	0.801252	6410
5	65084	0.801377	6411
5	65094	0.801502	6412
5	65108	0.801627	6413
5	65118	0.801752	6414
5	65128	0.801877	6415
5	65138	0.802002	6416
5	65148	0.802127	6417
5	65158	0.802252	6418
5	65168	0.802377	6419
5	65178	0.802502	6420
5	65188	0.802627	6421
5	65198	0.802752	6422
5	65208	0.802877	6423
5	65218	0.803002	6424
5	65228	0.803127	6425
5	65238	0.803252	6426
5	65248	0.803377	6427
5	65258	0.803502	6428
5	65268	0.803627	6429
5	65278	0.803752	6430
5	65288	0.803877	6431
5	65298	0.804002	6432
5	65308	0.804127	6433
5	65318	0.804252	6434
5	65328	0.804377	6435
5	65338	0.804502	6436
5	65348	0.804627	6437
5	65358	0.804752	6438
5	65372	0.804877	6439
5	65382	0.805002	6440
5	65392	0.805127	6441
5	65402	0.805252	6442
5	65412	0.805377	6443
5	65422	0.805502	6444
5	65432	0.805627	6445
5	65442	0.805752	6446
5	65452	0.805877	6447
5	65462	0.806002	6448
5	65472	0.806127	6449
5	65482	0.806252	6450
5	65492	0.806377	6451
5	65502	0.806502	6452
5	65512	0.806627	6453
5	65522	0.806752	6454
5	65532	0.806877	6455
5	65542	0.807002	6456
5	65552	0.807127	6457
5	65562	0.807252	6458
5	65572	0.807377	6459
5	65582	0.807502	6460
5	65592	0.807627	6461
5	65602	0.807752	6462
5	65612	0.807877	6463
5	65622	0.808002	6464
5	65636	0.808127	6465
5	65646	0.808252	6466
5	65656	0.808377	6467
5	65666	0.808502	6468
5	65676	0.808627	6469
5	65686	0.808752	6470
5	65696	0.808877	6471
5	65706	0.809002	6472
5	65716	0.809127	6473
5	65726	0.809252	6474
5	65736	0.809377	6475
5	65746	0.809502	6476
5	65756	0.809627	6477
5	65766	0.809752	6478
5	65776	0.809877	6479
5	65786	0.810002	6480
5	65796	0.810127	6481
5	65806	0.810252	6482
5	65816	0.810377	6483
5	65826	0.810502	6484
5	65836	0.810627	6485
5	65846	0.810752	6486
5	65856	0.810877	6487
5	65866	0.811002	6488
5	65876	0.811127	6489
5	65886	0.811252	6490
5	65900	0.811377	6491
5	65910	0.811502	6492
5	65920	0.811627	6493
5	65930	0.811752	6494
5	65940	0.811877	6495
5	65950	0.812002	6496
5	65960	0.812127	6497
5	65970	0.812252	6498
5	65980	0.812377	6499
5	65990	0.812502	6500
5	66000	0.812627	6501
5	66010	0.812752	6502
5	66020	0.812877	6503
5	66030	0.813002	6504
5	66040	0.813127	6505
5	66050	0.813252	6506
5	66060	0.813377	6507
5	66070	0.813502	6508
5	66080	0.813627	6509
5	66090	0.813752	6510
5	66100	0.813877	6511
5	66110	0.814002	6512
5	66120	0.814127	6513
5	66130	0.814252	6514
5	66140	0.814377	6515
5	66150	0.814502	6516
5	66164	0.814627	6517
5	66174	0.814752	6518
5	66184	0.814877	6519
5	66194	0.815002	6520
5	66204	0.815127	6521
5	66214	0.815252	6522
5	66224	0.815377	6523
5	66234	0.815502	6524
5	66244	0.815627	6525
5	66254	0.815752	6526
5	66264	0.815877	6527
5	66274	0.816002	6528
5	66284	0.816127	6529
5	66294	0.816252	6530
5	66304	0.816377	6531
5	66314	0.816502	6532
5	66324	0.816627	6533
5	66334	0.816752	6534
5	66344	0.816877	6535
5	66354	0.817002	6536
5	66364	0.817127	6537
5	66374	0.817252	6538
5	66384	0.817377	6539
5	66394	0.817502	6540
5	66404	0.817627	6541
5	66414	0.817752	6542
5	66424	0.817877	6543
5	66438	0.818002	6544
5	66448	0.818127	6545
5	66458	0.818252	6546
5	66468	0.818377	6547
5	66478	0.818502	6548
5	66488	0.818627	6549
5	66498	0.818752	6550
5	66508	0.818877	6551
5	66518	0.819002	6552
5	66528	0.819127	6553
5	66538	0.819252	6554
5	66548	0.819377	6555
5	66558	0.819502	6556
5	66568	0.819627	6557
5	66578	0.819752	6558
5	66588	0.819877	6559
5	66598	0.820002	6560
5	66608	0.820127	6561
5	66618	0.820252	6562
5	66628	0.820377	6563
5	66638	0.820502	6564
5	66648	0.820627	6565
5	66658	0.820752	6566
5	66668	0.820877	6567
5	66678	0.821002	6568
5	66688	0.821127	6569
5	66702	0.821252	6570
5	66712	0.821377	6571
5	66722	0.821502	6572
5	66732	0.821627	6573
5	66742	0.821752	6574
5	66752	0.821877	6575
5	66762	0.822002	6576
5	66772	0.822127	6577
5	66782	0.822252	6578
5	66792	0.822377	6579
5	66802	0.822502	6580
5	66812	0.822627	6581
5	66822	0.822752	6582
5	66832	0.822877	6583
5	66842	0.823002	6584
5	66852	0.823127	6585
5	66862	0.823252	6586
5	66872	0.823377	6587
5	66882	0.823502	6588
5	66892	0.823627	6589
5	66902	0.823752	6590
5	66912	0.823877	6591
5	66922	0.824002	6592
5	66932	0.824127	6593
5	66942	0.824252	6594
5	66952	0.824377	6595
5	66966	0.824502	6596
5	66976	0.824627	6597
5	66986	0.824752	6598
5	66996	0.824877	6599
5	67006	0.825002	6600
5	67016	0.825127	6601
5	67026	0.825252	6602
5	67036	0.825377	6603
5	67046	0.825502	6604
5	67056	0.825627	6605
5	67066	0.825752	6606
5	67076	0.825877	6607
5	67086	0.826002	6608
5	67096	0.826127	6609
5	67106	0.826252	6610
5	67116	0.826377	6611
5	67126	0.826502	6612
5	67136	0.826627	6613
5	67146	0.826752	6614
5	67156	0.826877	6615
5	67166	0.827002	6616
5	67176	0.827127	6617
5	67186	0.827252	6618
5	67196	0.827377	6619
5	67206	0.827502	6620
5	67216	0.827627	6621
5	67230	0.827752	6622
5	67240	0.827877	6623
5	67250	0.828002	6624
5	67260	0.828127	6625
5	67270	0.828252	6626
5	67280	0.828377	6627
5	67290	0.828502	6628
5	67300	0.828627	6629
5	67310	0.828752	6630
5	67320	0.828877	6631
5	67330	0.829002	6632
5	67340	0.829127	6633
5	67350	0.829252	6634
5	67360	0.829377	6635
5	67370	0.829502	6636
5	67380	0.829627	6637
5	67390	0.829752	6638
5	67400	0.829877	6639
5	67410	0.830002	6640
5	67420	0.830127	6641
5	67430	0.830252	6642
5	67440	0.830377	6643
5	67450	0.830502	6644
5	67460	0.830627	6645
5	67470	0.830752	6646
5	67480	0.830877	6647
5	67494	0.831002	6648
5	67504	0.831127	6649
5	67514	0.831252	6650
5	67524	0.831377	6651
5	67534	0.831502	6652
5	67544	0.831627	6653
5	67554	0.831752	6654
5	67564	0.831877	6655
5	67574	0.832002	6656
5	67584	0.832127	6657
5	67594	0.832252	6658
5	67604	0.832377	6659
5	67614	0.832502	6660
5	67624	0.832627	6661
5	67634	0.832752	6662
5	67644	0.832877	6663
5	67654	0.833002	6664
5	67664	0.833127	6665
5	67674	0.833252	6666
5	67684	0.833377	6667
5	67694	0.833502	6668
5	67704	0.833627	6669
5	67714	0.833752	6670
5	67724	0.833877	6671
5	67734	0.834002	6672
5	67744	0.834127	6673
5	67758	0.834252	6674
5	67768	0.834377	6675
5	67778	0.834502	6676
5	67788	0.834627	6677
5	67798	0.834752	6678
5	67808	0.834877	6679
5	67818	0.835002	6680
5	67828	0.835127	6681
5	67838	0.835252	6682
5	67848	0.835377	6683
5	67858	0.835502	6684
5	67868	0.835627	6685
5	67878	0.835752	6686
5	67888	0.835877	6687
5	67898	0.836002	6688
5	67908	0.836127	6689
5	67918	0.836252	6690
5	67928	0.836377	6691
5	67938	0.836502	6692
5	67948	0.836627	6693
5	67958	0.836752	6694
5	67968	0.836877	6695
5	67978	0.837002	6696
5	67988	0.837127	6697
5	67998	0.837252	6698
5	68008	0.837377	6699
5	68018	0.837502	6700
5	68032	0.837627	6701
5	68042	0.837752	6702
5	68052	0.837877	6703
5	68062	0.838002	6704
5	68072	0.838127	6705
5	68082	0.838252	6706
5	68092	0.838377	6707
5	68102	0.838502	6708
5	68112	0.838627	6709
5	68122	0.838752	6710
5	68132	0.838877	6711
5	68142	0.839002	6712
5	68152	0.839127	6713
5	68162	0.839252	6714
5	68172	0.839377	6715
5	68182	0.839502	6716
5	68192	0.839627	6717
5	68202	0.839752	6718
5	68212	0.839877	6719
5	68222	0.840002	6720
5	68232	0.840127	6721
5	68242	0.840252	6722
5	68252	0.840377	6723
5	68262	0.840502	6724
5	68272	0.840627	6725
5	68282	0.840752	6726
5	68296	0.840877	6727
5	68306	0.841002	6728
5	68316	0.841127	6729
5	68326	0.841252	6730
5	68336	0.841377	6731
5	68346	0.841502	6732
5	68356	0.841627	6733
5	68366	0.841752	6734
5	68376	0.841877	6735
5	68386	0.842002	6736
5	68396	0.842127	6737
5	68406	0.842252	6738
5	68416	0.842377	6739
5	68426	0.842502	6740
5	68436	0.842627	6741
5	68446	0.842752	6742
5	68456	0.842877	6743
5	68466	0.843002	6744
5	68476	0.843127	6745
5	68486	0.843252	6746
5	68496	0.843377	6747
5	68506	0.843502	6748
5	68516	0.843627	6749
5	68526	0.843752	6750
5	68536	0.843877	6751
5	68546	0.844002	6752
5	68560	0.844127	6753
5	68570	0.844252	6754
5	68580	0.844377	6755
5	68590	0.844502	6756
5	68600	0.844627	6757
5	68610	0.844752	6758
5	68620	0.844877	6759
5	68630	0.845002	6760
5	68640	0.845127	6761
5	68650	0.845252	6762
5	68660	0.845377	6763
5	68670	0.845502	6764
5	68680	0.845627	6765
5	68690	0.845752	6766
5	68700	0.845877	6767
5	68710	0.846002	6768
5	68720	0.846127	6769
5	68730	0.846252	6770
5	68740	0.846377	6771
5	68750	0.846502	6772
5	68760	0.846627	6773
5	68770	0.846752	6774
5	68780	0.846877	6775
5	68790	0.847002	6776
5	68800	0.847127	6777
5	68810	0.847252	6778
5	68824	0.847377	6779
5	68834	0.847502	6780
5	68844	0.847627	6781
5	68854	0.847752	6782
5	68864	0.847877	6783
5	68874	0.848002	6784
5	68884	0.848127	6785
5	68894	0.848252	6786
5	68904	0.848377	6787
5	68914	0.848502	6788
5	68924	0.848627	6789
5	68934	0.848752	6790
5	68944	0.848877	6791
5	68954	0.849002	6792
5	68964	0.849127	6793
5	68974	0.849252	6794
5	68984	0.849377	6795
5	68994	0.849502	6796
5	69004	0.849627	6797
5	69014	0.849752	6798
5	69024	0.849877	6799
5	69034	0.850002	6800
5	69044	0.850127	6801
5	69054	0.850252	6802
5	69064	0.850377	6803
5	69074	0.850502	6804
5	69088	0.850627	6805
5	69098	0.850752	6806
5	69108	0.850877	6807
5	69118	0.851002	6808
5	69128	0.851127	6809
5	69138	0.851252	6810
5	69148	0.851377	6811
5	69158	0.851502	6812
5	69168	0.851627	6813
5	69178	0.851752	6814
5	69188	0.851877	6815
5	69198	0.852002	6816
5	69208	0.852127	6817
5	69218	0.852252	6818
5	69228	0.852377	6819
5	69238	0.852502	6820
5	69248	0.852627	6821
5	69258	0.852752	6822
5	69268	0.852877	6823
5	69278	0.853002	6824
5	69288	0.853127	6825
5	69298	0.853252	6826
5	69308	0.853377	6827
5	69318	0.853502	6828
5	69328	0.853627	6829
5	69338	0.853752	6830
5	69352	0.853877	6831
5	69362	0.854002	6832
5	69372	0.854127	6833
5	69382	0.854252	6834
5	69392	0.854377	6835
5	69402	0.854502	6836
5	69412	0.854627	6837
5	69422	0.854752	6838
5	69432	0.854877	6839
5	69442	0.855002	6840
5	69452	0.855127	6841
5	69462	0.855252	6842
5	69472	0.855377	6843
5	69482	0.855502	6844
5	69492	0.855627	6845
5	69502	0.855752	6846
5	69512	0.855877	6847
5	69522	0.856002	6848
5	69532	0.856127	6849
5	69542	0.856252	6850
5	69552	0.856377	6851
5	69562	0.856502	6852
5	69572	0.856627	6853
5	69582	0.856752	6854
5	69592	0.856877	6855
5	69602	0.857002	6856
5	69612	0.857127	6857
5	69626	0.857252	6858
5	69636	0.857377	6859
5	69646	0.857502	6860
5	69656	0.857627	6861
5	69666	0.857752	6862
5	69676	0.857877	6863
5	69686	0.858002	6864
5	69696	0.858127	6865
5	69706	0.858252	6866
5	69716	0.858377	6867
5	69726	0.858502	6868
5	69736	0.858627	6869
5	69746	0.858752	6870
5	69756	0.858877	6871
5	69766	0.859002	6872
5	69776	0.859127	6873
5	69786	0.859252	6874
5	69796	0.859377	6875
5	69806	0.859502	6876
5	69816	0.859627	6877
5	69826	0.859752	6878
5	69836	0.859877	6879
5	69846	0.860002	6880
5	69856	0.860127	6881
5	69866	0.860252	6882
5	69876	0.860377	6883
5	69890	0.860502	6884
5	69900	0.860627	6885
5	69910	0.860752	6886
5	69920	0.860877	6887
5	69930	0.861002	6888
5	69940	0.861127	6889
5	69950	0.861252	6890
5	69960	0.861377	6891
5	69970	0.861502	6892
5	69980	0.861627	6893
5	69990	0.861752	6894
5	70000	0.861877	6895
5	70010	0.862002	6896
5	70020	0.862127	6897
5	70030	0.862252	6898
5	70040	0.862377	6899
5	70050	0.862502	6900
5	70060	0.862627	6901
5	70070	0.862752	6902
5	70080	0.862877	6903
5	70090	0.863002	6904
5	70100	0.863127	6905
5	70110	0.863252	6906
5	70120	0.863377	6907
5	70130	0.863502	6908
5	70140	0.863627	6909
5	70154	0.863752	6910
5	70164	0.863877	6911
5	70174	0.864002	6912
5	70184	0.864127	6913
5	70194	0.864252	6914
5	70204	0.864377	6915
5	70214	0.864502	6916
5	70224	0.864627	6917
5	70234	0.864752	6918
5	70244	0.864877	6919
5	70254	0.865002	6920
5	70264	0.865127	6921
5	70274	0.865252	6922
5	70284	0.865377	6923
5	70294	0.865502	6924
5	70304	0.865627	6925
5	70314	0.865752	6926
5	70324	0.865877	6927
5	70334	0.866002	6928
5	70344	0.866127	6929
5	70354	0.866252	6930
5	70364	0.866377	6931
5	70374	0.866502	6932
5	70384	0.866627	6933
5	70394	0.866752	6934
5	70404	0.866877	6935
5	70418	0.867002	6936
5	70428	0.867127	6937
5	70438	0.867252	6938
5	70448	0.867377	6939
5	70458	0.867502	6940
5	70468	0.867627	6941
5	70478	0.867752	6942
5	70488	0.867877	6943
5	70498	0.868002	6944
5	70508	0.868127	6945
5	70518	0.868252	6946
5	70528	0.868377	6947
5	70538	0.868502	6948
5	70548	0.868627	6949
5	70558	0.868752	6950
5	70568	0.868877	6951
5	70578	0.869002	6952
5	70588	0.869127	6953
5	70598	0.869252	6954
5	70608	0.869377	6955
5	70618	0.869502	6956
5	70628	0.869627	6957
5	70638	0.869752	6958
5	70648	0.869877	6959
5	70658	0.870002	6960
5	70668	0.870127	6961
5	70682	0.870252	6962
5	70692	0.870377	6963
5	70702	0.870502	6964
5	70712	0.870627	6965
5	70722	0.870752	6966
5	70732	0.870877	6967
5	70742	0.871002	6968
5	70752	0.871127	6969
5	70762	0.871252	6970
5	70772	0.871377	6971
5	70782	0.871502	6972
5	70792	0.871627	6973
5	70802	0.871752	6974
5	70812	0.871877	6975
5	70822	0.872002	6976
5	70832	0.872127	6977
5	70842	0.872252	6978
5	70852	0.872377	6979
5	70862	0.872502	6980
5	70872	0.872627	6981
5	70882	0.872752	6982
5	70892	0.872877	6983
5	70902	0.873002	6984
5	70912	0.873127	6985
5	70922	0.873252	6986
5	70932	0.873377	6987
5	70944	0.873502	6988
5	70956	0.873627	6989
5	70966	0.873752	6990
5	70976	0.873877	6991
5	70986	0.874002	6992
5	70996	0.874127	6993
5	71006	0.874252	6994
5	71016	0.874377	6995
5	71026	0.874502	6996
5	71036	0.874627	6997
5	71046	0.874752	6998
5	71056	0.874877	6999
5	71066	0.875002	7000
5	71076	0.875127	7001
5	71086	0.875252	7002
5	71096	0.875377	7003
5	71106	0.875502	7004
5	71116	0.875627	7005
5	71126	0.875752	7006
5	71136	0.875877	7007
5	71146	0.876002	7008
5	71156	0.876127	7009
5	71166	0.876252	7010
5	71176	0.876377	7011
5	71186	0.876502	7012
5	71196	0.876627	7013
5	71206	0.876752	7014
5	71220	0.876877	7015
5	71230	0.877002	7016
5	71240	0.877127	7017
5	71250	0.877252	7018
5	71260	0.877377	7019
5	71270	0.877502	7020
5	71280	0.877627	7021
5	71290	0.877752	7022
5	71300	0.877877	7023
5	71310	0.878002	7024
5	71320	0.878127	7025
5	71330	0.878252	7026
5	71340	0.878377	7027
5	71350	0.878502	7028
5	71360	0.878627	7029
5	71370	0.878752	7030
5	71380	0.878877	7031
5	71390	0.879002	7032
5	71400	0.879127	7033
5	71410	0.879252	7034
5	71420	0.879377	7035
5	71430	0.879502	7036
5	71440	0.879627	7037
5	71450	0.879752	7038
5	71460	0.879877	7039
5	71470	0.880002	7040
5	71484	0.880127	7041
5	71494	0.880252	7042
5	71504	0.880377	7043
5	71514	0.880502	7044
5	71524	0.880627	7045
5	71534	0.880752	7046
5	71544	0.880877	7047
5	71554	0.881002	7048
5	71564	0.881127	7049
5	71574	0.881252	7050
5	71584	0.881377	7051
5	71594	0.881502	7052
5	71604	0.881627	7053
5	71614	0.881752	7054
5	71624	0.881877	7055
5	71634	0.882002	7056
5	71644	0.882127	7057
5	71654	0.882252	7058
5	71664	0.882377	7059
5	71674	0.882502	7060
5	71684	0.882627	7061
5	71694	0.882752	7062
5	71704	0.882877	7063
5	71714	0.883002	7064
5	71724	0.883127	7065
5	71734	0.883252	7066
5	71748	0.883377	7067
5	71758	0.883502	7068
5	71768	0.883627	7069
5	71778	0.883752	7070
5	71788	0.883877	7071
5	71798	0.884002	7072
5	71808	0.884127	7073
5	71818	0.884252	7074
5	71828	0.884377	7075
5	71838	0.884502	7076
5	71848	0.884627	7077
5	71858	0.884752	7078
5	71868	0.884877	7079
5	71878	0.885002	7080
5	71888	0.885127	7081
5	71898	0.885252	7082
5	71908	0.885377	7083
5	71918	0.885502	7084
5	71928	0.885627	7085
5	71938	0.885752	7086
5	71948	0.885877	7087
5	71958	0.886002	7088
5	71968	0.886127	7089
5	71978	0.886252	7090
5	71988	0.886377	7091
5	71998	0.886502	7092
5	72012	0.886627	7093
5	72022	0.886752	7094
5	72032	0.886877	7095
5	72042	0.887002	7096
5	72052	0.887127	7097
5	72062	0.887252	7098
5	72072	0.887377	7099
5	72082	0.887502	7100
5	72092	0.887627	7101
5	72102	0.887752	7102
5	72112	0.887877	7103
5	72122	0.888002	7104
5	72132	0.888127	7105
5	72142	0.888252	7106
5	72152	0.888377	7107
5	72162	0.888502	7108
5	72172	0.888627	7109
5	72182	0.888752	7110
5	72192	0.888877	7111
5	72202	0.889002	7112
5	72212	0.889127	7113
5	72222	0.889252	7114
5	72232	0.889377	7115
5	72242	0.889502	7116
5	72252	0.889627	7117
5	72262	0.889752	7118
5	72276	0.889877	7119
5	72286	0.890002	7120
5	72296	0.890127	7121
5	72306	0.890252	7122
5	72316	0.890377	7123
5	72326	0.890502	7124
5	72336	0.890627	7125
5	72346	0.890752	7126
5	72356	0.890877	7127
5	72366	0.891002	7128
5	72376	0.891127	7129
5	72386	0.891252	7130
5	72396	0.891377	7131
5	72406	0.891502	7132
5	72416	0.891627	7133
5	72426	0.891752	7134
5	72436	0.891877	7135
5	72446	0.892002	7136
5	72456	0.892127	7137
5	72466	0.892252	7138
5	72476	0.892377	7139
5	72486	0.892502	7140
5	72496	0.892627	7141
5	72506	0.892752	7142
5	72516	0.892877	7143
5	72526	0.893002	7144
5	72536	0.893127	7145
5	72550	0.893252	7146
5	72560	0.893377	7147
5	72570	0.893502	7148
5	72580	0.893627	7149
5	72590	0.893752	7150
5	72600	0.893877	7151
5	72610	0.894002	7152
5	72620	0.894127	7153
5	72630	0.894252	7154
5	72640	0.894377	7155
5	72650	0.894502	7156
5	72660	0.894627	7157
5	72670	0.894752	7158
5	72680	0.894877	7159
5	72690	0.895002	7160
5	72700	0.895127	7161
5	72710	0.895252	7162
5	72720	0.895377	7163
5	72730	0.895502	7164
5	72740	0.895627	7165
5	72750	0.895752	7166
5	72760	0.895877	7167
5	72770	0.896002	7168
5	72780	0.896127	7169
5	72790	0.896252	7170
5	72800	0.896377	7171
5	72814	0.896502	7172
5	72824	0.896627	7173
5	72834	0.896752	7174
5	72844	0.896877	7175
5	72854	0.897002	7176
5	72864	0.897127	7177
5	72874	0.897252	7178
5	72884	0.897377	7179
5	72894	0.897502	7180
5	72904	0.897627	7181
5	72914	0.897752	7182
5	72924	0.897877	7183
5	72934	0.898002	7184
5	72944	0.898127	7185
5	72954	0.898252	7186
5	72964	0.898377	7187
5	72974	0.898502	7188
5	72984	0.898627	7189
5	72994	0.898752	7190
5	73004	0.898877	7191
5	73014	0.899002	7192
5	73024	0.899127	7193
5	73034	0.899252	7194
5	73044	0.899377	7195
5	73054	0.899502	7196
5	73064	0.899627	7197
5	73078	0.899752	7198
5	73088	0.899877	7199
5	73098	0.900002	7200
5	73108	0.900127	7201
5	73118	0.900252	7202
5	73128	0.900377	7203
5	73138	0.900502	7204
5	73148	0.900627	7205
5	73158	0.900752	7206
5	73168	0.900877	7207
5	73178	0.901002	7208
5	73188	0.901127	7209
5	73198	0.901252	7210
5	73208	0.901377	7211
5	73218	0.901502	7212
5	73228	0.901627	7213
5	73238	0.901752	7214
5	73248	0.901877	7215
5	73258	0.902002	7216
5	73268	0.902127	7217
5	73278	0.902252	7218
5	73288	0.902377	7219
5	73298	0.902502	7220
5	73308	0.902627	7221
5	73318	0.902752	7222
5	73328	0.902877	7223
5	73342	0.903002	7224
5	73352	0.903127	7225
5	73362	0.903252	7226
5	73372	0.903377	7227
5	73382	0.903502	7228
5	73392	0.903627	7229
5	73402	0.903752	7230
5	73412	0.903877	7231
5	73422	0.904002	7232
5	73432	0.904127	7233
5	73442	0.904252	7234
5	73452	0.904377	7235
5	73462	0.904502	7236
5	73472	0.904627	7237
5	73482	0.904752	7238
5	73492	0.904877	7239
5	73502	0.905002	7240
5	73512	0.905127	7241
5	73522	0.905252	7242
5	73532	0.905377	7243
5	73542	0.905502	7244
5	73552	0.905627	7245
5	73562	0.905752	7246
5	73572	0.905877	7247
5	73582	0.906002	7248
5	73592	0.906127	7249
5	73606	0.906252	7250
5	73616	0.906377	7251
5	73626	0.906502	7252
5	73636	0.906627	7253
5	73646	0.906752	7254
5	73656	0.906877	7255
5	73666	0.907002	7256
5	73676	0.907127	7257
5	73686	0.907252	7258
5	73696	0.907377	7259
5	73706	0.907502	7260
5	73716	0.907627	7261
5	73726	0.907752	7262
5	73736	0.907877	7263
5	73746	0.908002	7264
5	73756	0.908127	7265
5	73766	0.908252	7266
5	73776	0.908377	7267
5	73786	0.908502	7268
5	73796	0.908627	7269
5	73806	0.908752	7270
5	73816	0.908877	7271
5	73826	0.909002	7272
5	73836	0.909127	7273
5	73846	0.909252	7274
5	73856	0.909377	7275
5	73870	0.909502	7276
5	73880	0.909627	7277
5	73890	0.909752	7278
5	73900	0.909877	7279
5	73910	0.910002	7280
5	73920	0.910127	7281
5	73930	0.910252	7282
5	73940	0.910377	7283
5	73950	0.910502	7284
5	73960	0.910627	7285
5	73970	0.910752	7286
5	73980	0.910877	7287
5	73990	0.911002	7288
5	74000	0.911127	7289
5	74010	0.911252	7290
5	74020	0.911377	7291
5	74030	0.911502	7292
5	74040	0.911627	7293
5	74050	0.911752	7294
5	74060	0.911877	7295
5	74070	0.912002	7296
5	74080	0.912127	7297
5	74090	0.912252	7298
5	74100	0.912377	7299
5	74110	0.912502	7300
5	74120	0.912627	7301
5	74130	0.912752	7302
5	74144	0.912877	7303
5	74154	0.913002	7304
5	74164	0.913127	7305
5	74174	0.913252	7306
5	74184	0.913377	7307
5	74194	0.913502	7308
5	74204	0.913627	7309
5	74214	0.913752	7310
5	74224	0.913877	7311
5	74234	0.914002	7312
5	74244	0.914127	7313
5	74254	0.914252	7314
5	74264	0.914377	7315
5	74274	0.914502	7316
5	74284	0.914627	7317
5	74294	0.914752	7318
5	74304	0.914877	7319
5	74314	0.915002	7320
5	74324	0.915127	7321
5	74334	0.915252	7322
5	74344	0.915377	7323
5	74354	0.915502	7324
5	74364	0.915627	7325
5	74374	0.915752	7326
5	74384	0.915877	7327
5	74394	0.916002	7328
5	74408	0.916127	7329
5	74418	0.916252	7330
5	74428	0.916377	7331
5	74438	0.916502	7332
5	74448	0.916627	7333
5	74458	0.916752	7334
5	74468	0.916877	7335
5	74478	0.917002	7336
5	74488	0.917127	7337
5	74498	0.917252	7338
5	74508	0.917377	7339
5	74518	0.917502	7340
5	74528	0.917627	7341
5	74538	0.917752	7342
5	74548	0.917877	7343
5	74558	0.918002	7344
5	74568	0.918127	7345
5	74578	0.918252	7346
5	74588	0.918377	7347
5	74598	0.918502	7348
5	74608	0.918627	7349
5	74618	0.918752	7350
5	74628	0.918877	7351
5	74638	0.919002	7352
5	74648	0.919127	7353
5	74658	0.919252	7354
5	74672	0.919377	7355
5	74682	0.919502	7356
5	74692	0.919627	7357
5	74702	0.919752	7358
5	74712	0.919877	7359
5	74722	0.920002	7360
5	74732	0.920127	7361
5	74742	0.920252	7362
5	74752	0.920377	7363
5	74762	0.920502	7364
5	74772	0.920627	7365
5	74782	0.920752	7366
5	74792	0.920877	7367
5	74802	0.921002	7368
5	74812	0.921127	7369
5	74822	0.921252	7370
5	74832	0.921377	7371
5	74842	0.921502	7372
5	74852	0.921627	7373
5	74862	0.921752	7374
5	74872	0.921877	7375
5	74882	0.922002	7376
5	74892	0.922127	7377
5	74902	0.922252	7378
5	74912	0.922377	7379
5	74922	0.922502	7380
5	74936	0.922627	7381
5	74946	0.922752	7382
5	74956	0.922877	7383
5	74966	0.923002	7384
5	74976	0.923127	7385
5	74986	0.923252	7386
5	74996	0.923377	7387
5	75006	0.923502	7388
5	75016	0.923627	7389
5	75026	0.923752	7390
5	75036	0.923877	7391
5	75046	0.924002	7392
5	75056	0.924127	7393
5	75066	0.924252	7394
5	75076	0.924377	7395
5	75086	0.924502	7396
5	75096	0.924627	7397
5	75106	0.924752	7398
5	75116	0.924877	7399
5	75126	0.925002	7400
5	75136	0.925127	7401
5	75146	0.925252	7402
5	75156	0.925377	7403
5	75166	0.925502	7404
5	75176	0.925627	7405
5	75186	0.925752	7406
5	75200	0.925877	7407
5	75210	0.926002	7408
5	75220	0.926127	7409
5	75230	0.926252	7410
5	75240	0.926377	7411
5	75250	0.926502	7412
5	75260	0.926627	7413
5	75270	0.926752	7414
5	75280	0.926877	7415
5	75290	0.927002	7416
5	75300	0.927127	7417
5	75310	0.927252	7418
5	75320	0.927377	7419
5	75330	0.927502	7420
5	75340	0.927627	7421
5	75350	0.927752	7422
5	75360	0.927877	7423
5	75370	0.928002	7424
5	75380	0.928127	7425
5	75390	0.928252	7426
5	75400	0.928377	7427
5	75410	0.928502	7428
5	75420	0.928627	7429
5	75430	0.928752	7430
5	75440	0.928877	7431
5	75450	0.929002	7432
5	75464	0.929127	7433
5	75474	0.929252	7434
5	75484	0.929377	7435
5	75494	0.929502	7436
5	75504	0.929627	7437
5	75514	0.929752	7438
5	75524	0.929877	7439
5	75534	0.930002	7440
5	75544	0.930127	7441
5	75554	0.930252	7442
5	75564	0.930377	7443
5	75574	0.930502	7444
5	75584	0.930627	7445
5	75594	0.930752	7446
5	75604	0.930877	7447
5	75614	0.931002	7448
5	75624	0.931127	7449
5	75634	0.931252	7450
5	75644	0.931377	7451
5	75654	0.931502	7452
5	75664	0.931627	7453
5	75674	0.931752	7454
5	75684	0.931877	7455
5	75694	0.932002	7456
5	75704	0.932127	7457
5	75714	0.932252	7458
5	75724	0.932377	7459
5	75738	0.932502	7460
5	75748	0.932627	7461
5	75758	0.932752	7462
5	75768	0.932877	7463
5	75778	0.933002	7464
5	75788	0.933127	7465
5	75798	0.933252	7466
5	75808	0.933377	7467
5	75818	0.933502	7468
5	75828	0.933627	7469
5	75838	0.933752	7470
5	75848	0.933877	7471
5	75858	0.934002	7472
5	75868	0.934127	7473
5	75878	0.934252	7474
5	75888	0.934377	7475
5	75898	0.934502	7476
5	75908	0.934627	7477
5	75918	0.934752	7478
5	75928	0.934877	7479
5	75938	0.935002	7480
5	75948	0.935127	7481
5	75958	0.935252	7482
5	75968	0.935377	7483
5	75978	0.935502	7484
5	75988	0.935627	7485
5	76002	0.935752	7486
5	76012	0.935877	7487
5	76022	0.936002	7488
5	76032	0.936127	7489
5	76042	0.936252	7490
5	76052	0.936377	7491
5	76062	0.936502	7492
5	76072	0.936627	7493
5	76082	0.936752	7494
5	76092	0.936877	7495
5	76102	0.937002	7496
5	76112	0.937127	7497
5	76122	0.937252	7498
5	76132	0.937377	7499
5	76142	0.937502	7500
5	76152	0.937627	7501
5	76162	0.937752	7502
5	76172	0.937877	7503
5	76182	0.938002	7504
5	76192	0.938127	7505
5	76202	0.938252	7506
5	76212	0.938377	7507
5	76222	0.938502	7508
5	76232	0.938627	7509
5	76242	0.938752	7510
5	76252	0.938877	7511
5	76266	0.939002	7512
5	76276	0.939127	7513
5	76286	0.939252	7514
5	76296	0.939377	7515
5	76306	0.939502	7516
5	76316	0.939627	7517
5	76326	0.939752	7518
5	76336	0.939877	7519
5	76346	0.940002	7520
5	76356	0.940127	7521
5	76366	0.940252	7522
5	76376	0.940377	7523
5	76386	0.940502	7524
5	76396	0.940627	7525
5	76406	0.940752	7526
5	76416	0.940877	7527
5	76426	0.941002	7528
5	76436	0.941127	7529
5	76446	0.941252	7530
5	76456	0.941377	7531
5	76466	0.941502	7532
5	76476	0.941627	7533
5	76486	0.941752	7534
5	76496	0.941877	7535
5	76506	0.942002	7536
5	76516	0.942127	7537
5	76530	0.942252	7538
5	76540	0.942377	7539
5	76550	0.942502	7540
5	76560	0.942627	7541
5	76570	0.942752	7542
5	76580	0.942877	7543
5	76590	0.943002	7544
5	76600	0.943127	7545
5	76610	0.943252	7546
5	76620	0.943377	7547
5	76630	0.943502	7548
5	76640	0.943627	7549
5	76650	0.943752	7550
5	76660	0.943877	7551
5	76670	0.944002	7552
5	76680	0.944127	7553
5	76690	0.944252	7554
5	76700	0.944377	7555
5	76710	0.944502	7556
5	76720	0.944627	7557
5	76730	0.944752	7558
5	76740	0.944877	7559
5	76750	0.945002	7560
5	76760	0.945127	7561
5	76770	0.945252	7562
5	76780	0.945377	7563
5	76794	0.945502	7564
5	76804	0.945627	7565
5	76814	0.945752	7566
5	76824	0.945877	7567
5	76834	0.946002	7568
5	76844	0.946127	7569
5	76854	0.946252	7570
5	76864	0.946377	7571
5	76874	0.946502	7572
5	76884	0.946627	7573
5	76894	0.946752	7574
5	76904	0.946877	7575
5	76914	0.947002	7576
5	76924	0.947127	7577
5	76934	0.947252	7578
5	76944	0.947377	7579
5	76954	0.947502	7580
5	76964	0.947627	7581
5	76974	0.947752	7582
5	76984	0.947877	7583
5	76994	0.948002	7584
5	77004	0.948127	7585
5	77014	0.948252	7586
5	77024	0.948377	7587
5	77034	0.948502	7588
5	77044	0.948627	7589
5	77056	0.948752	7590
5	77068	0.948877	7591
5	77078	0.949002	7592
5	77088	0.949127	7593
5	77098	0.949252	7594
5	77108	0.949377	7595
5	77118	0.949502	7596
5	77128	0.949627	7597
5	77138	0.949752	7598
5	77148	0.949877	7599
5	77158	0.950002	7600
5	77168	0.950127	7601
5	77178	0.950252	7602
5	77188	0.950377	7603
5	77198	0.950502	7604
5	77208	0.950627	7605
5	77218	0.950752	7606
5	77228	0.950877	7607
5	77238	0.951002	7608
5	77248	0.951127	7609
5	77258	0.951252	7610
5	77268	0.951377	7611
5	77278	0.951502	7612
5	77288	0.951627	7613
5	77298	0.951752	7614
5	77308	0.951877	7615
5	77318	0.952002	7616
5	77332	0.952127	7617
5	77342	0.952252	7618
5	77352	0.952377	7619
5	77362	0.952502	7620
5	77372	0.952627	7621
5	77382	0.952752	7622
5	77392	0.952877	7623
5	77402	0.953002	7624
5	77412	0.953127	7625
5	77422	0.953252	7626
5	77432	0.953377	7627
5	77442	0.953502	7628
5	77452	0.953627	7629
5	77462	0.953752	7630
5	77472	0.953877	7631
5	77482	0.954002	7632
5	77492	0.954127	7633
5	77502	0.954252	7634
5	77512	0.954377	7635
5	77522	0.954502	7636
5	77532	0.954627	7637
5	77542	0.954752	7638
5	77552	0.954877	7639
5	77562	0.955002	7640
5	77572	0.955127	7641
5	77582	0.955252	7642
5	77596	0.955377	7643
5	77606	0.955502	7644
5	77616	0.955627	7645
5	77626	0.955752	7646
5	77636	0.955877	7647
5	77646	0.956002	7648
5	77656	0.956127	7649
5	77666	0.956252	7650
5	77676	0.956377	7651
5	77686	0.956502	7652
5	77696	0.956627	7653
5	77706	0.956752	7654
5	77716	0.956877	7655
5	77726	0.957002	7656
5	77736	0.957127	7657
5	77746	0.957252	7658
5	77756	0.957377	7659
5	77766	0.957502	7660
5	77776	0.957627	7661
5	77786	0.957752	7662
5	77796	0.957877	7663
5	77806	0.958002	7664
5	77816	0.958127	7665
5	77826	0.958252	7666
5	77836	0.958377	7667
5	77846	0.958502	7668
5	77860	0.958627	7669
5	77870	0.958752	7670
5	77880	0.958877	7671
5	77890	0.959002	7672
5	77900	0.959127	7673
5	77910	0.959252	7674
5	77920	0.959377	7675
5	77930	0.959502	7676
5	77940	0.959627	7677
5	77950	0.959752	7678
5	77960	0.959877	7679
5	77970	0.960002	7680
5	77980	0.960127	7681
5	77990	0.960252	7682
5	78000	0.960377	7683
5	78010	0.960502	7684
5	78020	0.960627	7685
5	78030	0.960752	7686
5	78040	0.960877	7687
5	78050	0.961002	7688
5	78060	0.961127	7689
5	78070	0.961252	7690
5	78080	0.961377	7691
5	78090	0.961502	7692
5	78100	0.961627	7693
5	78110	0.961752	7694
5	78124	0.961877	7695
5	78134	0.962002	7696
5	78144	0.962127	7697
5	78154	0.962252	7698
5	78164	0.962377	7699
5	78174	0.962502	7700
5	78184	0.962627	7701
5	78194	0.962752	7702
5	78204	0.962877	7703
5	78214	0.963002	7704
5	78224	0.963127	7705
5	78234	0.963252	7706
5	78244	0.963377	7707
5	78254	0.963502	7708
5	78264	0.963627	7709
5	78274	0.963752	7710
5	78284	0.963877	7711
5	78294	0.964002	7712
5	78304	0.964127	7713
5	78314	0.964252	7714
5	78324	0.964377	7715
5	78334	0.964502	7716
5	78344	0.964627	7717
5	78354	0.964752	7718
5	78364	0.964877	7719
5	78374	0.965002	7720
5	78388	0.965127	7721
5	78398	0.965252	7722
5	78408	0.965377	7723
5	78418	0.965502	7724
5	78428	0.965627	7725
5	78438	0.965752	7726
5	78448	0.965877	7727
5	78458	0.966002	7728
5	78468	0.966127	7729
5	78478	0.966252	7730
5	78488	0.966377	7731
5	78498	0.966502	7732
5	78508	0.966627	7733
5	78518	0.966752	7734
5	78528	0.966877	7735
5	78538	0.967002	7736
5	78548	0.967127	7737
5	78558	0.967252	7738
5	78568	0.967377	7739
5	78578	0.967502	7740
5	78588	0.967627	7741
5	78598	0.967752	7742
5	78608	0.967877	7743
5	78618	0.968002	7744
5	78628	0.968127	7745
5	78638	0.968252	7746
5	78648	0.968377	7747
5	78662	0.968502	7748
5	78672	0.968627	7749
5	78682	0.968752	7750
5	78692	0.968877	7751
5	78702	0.969002	7752
5	78712	0.969127	7753
5	78722	0.969252	7754
5	78732	0.969377	7755
5	78742	0.969502	7756
5	78752	0.969627	7757
5	78762	0.969752	7758
5	78772	0.969877	7759
5	78782	0.970002	7760
5	78792	0.970127	7761
5	78802	0.970252	7762
5	78812	0.970377	7763
5	78822	0.970502	7764
5	78832	0.970627	7765
5	78842	0.970752	7766
5	78852	0.970877	7767
5	78862	0.971002	7768
5	78872	0.971127	7769
5	78882	0.971252	7770
5	78892	0.971377	7771
5	78902	0.971502	7772
5	78912	0.971627	7773
5	78926	0.971752	7774
5	78936	0.971877	7775
5	78946	0.972002	7776
5	78956	0.972127	7777
5	78966	0.972252	7778
5	78976	0.972377	7779
5	78986	0.972502	7780
5	78996	0.972627	7781
5	79006	0.972752	7782
5	79016	0.972877	7783
5	79026	0.973002	7784
5	79036	0.973127	7785
5	79046	0.973252	7786
5	79056	0.973377	7787
5	79066	0.973502	7788
5	79076	0.973627	7789
5	79086	0.973752	7790
5	79096	0.973877	7791
5	79106	0.974002	7792
5	79116	0.974127	7793
5	79126	0.974252	7794
5	79136	0.974377	7795
5	79146	0.974502	7796
5	79156	0.974627	7797
5	79166	0.974752	7798
5	79176	0.974877	7799
5	79190	0.975002	7800
5	79200	0.975127	7801
5	79210	0.975252	7802
5	79220	0.975377	7803
5	79230	0.975502	7804
5	79240	0.975627	7805
5	79250	0.975752	7806
5	79260	0.975877	7807
5	79270	0.976002	7808
5	79280	0.976127	7809
5	79290	0.976252	7810
5	79300	0.976377	7811
5	79310	0.976502	7812
5	79320	0.976627	7813
5	79330	0.976752	7814
5	79340	0.976877	7815
5	79350	0.977002	7816
5	79360	0.977127	7817
5	79370	0.977252	7818
5	79380	0.977377	7819
5	79390	0.977502	7820
5	79400	0.977627	7821
5	79410	0.977752	7822
5	79420	0.977877	7823
5	79430	0.978002	7824
5	79440	0.978127	7825
5	79454	0.978252	7826
5	79464	0.978377	7827
5	79474	0.978502	7828
5	79484	0.978627	7829
5	79494	0.978752	7830
5	79504	0.978877	7831
5	79514	0.979002	7832
5	79524	0.979127	7833
5	79534	0.979252	7834
5	79544	0.979377	7835
5	79554	0.979502	7836
5	79564	0.979627	7837
5	79574	0.979752	7838
5	79584	0.979877	7839
5	79594	0.980002	7840
5	79604	0.980127	7841
5	79614	0.980252	7842
5	79624	0.980377	7843
5	79634	0.980502	7844
5	79644	0.980627	7845
5	79654	0.980752	7846
5	79664	0.980877	7847
5	79674	0.981002	7848
5	79684	0.981127	7849
5	79694	0.981252	7850
5	79704	0.981377	7851
5	79718	0.981502	7852
5	79728	0.981627	7853
5	79738	0.981752	7854
5	79748	0.981877	7855
5	79758	0.982002	7856
5	79768	0.982127	7857
5	79778	0.982252	7858
5	79788	0.982377	7859
5	79798	0.982502	7860
5	79808	0.982627	7861
5	79818	0.982752	7862
5	79828	0.982877	7863
5	79838	0.983002	7864
5	79848	0.983127	7865
5	79858	0.983252	7866
5	79868	0.983377	7867
5	79878	0.983502	7868
5	79888	0.983627	7869
5	79898	0.983752	7870
5	79908	0.983877	7871
5	79918	0.984002	7872
5	79928	0.984127	7873
5	79938	0.984252	7874
5	79948	0.984377	7875
5	79958	0.984502	7876
5	79968	0.984627	7877
5	79982	0.984752	7878
5	79992	0.984877	7879
5	80002	0.985002	7880
5	80012	0.985127	7881
5	80022	0.985252	7882
5	80032	0.985377	7883
5	80042	0.985502	7884
5	80052	0.985627	7885
5	80062	0.985752	7886
5	80072	0.985877	7887
5	80082	0.986002	7888
5	80092	0.986127	7889
5	80102	0.986252	7890
5	80112	0.986377	7891
5	80122	0.986502	7892
5	80132	0.986627	7893
5	80142	0.986752	7894
5	80152	0.986877	7895
5	80162	0.987002	7896
5	80172	0.987127	7897
5	80182	0.987252	7898
5	80192	0.987377	7899
5	80202	0.987502	7900
5	80212	0.987627	7901
5	80222	0.987752	7902
5	80232	0.987877	7903
5	80242	0.988002	7904
5	80256	0.988127	7905
5	80266	0.988252	7906
5	80276	0.988377	7907
5	80286	0.988502	7908
5	80296	0.988627	7909
5	80306	0.988752	7910
5	80316	0.988877	7911
5	80326	0.989002	7912
5	80336	0.989127	7913
5	80346	0.989252	7914
5	80356	0.989377	7915
5	80366	0.989502	7916
5	80376	0.989627	7917
5	80386	0.989752	7918
5	80396	0.989877	7919
5	80406	0.990002	7920
5	80416	0.990127	7921
5	80426	0.990252	7922
5	80436	0.990377	7923
5	80446	0.990502	7924
5	80456	0.990627	7925
5	80466	0.990752	7926
5	80476	0.990877	7927
5	80486	0.991002	7928
5	80496	0.991127	7929
5	80506	0.991252	7930
5	80520	0.991377	7931
5	80530	0.991502	7932
5	80540	0.991627	7933
5	80550	0.991752	7934
5	80560	0.991877	7935
5	80570	0.992002	7936
5	80580	0.992127	7937
5	80590	0.992252	7938
5	80600	0.992377	7939
5	80610	0.992502	7940
5	80620	0.992627	7941
5	80630	0.992752	7942
5	80640	0.992877	7943
5	80650	0.993002	7944
5	80660	0.993127	7945
5	80670	0.993252	7946
5	80680	0.993377	7947
5	80690	0.993502	7948
5	80700	0.993627	7949
5	80710	0.993752	7950
5	80720	0.993877	7951
5	80730	0.994002	7952
5	80740	0.994127	7953
5	80750	0.994252	7954
5	80760	0.994377	7955
5	80770	0.994502	7956
5	80784	0.994627	7957
5	80794	0.994752	7958
5	80804	0.994877	7959
5	80814	0.995002	7960
5	80824	0.995127	7961
5	80834	0.995252	7962
5	80844	0.995377	7963
5	80854	0.995502	7964
5	80864	0.995627	7965
5	80874	0.995752	7966
5	80884	0.995877	7967
5	80894	0.996002	7968
5	80904	0.996127	7969
5	80914	0.996252	7970
5	80924	0.996377	7971
5	80934	0.996502	7972
5	80944	0.996627	7973
5	80954	0.996752	7974
5	80964	0.996877	7975
5	80974	0.997002	7976
5	80984	0.997127	7977
5	80994	0.997252	7978
5	81004	0.997377	7979
5	81014	0.997502	7980
5	81024	0.997627	7981
5	81034	0.997752	7982
5	81048	0.997877	7983
5	81058	0.998002	7984
5	81068	0.998127	7985
5	81078	0.998252	7986
5	81088	0.998377	7987
5	81098	0.998502	7988
5	81108	0.998627	7989
5	81118	0.998752	7990
5	81128	0.998877	7991
5	81138	0.999002	7992
5	81148	0.999127	7993
5	81158	0.999252	7994
5	81168	0.999377	7995
5	81178	0.999502	7996
5	81188	0.999627	7997
5	81198	0.999752	7998
5	81208	0.999877	7999

